"exported_at","2026-08-22T17:54:00.959Z"
"data_as_of","2026-08-22T17:53:47.488Z"
"environment","PAPER"
"filters","{""section"":""methodology-audit"",""period"":""ALL"",""strategy"":""ALL"",""status"":""ALL"",""direction"":""ALL"",""horizon"":""5D"",""accounting"":""ALL"",""capital"":""ALL"",""basis"":""ALL""}"
"population","35"
"policy_version","CASH_EQUITY_TRADE_QUALITY_V1"
"warning","Booked, open, observed, hypothetical and simulated values are separate accounting classes."

"account_opening_cash","account_risk_limits","actual_pnl","actual_pnl_per_unit","actual_pnl_total","actual_return_pct","analytical_evidence_components","analytical_evidence_score","analytical_grade","asset_class","average_entry_price","bars_observed","booked_accounting_class","capture_efficiency_pct","carry_accounting_class","carry_mark","carry_mark_at","charges_total","closed_at","closed_in_intraday","comment_count","current_return","entry_notional","entry_strategy","evidence_atr14","evidence_available_at","evidence_buy_limit","evidence_component_scores","evidence_data_permission","evidence_data_quality","evidence_direction","evidence_directional_edge","evidence_gate_evidence","evidence_no_chase_price","evidence_ofactor","evidence_quality_score","evidence_reason_codes","evidence_reference_price","evidence_rsi14","evidence_run_id","evidence_sector","evidence_volume_ratio","evidence_willr14","evidence_xfactor","execution_outcome","fill_count","fill_friction_total","first_intraday_hit_minutes","fixed_capital_accounting_class","fixed_investment_actual_pnl","fixed_investment_budget","fixed_investment_carry_pnl","fixed_investment_cash_remaining","fixed_investment_deployed","fixed_investment_intraday_eod_pnl","fixed_investment_mae_30d_pnl","fixed_investment_mae_5d_pnl","fixed_investment_mfe_30d_pnl","fixed_investment_mfe_5d_pnl","fixed_investment_quantity","fno_lot_expiry","fno_lot_size","fno_quantity_investment_required","gross_execution_mark","gross_net_warning","group_status","highest_price","horizon_30d_snapshot_pnl","horizon_30d_snapshot_state","horizon_5d_snapshot_pnl","horizon_5d_snapshot_state","hypothetical_carry_mark","hypothetical_carry_mark_at","hypothetical_carry_mark_source","hypothetical_carry_pnl","hypothetical_carry_return_pct","intraday_bar_count","intraday_eod_complete","intraday_eod_mark","intraday_eod_mark_at","intraday_eod_mark_source","intraday_eod_pnl","intraday_eod_return_pct","intraday_max_drawdown","intraday_max_profit","intraday_session_high","intraday_session_low","investment_price_basis","investment_quantity_basis","last_mark","last_mark_at","last_session_date","latest_comment","latest_comment_at","leg_status","lot_count","lowest_price","mae","mae_30d_pct","mae_5d_pct","mature_5d","metadata","mfe","mfe_30d_pct","mfe_5d_pct","observation_status","open_accounting_class","open_unrealised_gross_pnl","opened_at","opened_quantity","performance_basis_amount","performance_basis_type","quality_coverage_pct","quality_label","quality_score","quantity_matches_current_fno_lot","realised_gross_pnl","realised_net_pnl","realised_pnl","remaining_quantity","review_entry_evidence_confirmed","review_evidence_note","review_hard_fail_flags","review_ratings","review_reviewed_at","review_reviewer_email","sessions_observed","side","snapshot_lot_size","stop_loss_exit_price","stop_loss_hit","stop_loss_hit_at","stop_loss_limit","stop_loss_price","stop_loss_scenario_pnl","stop_loss_scenario_state","strategy_id","strategy_version","symbol","target_accounting_class","trade_group_id","trade_leg_id","trade_quality_review","unrealised_pnl"
"1600000.00000000","{}","4554.7748","2.49576701369863","4554.7748","0.8910271380573473","{""reward"":17.99,""risk"":34,""speed"":17.95}","70","DEVELOPING","EQUITY","280.10000000","247","BOOKED","47.53841921256299","HYPOTHETICAL","282.5","2026-08-22T17:53:06.169Z","657.65420000","2026-08-21T06:53:00.000Z","true","0","0.00856836843984291325","511182.50000000006","RSI_WILLR","9.26857143","2026-08-21T06:30:05.039Z","280.40000000","{""xfactor"":{""score"":79.8875,""weights"":{""setup_integrity"":18,""instrument_quality"":3,""reward_path_quality"":14,""trigger_confirmation"":16,""entry_location_quality"":20,""timing_session_quality"":3,""stop_invalidation_quality"":14,""liquidity_slippage_quality"":6,""market_sector_synchronisation"":6},""decision"":""ENTERABLE_TIER_B"",""move_atr"":0.0378,""setup_id"":""PULLBACK_CONTINUATION"",""penalties"":{},""raw_score"":79.8875,""components"":{""setup_integrity"":55,""instrument_quality"":100,""reward_path_quality"":100,""trigger_confirmation"":55,""entry_location_quality"":97.9021,""timing_session_quality"":80,""stop_invalidation_quality"":82.3058,""liquidity_slippage_quality"":100,""market_sector_synchronisation"":78.0717},""hard_gates"":[],""final_score"":79.8875,""reward_risk"":6,""setup_state"":""ARMED"",""setup_valid"":true,""extension_atr"":0.0378,""penalty_total"":0,""risk_per_share"":4.1,""structural_stop"":276.3,""setup_evaluation"":{""state"":""ARMED"",""valid"":true,""direction"":""LONG"",""setup_type"":""PULLBACK_CONTINUATION"",""reason_codes"":[],""trigger_price"":280.4,""structural_stop"":276.3,""volume_confirmed"":true},""vwap_distance_atr"":0.1191,""weighted_contributions"":{""setup_integrity"":9.9,""instrument_quality"":3,""reward_path_quality"":14,""trigger_confirmation"":8.8,""entry_location_quality"":19.5804,""timing_session_quality"":2.4,""stop_invalidation_quality"":11.5228,""liquidity_slippage_quality"":6,""market_sector_synchronisation"":4.6843},""score_reconciliation_residual"":0},""ofactor_long"":{""weights"":{""trend_quality"":18,""catalyst_context"":4,""momentum_quality"":12,""relative_strength"":10,""liquidity_tradability"":6,""market_regime_support"":8,""sector_industry_support"":14,""money_flow_participation"":18,""institutional_confirmation"":10},""direction"":""LONG"",""penalties"":{},""raw_score"":75.3664,""components"":{""trend_quality"":78.815,""catalyst_context"":50,""momentum_quality"":55.0617,""relative_strength"":65.6471,""liquidity_tradability"":100,""market_regime_support"":66.5995,""sector_industry_support"":89.5439,""money_flow_participation"":95.2414,""institutional_confirmation"":50},""final_score"":75.3664,""penalty_total"":0,""classification"":""TIER_B"",""weighted_contributions"":{""trend_quality"":14.1867,""catalyst_context"":2,""momentum_quality"":6.6074,""relative_strength"":6.5647,""liquidity_tradability"":6,""market_regime_support"":5.328,""sector_industry_support"":12.5362,""money_flow_participation"":17.1435,""institutional_confirmation"":5},""score_reconciliation_residual"":0},""ofactor_short"":{""weights"":{""trend_quality"":18,""catalyst_context"":4,""momentum_quality"":12,""relative_strength"":10,""liquidity_tradability"":6,""market_regime_support"":8,""sector_industry_support"":14,""money_flow_participation"":18,""institutional_confirmation"":10},""direction"":""SHORT"",""penalties"":{},""raw_score"":35.9963,""components"":{""trend_quality"":21.185,""catalyst_context"":50,""momentum_quality"":44.9383,""relative_strength"":34.3529,""liquidity_tradability"":100,""market_regime_support"":33.4005,""sector_industry_support"":10.456,""money_flow_participation"":34.5511,""institutional_confirmation"":50},""final_score"":35.9963,""penalty_total"":0,""classification"":""REJECT"",""weighted_contributions"":{""trend_quality"":3.8133,""catalyst_context"":2,""momentum_quality"":5.3926,""relative_strength"":3.4353,""liquidity_tradability"":6,""market_regime_support"":2.672,""sector_industry_support"":1.4638,""money_flow_participation"":6.2192,""institutional_confirmation"":5},""score_reconciliation_residual"":0}}","FULL","93.6655","LONG","39.3701","{""STOP_TOO_WIDE"":{""rule"":""risk per share / ATR14 <= 2.5; recorded but non-blocking"",""actual"":{""atr14"":9.268571428571429,""risk_atr"":0.4423551171393341,""risk_per_share"":4.1},""fields"":[""structural_stop"",""risk_per_share"",""atr14""],""passed"":true,""blocking"":false,""source_table"":""oiis_live.daily_candidate.evidence""},""NO_VALID_SETUP"":{""rule"":""one canonical setup object must contain recognised structure, volume confirmation and a structural invalidation"",""actual"":{""state"":""ARMED"",""valid"":true,""direction"":""LONG"",""setup_type"":""PULLBACK_CONTINUATION"",""reason_codes"":[],""trigger_price"":280.4,""structural_stop"":276.3,""volume_confirmed"":true},""fields"":[""open"",""high"",""low"",""close"",""sma20"",""sma50"",""prior_high_20"",""prior_low_20"",""volume_ratio_20""],""passed"":true,""blocking"":true,""source_table"":""nse.fact_eod_prices + public.bars_1m + derived rolling features""},""EXCESSIVE_EXTENSION"":{""rule"":""abs(current price - session open) / previous completed daily ATR <= 1.8; VWAP distance retained separately"",""actual"":{""close"":280.4,""level"":""LOW"",""move_atr"":0.0378,""session_open"":280.75,""session_vwap"":279.29565505499187,""vwap_distance_atr"":0.1191,""atr14_previous_completed"":9.268571428571429},""fields"":[""close"",""session_open"",""session_vwap"",""atr14_previous_completed""],""passed"":true,""blocking"":true,""source_table"":""public.bars_1m + nse.fact_eod_prices derived features""},""OFACTOR_BELOW_MINIMUM"":{""rule"":""canonical permission requires selected OFactor >= 74; 54/64/74 remain screening cohorts"",""actual"":{""long"":75.3664,""short"":35.9963,""selected"":75.3664,""screening_level"":""HIGH""},""fields"":[""ofactor_long"",""ofactor_short"",""selected_ofactor""],""passed"":true,""blocking"":true,""source_table"":""oiis_live.daily_candidate.component_scores/evidence""},""XFACTOR_BELOW_MINIMUM"":{""rule"":""XFactor >= 76"",""actual"":{""xfactor"":79.8875},""fields"":[""xfactor_snapshot""],""passed"":true,""blocking"":true,""source_table"":""oiis_live.daily_candidate.component_scores/evidence""},""INSUFFICIENT_LIQUIDITY"":{""rule"":""primary: volume ratio >= 0.75 and turnover percentile >= 0.10; fallback: 90-day volume percentile >= 0.30"",""actual"":{""primary_used"":true,""volume_level"":""HIGH"",""volume_ratio_20"":1.920332495292998,""turnover_percentile"":0.8894736842105263,""volume_percentile_90"":0.8888888888888888},""fields"":[""volume"",""volume_average_20"",""turnover_lacs"",""volume_percentile_90""],""passed"":true,""blocking"":true,""source_table"":""nse.fact_eod_prices""},""REWARD_RISK_BELOW_MINIMUM"":{""rule"":""when estimable, reward/risk >= 1.5"",""actual"":{""reward_risk"":6},""fields"":[""reward_risk""],""passed"":true,""blocking"":true,""source_table"":""oiis_live.daily_candidate.evidence""},""DATA_QUALITY_BELOW_MINIMUM"":{""rule"":""data quality >= 85 and permission FULL"",""actual"":{""score"":93.6655,""permission"":""FULL""},""fields"":[""data_quality"",""data_permission""],""passed"":true,""blocking"":true,""source_table"":""oiis_live.daily_candidate""},""REWARD_RISK_NOT_CALCULATED"":{""rule"":""reward/risk is calculated only from a valid setup stop and a real opposing barrier"",""actual"":{""reward_risk"":6,""risk_per_share"":4.1,""structural_stop"":276.3},""fields"":[""setup_evaluation"",""structural_stop"",""opposing_barrier""],""passed"":true,""blocking"":true,""source_table"":""oiis_live.daily_candidate.evidence""},""DIRECTIONAL_EDGE_BELOW_MINIMUM"":{""rule"":""abs(long OFactor - short OFactor) >= 6; LOW 6, MEDIUM 7, HIGH 8"",""actual"":{""edge"":39.3701,""level"":""HIGH"",""absolute_edge"":39.3701},""fields"":[""ofactor_long"",""ofactor_short"",""directional_edge""],""passed"":true,""blocking"":true,""source_table"":""oiis_live.daily_candidate""}}","283.20400000","75.3664","248.9194","[]","280.40000000","54.16819786","2b328781-62cf-4246-b878-2ea88a8332ab","Consumer Services","1.92033250","-69.78723404","79.8875","CLOSED_PROFIT","2","0.00000000","1","SIMULATED","1781.9776477808218","200000","1713.5999999999838","8.599999999976717","199991.40000000002","1713.5999999999838","0","0","3748.500007568401","3748.500007568401","714","2026-08-25T00:00:00.000Z","1825","511182.50000000006","7665","realised_net_pnl is NET; open_unrealised_gross_pnl and counterfactual paths are GROSS","CLOSED","285.35000000","4379.999999999958","DEVELOPING_INCLUSIVE","4379.999999999958","DEVELOPING","282.5","2026-08-22T17:53:06.169Z","SMARTAPI_QUOTE_CACHE","4379.999999999958","0.8568368439842766","208","true","282.5","2026-08-21T10:00:00.000Z","BARS_1M_ENTRY_SESSION_CLOSE","4379.999999999958","0.8568368439842766","0","8121.249999999979","284.55","280.2","280.1","1825","282.50000000","2026-08-22T01:25:00.000Z","2026-08-22T00:00:00.000Z","","","CLOSED","1","280.10000000","0.0000000000","0","0","false","{""run_id"":null,""run_slot"":null,""policy_id"":""OIIS_DAILY_SELECTION_INTRADAY_ENTRY_V1.0"",""entry_rule"":""RSI_WILLR"",""fno_lot_size"":1825,""quality_score"":null,""sizing_policy"":""ONE_CURRENT_FNO_LOT"",""source_bar_id"":""NSE:27066:2026-08-21T04:32:00+00:00:ws"",""entry_evidence"":{},""operator_override"":false,""quality_threshold"":null,""one_entry_per_symbol_trade_date"":false,""one_entry_per_symbol_trade_date_per_method"":true}","0.0187433060","1.8743306000000002","1.8743306000000002","ACTIVE","OPEN_ACTUAL","0","2026-08-21T06:33:00.000Z","1825.00000000","507350.00000000","ENTRY_NOTIONAL","100","GOOD_MEDIUM","80.25","true","7665","4554.7748","4554.77480000","0.00000000","","","","","","","2","BUY","1825.00000000","","false","","6000","276.8123287671233","4379.999999999958","NO_BREACH_MARKED_CURRENT","OIIS_LIVE","3.9","SWIGGY","OBSERVED","165d8bd1-e7aa-4986-a46b-08dc0e763204","b38932c3-0b6a-49e0-a7dd-acbd08e7e0c1","","0.00000000"
"1600000.00000000","{}","3880","1.6","3880","0.49019607843137253","{""reward"":6.03,""risk"":33.09,""speed"":11.88}","51","DEVELOPING","EQUITY","326.40000000","245","BOOKED","78.04877992737656","HYPOTHETICAL","328","2026-08-22T17:53:06.169Z","0","","false","0","0.00490196078431372549","791520","RSI_WILLR","7.52500000","2026-08-21T06:30:05.039Z","326.50000000","{""xfactor"":{""score"":82.729,""weights"":{""setup_integrity"":18,""instrument_quality"":3,""reward_path_quality"":14,""trigger_confirmation"":16,""entry_location_quality"":20,""timing_session_quality"":3,""stop_invalidation_quality"":14,""liquidity_slippage_quality"":6,""market_sector_synchronisation"":6},""decision"":""ENTERABLE_TIER_B"",""move_atr"":0.3455,""setup_id"":""BREAKOUT_ACCEPTANCE"",""penalties"":{},""raw_score"":82.729,""components"":{""setup_integrity"":90,""instrument_quality"":100,""reward_path_quality"":50,""trigger_confirmation"":90,""entry_location_quality"":80.8047,""timing_session_quality"":80,""stop_invalidation_quality"":92.0266,""liquidity_slippage_quality"":100,""market_sector_synchronisation"":78.0717},""hard_gates"":[""REWARD_RISK_NOT_CALCULATED""],""final_score"":82.729,""reward_risk"":null,""setup_state"":""TRIGGERED"",""setup_valid"":true,""extension_atr"":0.3455,""penalty_total"":0,""risk_per_share"":1.5,""structural_stop"":325,""setup_evaluation"":{""state"":""TRIGGERED"",""valid"":true,""direction"":""LONG"",""setup_type"":""BREAKOUT_ACCEPTANCE"",""reason_codes"":[],""trigger_price"":326.5,""structural_stop"":325,""volume_confirmed"":true},""vwap_distance_atr"":0.2003,""weighted_contributions"":{""setup_integrity"":16.2,""instrument_quality"":3,""reward_path_quality"":7,""trigger_confirmation"":14.4,""entry_location_quality"":16.1609,""timing_session_quality"":2.4,""stop_invalidation_quality"":12.8837,""liquidity_slippage_quality"":6,""market_sector_synchronisation"":4.6843},""score_reconciliation_residual"":0},""ofactor_long"":{""weights"":{""trend_quality"":18,""catalyst_context"":4,""momentum_quality"":12,""relative_strength"":10,""liquidity_tradability"":6,""market_regime_support"":8,""sector_industry_support"":14,""money_flow_participation"":18,""institutional_confirmation"":10},""direction"":""LONG"",""penalties"":{},""raw_score"":81.7478,""components"":{""trend_quality"":100,""catalyst_context"":50,""momentum_quality"":79.8888,""relative_strength"":100,""liquidity_tradability"":100,""market_regime_support"":66.5995,""sector_industry_support"":89.5439,""money_flow_participation"":73.8723,""institutional_confirmation"":50},""final_score"":81.7478,""penalty_total"":0,""classification"":""TIER_B"",""weighted_contributions"":{""trend_quality"":18,""catalyst_context"":2,""momentum_quality"":9.5867,""relative_strength"":10,""liquidity_tradability"":6,""market_regime_support"":5.328,""sector_industry_support"":12.5362,""money_flow_participation"":13.297,""institutional_confirmation"":5},""score_reconciliation_residual"":0},""ofactor_short"":{""weights"":{""trend_quality"":18,""catalyst_context"":4,""momentum_quality"":12,""relative_strength"":10,""liquidity_tradability"":6,""market_regime_support"":8,""sector_industry_support"":14,""money_flow_participation"":18,""institutional_confirmation"":10},""direction"":""SHORT"",""penalties"":{},""raw_score"":29.816,""components"":{""trend_quality"":0,""catalyst_context"":50,""momentum_quality"":20.1112,""relative_strength"":0,""liquidity_tradability"":100,""market_regime_support"":33.4005,""sector_industry_support"":10.456,""money_flow_participation"":57.0379,""institutional_confirmation"":50},""final_score"":29.816,""penalty_total"":0,""classification"":""REJECT"",""weighted_contributions"":{""trend_quality"":0,""catalyst_context"":2,""momentum_quality"":2.4133,""relative_strength"":0,""liquidity_tradability"":6,""market_regime_support"":2.672,""sector_industry_support"":1.4638,""money_flow_participation"":10.2668,""institutional_confirmation"":5},""score_reconciliation_residual"":0}}","FULL","93.6655","LONG","51.9318","{""STOP_TOO_WIDE"":{""rule"":""risk per share / ATR14 <= 2.5; recorded but non-blocking"",""actual"":{""atr14"":7.52499999999999,""risk_atr"":0.19933554817275775,""risk_per_share"":1.5},""fields"":[""structural_stop"",""risk_per_share"",""atr14""],""passed"":true,""blocking"":false,""source_table"":""oiis_live.daily_candidate.evidence""},""NO_VALID_SETUP"":{""rule"":""one canonical setup object must contain recognised structure, volume confirmation and a structural invalidation"",""actual"":{""state"":""TRIGGERED"",""valid"":true,""direction"":""LONG"",""setup_type"":""BREAKOUT_ACCEPTANCE"",""reason_codes"":[],""trigger_price"":326.5,""structural_stop"":325,""volume_confirmed"":true},""fields"":[""open"",""high"",""low"",""close"",""sma20"",""sma50"",""prior_high_20"",""prior_low_20"",""volume_ratio_20""],""passed"":true,""blocking"":true,""source_table"":""nse.fact_eod_prices + public.bars_1m + derived rolling features""},""EXCESSIVE_EXTENSION"":{""rule"":""abs(current price - session open) / previous completed daily ATR <= 1.8; VWAP distance retained separately"",""actual"":{""close"":326.5,""level"":""LOW"",""move_atr"":0.3455,""session_open"":329.1,""session_vwap"":328.0070483307783,""vwap_distance_atr"":0.2003,""atr14_previous_completed"":7.52499999999999},""fields"":[""close"",""session_open"",""session_vwap"",""atr14_previous_completed""],""passed"":true,""blocking"":true,""source_table"":""public.bars_1m + nse.fact_eod_prices derived features""},""OFACTOR_BELOW_MINIMUM"":{""rule"":""canonical permission requires selected OFactor >= 74; 54/64/74 remain screening cohorts"",""actual"":{""long"":81.7478,""short"":29.816,""selected"":81.7478,""screening_level"":""HIGH""},""fields"":[""ofactor_long"",""ofactor_short"",""selected_ofactor""],""passed"":true,""blocking"":true,""source_table"":""oiis_live.daily_candidate.component_scores/evidence""},""XFACTOR_BELOW_MINIMUM"":{""rule"":""XFactor >= 76"",""actual"":{""xfactor"":82.729},""fields"":[""xfactor_snapshot""],""passed"":true,""blocking"":true,""source_table"":""oiis_live.daily_candidate.component_scores/evidence""},""INSUFFICIENT_LIQUIDITY"":{""rule"":""primary: volume ratio >= 0.75 and turnover percentile >= 0.10; fallback: 90-day volume percentile >= 0.30"",""actual"":{""primary_used"":true,""volume_level"":""HIGH"",""volume_ratio_20"":1.945479007249762,""turnover_percentile"":1,""volume_percentile_90"":0.8809523809523809},""fields"":[""volume"",""volume_average_20"",""turnover_lacs"",""volume_percentile_90""],""passed"":true,""blocking"":true,""source_table"":""nse.fact_eod_prices""},""REWARD_RISK_BELOW_MINIMUM"":{""rule"":""when estimable, reward/risk >= 1.5"",""actual"":{""reward_risk"":null},""fields"":[""reward_risk""],""passed"":true,""blocking"":true,""source_table"":""oiis_live.daily_candidate.evidence""},""DATA_QUALITY_BELOW_MINIMUM"":{""rule"":""data quality >= 85 and permission FULL"",""actual"":{""score"":93.6655,""permission"":""FULL""},""fields"":[""data_quality"",""data_permission""],""passed"":true,""blocking"":true,""source_table"":""oiis_live.daily_candidate""},""REWARD_RISK_NOT_CALCULATED"":{""rule"":""reward/risk is calculated only from a valid setup stop and a real opposing barrier"",""actual"":{""reward_risk"":null,""risk_per_share"":1.5,""structural_stop"":325},""fields"":[""setup_evaluation"",""structural_stop"",""opposing_barrier""],""passed"":false,""blocking"":true,""source_table"":""oiis_live.daily_candidate.evidence""},""DIRECTIONAL_EDGE_BELOW_MINIMUM"":{""rule"":""abs(long OFactor - short OFactor) >= 6; LOW 6, MEDIUM 7, HIGH 8"",""actual"":{""edge"":51.9318,""level"":""HIGH"",""absolute_edge"":51.9318},""fields"":[""ofactor_long"",""ofactor_short"",""directional_edge""],""passed"":true,""blocking"":true,""source_table"":""oiis_live.daily_candidate""}}","329.76500000","81.7478","258.1423","[""REWARD_RISK_NOT_CALCULATED""]","326.50000000","68.75149988","2b328781-62cf-4246-b878-2ea88a8332ab","Consumer Services","1.94547901","-16.42969984","82.7290","OPEN_PROFIT","1","0.00000000","131","SIMULATED","979.2","200000","979.2000000000139","243.20000000001164","199756.8","979.2000000000139","-214.19999569152003","-214.19999569152003","1254.60000900864","1254.60000900864","612","2026-08-25T00:00:00.000Z","2425","791520","3880","realised_net_pnl is NET; open_unrealised_gross_pnl and counterfactual paths are GROSS","OPEN","328.45000000","3880.000000000055","DEVELOPING_INCLUSIVE","3880.000000000055","DEVELOPING","328","2026-08-22T17:53:06.169Z","SMARTAPI_QUOTE_CACHE","3880.000000000055","0.4901960784313708","206","true","328","2026-08-21T10:00:00.000Z","BARS_1M_ENTRY_SESSION_CLOSE","3880.000000000055","0.4901960784313708","-727.4999999998897","5092.5000000000555","328.5","326.1","326.4","2425","328.00000000","2026-08-22T01:25:00.000Z","2026-08-22T00:00:00.000Z","","","OPEN","1","326.05000000","-0.0010723039","-0.10723039000000001","-0.10723039000000001","false","{""run_id"":null,""run_slot"":null,""policy_id"":""OIIS_DAILY_SELECTION_INTRADAY_ENTRY_V1.0"",""entry_rule"":""RSI_WILLR"",""fno_lot_size"":2425,""quality_score"":null,""sizing_policy"":""ONE_CURRENT_FNO_LOT"",""source_bar_id"":""NSE:5097:2026-08-21T04:05:00+00:00:ws"",""entry_evidence"":{},""operator_override"":false,""quality_threshold"":null,""one_entry_per_symbol_trade_date"":false,""one_entry_per_symbol_trade_date_per_method"":true}","0.0062806373","0.62806373","0.62806373","ACTIVE","OPEN_ACTUAL","3880","2026-08-21T06:33:00.000Z","2425.00000000","796612.50000000","ENTRY_NOTIONAL","100","GOOD_MEDIUM","83.45","true","0","0","0.00000000","2425.00000000","","","","","","","2","BUY","2425.00000000","","false","","6000","323.9257731958763","3880.000000000055","NO_BREACH_MARKED_CURRENT","OIIS_LIVE","3.9","ETERNAL","OBSERVED","e855748e-3f25-4fc1-8a42-aa4f2b9af492","ca9d9812-94e0-41bc-a3c7-062b648b363f","","3880.00000000"
"1600000.00000000","{}","-4000","-32","-4000","-0.5614527590139486","{""reward"":0,""risk"":25.87,""speed"":0}","26","DEVELOPING","EQUITY","5699.50000000","269","BOOKED","","HYPOTHETICAL","5667.5","2026-08-22T17:53:06.169Z","0","","false","0","-0.00561452759013948592","712437.5","RSI_WILLR","148.68571429","2026-08-21T06:00:08.341Z","5704.00000000","{""xfactor"":{""score"":86.3662,""weights"":{""setup_integrity"":18,""instrument_quality"":3,""reward_path_quality"":14,""trigger_confirmation"":16,""entry_location_quality"":20,""timing_session_quality"":3,""stop_invalidation_quality"":14,""liquidity_slippage_quality"":6,""market_sector_synchronisation"":6},""decision"":""ENTERABLE_TIER_A"",""move_atr"":0.1278,""setup_id"":""BREAKOUT_ACCEPTANCE"",""penalties"":{},""raw_score"":86.3662,""components"":{""setup_integrity"":90,""instrument_quality"":100,""reward_path_quality"":50,""trigger_confirmation"":90,""entry_location_quality"":92.9008,""timing_session_quality"":80,""stop_invalidation_quality"":98.3859,""liquidity_slippage_quality"":100,""market_sector_synchronisation"":83.5344},""hard_gates"":[""REWARD_RISK_NOT_CALCULATED""],""final_score"":86.3662,""reward_risk"":null,""setup_state"":""TRIGGERED"",""setup_valid"":true,""extension_atr"":0.1278,""penalty_total"":0,""risk_per_share"":6,""structural_stop"":5698,""setup_evaluation"":{""state"":""TRIGGERED"",""valid"":true,""direction"":""LONG"",""setup_type"":""BREAKOUT_ACCEPTANCE"",""reason_codes"":[],""trigger_price"":5704,""structural_stop"":5698,""volume_confirmed"":true},""vwap_distance_atr"":0.3205,""weighted_contributions"":{""setup_integrity"":16.2,""instrument_quality"":3,""reward_path_quality"":7,""trigger_confirmation"":14.4,""entry_location_quality"":18.5802,""timing_session_quality"":2.4,""stop_invalidation_quality"":13.774,""liquidity_slippage_quality"":6,""market_sector_synchronisation"":5.0121},""score_reconciliation_residual"":0},""ofactor_long"":{""weights"":{""trend_quality"":18,""catalyst_context"":4,""momentum_quality"":12,""relative_strength"":10,""liquidity_tradability"":6,""market_regime_support"":8,""sector_industry_support"":14,""money_flow_participation"":18,""institutional_confirmation"":10},""direction"":""LONG"",""penalties"":{},""raw_score"":85.5669,""components"":{""trend_quality"":97.4662,""catalyst_context"":50,""momentum_quality"":79.5851,""relative_strength"":84.8231,""liquidity_tradability"":100,""market_regime_support"":67.0687,""sector_industry_support"":100,""money_flow_participation"":97.9167,""institutional_confirmation"":50},""final_score"":85.5669,""penalty_total"":0,""classification"":""TIER_A"",""weighted_contributions"":{""trend_quality"":17.5439,""catalyst_context"":2,""momentum_quality"":9.5502,""relative_strength"":8.4823,""liquidity_tradability"":6,""market_regime_support"":5.3655,""sector_industry_support"":14,""money_flow_participation"":17.625,""institutional_confirmation"":5},""score_reconciliation_residual"":0},""ofactor_short"":{""weights"":{""trend_quality"":18,""catalyst_context"":4,""momentum_quality"":12,""relative_strength"":10,""liquidity_tradability"":6,""market_regime_support"":8,""sector_industry_support"":14,""money_flow_participation"":18,""institutional_confirmation"":10},""direction"":""SHORT"",""penalties"":{""flow_conflict"":7},""raw_score"":26.4331,""components"":{""trend_quality"":2.5338,""catalyst_context"":50,""momentum_quality"":20.4149,""relative_strength"":15.1769,""liquidity_tradability"":100,""market_regime_support"":32.9313,""sector_industry_support"":0,""money_flow_participation"":35.4167,""institutional_confirmation"":50},""final_score"":19.4331,""penalty_total"":7,""classification"":""REJECT"",""weighted_contributions"":{""trend_quality"":0.4561,""catalyst_context"":2,""momentum_quality"":2.4498,""relative_strength"":1.5177,""liquidity_tradability"":6,""market_regime_support"":2.6345,""sector_industry_support"":0,""money_flow_participation"":6.375,""institutional_confirmation"":5},""score_reconciliation_residual"":0}}","FULL","93.6655","LONG","66.1338","{""STOP_TOO_WIDE"":{""rule"":""risk per share / ATR14 <= 2.5; recorded but non-blocking"",""actual"":{""atr14"":148.6857142857143,""risk_atr"":0.04035357417371252,""risk_per_share"":6},""fields"":[""structural_stop"",""risk_per_share"",""atr14""],""passed"":true,""blocking"":false,""source_table"":""oiis_live.daily_candidate.evidence""},""NO_VALID_SETUP"":{""rule"":""one canonical setup object must contain recognised structure, volume confirmation and a structural invalidation"",""actual"":{""state"":""TRIGGERED"",""valid"":true,""direction"":""LONG"",""setup_type"":""BREAKOUT_ACCEPTANCE"",""reason_codes"":[],""trigger_price"":5704,""structural_stop"":5698,""volume_confirmed"":true},""fields"":[""open"",""high"",""low"",""close"",""sma20"",""sma50"",""prior_high_20"",""prior_low_20"",""volume_ratio_20""],""passed"":true,""blocking"":true,""source_table"":""nse.fact_eod_prices + public.bars_1m + derived rolling features""},""EXCESSIVE_EXTENSION"":{""rule"":""abs(current price - session open) / previous completed daily ATR <= 1.8; VWAP distance retained separately"",""actual"":{""close"":5704,""level"":""LOW"",""move_atr"":0.1278,""session_open"":5685,""session_vwap"":5656.34035530171,""vwap_distance_atr"":0.3205,""atr14_previous_completed"":148.6857142857143},""fields"":[""close"",""session_open"",""session_vwap"",""atr14_previous_completed""],""passed"":true,""blocking"":true,""source_table"":""public.bars_1m + nse.fact_eod_prices derived features""},""OFACTOR_BELOW_MINIMUM"":{""rule"":""canonical permission requires selected OFactor >= 74; 54/64/74 remain screening cohorts"",""actual"":{""long"":85.5669,""short"":19.4331,""selected"":85.5669,""screening_level"":""HIGH""},""fields"":[""ofactor_long"",""ofactor_short"",""selected_ofactor""],""passed"":true,""blocking"":true,""source_table"":""oiis_live.daily_candidate.component_scores/evidence""},""XFACTOR_BELOW_MINIMUM"":{""rule"":""XFactor >= 76"",""actual"":{""xfactor"":86.3662},""fields"":[""xfactor_snapshot""],""passed"":true,""blocking"":true,""source_table"":""oiis_live.daily_candidate.component_scores/evidence""},""INSUFFICIENT_LIQUIDITY"":{""rule"":""primary: volume ratio >= 0.75 and turnover percentile >= 0.10; fallback: 90-day volume percentile >= 0.30"",""actual"":{""primary_used"":true,""volume_level"":""HIGH"",""volume_ratio_20"":4.058417720989739,""turnover_percentile"":0.9210526315789473,""volume_percentile_90"":1},""fields"":[""volume"",""volume_average_20"",""turnover_lacs"",""volume_percentile_90""],""passed"":true,""blocking"":true,""source_table"":""nse.fact_eod_prices""},""REWARD_RISK_BELOW_MINIMUM"":{""rule"":""when estimable, reward/risk >= 1.5"",""actual"":{""reward_risk"":null},""fields"":[""reward_risk""],""passed"":true,""blocking"":true,""source_table"":""oiis_live.daily_candidate.evidence""},""DATA_QUALITY_BELOW_MINIMUM"":{""rule"":""data quality >= 85 and permission FULL"",""actual"":{""score"":93.6655,""permission"":""FULL""},""fields"":[""data_quality"",""data_permission""],""passed"":true,""blocking"":true,""source_table"":""oiis_live.daily_candidate""},""REWARD_RISK_NOT_CALCULATED"":{""rule"":""reward/risk is calculated only from a valid setup stop and a real opposing barrier"",""actual"":{""reward_risk"":null,""risk_per_share"":6,""structural_stop"":5698},""fields"":[""setup_evaluation"",""structural_stop"",""opposing_barrier""],""passed"":false,""blocking"":true,""source_table"":""oiis_live.daily_candidate.evidence""},""DIRECTIONAL_EDGE_BELOW_MINIMUM"":{""rule"":""abs(long OFactor - short OFactor) >= 6; LOW 6, MEDIUM 7, HIGH 8"",""actual"":{""edge"":66.1338,""level"":""HIGH"",""absolute_edge"":66.1338},""fields"":[""ofactor_long"",""ofactor_short"",""directional_edge""],""passed"":true,""blocking"":true,""source_table"":""oiis_live.daily_candidate""}}","5761.04000000","85.5669","265.5986","[""REWARD_RISK_NOT_CALCULATED""]","5704.00000000","65.93016477","3d3d3a28-ebbc-4cf8-9ac8-94389610062d","Information Technology","4.05841772","-4.47204969","86.3662","OPEN_LOSS","1","0.00000000","","SIMULATED","-1120","200000","-1120","517.5","199482.5","-1120","-1907.4999996097501","-1907.4999996097501","0","0","35","2026-08-25T00:00:00.000Z","125","712437.5","-4000","realised_net_pnl is NET; open_unrealised_gross_pnl and counterfactual paths are GROSS","OPEN","5699.50000000","-4000","DEVELOPING_INCLUSIVE","-4000","DEVELOPING","5667.5","2026-08-22T17:53:06.169Z","SMARTAPI_QUOTE_CACHE","-4000","-0.5614527590139473","231","true","5667.5","2026-08-21T10:00:00.000Z","BARS_1M_ENTRY_SESSION_CLOSE","-4000","-0.5614527590139473","-6812.5","0","5697.5","5645","5699.5","125","5667.50000000","2026-08-22T01:25:00.000Z","2026-08-22T00:00:00.000Z","","","OPEN","1","5645.00000000","-0.0095622423","-0.9562242300000001","-0.9562242300000001","false","{""run_id"":null,""run_slot"":null,""policy_id"":""OIIS_DAILY_SELECTION_INTRADAY_ENTRY_V1.0"",""entry_rule"":""RSI_WILLR"",""fno_lot_size"":125,""quality_score"":null,""sizing_policy"":""ONE_CURRENT_FNO_LOT"",""source_bar_id"":""NSE:18365:2026-08-21T03:59:00+00:00:ws"",""entry_evidence"":{},""operator_override"":false,""quality_threshold"":null,""one_entry_per_symbol_trade_date"":false,""one_entry_per_symbol_trade_date_per_method"":true}","0.0000000000","0","0","ACTIVE","OPEN_ACTUAL","-4000","2026-08-21T06:03:00.000Z","125.00000000","703687.50000000","ENTRY_NOTIONAL","100","WEAK","59.84","true","0","0","0.00000000","125.00000000","","","","","","","2","BUY","125.00000000","5648","true","2026-08-21T08:34:00.000Z","6000","5651.5","-6437.5","EXITED_AT_FIRST_BREACH","OIIS_LIVE","3.9","PERSISTENT","OBSERVED","071e7b0f-bb8b-4fb5-8d41-8c680c4c1823","573da5b4-2868-4d0b-8cbd-12564702cb37","","-4000.00000000"
"1600000.00000000","{}","-1147.5","-2.7","-1147.5","-0.12277749988631713","{""reward"":4.85,""risk"":32.96,""speed"":13.65}","51","DEVELOPING","EQUITY","2199.10000000","299","BOOKED","-24.32432451598247","HYPOTHETICAL","2201.8","2026-08-22T17:53:06.169Z","0","","false","0","-0.00122777499886317130","934617.5","RSI_WILLR","49.17857143","2026-08-21T05:30:04.142Z","2198.70000000","{""xfactor"":{""score"":82.0595,""weights"":{""setup_integrity"":18,""instrument_quality"":3,""reward_path_quality"":14,""trigger_confirmation"":16,""entry_location_quality"":20,""timing_session_quality"":3,""stop_invalidation_quality"":14,""liquidity_slippage_quality"":6,""market_sector_synchronisation"":6},""decision"":""WATCHLIST"",""move_atr"":0.0935,""setup_id"":""BREAKDOWN_ACCEPTANCE"",""penalties"":{},""raw_score"":82.0595,""components"":{""setup_integrity"":90,""instrument_quality"":100,""reward_path_quality"":50,""trigger_confirmation"":90,""entry_location_quality"":94.8035,""timing_session_quality"":80,""stop_invalidation_quality"":96.9092,""liquidity_slippage_quality"":59.2982,""market_sector_synchronisation"":49.5608},""hard_gates"":[""REWARD_RISK_NOT_CALCULATED"",""CASH_SHORT_INSTRUMENT_UNAVAILABLE""],""final_score"":82.0595,""reward_risk"":null,""setup_state"":""TRIGGERED"",""setup_valid"":true,""extension_atr"":0.0935,""penalty_total"":0,""risk_per_share"":3.8,""structural_stop"":2202.5,""setup_evaluation"":{""state"":""TRIGGERED"",""valid"":true,""direction"":""SHORT"",""setup_type"":""BREAKDOWN_ACCEPTANCE"",""reason_codes"":[],""trigger_price"":2198.7,""structural_stop"":2202.5,""volume_confirmed"":true},""vwap_distance_atr"":0.157,""weighted_contributions"":{""setup_integrity"":16.2,""instrument_quality"":3,""reward_path_quality"":7,""trigger_confirmation"":14.4,""entry_location_quality"":18.9607,""timing_session_quality"":2.4,""stop_invalidation_quality"":13.5673,""liquidity_slippage_quality"":3.5579,""market_sector_synchronisation"":2.9736},""score_reconciliation_residual"":0},""ofactor_long"":{""weights"":{""trend_quality"":18,""catalyst_context"":4,""momentum_quality"":12,""relative_strength"":10,""liquidity_tradability"":6,""market_regime_support"":8,""sector_industry_support"":14,""money_flow_participation"":18,""institutional_confirmation"":10},""direction"":""LONG"",""penalties"":{""flow_conflict"":7},""raw_score"":31.736,""components"":{""trend_quality"":12.2364,""catalyst_context"":50,""momentum_quality"":19.366,""relative_strength"":0,""liquidity_tradability"":59.2982,""market_regime_support"":66.8673,""sector_industry_support"":34.0111,""money_flow_participation"":36.3372,""institutional_confirmation"":50},""final_score"":24.736,""penalty_total"":7,""classification"":""REJECT"",""weighted_contributions"":{""trend_quality"":2.2026,""catalyst_context"":2,""momentum_quality"":2.3239,""relative_strength"":0,""liquidity_tradability"":3.5579,""market_regime_support"":5.3494,""sector_industry_support"":4.7616,""money_flow_participation"":6.5407,""institutional_confirmation"":5},""score_reconciliation_residual"":0},""ofactor_short"":{""weights"":{""trend_quality"":18,""catalyst_context"":4,""momentum_quality"":12,""relative_strength"":10,""liquidity_tradability"":6,""market_regime_support"":8,""sector_industry_support"":14,""money_flow_participation"":18,""institutional_confirmation"":10},""direction"":""SHORT"",""penalties"":{},""raw_score"":75.3798,""components"":{""trend_quality"":87.7636,""catalyst_context"":50,""momentum_quality"":80.634,""relative_strength"":100,""liquidity_tradability"":59.2982,""market_regime_support"":33.1327,""sector_industry_support"":65.9889,""money_flow_participation"":96.9961,""institutional_confirmation"":50},""final_score"":75.3798,""penalty_total"":0,""classification"":""TIER_B"",""weighted_contributions"":{""trend_quality"":15.7974,""catalyst_context"":2,""momentum_quality"":9.6761,""relative_strength"":10,""liquidity_tradability"":3.5579,""market_regime_support"":2.6506,""sector_industry_support"":9.2384,""money_flow_participation"":17.4593,""institutional_confirmation"":5},""score_reconciliation_residual"":0}}","FULL","93.6655","SHORT","-50.6438","{""STOP_TOO_WIDE"":{""rule"":""risk per share / ATR14 <= 2.5; recorded but non-blocking"",""actual"":{""atr14"":49.17857142857143,""risk_atr"":0.07726942628903413,""risk_per_share"":3.8},""fields"":[""structural_stop"",""risk_per_share"",""atr14""],""passed"":true,""blocking"":false,""source_table"":""oiis_live.daily_candidate.evidence""},""NO_VALID_SETUP"":{""rule"":""one canonical setup object must contain recognised structure, volume confirmation and a structural invalidation"",""actual"":{""state"":""TRIGGERED"",""valid"":true,""direction"":""SHORT"",""setup_type"":""BREAKDOWN_ACCEPTANCE"",""reason_codes"":[],""trigger_price"":2198.7,""structural_stop"":2202.5,""volume_confirmed"":true},""fields"":[""open"",""high"",""low"",""close"",""sma20"",""sma50"",""prior_high_20"",""prior_low_20"",""volume_ratio_20""],""passed"":true,""blocking"":true,""source_table"":""nse.fact_eod_prices + public.bars_1m + derived rolling features""},""EXCESSIVE_EXTENSION"":{""rule"":""abs(current price - session open) / previous completed daily ATR <= 1.8; VWAP distance retained separately"",""actual"":{""close"":2198.7,""level"":""LOW"",""move_atr"":0.0935,""session_open"":2203.3,""session_vwap"":2206.4211846459298,""vwap_distance_atr"":0.157,""atr14_previous_completed"":49.17857142857143},""fields"":[""close"",""session_open"",""session_vwap"",""atr14_previous_completed""],""passed"":true,""blocking"":true,""source_table"":""public.bars_1m + nse.fact_eod_prices derived features""},""OFACTOR_BELOW_MINIMUM"":{""rule"":""canonical permission requires selected OFactor >= 74; 54/64/74 remain screening cohorts"",""actual"":{""long"":24.736,""short"":75.3798,""selected"":75.3798,""screening_level"":""HIGH""},""fields"":[""ofactor_long"",""ofactor_short"",""selected_ofactor""],""passed"":true,""blocking"":true,""source_table"":""oiis_live.daily_candidate.component_scores/evidence""},""XFACTOR_BELOW_MINIMUM"":{""rule"":""XFactor >= 76"",""actual"":{""xfactor"":82.0595},""fields"":[""xfactor_snapshot""],""passed"":true,""blocking"":true,""source_table"":""oiis_live.daily_candidate.component_scores/evidence""},""INSUFFICIENT_LIQUIDITY"":{""rule"":""primary: volume ratio >= 0.75 and turnover percentile >= 0.10; fallback: 90-day volume percentile >= 0.30"",""actual"":{""primary_used"":true,""volume_level"":""HIGH"",""volume_ratio_20"":2.8082312005038665,""turnover_percentile"":0.49473684210526314,""volume_percentile_90"":1},""fields"":[""volume"",""volume_average_20"",""turnover_lacs"",""volume_percentile_90""],""passed"":true,""blocking"":true,""source_table"":""nse.fact_eod_prices""},""REWARD_RISK_BELOW_MINIMUM"":{""rule"":""when estimable, reward/risk >= 1.5"",""actual"":{""reward_risk"":null},""fields"":[""reward_risk""],""passed"":true,""blocking"":true,""source_table"":""oiis_live.daily_candidate.evidence""},""DATA_QUALITY_BELOW_MINIMUM"":{""rule"":""data quality >= 85 and permission FULL"",""actual"":{""score"":93.6655,""permission"":""FULL""},""fields"":[""data_quality"",""data_permission""],""passed"":true,""blocking"":true,""source_table"":""oiis_live.daily_candidate""},""REWARD_RISK_NOT_CALCULATED"":{""rule"":""reward/risk is calculated only from a valid setup stop and a real opposing barrier"",""actual"":{""reward_risk"":null,""risk_per_share"":3.8,""structural_stop"":2202.5},""fields"":[""setup_evaluation"",""structural_stop"",""opposing_barrier""],""passed"":false,""blocking"":true,""source_table"":""oiis_live.daily_candidate.evidence""},""DIRECTIONAL_EDGE_BELOW_MINIMUM"":{""rule"":""abs(long OFactor - short OFactor) >= 6; LOW 6, MEDIUM 7, HIGH 8"",""actual"":{""edge"":-50.6438,""level"":""HIGH"",""absolute_edge"":50.6438},""fields"":[""ofactor_long"",""ofactor_short"",""directional_edge""],""passed"":true,""blocking"":true,""source_table"":""oiis_live.daily_candidate""}}","2220.68700000","75.3798","251.1048","[""REWARD_RISK_NOT_CALCULATED""]","2198.70000000","28.92029291","217ec43c-0914-4d64-81e4-393f766061b3","Healthcare","2.80823120","-98.48979592","82.0595","OPEN_LOSS","1","0.00000000","93","SIMULATED","-243.00000000000003","200000","-243.00000000002456","2081","197919","-243.00000000002456","-243.000000225","-243.000000225","998.9999921286","998.9999921286","90","2026-08-25T00:00:00.000Z","425","934617.5","-1147.5","realised_net_pnl is NET; open_unrealised_gross_pnl and counterfactual paths are GROSS","OPEN","2201.80000000","-1147.500000000116","DEVELOPING_INCLUSIVE","-1147.500000000116","DEVELOPING","2201.8","2026-08-22T17:53:06.169Z","SMARTAPI_QUOTE_CACHE","-1147.500000000116","-0.12277749988633957","261","true","2201.8","2026-08-21T10:00:00.000Z","BARS_1M_ENTRY_SESSION_CLOSE","-1147.500000000116","-0.12277749988633957","-1147.500000000116","4845.000000000038","2201.8","2187.7","2199.1","425","2201.80000000","2026-08-22T01:25:00.000Z","2026-08-22T00:00:00.000Z","","","OPEN","1","2188.00000000","-0.0012277750","-0.1227775","-0.1227775","false","{""run_id"":null,""run_slot"":null,""policy_id"":""OIIS_DAILY_SELECTION_INTRADAY_ENTRY_V1.0"",""entry_rule"":""RSI_WILLR"",""fno_lot_size"":425,""quality_score"":null,""sizing_policy"":""ONE_CURRENT_FNO_LOT"",""source_bar_id"":""NSE:10440:2026-08-21T04:35:00+00:00:ws"",""entry_evidence"":{},""operator_override"":false,""quality_threshold"":null,""one_entry_per_symbol_trade_date"":false,""one_entry_per_symbol_trade_date_per_method"":true}","0.0050475194","0.50475194","0.50475194","ACTIVE","OPEN_ACTUAL","-1147.5","2026-08-21T05:33:00.000Z","425.00000000","935637.50000000","ENTRY_NOTIONAL","100","WEAK","64.81","true","0","0","0.00000000","425.00000000","","","","","","","2","SELL","425.00000000","","false","","6000","2213.2176470588233","-1147.500000000116","NO_BREACH_MARKED_CURRENT","OIIS_LIVE","3.9","LUPIN","OBSERVED","82399a8f-fa3f-41fd-918b-a607cfd50027","1d294e55-12c6-4fdd-a160-2f87cc126b58","","-1147.50000000"
"1600000.00000000","{}","300","6","300","0.04042037186742118","{""reward"":3.95,""risk"":21.17,""speed"":17.86}","43","DEVELOPING","EQUITY","14844.00000000","330","BOOKED","9.836065509594196","HYPOTHETICAL","14850","2026-08-22T17:53:06.169Z","0","","false","0","0.00040420371867421180","742200","RSI_WILLR","386.78571429","2026-08-21T05:00:09.136Z","14860.00000000","{""xfactor"":{""score"":81.6814,""weights"":{""setup_integrity"":18,""instrument_quality"":3,""reward_path_quality"":14,""trigger_confirmation"":16,""entry_location_quality"":20,""timing_session_quality"":3,""stop_invalidation_quality"":14,""liquidity_slippage_quality"":6,""market_sector_synchronisation"":6},""decision"":""ENTERABLE_TIER_B"",""move_atr"":0.0517,""setup_id"":""BREAKOUT_ACCEPTANCE"",""penalties"":{},""raw_score"":81.6814,""components"":{""setup_integrity"":90,""instrument_quality"":100,""reward_path_quality"":50,""trigger_confirmation"":90,""entry_location_quality"":97.1273,""timing_session_quality"":80,""stop_invalidation_quality"":71.9741,""liquidity_slippage_quality"":100,""market_sector_synchronisation"":52.9933},""hard_gates"":[""REWARD_RISK_NOT_CALCULATED""],""final_score"":81.6814,""reward_risk"":null,""setup_state"":""TRIGGERED"",""setup_valid"":true,""extension_atr"":0.0517,""penalty_total"":0,""risk_per_share"":271,""structural_stop"":14589,""setup_evaluation"":{""state"":""TRIGGERED"",""valid"":true,""direction"":""LONG"",""setup_type"":""BREAKOUT_ACCEPTANCE"",""reason_codes"":[],""trigger_price"":14860,""structural_stop"":14589,""volume_confirmed"":true},""vwap_distance_atr"":0.2662,""weighted_contributions"":{""setup_integrity"":16.2,""instrument_quality"":3,""reward_path_quality"":7,""trigger_confirmation"":14.4,""entry_location_quality"":19.4255,""timing_session_quality"":2.4,""stop_invalidation_quality"":10.0764,""liquidity_slippage_quality"":6,""market_sector_synchronisation"":3.1796},""score_reconciliation_residual"":0},""ofactor_long"":{""weights"":{""trend_quality"":18,""catalyst_context"":4,""momentum_quality"":12,""relative_strength"":10,""liquidity_tradability"":6,""market_regime_support"":8,""sector_industry_support"":14,""money_flow_participation"":18,""institutional_confirmation"":10},""direction"":""LONG"",""penalties"":{},""raw_score"":78.214,""components"":{""trend_quality"":98.5079,""catalyst_context"":50,""momentum_quality"":92.4578,""relative_strength"":87.1816,""liquidity_tradability"":100,""market_regime_support"":66.6447,""sector_industry_support"":39.3419,""money_flow_participation"":93.5,""institutional_confirmation"":50},""final_score"":78.214,""penalty_total"":0,""classification"":""TIER_B"",""weighted_contributions"":{""trend_quality"":17.7314,""catalyst_context"":2,""momentum_quality"":11.0949,""relative_strength"":8.7182,""liquidity_tradability"":6,""market_regime_support"":5.3316,""sector_industry_support"":5.5079,""money_flow_participation"":16.83,""institutional_confirmation"":5},""score_reconciliation_residual"":0},""ofactor_short"":{""weights"":{""trend_quality"":18,""catalyst_context"":4,""momentum_quality"":12,""relative_strength"":10,""liquidity_tradability"":6,""market_regime_support"":8,""sector_industry_support"":14,""money_flow_participation"":18,""institutional_confirmation"":10},""direction"":""SHORT"",""penalties"":{},""raw_score"":33.786,""components"":{""trend_quality"":1.4921,""catalyst_context"":50,""momentum_quality"":7.5423,""relative_strength"":12.8183,""liquidity_tradability"":100,""market_regime_support"":33.3553,""sector_industry_support"":60.6581,""money_flow_participation"":39.8333,""institutional_confirmation"":50},""final_score"":33.786,""penalty_total"":0,""classification"":""REJECT"",""weighted_contributions"":{""trend_quality"":0.2686,""catalyst_context"":2,""momentum_quality"":0.9051,""relative_strength"":1.2818,""liquidity_tradability"":6,""market_regime_support"":2.6684,""sector_industry_support"":8.4921,""money_flow_participation"":7.17,""institutional_confirmation"":5},""score_reconciliation_residual"":0}}","FULL","93.6655","LONG","44.4280","{""STOP_TOO_WIDE"":{""rule"":""risk per share / ATR14 <= 2.5; recorded but non-blocking"",""actual"":{""atr14"":386.7857142857143,""risk_atr"":0.7006463527239151,""risk_per_share"":271},""fields"":[""structural_stop"",""risk_per_share"",""atr14""],""passed"":true,""blocking"":false,""source_table"":""oiis_live.daily_candidate.evidence""},""NO_VALID_SETUP"":{""rule"":""one canonical setup object must contain recognised structure, volume confirmation and a structural invalidation"",""actual"":{""state"":""TRIGGERED"",""valid"":true,""direction"":""LONG"",""setup_type"":""BREAKOUT_ACCEPTANCE"",""reason_codes"":[],""trigger_price"":14860,""structural_stop"":14589,""volume_confirmed"":true},""fields"":[""open"",""high"",""low"",""close"",""sma20"",""sma50"",""prior_high_20"",""prior_low_20"",""volume_ratio_20""],""passed"":true,""blocking"":true,""source_table"":""nse.fact_eod_prices + public.bars_1m + derived rolling features""},""EXCESSIVE_EXTENSION"":{""rule"":""abs(current price - session open) / previous completed daily ATR <= 1.8; VWAP distance retained separately"",""actual"":{""close"":14860,""level"":""LOW"",""move_atr"":0.0517,""session_open"":14880,""session_vwap"":14757.036148357249,""vwap_distance_atr"":0.2662,""atr14_previous_completed"":386.7857142857143},""fields"":[""close"",""session_open"",""session_vwap"",""atr14_previous_completed""],""passed"":true,""blocking"":true,""source_table"":""public.bars_1m + nse.fact_eod_prices derived features""},""OFACTOR_BELOW_MINIMUM"":{""rule"":""canonical permission requires selected OFactor >= 74; 54/64/74 remain screening cohorts"",""actual"":{""long"":78.214,""short"":33.786,""selected"":78.214,""screening_level"":""HIGH""},""fields"":[""ofactor_long"",""ofactor_short"",""selected_ofactor""],""passed"":true,""blocking"":true,""source_table"":""oiis_live.daily_candidate.component_scores/evidence""},""XFACTOR_BELOW_MINIMUM"":{""rule"":""XFactor >= 76"",""actual"":{""xfactor"":81.6814},""fields"":[""xfactor_snapshot""],""passed"":true,""blocking"":true,""source_table"":""oiis_live.daily_candidate.component_scores/evidence""},""INSUFFICIENT_LIQUIDITY"":{""rule"":""primary: volume ratio >= 0.75 and turnover percentile >= 0.10; fallback: 90-day volume percentile >= 0.30"",""actual"":{""primary_used"":true,""volume_level"":""HIGH"",""volume_ratio_20"":2.1242805056356535,""turnover_percentile"":0.8789473684210526,""volume_percentile_90"":0.7777777777777778},""fields"":[""volume"",""volume_average_20"",""turnover_lacs"",""volume_percentile_90""],""passed"":true,""blocking"":true,""source_table"":""nse.fact_eod_prices""},""REWARD_RISK_BELOW_MINIMUM"":{""rule"":""when estimable, reward/risk >= 1.5"",""actual"":{""reward_risk"":null},""fields"":[""reward_risk""],""passed"":true,""blocking"":true,""source_table"":""oiis_live.daily_candidate.evidence""},""DATA_QUALITY_BELOW_MINIMUM"":{""rule"":""data quality >= 85 and permission FULL"",""actual"":{""score"":93.6655,""permission"":""FULL""},""fields"":[""data_quality"",""data_permission""],""passed"":true,""blocking"":true,""source_table"":""oiis_live.daily_candidate""},""REWARD_RISK_NOT_CALCULATED"":{""rule"":""reward/risk is calculated only from a valid setup stop and a real opposing barrier"",""actual"":{""reward_risk"":null,""risk_per_share"":271,""structural_stop"":14589},""fields"":[""setup_evaluation"",""structural_stop"",""opposing_barrier""],""passed"":false,""blocking"":true,""source_table"":""oiis_live.daily_candidate.evidence""},""DIRECTIONAL_EDGE_BELOW_MINIMUM"":{""rule"":""abs(long OFactor - short OFactor) >= 6; LOW 6, MEDIUM 7, HIGH 8"",""actual"":{""edge"":44.428,""level"":""HIGH"",""absolute_edge"":44.428},""fields"":[""ofactor_long"",""ofactor_short"",""directional_edge""],""passed"":true,""blocking"":true,""source_table"":""oiis_live.daily_candidate""}}","15008.60000000","78.2140","253.5609","[""REWARD_RISK_NOT_CALCULATED""]","14860.00000000","67.96539105","c8a5229c-734d-46f4-9949-a72b4aeaee9f","Consumer Durables","2.12428051","-4.75836431","81.6814","OPEN_PROFIT","1","0.00000000","3","SIMULATED","78","200000","78","7028","192972","78","-2912.0000069784","-2912.0000069784","793.000005174","793.000005174","13","2026-08-25T00:00:00.000Z","50","742200","300","realised_net_pnl is NET; open_unrealised_gross_pnl and counterfactual paths are GROSS","OPEN","14905.00000000","300","DEVELOPING_INCLUSIVE","300","DEVELOPING","14850","2026-08-22T17:53:06.169Z","SMARTAPI_QUOTE_CACHE","300","0.04042037186742231","292","true","14850","2026-08-21T10:00:00.000Z","BARS_1M_ENTRY_SESSION_CLOSE","300","0.04042037186742231","-11200","3050","14905","14620","14844","50","14850.00000000","2026-08-22T01:25:00.000Z","2026-08-22T00:00:00.000Z","","","OPEN","1","14620.00000000","-0.0150902722","-1.50902722","-1.50902722","false","{""run_id"":null,""run_slot"":null,""policy_id"":""OIIS_DAILY_SELECTION_INTRADAY_ENTRY_V1.0"",""entry_rule"":""RSI_WILLR"",""fno_lot_size"":50,""quality_score"":null,""sizing_policy"":""ONE_CURRENT_FNO_LOT"",""source_bar_id"":""NSE:21690:2026-08-21T04:13:00+00:00:ws"",""entry_evidence"":{},""operator_override"":false,""quality_threshold"":null,""one_entry_per_symbol_trade_date"":false,""one_entry_per_symbol_trade_date_per_method"":true}","0.0041094045","0.41094045","0.41094045","ACTIVE","OPEN_ACTUAL","300","2026-08-21T05:03:00.000Z","50.00000000","736800.00000000","ENTRY_NOTIONAL","100","LUCKY_WIN","64.23","true","0","0","0.00000000","50.00000000","","","","","","","2","BUY","50.00000000","14724","true","2026-08-21T05:39:00.000Z","6000","14724","-6000","EXITED_AT_FIRST_BREACH","OIIS_LIVE","3.9","DIXON","OBSERVED","fa89ac92-a75c-4f63-b884-799ace5af9d5","3a005c4a-90a4-4337-a20b-60c62a51b5df","","300.00000000"
"1600000.00000000","{}","3278.25","0.47","3278.25","0.46953046953046956","{""reward"":5.18,""risk"":33.75,""speed"":16.08}","55","DEVELOPING","EQUITY","100.10000000","356","BOOKED","87.03703695000002","HYPOTHETICAL","99.63","2026-08-22T17:53:06.169Z","0","","false","0","0.00469530469530469530","698197.5","RSI_WILLR","2.22857143","2026-08-21T04:30:05.648Z","99.95000000","{""xfactor"":{""score"":77.511,""weights"":{""setup_integrity"":18,""instrument_quality"":3,""reward_path_quality"":14,""trigger_confirmation"":16,""entry_location_quality"":20,""timing_session_quality"":3,""stop_invalidation_quality"":14,""liquidity_slippage_quality"":6,""market_sector_synchronisation"":6},""decision"":""WATCHLIST"",""move_atr"":0.6058,""setup_id"":""BREAKDOWN_ACCEPTANCE"",""penalties"":{},""raw_score"":77.511,""components"":{""setup_integrity"":90,""instrument_quality"":100,""reward_path_quality"":50,""trigger_confirmation"":90,""entry_location_quality"":66.3462,""timing_session_quality"":80,""stop_invalidation_quality"":84.0256,""liquidity_slippage_quality"":100,""market_sector_synchronisation"":57.9688},""hard_gates"":[""REWARD_RISK_NOT_CALCULATED"",""CASH_SHORT_INSTRUMENT_UNAVAILABLE""],""final_score"":77.511,""reward_risk"":null,""setup_state"":""TRIGGERED"",""setup_valid"":true,""extension_atr"":0.6058,""penalty_total"":0,""risk_per_share"":0.89,""structural_stop"":100.84,""setup_evaluation"":{""state"":""TRIGGERED"",""valid"":true,""direction"":""SHORT"",""setup_type"":""BREAKDOWN_ACCEPTANCE"",""reason_codes"":[],""trigger_price"":99.95,""structural_stop"":100.84,""volume_confirmed"":true},""vwap_distance_atr"":0.3058,""weighted_contributions"":{""setup_integrity"":16.2,""instrument_quality"":3,""reward_path_quality"":7,""trigger_confirmation"":14.4,""entry_location_quality"":13.2692,""timing_session_quality"":2.4,""stop_invalidation_quality"":11.7636,""liquidity_slippage_quality"":6,""market_sector_synchronisation"":3.4781},""score_reconciliation_residual"":0},""ofactor_long"":{""weights"":{""trend_quality"":18,""catalyst_context"":4,""momentum_quality"":12,""relative_strength"":10,""liquidity_tradability"":6,""market_regime_support"":8,""sector_industry_support"":14,""money_flow_participation"":18,""institutional_confirmation"":10},""direction"":""LONG"",""penalties"":{""flow_conflict"":7},""raw_score"":32.7034,""components"":{""trend_quality"":18.07,""catalyst_context"":50,""momentum_quality"":18.776,""relative_strength"":3.9855,""liquidity_tradability"":100,""market_regime_support"":66.1595,""sector_industry_support"":17.9029,""money_flow_participation"":33.3333,""institutional_confirmation"":50},""final_score"":25.7034,""penalty_total"":7,""classification"":""REJECT"",""weighted_contributions"":{""trend_quality"":3.2526,""catalyst_context"":2,""momentum_quality"":2.2531,""relative_strength"":0.3986,""liquidity_tradability"":6,""market_regime_support"":5.2928,""sector_industry_support"":2.5064,""money_flow_participation"":6,""institutional_confirmation"":5},""score_reconciliation_residual"":0},""ofactor_short"":{""weights"":{""trend_quality"":18,""catalyst_context"":4,""momentum_quality"":12,""relative_strength"":10,""liquidity_tradability"":6,""market_regime_support"":8,""sector_industry_support"":14,""money_flow_participation"":18,""institutional_confirmation"":10},""direction"":""SHORT"",""penalties"":{},""raw_score"":79.2966,""components"":{""trend_quality"":81.93,""catalyst_context"":50,""momentum_quality"":81.224,""relative_strength"":96.0145,""liquidity_tradability"":100,""market_regime_support"":33.8405,""sector_industry_support"":82.0971,""money_flow_participation"":100,""institutional_confirmation"":50},""final_score"":79.2966,""penalty_total"":0,""classification"":""TIER_B"",""weighted_contributions"":{""trend_quality"":14.7474,""catalyst_context"":2,""momentum_quality"":9.7469,""relative_strength"":9.6014,""liquidity_tradability"":6,""market_regime_support"":2.7072,""sector_industry_support"":11.4936,""money_flow_participation"":18,""institutional_confirmation"":5},""score_reconciliation_residual"":0}}","FULL","93.6655","SHORT","-53.5932","{""STOP_TOO_WIDE"":{""rule"":""risk per share / ATR14 <= 2.5; recorded but non-blocking"",""actual"":{""atr14"":2.228571428571431,""risk_atr"":0.39935897435897394,""risk_per_share"":0.89},""fields"":[""structural_stop"",""risk_per_share"",""atr14""],""passed"":true,""blocking"":false,""source_table"":""oiis_live.daily_candidate.evidence""},""NO_VALID_SETUP"":{""rule"":""one canonical setup object must contain recognised structure, volume confirmation and a structural invalidation"",""actual"":{""state"":""TRIGGERED"",""valid"":true,""direction"":""SHORT"",""setup_type"":""BREAKDOWN_ACCEPTANCE"",""reason_codes"":[],""trigger_price"":99.95,""structural_stop"":100.84,""volume_confirmed"":true},""fields"":[""open"",""high"",""low"",""close"",""sma20"",""sma50"",""prior_high_20"",""prior_low_20"",""volume_ratio_20""],""passed"":true,""blocking"":true,""source_table"":""nse.fact_eod_prices + public.bars_1m + derived rolling features""},""EXCESSIVE_EXTENSION"":{""rule"":""abs(current price - session open) / previous completed daily ATR <= 1.8; VWAP distance retained separately"",""actual"":{""close"":99.95,""level"":""LOW"",""move_atr"":0.6058,""session_open"":101.3,""session_vwap"":100.63157358795299,""vwap_distance_atr"":0.3058,""atr14_previous_completed"":2.228571428571431},""fields"":[""close"",""session_open"",""session_vwap"",""atr14_previous_completed""],""passed"":true,""blocking"":true,""source_table"":""public.bars_1m + nse.fact_eod_prices derived features""},""OFACTOR_BELOW_MINIMUM"":{""rule"":""canonical permission requires selected OFactor >= 74; 54/64/74 remain screening cohorts"",""actual"":{""long"":25.7034,""short"":79.2966,""selected"":79.2966,""screening_level"":""HIGH""},""fields"":[""ofactor_long"",""ofactor_short"",""selected_ofactor""],""passed"":true,""blocking"":true,""source_table"":""oiis_live.daily_candidate.component_scores/evidence""},""XFACTOR_BELOW_MINIMUM"":{""rule"":""XFactor >= 76"",""actual"":{""xfactor"":77.511},""fields"":[""xfactor_snapshot""],""passed"":true,""blocking"":true,""source_table"":""oiis_live.daily_candidate.component_scores/evidence""},""INSUFFICIENT_LIQUIDITY"":{""rule"":""primary: volume ratio >= 0.75 and turnover percentile >= 0.10; fallback: 90-day volume percentile >= 0.30"",""actual"":{""primary_used"":true,""volume_level"":""HIGH"",""volume_ratio_20"":15.974131859025816,""turnover_percentile"":0.8473684210526315,""volume_percentile_90"":1},""fields"":[""volume"",""volume_average_20"",""turnover_lacs"",""volume_percentile_90""],""passed"":true,""blocking"":true,""source_table"":""nse.fact_eod_prices""},""REWARD_RISK_BELOW_MINIMUM"":{""rule"":""when estimable, reward/risk >= 1.5"",""actual"":{""reward_risk"":null},""fields"":[""reward_risk""],""passed"":true,""blocking"":true,""source_table"":""oiis_live.daily_candidate.evidence""},""DATA_QUALITY_BELOW_MINIMUM"":{""rule"":""data quality >= 85 and permission FULL"",""actual"":{""score"":93.6655,""permission"":""FULL""},""fields"":[""data_quality"",""data_permission""],""passed"":true,""blocking"":true,""source_table"":""oiis_live.daily_candidate""},""REWARD_RISK_NOT_CALCULATED"":{""rule"":""reward/risk is calculated only from a valid setup stop and a real opposing barrier"",""actual"":{""reward_risk"":null,""risk_per_share"":0.89,""structural_stop"":100.84},""fields"":[""setup_evaluation"",""structural_stop"",""opposing_barrier""],""passed"":false,""blocking"":true,""source_table"":""oiis_live.daily_candidate.evidence""},""DIRECTIONAL_EDGE_BELOW_MINIMUM"":{""rule"":""abs(long OFactor - short OFactor) >= 6; LOW 6, MEDIUM 7, HIGH 8"",""actual"":{""edge"":-53.5932,""level"":""HIGH"",""absolute_edge"":53.5932},""fields"":[""ofactor_long"",""ofactor_short"",""directional_edge""],""passed"":true,""blocking"":true,""source_table"":""oiis_live.daily_candidate""}}","100.94950000","79.2966","250.4731","[""REWARD_RISK_NOT_CALCULATED""]","99.95000000","31.11422372","80840eed-a62e-4702-b4bd-f5071946e761","Services","15.97413186","-99.37421777","77.5110","OPEN_PROFIT","1","0.00000000","41","SIMULATED","939.06","200000","939.0599999999977","0.20000000001164153","199999.8","939.0599999999977","-59.940000059940004","-59.940000059940004","1078.92000107892","1078.92000107892","1998","2026-08-25T00:00:00.000Z","6975","698197.5","3278.25","realised_net_pnl is NET; open_unrealised_gross_pnl and counterfactual paths are GROSS","OPEN","100.13000000","3278.2499999999923","DEVELOPING_INCLUSIVE","3278.2499999999923","DEVELOPING","99.63","2026-08-22T17:53:06.169Z","SMARTAPI_QUOTE_CACHE","3278.2499999999923","0.46953046953046584","319","true","99.63","2026-08-21T10:00:00.000Z","BARS_1M_ENTRY_SESSION_CLOSE","3278.2499999999923","0.46953046953046584","-697.5000000000595","4742.999999999948","100.2","99.42","100.1","6975","99.63000000","2026-08-22T01:25:00.000Z","2026-08-22T00:00:00.000Z","","","OPEN","1","99.56000000","-0.0002997003","-0.02997003","-0.02997003","false","{""run_id"":null,""run_slot"":null,""policy_id"":""OIIS_DAILY_SELECTION_INTRADAY_ENTRY_V1.0"",""entry_rule"":""RSI_WILLR"",""fno_lot_size"":6975,""quality_score"":null,""sizing_policy"":""ONE_CURRENT_FNO_LOT"",""source_bar_id"":""NSE:13528:2026-08-21T04:00:00+00:00:ws"",""entry_evidence"":{},""operator_override"":false,""quality_threshold"":null,""one_entry_per_symbol_trade_date"":false,""one_entry_per_symbol_trade_date_per_method"":true}","0.0053946054","0.53946054","0.53946054","ACTIVE","OPEN_ACTUAL","3278.25","2026-08-21T04:33:00.000Z","6975.00000000","699592.50000000","ENTRY_NOTIONAL","100","GOOD_MEDIUM","80.42","true","0","0","0.00000000","6975.00000000","","","","","","","2","SELL","6975.00000000","","false","","6000","100.96021505376343","3278.2499999999923","NO_BREACH_MARKED_CURRENT","OIIS_LIVE","3.9","GMRAIRPORT","OBSERVED","b2c3e5d8-e4d1-446c-a469-2e774457f067","fae05952-0da9-4b32-b703-4c9a6abfd7c3","","3278.25000000"
"1600000.00000000","{}","3516.25","1.45","3516.25","0.4440361353544633","{""reward"":14.85,""risk"":28.01,""speed"":15.99}","59","DEVELOPING","EQUITY","326.55000000","809","BOOKED","28.712871255629835","HYPOTHETICAL","328","2026-08-22T17:53:06.169Z","0","","false","0","0.00444036135354463329","791883.75","RSI_WILLR","7.52500000","2026-08-20T06:00:06.347Z","327.50000000","{""xfactor"":{""score"":79.7819,""weights"":{""setup_integrity"":18,""instrument_quality"":3,""reward_path_quality"":14,""trigger_confirmation"":16,""entry_location_quality"":20,""timing_session_quality"":3,""stop_invalidation_quality"":14,""liquidity_slippage_quality"":6,""market_sector_synchronisation"":6},""decision"":""ENTERABLE_TIER_B"",""move_atr"":0.5581,""setup_id"":""BREAKOUT_ACCEPTANCE"",""penalties"":{},""raw_score"":79.7819,""components"":{""setup_integrity"":90,""instrument_quality"":100,""reward_path_quality"":50,""trigger_confirmation"":90,""entry_location_quality"":68.9922,""timing_session_quality"":80,""stop_invalidation_quality"":86.711,""liquidity_slippage_quality"":100,""market_sector_synchronisation"":80.7327},""hard_gates"":[""REWARD_RISK_NOT_CALCULATED""],""final_score"":79.7819,""reward_risk"":null,""setup_state"":""TRIGGERED"",""setup_valid"":true,""extension_atr"":0.5581,""penalty_total"":0,""risk_per_share"":2.5,""structural_stop"":325,""setup_evaluation"":{""state"":""TRIGGERED"",""valid"":true,""direction"":""LONG"",""setup_type"":""BREAKOUT_ACCEPTANCE"",""reason_codes"":[],""trigger_price"":327.5,""structural_stop"":325,""volume_confirmed"":true},""vwap_distance_atr"":0.166,""weighted_contributions"":{""setup_integrity"":16.2,""instrument_quality"":3,""reward_path_quality"":7,""trigger_confirmation"":14.4,""entry_location_quality"":13.7984,""timing_session_quality"":2.4,""stop_invalidation_quality"":12.1395,""liquidity_slippage_quality"":6,""market_sector_synchronisation"":4.844},""score_reconciliation_residual"":0},""ofactor_long"":{""weights"":{""trend_quality"":18,""catalyst_context"":4,""momentum_quality"":12,""relative_strength"":10,""liquidity_tradability"":6,""market_regime_support"":8,""sector_industry_support"":14,""money_flow_participation"":18,""institutional_confirmation"":10},""direction"":""LONG"",""penalties"":{},""raw_score"":86.128,""components"":{""trend_quality"":100,""catalyst_context"":50,""momentum_quality"":81.7254,""relative_strength"":100,""liquidity_tradability"":100,""market_regime_support"":67.5527,""sector_industry_support"":93.9127,""money_flow_participation"":93.1609,""institutional_confirmation"":50},""final_score"":86.128,""penalty_total"":0,""classification"":""TIER_A"",""weighted_contributions"":{""trend_quality"":18,""catalyst_context"":2,""momentum_quality"":9.807,""relative_strength"":10,""liquidity_tradability"":6,""market_regime_support"":5.4042,""sector_industry_support"":13.1478,""money_flow_participation"":16.769,""institutional_confirmation"":5},""score_reconciliation_residual"":0},""ofactor_short"":{""weights"":{""trend_quality"":18,""catalyst_context"":4,""momentum_quality"":12,""relative_strength"":10,""liquidity_tradability"":6,""market_regime_support"":8,""sector_industry_support"":14,""money_flow_participation"":18,""institutional_confirmation"":10},""direction"":""SHORT"",""penalties"":{},""raw_score"":24.7137,""components"":{""trend_quality"":0,""catalyst_context"":50,""momentum_quality"":18.2746,""relative_strength"":0,""liquidity_tradability"":100,""market_regime_support"":32.4473,""sector_industry_support"":6.0873,""money_flow_participation"":33.7372,""institutional_confirmation"":50},""final_score"":24.7137,""penalty_total"":0,""classification"":""REJECT"",""weighted_contributions"":{""trend_quality"":0,""catalyst_context"":2,""momentum_quality"":2.193,""relative_strength"":0,""liquidity_tradability"":6,""market_regime_support"":2.5958,""sector_industry_support"":0.8522,""money_flow_participation"":6.0727,""institutional_confirmation"":5},""score_reconciliation_residual"":0}}","FULL","93.6655","LONG","61.4143","{""STOP_TOO_WIDE"":{""rule"":""risk per share / ATR14 <= 2.5; recorded but non-blocking"",""actual"":{""atr14"":7.52499999999999,""risk_atr"":0.3322259136212629,""risk_per_share"":2.5},""fields"":[""structural_stop"",""risk_per_share"",""atr14""],""passed"":true,""blocking"":false,""source_table"":""oiis_live.daily_candidate.evidence""},""NO_VALID_SETUP"":{""rule"":""one canonical setup object must contain recognised structure, volume confirmation and a structural invalidation"",""actual"":{""state"":""TRIGGERED"",""valid"":true,""direction"":""LONG"",""setup_type"":""BREAKOUT_ACCEPTANCE"",""reason_codes"":[],""trigger_price"":327.5,""structural_stop"":325,""volume_confirmed"":true},""fields"":[""open"",""high"",""low"",""close"",""sma20"",""sma50"",""prior_high_20"",""prior_low_20"",""volume_ratio_20""],""passed"":true,""blocking"":true,""source_table"":""nse.fact_eod_prices + public.bars_1m + derived rolling features""},""EXCESSIVE_EXTENSION"":{""rule"":""abs(current price - session open) / previous completed daily ATR <= 1.8; VWAP distance retained separately"",""actual"":{""close"":327.5,""level"":""LOW"",""move_atr"":0.5581,""session_open"":323.3,""session_vwap"":326.25069697418246,""vwap_distance_atr"":0.166,""atr14_previous_completed"":7.52499999999999},""fields"":[""close"",""session_open"",""session_vwap"",""atr14_previous_completed""],""passed"":true,""blocking"":true,""source_table"":""public.bars_1m + nse.fact_eod_prices derived features""},""OFACTOR_BELOW_MINIMUM"":{""rule"":""canonical permission requires selected OFactor >= 74; 54/64/74 remain screening cohorts"",""actual"":{""long"":86.128,""short"":24.7137,""selected"":86.128,""screening_level"":""HIGH""},""fields"":[""ofactor_long"",""ofactor_short"",""selected_ofactor""],""passed"":true,""blocking"":true,""source_table"":""oiis_live.daily_candidate.component_scores/evidence""},""XFACTOR_BELOW_MINIMUM"":{""rule"":""XFactor >= 76"",""actual"":{""xfactor"":79.7819},""fields"":[""xfactor_snapshot""],""passed"":true,""blocking"":true,""source_table"":""oiis_live.daily_candidate.component_scores/evidence""},""INSUFFICIENT_LIQUIDITY"":{""rule"":""primary: volume ratio >= 0.75 and turnover percentile >= 0.10; fallback: 90-day volume percentile >= 0.30"",""actual"":{""primary_used"":true,""volume_level"":""HIGH"",""volume_ratio_20"":1.8552083936216013,""turnover_percentile"":1,""volume_percentile_90"":0.8780487804878049},""fields"":[""volume"",""volume_average_20"",""turnover_lacs"",""volume_percentile_90""],""passed"":true,""blocking"":true,""source_table"":""nse.fact_eod_prices""},""REWARD_RISK_BELOW_MINIMUM"":{""rule"":""when estimable, reward/risk >= 1.5"",""actual"":{""reward_risk"":null},""fields"":[""reward_risk""],""passed"":true,""blocking"":true,""source_table"":""oiis_live.daily_candidate.evidence""},""DATA_QUALITY_BELOW_MINIMUM"":{""rule"":""data quality >= 85 and permission FULL"",""actual"":{""score"":93.6655,""permission"":""FULL""},""fields"":[""data_quality"",""data_permission""],""passed"":true,""blocking"":true,""source_table"":""oiis_live.daily_candidate""},""REWARD_RISK_NOT_CALCULATED"":{""rule"":""reward/risk is calculated only from a valid setup stop and a real opposing barrier"",""actual"":{""reward_risk"":null,""risk_per_share"":2.5,""structural_stop"":325},""fields"":[""setup_evaluation"",""structural_stop"",""opposing_barrier""],""passed"":false,""blocking"":true,""source_table"":""oiis_live.daily_candidate.evidence""},""DIRECTIONAL_EDGE_BELOW_MINIMUM"":{""rule"":""abs(long OFactor - short OFactor) >= 6; LOW 6, MEDIUM 7, HIGH 8"",""actual"":{""edge"":61.4143,""level"":""HIGH"",""absolute_edge"":61.4143},""fields"":[""ofactor_long"",""ofactor_short"",""directional_edge""],""passed"":true,""blocking"":true,""source_table"":""oiis_live.daily_candidate""}}","330.77500000","86.1280","259.5754","[""REWARD_RISK_NOT_CALCULATED""]","327.50000000","69.27779467","97f443fd-a5d5-4caa-8ddf-fd0b7ffe02b6","Consumer Services","1.85520839","-3.51493849","79.7819","OPEN_PROFIT","1","0.00000000","43","SIMULATED","887.4","200000","887.399999999993","151.39999999999418","199848.6","856.7999999999861","-1407.5999995654802","-1407.5999995654802","3090.60000339048","3090.60000339048","612","2026-08-25T00:00:00.000Z","2425","791883.75","3516.25","realised_net_pnl is NET; open_unrealised_gross_pnl and counterfactual paths are GROSS","OPEN","331.60000000","3516.2499999999723","DEVELOPING_INCLUSIVE","3516.2499999999723","DEVELOPING","328","2026-08-22T17:53:06.169Z","SMARTAPI_QUOTE_CACHE","3516.2499999999723","0.4440361353544642","226","true","327.95","2026-08-20T10:00:00.000Z","BARS_1M_ENTRY_SESSION_CLOSE","3394.999999999945","0.4287245444801746","-2303.7499999999723","4122.499999999973","328.25","325.6","326.55","2425","328.00000000","2026-08-22T01:25:00.000Z","2026-08-22T00:00:00.000Z","","","OPEN","1","324.25000000","-0.0070433318","-0.70433318","-0.70433318","false","{""run_id"":null,""run_slot"":null,""policy_id"":""OIIS_DAILY_SELECTION_INTRADAY_ENTRY_V1.0"",""entry_rule"":""RSI_WILLR"",""fno_lot_size"":2425,""quality_score"":null,""sizing_policy"":""ONE_CURRENT_FNO_LOT"",""source_bar_id"":""NSE:5097:2026-08-20T06:13:00+00:00:ws"",""entry_evidence"":{},""operator_override"":false,""quality_threshold"":null,""one_entry_per_symbol_trade_date"":false,""one_entry_per_symbol_trade_date_per_method"":true}","0.0154647068","1.54647068","1.54647068","ACTIVE","OPEN_ACTUAL","3516.25","2026-08-20T06:15:00.000Z","2425.00000000","791883.75000000","ENTRY_NOTIONAL","100","GOOD_LOW","72.16","true","0","0","0.00000000","2425.00000000","","","","","","","3","BUY","2425.00000000","","false","","6000","324.0757731958763","3516.2499999999723","NO_BREACH_MARKED_CURRENT","OIIS_LIVE","3.9","ETERNAL","OBSERVED","4645192e-7054-4c64-a304-311fc196842f","469b263d-aab1-46b6-864e-179a3f865181","","3516.25000000"
"1600000.00000000","{}","3011.25","1.65","3011.25","0.5875022253872173","{""reward"":15.38,""risk"":20.23,""speed"":11.5}","47","DEVELOPING","EQUITY","280.85000000","881","BOOKED","36.66666658681481","HYPOTHETICAL","282.5","2026-08-22T17:53:06.169Z","0","","false","0","0.00587502225387217376","512551.25000000006","RSI_WILLR","9.26857143","2026-08-20T05:00:02.847Z","281.15000000","{""xfactor"":{""score"":82.9319,""weights"":{""setup_integrity"":18,""instrument_quality"":3,""reward_path_quality"":14,""trigger_confirmation"":16,""entry_location_quality"":20,""timing_session_quality"":3,""stop_invalidation_quality"":14,""liquidity_slippage_quality"":6,""market_sector_synchronisation"":6},""decision"":""ENTERABLE_TIER_B"",""move_atr"":0.6905,""setup_id"":""PULLBACK_CONTINUATION"",""penalties"":{},""raw_score"":82.9319,""components"":{""setup_integrity"":90,""instrument_quality"":100,""reward_path_quality"":100,""trigger_confirmation"":90,""entry_location_quality"":61.6386,""timing_session_quality"":80,""stop_invalidation_quality"":70.4377,""liquidity_slippage_quality"":100,""market_sector_synchronisation"":79.049},""hard_gates"":[],""final_score"":82.9319,""reward_risk"":3.4818,""setup_state"":""TRIGGERED"",""setup_valid"":true,""extension_atr"":0.6905,""penalty_total"":0,""risk_per_share"":6.85,""structural_stop"":274.3,""setup_evaluation"":{""state"":""TRIGGERED"",""valid"":true,""direction"":""LONG"",""setup_type"":""PULLBACK_CONTINUATION"",""reason_codes"":[],""trigger_price"":281.15,""structural_stop"":274.3,""volume_confirmed"":true},""vwap_distance_atr"":0.0985,""weighted_contributions"":{""setup_integrity"":16.2,""instrument_quality"":3,""reward_path_quality"":14,""trigger_confirmation"":14.4,""entry_location_quality"":12.3277,""timing_session_quality"":2.4,""stop_invalidation_quality"":9.8613,""liquidity_slippage_quality"":6,""market_sector_synchronisation"":4.7429},""score_reconciliation_residual"":0},""ofactor_long"":{""weights"":{""trend_quality"":18,""catalyst_context"":4,""momentum_quality"":12,""relative_strength"":10,""liquidity_tradability"":6,""market_regime_support"":8,""sector_industry_support"":14,""money_flow_participation"":18,""institutional_confirmation"":10},""direction"":""LONG"",""penalties"":{},""raw_score"":75.0244,""components"":{""trend_quality"":80.536,""catalyst_context"":50,""momentum_quality"":56.6977,""relative_strength"":66.8732,""liquidity_tradability"":100,""market_regime_support"":66.2531,""sector_industry_support"":91.845,""money_flow_participation"":88.2132,""institutional_confirmation"":50},""final_score"":75.0244,""penalty_total"":0,""classification"":""TIER_B"",""weighted_contributions"":{""trend_quality"":14.4965,""catalyst_context"":2,""momentum_quality"":6.8037,""relative_strength"":6.6873,""liquidity_tradability"":6,""market_regime_support"":5.3002,""sector_industry_support"":12.8583,""money_flow_participation"":15.8784,""institutional_confirmation"":5},""score_reconciliation_residual"":0},""ofactor_short"":{""weights"":{""trend_quality"":18,""catalyst_context"":4,""momentum_quality"":12,""relative_strength"":10,""liquidity_tradability"":6,""market_regime_support"":8,""sector_industry_support"":14,""money_flow_participation"":18,""institutional_confirmation"":10},""direction"":""SHORT"",""penalties"":{""flow_conflict"":7},""raw_score"":36.9756,""components"":{""trend_quality"":19.464,""catalyst_context"":50,""momentum_quality"":43.3023,""relative_strength"":33.1268,""liquidity_tradability"":100,""market_regime_support"":33.7469,""sector_industry_support"":8.1551,""money_flow_participation"":45.1201,""institutional_confirmation"":50},""final_score"":29.9756,""penalty_total"":7,""classification"":""REJECT"",""weighted_contributions"":{""trend_quality"":3.5035,""catalyst_context"":2,""momentum_quality"":5.1963,""relative_strength"":3.3127,""liquidity_tradability"":6,""market_regime_support"":2.6998,""sector_industry_support"":1.1417,""money_flow_participation"":8.1216,""institutional_confirmation"":5},""score_reconciliation_residual"":0}}","FULL","93.6655","LONG","45.0488","{""STOP_TOO_WIDE"":{""rule"":""risk per share / ATR14 <= 2.5; recorded but non-blocking"",""actual"":{""atr14"":9.268571428571429,""risk_atr"":0.7390567200986436,""risk_per_share"":6.85},""fields"":[""structural_stop"",""risk_per_share"",""atr14""],""passed"":true,""blocking"":false,""source_table"":""oiis_live.daily_candidate.evidence""},""NO_VALID_SETUP"":{""rule"":""one canonical setup object must contain recognised structure, volume confirmation and a structural invalidation"",""actual"":{""state"":""TRIGGERED"",""valid"":true,""direction"":""LONG"",""setup_type"":""PULLBACK_CONTINUATION"",""reason_codes"":[],""trigger_price"":281.15,""structural_stop"":274.3,""volume_confirmed"":true},""fields"":[""open"",""high"",""low"",""close"",""sma20"",""sma50"",""prior_high_20"",""prior_low_20"",""volume_ratio_20""],""passed"":true,""blocking"":true,""source_table"":""nse.fact_eod_prices + public.bars_1m + derived rolling features""},""EXCESSIVE_EXTENSION"":{""rule"":""abs(current price - session open) / previous completed daily ATR <= 1.8; VWAP distance retained separately"",""actual"":{""close"":281.15,""level"":""LOW"",""move_atr"":0.6905,""session_open"":274.75,""session_vwap"":282.06286765605375,""vwap_distance_atr"":0.0985,""atr14_previous_completed"":9.268571428571429},""fields"":[""close"",""session_open"",""session_vwap"",""atr14_previous_completed""],""passed"":true,""blocking"":true,""source_table"":""public.bars_1m + nse.fact_eod_prices derived features""},""OFACTOR_BELOW_MINIMUM"":{""rule"":""canonical permission requires selected OFactor >= 74; 54/64/74 remain screening cohorts"",""actual"":{""long"":75.0244,""short"":29.9756,""selected"":75.0244,""screening_level"":""HIGH""},""fields"":[""ofactor_long"",""ofactor_short"",""selected_ofactor""],""passed"":true,""blocking"":true,""source_table"":""oiis_live.daily_candidate.component_scores/evidence""},""XFACTOR_BELOW_MINIMUM"":{""rule"":""XFactor >= 76"",""actual"":{""xfactor"":82.9319},""fields"":[""xfactor_snapshot""],""passed"":true,""blocking"":true,""source_table"":""oiis_live.daily_candidate.component_scores/evidence""},""INSUFFICIENT_LIQUIDITY"":{""rule"":""primary: volume ratio >= 0.75 and turnover percentile >= 0.10; fallback: 90-day volume percentile >= 0.30"",""actual"":{""primary_used"":true,""volume_level"":""HIGH"",""volume_ratio_20"":6.348820793736897,""turnover_percentile"":0.9947368421052631,""volume_percentile_90"":1},""fields"":[""volume"",""volume_average_20"",""turnover_lacs"",""volume_percentile_90""],""passed"":true,""blocking"":true,""source_table"":""nse.fact_eod_prices""},""REWARD_RISK_BELOW_MINIMUM"":{""rule"":""when estimable, reward/risk >= 1.5"",""actual"":{""reward_risk"":3.4818},""fields"":[""reward_risk""],""passed"":true,""blocking"":true,""source_table"":""oiis_live.daily_candidate.evidence""},""DATA_QUALITY_BELOW_MINIMUM"":{""rule"":""data quality >= 85 and permission FULL"",""actual"":{""score"":93.6655,""permission"":""FULL""},""fields"":[""data_quality"",""data_permission""],""passed"":true,""blocking"":true,""source_table"":""oiis_live.daily_candidate""},""REWARD_RISK_NOT_CALCULATED"":{""rule"":""reward/risk is calculated only from a valid setup stop and a real opposing barrier"",""actual"":{""reward_risk"":3.4818,""risk_per_share"":6.85,""structural_stop"":274.3},""fields"":[""setup_evaluation"",""structural_stop"",""opposing_barrier""],""passed"":true,""blocking"":true,""source_table"":""oiis_live.daily_candidate.evidence""},""DIRECTIONAL_EDGE_BELOW_MINIMUM"":{""rule"":""abs(long OFactor - short OFactor) >= 6; LOW 6, MEDIUM 7, HIGH 8"",""actual"":{""edge"":45.0488,""level"":""HIGH"",""absolute_edge"":45.0488},""fields"":[""ofactor_long"",""ofactor_short"",""directional_edge""],""passed"":true,""blocking"":true,""source_table"":""oiis_live.daily_candidate""}}","283.96150000","75.0244","251.6218","[]","281.15000000","54.68735156","58820cae-e752-4004-8417-d1325921c55a","Consumer Services","6.34882079","-67.65957447","82.9319","OPEN_PROFIT","1","0.00000000","139","SIMULATED","1174.8","200000","1174.7999999999838","34.79999999998836","199965.2","-1317.2000000000162","-3239.5999915022803","-3239.5999915022803","3204.0000069775997","3204.0000069775997","712","2026-08-25T00:00:00.000Z","1825","512551.25000000006","3011.25","realised_net_pnl is NET; open_unrealised_gross_pnl and counterfactual paths are GROSS","OPEN","285.35000000","3011.2499999999586","DEVELOPING_INCLUSIVE","3011.2499999999586","DEVELOPING","282.5","2026-08-22T17:53:06.169Z","SMARTAPI_QUOTE_CACHE","3011.2499999999586","0.5875022253872153","298","true","279","2026-08-20T10:00:00.000Z","BARS_1M_ENTRY_SESSION_CLOSE","-3376.2500000000414","-0.6587146163432478","-3923.7500000000623","3102.499999999979","282.55","278.7","280.85","1825","282.50000000","2026-08-22T01:25:00.000Z","2026-08-22T00:00:00.000Z","","","OPEN","1","276.30000000","-0.0162008189","-1.62008189","-1.62008189","false","{""run_id"":null,""run_slot"":null,""policy_id"":""OIIS_DAILY_SELECTION_INTRADAY_ENTRY_V1.0"",""entry_rule"":""RSI_WILLR"",""fno_lot_size"":1825,""quality_score"":null,""sizing_policy"":""ONE_CURRENT_FNO_LOT"",""source_bar_id"":""NSE:27066:2026-08-20T04:22:00+00:00:ws"",""entry_evidence"":{},""operator_override"":false,""quality_threshold"":null,""one_entry_per_symbol_trade_date"":false,""one_entry_per_symbol_trade_date_per_method"":true}","0.0160227880","1.6022788","1.6022788","ACTIVE","OPEN_ACTUAL","3011.25","2026-08-20T05:03:00.000Z","1825.00000000","510361.25000000","ENTRY_NOTIONAL","100","GOOD_LOW","69.53","true","0","0","0.00000000","1825.00000000","","","","","","","3","BUY","1825.00000000","277.5623287671233","true","2026-08-21T04:45:00.000Z","6000","277.5623287671233","-6000.000000000037","EXITED_AT_FIRST_BREACH","OIIS_LIVE","3.9","SWIGGY","OBSERVED","0360a59c-de22-40d5-912e-94c09e2f5d30","aa028630-2025-425c-8396-8462e61f9256","","3011.25000000"
"1600000.00000000","{}","-2205","-6.3","-2205","-0.293665221647322","{""reward"":7.03,""risk"":26.47,""speed"":0}","33","DEVELOPING","EQUITY","2145.30000000","919","BOOKED","-40.127388411991554","HYPOTHETICAL","2139","2026-08-22T17:53:06.169Z","0","","false","0","-0.00293665221647322053","750855.0000000001","RSI_WILLR","59.05714286","2026-08-20T04:00:03.348Z","2146.10000000","{""xfactor"":{""score"":79.2988,""weights"":{""setup_integrity"":18,""instrument_quality"":3,""reward_path_quality"":14,""trigger_confirmation"":16,""entry_location_quality"":20,""timing_session_quality"":3,""stop_invalidation_quality"":14,""liquidity_slippage_quality"":6,""market_sector_synchronisation"":6},""decision"":""ENTERABLE_TIER_B"",""move_atr"":0.1727,""setup_id"":""BREAKOUT_ACCEPTANCE"",""penalties"":{},""raw_score"":79.2988,""components"":{""setup_integrity"":90,""instrument_quality"":100,""reward_path_quality"":50,""trigger_confirmation"":90,""entry_location_quality"":90.4048,""timing_session_quality"":80,""stop_invalidation_quality"":83.6768,""liquidity_slippage_quality"":38.9474,""market_sector_synchronisation"":69.4367},""hard_gates"":[""REWARD_RISK_NOT_CALCULATED""],""final_score"":79.2988,""reward_risk"":null,""setup_state"":""TRIGGERED"",""setup_valid"":true,""extension_atr"":0.1727,""penalty_total"":0,""risk_per_share"":24.1,""structural_stop"":2122,""setup_evaluation"":{""state"":""TRIGGERED"",""valid"":true,""direction"":""LONG"",""setup_type"":""BREAKOUT_ACCEPTANCE"",""reason_codes"":[],""trigger_price"":2146.1,""structural_stop"":2122,""volume_confirmed"":true},""vwap_distance_atr"":0.0558,""weighted_contributions"":{""setup_integrity"":16.2,""instrument_quality"":3,""reward_path_quality"":7,""trigger_confirmation"":14.4,""entry_location_quality"":18.081,""timing_session_quality"":2.4,""stop_invalidation_quality"":11.7148,""liquidity_slippage_quality"":2.3368,""market_sector_synchronisation"":4.1662},""score_reconciliation_residual"":0},""ofactor_long"":{""weights"":{""trend_quality"":18,""catalyst_context"":4,""momentum_quality"":12,""relative_strength"":10,""liquidity_tradability"":6,""market_regime_support"":8,""sector_industry_support"":14,""money_flow_participation"":18,""institutional_confirmation"":10},""direction"":""LONG"",""penalties"":{},""raw_score"":80.48,""components"":{""trend_quality"":98.3633,""catalyst_context"":50,""momentum_quality"":91.5109,""relative_strength"":100,""liquidity_tradability"":38.9474,""market_regime_support"":65.6319,""sector_industry_support"":73.2415,""money_flow_participation"":94.1781,""institutional_confirmation"":50},""final_score"":80.48,""penalty_total"":0,""classification"":""TIER_B"",""weighted_contributions"":{""trend_quality"":17.7054,""catalyst_context"":2,""momentum_quality"":10.9813,""relative_strength"":10,""liquidity_tradability"":2.3368,""market_regime_support"":5.2506,""sector_industry_support"":10.2538,""money_flow_participation"":16.9521,""institutional_confirmation"":5},""score_reconciliation_residual"":0},""ofactor_short"":{""weights"":{""trend_quality"":18,""catalyst_context"":4,""momentum_quality"":12,""relative_strength"":10,""liquidity_tradability"":6,""market_regime_support"":8,""sector_industry_support"":14,""money_flow_participation"":18,""institutional_confirmation"":10},""direction"":""SHORT"",""penalties"":{""flow_conflict"":7},""raw_score"":24.1937,""components"":{""trend_quality"":1.6367,""catalyst_context"":50,""momentum_quality"":8.4892,""relative_strength"":0,""liquidity_tradability"":38.9474,""market_regime_support"":34.3681,""sector_industry_support"":26.7584,""money_flow_participation"":39.1553,""institutional_confirmation"":50},""final_score"":17.1937,""penalty_total"":7,""classification"":""REJECT"",""weighted_contributions"":{""trend_quality"":0.2946,""catalyst_context"":2,""momentum_quality"":1.0187,""relative_strength"":0,""liquidity_tradability"":2.3368,""market_regime_support"":2.7494,""sector_industry_support"":3.7462,""money_flow_participation"":7.0479,""institutional_confirmation"":5},""score_reconciliation_residual"":0}}","FULL","93.6655","LONG","63.2863","{""STOP_TOO_WIDE"":{""rule"":""risk per share / ATR14 <= 2.5; recorded but non-blocking"",""actual"":{""atr14"":59.057142857142885,""risk_atr"":0.408079342041606,""risk_per_share"":24.1},""fields"":[""structural_stop"",""risk_per_share"",""atr14""],""passed"":true,""blocking"":false,""source_table"":""oiis_live.daily_candidate.evidence""},""NO_VALID_SETUP"":{""rule"":""one canonical setup object must contain recognised structure, volume confirmation and a structural invalidation"",""actual"":{""state"":""TRIGGERED"",""valid"":true,""direction"":""LONG"",""setup_type"":""BREAKOUT_ACCEPTANCE"",""reason_codes"":[],""trigger_price"":2146.1,""structural_stop"":2122,""volume_confirmed"":true},""fields"":[""open"",""high"",""low"",""close"",""sma20"",""sma50"",""prior_high_20"",""prior_low_20"",""volume_ratio_20""],""passed"":true,""blocking"":true,""source_table"":""nse.fact_eod_prices + public.bars_1m + derived rolling features""},""EXCESSIVE_EXTENSION"":{""rule"":""abs(current price - session open) / previous completed daily ATR <= 1.8; VWAP distance retained separately"",""actual"":{""close"":2146.1,""level"":""LOW"",""move_atr"":0.1727,""session_open"":2135.9,""session_vwap"":2142.8066269545793,""vwap_distance_atr"":0.0558,""atr14_previous_completed"":59.057142857142885},""fields"":[""close"",""session_open"",""session_vwap"",""atr14_previous_completed""],""passed"":true,""blocking"":true,""source_table"":""public.bars_1m + nse.fact_eod_prices derived features""},""OFACTOR_BELOW_MINIMUM"":{""rule"":""canonical permission requires selected OFactor >= 74; 54/64/74 remain screening cohorts"",""actual"":{""long"":80.48,""short"":17.1937,""selected"":80.48,""screening_level"":""HIGH""},""fields"":[""ofactor_long"",""ofactor_short"",""selected_ofactor""],""passed"":true,""blocking"":true,""source_table"":""oiis_live.daily_candidate.component_scores/evidence""},""XFACTOR_BELOW_MINIMUM"":{""rule"":""XFactor >= 76"",""actual"":{""xfactor"":79.2988},""fields"":[""xfactor_snapshot""],""passed"":true,""blocking"":true,""source_table"":""oiis_live.daily_candidate.component_scores/evidence""},""INSUFFICIENT_LIQUIDITY"":{""rule"":""primary: volume ratio >= 0.75 and turnover percentile >= 0.10; fallback: 90-day volume percentile >= 0.30"",""actual"":{""primary_used"":true,""volume_level"":""HIGH"",""volume_ratio_20"":6.733939204011282,""turnover_percentile"":0.34210526315789475,""volume_percentile_90"":1},""fields"":[""volume"",""volume_average_20"",""turnover_lacs"",""volume_percentile_90""],""passed"":true,""blocking"":true,""source_table"":""nse.fact_eod_prices""},""REWARD_RISK_BELOW_MINIMUM"":{""rule"":""when estimable, reward/risk >= 1.5"",""actual"":{""reward_risk"":null},""fields"":[""reward_risk""],""passed"":true,""blocking"":true,""source_table"":""oiis_live.daily_candidate.evidence""},""DATA_QUALITY_BELOW_MINIMUM"":{""rule"":""data quality >= 85 and permission FULL"",""actual"":{""score"":93.6655,""permission"":""FULL""},""fields"":[""data_quality"",""data_permission""],""passed"":true,""blocking"":true,""source_table"":""oiis_live.daily_candidate""},""REWARD_RISK_NOT_CALCULATED"":{""rule"":""reward/risk is calculated only from a valid setup stop and a real opposing barrier"",""actual"":{""reward_risk"":null,""risk_per_share"":24.1,""structural_stop"":2122},""fields"":[""setup_evaluation"",""structural_stop"",""opposing_barrier""],""passed"":false,""blocking"":true,""source_table"":""oiis_live.daily_candidate.evidence""},""DIRECTIONAL_EDGE_BELOW_MINIMUM"":{""rule"":""abs(long OFactor - short OFactor) >= 6; LOW 6, MEDIUM 7, HIGH 8"",""actual"":{""edge"":63.2863,""level"":""HIGH"",""absolute_edge"":63.2863},""fields"":[""ofactor_long"",""ofactor_short"",""directional_edge""],""passed"":true,""blocking"":true,""source_table"":""oiis_live.daily_candidate""}}","2167.56100000","80.4800","253.4443","[""REWARD_RISK_NOT_CALCULATED""]","2146.10000000","77.62495863","5bfd10d3-8d27-48bc-b157-0f9630c8f728","Capital Goods","6.73393920","-1.06286061","79.2988","OPEN_LOSS","1","0.00000000","","SIMULATED","-585.9","200000","-585.9000000000169","487.0999999999767","199512.90000000002","-492.9000000000169","-1767.0000046555804","-1767.0000046555804","1460.1000044770203","1460.1000044770203","93","2026-08-25T00:00:00.000Z","350","750855.0000000001","-2205","realised_net_pnl is NET; open_unrealised_gross_pnl and counterfactual paths are GROSS","OPEN","2161.00000000","-2205.0000000000637","DEVELOPING_INCLUSIVE","-2205.0000000000637","DEVELOPING","2139","2026-08-22T17:53:06.169Z","SMARTAPI_QUOTE_CACHE","-2205.0000000000637","-0.29366522164733233","337","true","2140","2026-08-20T10:00:00.000Z","BARS_1M_ENTRY_SESSION_CLOSE","-1855.0000000000637","-0.24705169440172314","-5355.000000000064","1644.9999999999363","2150","2130","2145.3","350","2139.00000000","2026-08-22T01:25:00.000Z","2026-08-22T00:00:00.000Z","","","OPEN","1","2126.30000000","-0.0088565702","-0.88565702","-0.88565702","false","{""run_id"":null,""run_slot"":null,""policy_id"":""OIIS_DAILY_SELECTION_INTRADAY_ENTRY_V1.0"",""entry_rule"":""RSI_WILLR"",""fno_lot_size"":350,""quality_score"":null,""sizing_policy"":""ONE_CURRENT_FNO_LOT"",""source_bar_id"":""NSE:25780:2026-08-20T04:22:00+00:00:ws"",""entry_evidence"":{},""operator_override"":false,""quality_threshold"":null,""one_entry_per_symbol_trade_date"":false,""one_entry_per_symbol_trade_date_per_method"":true}","0.0073183238","0.7318323800000001","0.7318323800000001","ACTIVE","OPEN_ACTUAL","-2205","2026-08-20T04:24:00.000Z","350.00000000","749560.00000000","ENTRY_NOTIONAL","100","WEAK","60.45","true","0","0","0.00000000","350.00000000","","","","","","","3","BUY","350.00000000","2128.157142857143","true","2026-08-21T03:54:00.000Z","6000","2128.157142857143","-6000.000000000068","EXITED_AT_FIRST_BREACH","OIIS_LIVE","3.9","APLAPOLLO","OBSERVED","ccda56c8-6eac-4878-9f3b-be855d77deda","cf22a2c6-03e4-478d-8e88-708adbe17b1a","","-2205.00000000"
"1600000.00000000","{}","12635","6.65","12635","2.322332809498865","{""reward"":24.81,""risk"":34,""speed"":17.49}","76","DEVELOPING","EQUITY","286.35000000","1161","BOOKED","89.86486499189007","HYPOTHETICAL","293","2026-08-22T17:53:06.169Z","0","","false","0","0.02322332809498865025","544065","RSI_WILLR","6.20357143","2026-08-19T06:30:10.937Z","289.50000000","{""xfactor"":{""score"":77.7411,""weights"":{""setup_integrity"":18,""instrument_quality"":3,""reward_path_quality"":14,""trigger_confirmation"":16,""entry_location_quality"":20,""timing_session_quality"":3,""stop_invalidation_quality"":14,""liquidity_slippage_quality"":6,""market_sector_synchronisation"":6},""decision"":""DATA_INSUFFICIENT"",""move_atr"":0.5239,""setup_id"":""BREAKOUT_ACCEPTANCE"",""penalties"":{},""raw_score"":77.7411,""components"":{""setup_integrity"":90,""instrument_quality"":100,""reward_path_quality"":50,""trigger_confirmation"":90,""entry_location_quality"":70.8949,""timing_session_quality"":80,""stop_invalidation_quality"":86.4594,""liquidity_slippage_quality"":99.2982,""market_sector_synchronisation"":41.6656},""hard_gates"":[""STALE_OR_INSUFFICIENT_MARKET_DATA"",""OFACTOR_BELOW_MINIMUM"",""REWARD_RISK_NOT_CALCULATED""],""final_score"":77.7411,""reward_risk"":null,""setup_state"":""TRIGGERED"",""setup_valid"":true,""extension_atr"":0.5239,""penalty_total"":0,""risk_per_share"":2.1,""structural_stop"":287.4,""setup_evaluation"":{""state"":""TRIGGERED"",""valid"":true,""direction"":""LONG"",""setup_type"":""BREAKOUT_ACCEPTANCE"",""reason_codes"":[],""trigger_price"":289.5,""structural_stop"":287.4,""volume_confirmed"":true},""vwap_distance_atr"":0.0889,""weighted_contributions"":{""setup_integrity"":16.2,""instrument_quality"":3,""reward_path_quality"":7,""trigger_confirmation"":14.4,""entry_location_quality"":14.179,""timing_session_quality"":2.4,""stop_invalidation_quality"":12.1043,""liquidity_slippage_quality"":5.9579,""market_sector_synchronisation"":2.4999},""score_reconciliation_residual"":0},""ofactor_long"":{""weights"":{""trend_quality"":18,""catalyst_context"":4,""momentum_quality"":12,""relative_strength"":10,""liquidity_tradability"":6,""market_regime_support"":8,""sector_industry_support"":14,""money_flow_participation"":18,""institutional_confirmation"":10},""direction"":""LONG"",""penalties"":{},""raw_score"":69.0041,""components"":{""trend_quality"":76.1287,""catalyst_context"":50,""momentum_quality"":77.1021,""relative_strength"":83.6105,""liquidity_tradability"":99.2982,""market_regime_support"":53.3465,""sector_industry_support"":29.9847,""money_flow_participation"":90.3562,""institutional_confirmation"":50},""final_score"":69.0041,""penalty_total"":0,""classification"":""WATCHLIST"",""weighted_contributions"":{""trend_quality"":13.7032,""catalyst_context"":2,""momentum_quality"":9.2522,""relative_strength"":8.3611,""liquidity_tradability"":5.9579,""market_regime_support"":4.2677,""sector_industry_support"":4.1979,""money_flow_participation"":16.2641,""institutional_confirmation"":5},""score_reconciliation_residual"":0},""ofactor_short"":{""weights"":{""trend_quality"":18,""catalyst_context"":4,""momentum_quality"":12,""relative_strength"":10,""liquidity_tradability"":6,""market_regime_support"":8,""sector_industry_support"":14,""money_flow_participation"":18,""institutional_confirmation"":10},""direction"":""SHORT"",""penalties"":{},""raw_score"":42.7716,""components"":{""trend_quality"":23.8713,""catalyst_context"":50,""momentum_quality"":22.898,""relative_strength"":16.3895,""liquidity_tradability"":99.2982,""market_regime_support"":46.6535,""sector_industry_support"":70.0153,""money_flow_participation"":42.1986,""institutional_confirmation"":50},""final_score"":42.7716,""penalty_total"":0,""classification"":""REJECT"",""weighted_contributions"":{""trend_quality"":4.2968,""catalyst_context"":2,""momentum_quality"":2.7478,""relative_strength"":1.6389,""liquidity_tradability"":5.9579,""market_regime_support"":3.7323,""sector_industry_support"":9.8021,""money_flow_participation"":7.5957,""institutional_confirmation"":5},""score_reconciliation_residual"":0}}","DATA_INSUFFICIENT","49.0000","LONG","26.2325","{""STOP_TOO_WIDE"":{""rule"":""risk per share / ATR14 <= 2.5; recorded but non-blocking"",""actual"":{""atr14"":6.203571428571438,""risk_atr"":0.3385146804835919,""risk_per_share"":2.1},""fields"":[""structural_stop"",""risk_per_share"",""atr14""],""passed"":true,""blocking"":false,""source_table"":""oiis_live.daily_candidate.evidence""},""NO_VALID_SETUP"":{""rule"":""one canonical setup object must contain recognised structure, volume confirmation and a structural invalidation"",""actual"":{""state"":""TRIGGERED"",""valid"":true,""direction"":""LONG"",""setup_type"":""BREAKOUT_ACCEPTANCE"",""reason_codes"":[],""trigger_price"":289.5,""structural_stop"":287.4,""volume_confirmed"":true},""fields"":[""open"",""high"",""low"",""close"",""sma20"",""sma50"",""prior_high_20"",""prior_low_20"",""volume_ratio_20""],""passed"":true,""blocking"":true,""source_table"":""nse.fact_eod_prices + public.bars_1m + derived rolling features""},""EXCESSIVE_EXTENSION"":{""rule"":""abs(current price - session open) / previous completed daily ATR <= 1.8; VWAP distance retained separately"",""actual"":{""close"":289.5,""level"":""LOW"",""move_atr"":0.5239,""session_open"":286.25,""session_vwap"":290.05158603472756,""vwap_distance_atr"":0.0889,""atr14_previous_completed"":6.203571428571438},""fields"":[""close"",""session_open"",""session_vwap"",""atr14_previous_completed""],""passed"":true,""blocking"":true,""source_table"":""public.bars_1m + nse.fact_eod_prices derived features""},""OFACTOR_BELOW_MINIMUM"":{""rule"":""canonical permission requires selected OFactor >= 74; 54/64/74 remain screening cohorts"",""actual"":{""long"":69.0041,""short"":42.7716,""selected"":69.0041,""screening_level"":""MEDIUM""},""fields"":[""ofactor_long"",""ofactor_short"",""selected_ofactor""],""passed"":false,""blocking"":true,""source_table"":""oiis_live.daily_candidate.component_scores/evidence""},""XFACTOR_BELOW_MINIMUM"":{""rule"":""XFactor >= 76"",""actual"":{""xfactor"":77.7411},""fields"":[""xfactor_snapshot""],""passed"":true,""blocking"":true,""source_table"":""oiis_live.daily_candidate.component_scores/evidence""},""INSUFFICIENT_LIQUIDITY"":{""rule"":""primary: volume ratio >= 0.75 and turnover percentile >= 0.10; fallback: 90-day volume percentile >= 0.30"",""actual"":{""primary_used"":true,""volume_level"":""HIGH"",""volume_ratio_20"":1.9824821009914106,""turnover_percentile"":0.7947368421052632,""volume_percentile_90"":0.8571428571428571},""fields"":[""volume"",""volume_average_20"",""turnover_lacs"",""volume_percentile_90""],""passed"":false,""blocking"":true,""source_table"":""nse.fact_eod_prices""},""REWARD_RISK_BELOW_MINIMUM"":{""rule"":""when estimable, reward/risk >= 1.5"",""actual"":{""reward_risk"":null},""fields"":[""reward_risk""],""passed"":true,""blocking"":true,""source_table"":""oiis_live.daily_candidate.evidence""},""DATA_QUALITY_BELOW_MINIMUM"":{""rule"":""data quality >= 85 and permission FULL"",""actual"":{""score"":49,""permission"":""DATA_INSUFFICIENT""},""fields"":[""data_quality"",""data_permission""],""passed"":false,""blocking"":true,""source_table"":""oiis_live.daily_candidate""},""REWARD_RISK_NOT_CALCULATED"":{""rule"":""reward/risk is calculated only from a valid setup stop and a real opposing barrier"",""actual"":{""reward_risk"":null,""risk_per_share"":2.1,""structural_stop"":287.4},""fields"":[""setup_evaluation"",""structural_stop"",""opposing_barrier""],""passed"":false,""blocking"":true,""source_table"":""oiis_live.daily_candidate.evidence""},""DIRECTIONAL_EDGE_BELOW_MINIMUM"":{""rule"":""abs(long OFactor - short OFactor) >= 6; LOW 6, MEDIUM 7, HIGH 8"",""actual"":{""edge"":26.2325,""level"":""HIGH"",""absolute_edge"":26.2325},""fields"":[""ofactor_long"",""ofactor_short"",""directional_edge""],""passed"":true,""blocking"":true,""source_table"":""oiis_live.daily_candidate""}}","292.39500000","69.0041","195.7452","[""OFACTOR_BELOW_MINIMUM"",""INSUFFICIENT_LIQUIDITY"",""REWARD_RISK_NOT_CALCULATED"",""DATA_QUALITY_BELOW_MINIMUM""]","289.50000000","62.73423104","406d4405-c773-481a-aa51-e88fed054de5","Oil Gas & Consumable Fuels","1.98248210","-5.71428571","77.7411","OPEN_PROFIT","1","0.00000000","11","SIMULATED","4641.7","200000","4641.699999999984","127.69999999998254","199872.30000000002","1256.3999999999683","0","0","5165.19999269892","5165.19999269892","698","2026-08-25T00:00:00.000Z","1900","544065","12635","realised_net_pnl is NET; open_unrealised_gross_pnl and counterfactual paths are GROSS","OPEN","293.75000000","12634.999999999956","DEVELOPING_INCLUSIVE","12634.999999999956","DEVELOPING","293","2026-08-22T17:53:06.169Z","SMARTAPI_QUOTE_CACHE","12634.999999999956","2.3223328094988505","39","true","288.15","2026-08-19T10:00:00.000Z","BARS_1M_ENTRY_SESSION_CLOSE","3419.9999999999136","0.6286013619696051","0","3609.999999999957","288.25","286.35","286.35","1900","293.00000000","2026-08-22T01:25:00.000Z","2026-08-22T00:00:00.000Z","","","OPEN","1","286.35000000","0.0000000000","0","0","false","{""run_id"":null,""run_slot"":null,""policy_id"":""OIIS_DAILY_SELECTION_INTRADAY_ENTRY_V1.0"",""entry_rule"":""RSI_WILLR"",""fno_lot_size"":1900,""quality_score"":null,""sizing_policy"":""ONE_CURRENT_FNO_LOT"",""source_bar_id"":""NSE:11351:2026-08-19T06:30:00+00:00:ws"",""entry_evidence"":{},""operator_override"":true,""quality_threshold"":null,""one_entry_per_symbol_trade_date"":false,""one_entry_per_symbol_trade_date_per_method"":true}","0.0258425004","2.58425004","2.58425004","ACTIVE","OPEN_ACTUAL","12635","2026-08-19T06:44:00.000Z","1900.00000000","547770.00000000","ENTRY_NOTIONAL","100","BAD_RISK","79.94","true","0","0","0.00000000","1900.00000000","","","","","","","4","BUY","1900.00000000","","false","","6000","283.1921052631579","12634.999999999956","NO_BREACH_MARKED_CURRENT","OIIS_LIVE","3.9","PETRONET","OBSERVED","87112a80-4e69-4fa4-92cb-ea6056e0ab50","039f3d30-a9fa-49c5-aa8e-6517b91f91a0","","12635.00000000"
"1600000.00000000","{}","-11775","-78.5","-11775","-1.6637348197443995","{""reward"":5.23,""risk"":15.39,""speed"":14.4}","35","BAD","EQUITY","4718.30000000","1394","BOOKED","-305.4474681913421","HYPOTHETICAL","4639.8","2026-08-22T17:53:06.169Z","0","","false","0","-0.01663734819744399466","707745","RSI_WILLR","109.84285714","2026-08-18T08:30:13.541Z","4709.00000000","{""xfactor"":{""score"":80.9673,""weights"":{""setup_integrity"":18,""instrument_quality"":3,""reward_path_quality"":14,""trigger_confirmation"":16,""entry_location_quality"":20,""timing_session_quality"":3,""stop_invalidation_quality"":14,""liquidity_slippage_quality"":6,""market_sector_synchronisation"":6},""decision"":""DATA_INSUFFICIENT"",""move_atr"":0.285,""setup_id"":""BREAKOUT_ACCEPTANCE"",""penalties"":{},""raw_score"":80.9673,""components"":{""setup_integrity"":90,""instrument_quality"":100,""reward_path_quality"":50,""trigger_confirmation"":90,""entry_location_quality"":84.1693,""timing_session_quality"":80,""stop_invalidation_quality"":94.3192,""liquidity_slippage_quality"":86.6667,""market_sector_synchronisation"":45.4788},""hard_gates"":[""STALE_OR_INSUFFICIENT_MARKET_DATA"",""REWARD_RISK_NOT_CALCULATED""],""final_score"":80.9673,""reward_risk"":null,""setup_state"":""TRIGGERED"",""setup_valid"":true,""extension_atr"":0.285,""penalty_total"":0,""risk_per_share"":15.6,""structural_stop"":4693.4,""setup_evaluation"":{""state"":""TRIGGERED"",""valid"":true,""direction"":""LONG"",""setup_type"":""BREAKOUT_ACCEPTANCE"",""reason_codes"":[],""trigger_price"":4709,""structural_stop"":4693.4,""volume_confirmed"":true},""vwap_distance_atr"":0.3487,""weighted_contributions"":{""setup_integrity"":16.2,""instrument_quality"":3,""reward_path_quality"":7,""trigger_confirmation"":14.4,""entry_location_quality"":16.8339,""timing_session_quality"":2.4,""stop_invalidation_quality"":13.2047,""liquidity_slippage_quality"":5.2,""market_sector_synchronisation"":2.7287},""score_reconciliation_residual"":0},""ofactor_long"":{""weights"":{""trend_quality"":18,""catalyst_context"":4,""momentum_quality"":12,""relative_strength"":10,""liquidity_tradability"":6,""market_regime_support"":8,""sector_industry_support"":14,""money_flow_participation"":18,""institutional_confirmation"":10},""direction"":""LONG"",""penalties"":{},""raw_score"":76.0768,""components"":{""trend_quality"":100,""catalyst_context"":50,""momentum_quality"":90.0349,""relative_strength"":100,""liquidity_tradability"":86.6667,""market_regime_support"":60.7606,""sector_industry_support"":30.1971,""money_flow_participation"":88.8009,""institutional_confirmation"":50},""final_score"":76.0768,""penalty_total"":0,""classification"":""TIER_B"",""weighted_contributions"":{""trend_quality"":18,""catalyst_context"":2,""momentum_quality"":10.8042,""relative_strength"":10,""liquidity_tradability"":5.2,""market_regime_support"":4.8608,""sector_industry_support"":4.2276,""money_flow_participation"":15.9842,""institutional_confirmation"":5},""score_reconciliation_residual"":0},""ofactor_short"":{""weights"":{""trend_quality"":18,""catalyst_context"":4,""momentum_quality"":12,""relative_strength"":10,""liquidity_tradability"":6,""market_regime_support"":8,""sector_industry_support"":14,""money_flow_participation"":18,""institutional_confirmation"":10},""direction"":""SHORT"",""penalties"":{""flow_conflict"":7},""raw_score"":34.3232,""components"":{""trend_quality"":0,""catalyst_context"":50,""momentum_quality"":9.9651,""relative_strength"":0,""liquidity_tradability"":86.6667,""market_regime_support"":39.2394,""sector_industry_support"":69.8029,""money_flow_participation"":44.5325,""institutional_confirmation"":50},""final_score"":27.3232,""penalty_total"":7,""classification"":""REJECT"",""weighted_contributions"":{""trend_quality"":0,""catalyst_context"":2,""momentum_quality"":1.1958,""relative_strength"":0,""liquidity_tradability"":5.2,""market_regime_support"":3.1392,""sector_industry_support"":9.7724,""money_flow_participation"":8.0158,""institutional_confirmation"":5},""score_reconciliation_residual"":0}}","DATA_INSUFFICIENT","49.0000","LONG","48.7536","{""STOP_TOO_WIDE"":{""rule"":""risk per share / ATR14 <= 2.5; recorded but non-blocking"",""actual"":{""atr14"":109.84285714285708,""risk_atr"":0.14202106905969575,""risk_per_share"":15.6},""fields"":[""structural_stop"",""risk_per_share"",""atr14""],""passed"":true,""blocking"":false,""source_table"":""oiis_live.daily_candidate.evidence""},""NO_VALID_SETUP"":{""rule"":""one canonical setup object must contain recognised structure, volume confirmation and a structural invalidation"",""actual"":{""state"":""TRIGGERED"",""valid"":true,""direction"":""LONG"",""setup_type"":""BREAKOUT_ACCEPTANCE"",""reason_codes"":[],""trigger_price"":4709,""structural_stop"":4693.4,""volume_confirmed"":true},""fields"":[""open"",""high"",""low"",""close"",""sma20"",""sma50"",""prior_high_20"",""prior_low_20"",""volume_ratio_20""],""passed"":true,""blocking"":true,""source_table"":""nse.fact_eod_prices + public.bars_1m + derived rolling features""},""EXCESSIVE_EXTENSION"":{""rule"":""abs(current price - session open) / previous completed daily ATR <= 1.8; VWAP distance retained separately"",""actual"":{""close"":4709,""level"":""LOW"",""move_atr"":0.285,""session_open"":4677.7,""session_vwap"":4670.701709482433,""vwap_distance_atr"":0.3487,""atr14_previous_completed"":109.84285714285708},""fields"":[""close"",""session_open"",""session_vwap"",""atr14_previous_completed""],""passed"":true,""blocking"":true,""source_table"":""public.bars_1m + nse.fact_eod_prices derived features""},""OFACTOR_BELOW_MINIMUM"":{""rule"":""canonical permission requires selected OFactor >= 74; 54/64/74 remain screening cohorts"",""actual"":{""long"":76.0768,""short"":27.3232,""selected"":76.0768,""screening_level"":""HIGH""},""fields"":[""ofactor_long"",""ofactor_short"",""selected_ofactor""],""passed"":true,""blocking"":true,""source_table"":""oiis_live.daily_candidate.component_scores/evidence""},""XFACTOR_BELOW_MINIMUM"":{""rule"":""XFactor >= 76"",""actual"":{""xfactor"":80.9673},""fields"":[""xfactor_snapshot""],""passed"":true,""blocking"":true,""source_table"":""oiis_live.daily_candidate.component_scores/evidence""},""INSUFFICIENT_LIQUIDITY"":{""rule"":""primary: volume ratio >= 0.75 and turnover percentile >= 0.10; fallback: 90-day volume percentile >= 0.30"",""actual"":{""primary_used"":true,""volume_level"":""HIGH"",""volume_ratio_20"":4.945865988477708,""turnover_percentile"":0.7,""volume_percentile_90"":1},""fields"":[""volume"",""volume_average_20"",""turnover_lacs"",""volume_percentile_90""],""passed"":false,""blocking"":true,""source_table"":""nse.fact_eod_prices""},""REWARD_RISK_BELOW_MINIMUM"":{""rule"":""when estimable, reward/risk >= 1.5"",""actual"":{""reward_risk"":null},""fields"":[""reward_risk""],""passed"":true,""blocking"":true,""source_table"":""oiis_live.daily_candidate.evidence""},""DATA_QUALITY_BELOW_MINIMUM"":{""rule"":""data quality >= 85 and permission FULL"",""actual"":{""score"":49,""permission"":""DATA_INSUFFICIENT""},""fields"":[""data_quality"",""data_permission""],""passed"":false,""blocking"":true,""source_table"":""oiis_live.daily_candidate""},""REWARD_RISK_NOT_CALCULATED"":{""rule"":""reward/risk is calculated only from a valid setup stop and a real opposing barrier"",""actual"":{""reward_risk"":null,""risk_per_share"":15.6,""structural_stop"":4693.4},""fields"":[""setup_evaluation"",""structural_stop"",""opposing_barrier""],""passed"":false,""blocking"":true,""source_table"":""oiis_live.daily_candidate.evidence""},""DIRECTIONAL_EDGE_BELOW_MINIMUM"":{""rule"":""abs(long OFactor - short OFactor) >= 6; LOW 6, MEDIUM 7, HIGH 8"",""actual"":{""edge"":48.7536,""level"":""HIGH"",""absolute_edge"":48.7536},""fields"":[""ofactor_long"",""ofactor_short"",""directional_edge""],""passed"":true,""blocking"":true,""source_table"":""oiis_live.daily_candidate""}}","4756.09000000","76.0768","206.0441","[""INSUFFICIENT_LIQUIDITY"",""REWARD_RISK_NOT_CALCULATED"",""DATA_QUALITY_BELOW_MINIMUM""]","4709.00000000","76.71711626","2ee668ac-64d6-4e06-bf21-33d7b74c43b7","Fast Moving Consumer Goods","4.94586599","-2.36537494","80.9673","OPEN_LOSS","1","0.00000000","77","SIMULATED","-3297","200000","-3297","1831.3999999999942","198168.6","","-4338.60000329196","-4338.60000329196","1079.40000927906","1079.40000927906","42","2026-08-25T00:00:00.000Z","150","707745","-11775","realised_net_pnl is NET; open_unrealised_gross_pnl and counterfactual paths are GROSS","OPEN","4744.00000000","-11775","DEVELOPING_INCLUSIVE","-12653.2392","FROZEN_AT_5D","4639.8","2026-08-22T17:53:06.169Z","SMARTAPI_QUOTE_CACHE","-11775","-1.6637348197444002","41","false","","","","","","-2850","584.9999999999454","4722.2","4699.3","4718.3","150","4639.80000000","2026-08-22T01:25:00.000Z","2026-08-22T00:00:00.000Z","","","OPEN","1","4615.00000000","-0.0218934786","-2.18934786","-2.18934786","true","{""run_id"":null,""run_slot"":null,""policy_id"":""OIIS_DAILY_SELECTION_INTRADAY_ENTRY_V1.0"",""entry_rule"":""RSI_WILLR"",""fno_lot_size"":150,""quality_score"":null,""sizing_policy"":""ONE_CURRENT_FNO_LOT"",""source_bar_id"":""NSE:10990:2026-08-18T03:59:00+00:00:ws"",""entry_evidence"":{},""operator_override"":false,""quality_threshold"":null,""one_entry_per_symbol_trade_date"":false,""one_entry_per_symbol_trade_date_per_method"":true}","0.0054468771","0.5446877099999999","0.5446877099999999","FIVE_SESSION_COMPLETE","OPEN_ACTUAL","-11775","2026-08-18T08:46:00.000Z","150.00000000","699000.00000000","ENTRY_NOTIONAL","100","BAD_RISK","53.12","true","0","0","0.00000000","150.00000000","","","","","","","5","BUY","150.00000000","4674.9","true","2026-08-19T05:26:00.000Z","6000","4678.3","-6510.000000000082","EXITED_AT_FIRST_BREACH","OIIS_LIVE","3.9","RADICO","OBSERVED","d9540810-8573-4f64-b1ab-d87d230ad0fc","fc4412a3-ea2d-4bdf-acf2-fc5e658a8aac","","-11775.00000000"
"1600000.00000000","{}","6380","23.2","6380","1.2132622110657882","{""reward"":23.6,""risk"":32.93,""speed"":14.21}","71","GOOD","EQUITY","1912.20000000","1403","BOOKED","49.36170219006538","HYPOTHETICAL","1889","2026-08-22T17:53:06.169Z","0","","false","0","0.01213262211065788097","525855","RSI_WILLR","44.47142857","2026-08-18T08:00:05.443Z","1916.20000000","{""xfactor"":{""score"":70.856,""weights"":{""setup_integrity"":18,""instrument_quality"":3,""reward_path_quality"":14,""trigger_confirmation"":16,""entry_location_quality"":20,""timing_session_quality"":3,""stop_invalidation_quality"":14,""liquidity_slippage_quality"":6,""market_sector_synchronisation"":6},""decision"":""DATA_INSUFFICIENT"",""move_atr"":0.6791,""setup_id"":""BREAKDOWN_ACCEPTANCE"",""penalties"":{},""raw_score"":70.856,""components"":{""setup_integrity"":90,""instrument_quality"":100,""reward_path_quality"":50,""trigger_confirmation"":90,""entry_location_quality"":62.2729,""timing_session_quality"":80,""stop_invalidation_quality"":58.805,""liquidity_slippage_quality"":64.9123,""market_sector_synchronisation"":54.5662},""hard_gates"":[""STALE_OR_INSUFFICIENT_MARKET_DATA"",""REWARD_RISK_NOT_CALCULATED""],""final_score"":70.856,""reward_risk"":null,""setup_state"":""TRIGGERED"",""setup_valid"":true,""extension_atr"":0.6791,""penalty_total"":0,""risk_per_share"":45.8,""structural_stop"":1962,""setup_evaluation"":{""state"":""TRIGGERED"",""valid"":true,""direction"":""SHORT"",""setup_type"":""BREAKDOWN_ACCEPTANCE"",""reason_codes"":[],""trigger_price"":1916.2,""structural_stop"":1962,""volume_confirmed"":true},""vwap_distance_atr"":0.1777,""weighted_contributions"":{""setup_integrity"":16.2,""instrument_quality"":3,""reward_path_quality"":7,""trigger_confirmation"":14.4,""entry_location_quality"":12.4546,""timing_session_quality"":2.4,""stop_invalidation_quality"":8.2327,""liquidity_slippage_quality"":3.8947,""market_sector_synchronisation"":3.274},""score_reconciliation_residual"":0},""ofactor_long"":{""weights"":{""trend_quality"":18,""catalyst_context"":4,""momentum_quality"":12,""relative_strength"":10,""liquidity_tradability"":6,""market_regime_support"":8,""sector_industry_support"":14,""money_flow_participation"":18,""institutional_confirmation"":10},""direction"":""LONG"",""penalties"":{""flow_conflict"":7},""raw_score"":30.3218,""components"":{""trend_quality"":7.704,""catalyst_context"":50,""momentum_quality"":11.2599,""relative_strength"":0,""liquidity_tradability"":64.9123,""market_regime_support"":60.771,""sector_industry_support"":30.0966,""money_flow_participation"":42.2997,""institutional_confirmation"":50},""final_score"":23.3218,""penalty_total"":7,""classification"":""REJECT"",""weighted_contributions"":{""trend_quality"":1.3867,""catalyst_context"":2,""momentum_quality"":1.3512,""relative_strength"":0,""liquidity_tradability"":3.8947,""market_regime_support"":4.8617,""sector_industry_support"":4.2135,""money_flow_participation"":7.6139,""institutional_confirmation"":5},""score_reconciliation_residual"":0},""ofactor_short"":{""weights"":{""trend_quality"":18,""catalyst_context"":4,""momentum_quality"":12,""relative_strength"":10,""liquidity_tradability"":6,""market_regime_support"":8,""sector_industry_support"":14,""money_flow_participation"":18,""institutional_confirmation"":10},""direction"":""SHORT"",""penalties"":{},""raw_score"":77.4677,""components"":{""trend_quality"":92.296,""catalyst_context"":50,""momentum_quality"":88.7401,""relative_strength"":100,""liquidity_tradability"":64.9123,""market_regime_support"":39.229,""sector_industry_support"":69.9034,""money_flow_participation"":91.0336,""institutional_confirmation"":50},""final_score"":77.4677,""penalty_total"":0,""classification"":""TIER_B"",""weighted_contributions"":{""trend_quality"":16.6133,""catalyst_context"":2,""momentum_quality"":10.6488,""relative_strength"":10,""liquidity_tradability"":3.8947,""market_regime_support"":3.1383,""sector_industry_support"":9.7865,""money_flow_participation"":16.3861,""institutional_confirmation"":5},""score_reconciliation_residual"":0}}","DATA_INSUFFICIENT","49.0000","SHORT","-54.1459","{""STOP_TOO_WIDE"":{""rule"":""risk per share / ATR14 <= 2.5; recorded but non-blocking"",""actual"":{""atr14"":44.47142857142858,""risk_atr"":1.029874718920655,""risk_per_share"":45.8},""fields"":[""structural_stop"",""risk_per_share"",""atr14""],""passed"":true,""blocking"":false,""source_table"":""oiis_live.daily_candidate.evidence""},""NO_VALID_SETUP"":{""rule"":""one canonical setup object must contain recognised structure, volume confirmation and a structural invalidation"",""actual"":{""state"":""TRIGGERED"",""valid"":true,""direction"":""SHORT"",""setup_type"":""BREAKDOWN_ACCEPTANCE"",""reason_codes"":[],""trigger_price"":1916.2,""structural_stop"":1962,""volume_confirmed"":true},""fields"":[""open"",""high"",""low"",""close"",""sma20"",""sma50"",""prior_high_20"",""prior_low_20"",""volume_ratio_20""],""passed"":true,""blocking"":true,""source_table"":""nse.fact_eod_prices + public.bars_1m + derived rolling features""},""EXCESSIVE_EXTENSION"":{""rule"":""abs(current price - session open) / previous completed daily ATR <= 1.8; VWAP distance retained separately"",""actual"":{""close"":1916.2,""level"":""LOW"",""move_atr"":0.6791,""session_open"":1946.4,""session_vwap"":1924.102173586847,""vwap_distance_atr"":0.1777,""atr14_previous_completed"":44.47142857142858},""fields"":[""close"",""session_open"",""session_vwap"",""atr14_previous_completed""],""passed"":true,""blocking"":true,""source_table"":""public.bars_1m + nse.fact_eod_prices derived features""},""OFACTOR_BELOW_MINIMUM"":{""rule"":""canonical permission requires selected OFactor >= 74; 54/64/74 remain screening cohorts"",""actual"":{""long"":23.3218,""short"":77.4677,""selected"":77.4677,""screening_level"":""HIGH""},""fields"":[""ofactor_long"",""ofactor_short"",""selected_ofactor""],""passed"":true,""blocking"":true,""source_table"":""oiis_live.daily_candidate.component_scores/evidence""},""XFACTOR_BELOW_MINIMUM"":{""rule"":""XFactor >= 76"",""actual"":{""xfactor"":70.856},""fields"":[""xfactor_snapshot""],""passed"":false,""blocking"":true,""source_table"":""oiis_live.daily_candidate.component_scores/evidence""},""INSUFFICIENT_LIQUIDITY"":{""rule"":""primary: volume ratio >= 0.75 and turnover percentile >= 0.10; fallback: 90-day volume percentile >= 0.30"",""actual"":{""primary_used"":true,""volume_level"":""HIGH"",""volume_ratio_20"":3.14000134616679,""turnover_percentile"":0.5368421052631579,""volume_percentile_90"":1},""fields"":[""volume"",""volume_average_20"",""turnover_lacs"",""volume_percentile_90""],""passed"":false,""blocking"":true,""source_table"":""nse.fact_eod_prices""},""REWARD_RISK_BELOW_MINIMUM"":{""rule"":""when estimable, reward/risk >= 1.5"",""actual"":{""reward_risk"":null},""fields"":[""reward_risk""],""passed"":true,""blocking"":true,""source_table"":""oiis_live.daily_candidate.evidence""},""DATA_QUALITY_BELOW_MINIMUM"":{""rule"":""data quality >= 85 and permission FULL"",""actual"":{""score"":49,""permission"":""DATA_INSUFFICIENT""},""fields"":[""data_quality"",""data_permission""],""passed"":false,""blocking"":true,""source_table"":""oiis_live.daily_candidate""},""REWARD_RISK_NOT_CALCULATED"":{""rule"":""reward/risk is calculated only from a valid setup stop and a real opposing barrier"",""actual"":{""reward_risk"":null,""risk_per_share"":45.8,""structural_stop"":1962},""fields"":[""setup_evaluation"",""structural_stop"",""opposing_barrier""],""passed"":false,""blocking"":true,""source_table"":""oiis_live.daily_candidate.evidence""},""DIRECTIONAL_EDGE_BELOW_MINIMUM"":{""rule"":""abs(long OFactor - short OFactor) >= 6; LOW 6, MEDIUM 7, HIGH 8"",""actual"":{""edge"":-54.1459,""level"":""HIGH"",""absolute_edge"":54.1459},""fields"":[""ofactor_long"",""ofactor_short"",""directional_edge""],""passed"":true,""blocking"":true,""source_table"":""oiis_live.daily_candidate""}}","1935.36200000","77.4677","197.3237","[""INSUFFICIENT_LIQUIDITY"",""REWARD_RISK_NOT_CALCULATED"",""XFACTOR_BELOW_MINIMUM"",""DATA_QUALITY_BELOW_MINIMUM""]","1916.20000000","30.30862583","40195088-1794-44ca-8f9b-ba1a8a622e04","Fast Moving Consumer Goods","3.14000135","-95.04985755","70.8560","OPEN_PROFIT","1","0.00000000","81","SIMULATED","2412.7999999999997","200000","2412.8000000000047","1131.1999999999825","198868.80000000002","956.8000000000047","-249.59999223744","-249.59999223744","4887.99999382032","4887.99999382032","104","2026-08-25T00:00:00.000Z","275","525855","6380","realised_net_pnl is NET; open_unrealised_gross_pnl and counterfactual paths are GROSS","OPEN","1914.60000000","6380.000000000013","DEVELOPING_INCLUSIVE","3713.7894","FROZEN_AT_5D","1889","2026-08-22T17:53:06.169Z","SMARTAPI_QUOTE_CACHE","6380.000000000013","1.213262211065791","55","true","1903","2026-08-18T09:59:00.000Z","BARS_1M_ENTRY_SESSION_CLOSE","2530.0000000000127","0.4811212216295435","-275","2530.0000000000127","1913.2","1903","1912.2","275","1889.00000000","2026-08-22T01:25:00.000Z","2026-08-22T00:00:00.000Z","","","OPEN","1","1865.20000000","-0.0012550988","-0.12550988","-0.12550988","true","{""run_id"":null,""run_slot"":null,""policy_id"":""OIIS_DAILY_SELECTION_INTRADAY_ENTRY_V1.0"",""entry_rule"":""RSI_WILLR"",""fno_lot_size"":275,""quality_score"":null,""sizing_policy"":""ONE_CURRENT_FNO_LOT"",""source_bar_id"":""NSE:15141:2026-08-18T03:59:00+00:00:ws"",""entry_evidence"":{},""operator_override"":true,""quality_threshold"":null,""one_entry_per_symbol_trade_date"":false,""one_entry_per_symbol_trade_date_per_method"":true}","0.0245790189","2.45790189","2.45790189","FIVE_SESSION_COMPLETE","OPEN_ACTUAL","6380","2026-08-18T08:20:00.000Z","275.00000000","526460.00000000","ENTRY_NOTIONAL","100","BAD_RISK","68.37","true","0","0","0.00000000","275.00000000","","","","","","","5","SELL","275.00000000","","false","","6000","1934.0181818181818","6380.000000000013","NO_BREACH_MARKED_CURRENT","OIIS_LIVE","3.9","COLPAL","OBSERVED","7f580b1f-3b77-4910-a89d-212e681735b3","54ec8416-4602-4f8b-8a5d-6a952d85b5d5","","6380.00000000"
"1600000.00000000","{}","5587.5","14.9","5587.5","1.1920953676294102","{""reward"":25.96,""risk"":28.29,""speed"":0}","54","GOOD","EQUITY","1249.90000000","1465","BOOKED","44.082840192786136","HYPOTHETICAL","1235","2026-08-22T17:53:06.169Z","0","","false","0","0.01192095367629410353","468712.50000000006","RSI_WILLR","37.35714286","2026-08-18T06:30:06.942Z","1248.50000000","{""xfactor"":{""score"":80.0942,""weights"":{""setup_integrity"":18,""instrument_quality"":3,""reward_path_quality"":14,""trigger_confirmation"":16,""entry_location_quality"":20,""timing_session_quality"":3,""stop_invalidation_quality"":14,""liquidity_slippage_quality"":6,""market_sector_synchronisation"":6},""decision"":""DATA_INSUFFICIENT"",""move_atr"":0.3614,""setup_id"":""BREAKDOWN_ACCEPTANCE"",""penalties"":{},""raw_score"":80.0942,""components"":{""setup_integrity"":90,""instrument_quality"":100,""reward_path_quality"":50,""trigger_confirmation"":90,""entry_location_quality"":79.9235,""timing_session_quality"":80,""stop_invalidation_quality"":91.8623,""liquidity_slippage_quality"":86.6667,""market_sector_synchronisation"":50.8137},""hard_gates"":[""STALE_OR_INSUFFICIENT_MARKET_DATA"",""REWARD_RISK_NOT_CALCULATED""],""final_score"":80.0942,""reward_risk"":null,""setup_state"":""TRIGGERED"",""setup_valid"":true,""extension_atr"":0.3614,""penalty_total"":0,""risk_per_share"":7.6,""structural_stop"":1256.1,""setup_evaluation"":{""state"":""TRIGGERED"",""valid"":true,""direction"":""SHORT"",""setup_type"":""BREAKDOWN_ACCEPTANCE"",""reason_codes"":[],""trigger_price"":1248.5,""structural_stop"":1256.1,""volume_confirmed"":true},""vwap_distance_atr"":0.2992,""weighted_contributions"":{""setup_integrity"":16.2,""instrument_quality"":3,""reward_path_quality"":7,""trigger_confirmation"":14.4,""entry_location_quality"":15.9847,""timing_session_quality"":2.4,""stop_invalidation_quality"":12.8607,""liquidity_slippage_quality"":5.2,""market_sector_synchronisation"":3.0488},""score_reconciliation_residual"":0},""ofactor_long"":{""weights"":{""trend_quality"":18,""catalyst_context"":4,""momentum_quality"":12,""relative_strength"":10,""liquidity_tradability"":6,""market_regime_support"":8,""sector_industry_support"":14,""money_flow_participation"":18,""institutional_confirmation"":10},""direction"":""LONG"",""penalties"":{""flow_conflict"":7},""raw_score"":35.2366,""components"":{""trend_quality"":18.6995,""catalyst_context"":50,""momentum_quality"":28.3205,""relative_strength"":1.354,""liquidity_tradability"":86.6667,""market_regime_support"":60.5896,""sector_industry_support"":37.783,""money_flow_participation"":33.3333,""institutional_confirmation"":50},""final_score"":28.2366,""penalty_total"":7,""classification"":""REJECT"",""weighted_contributions"":{""trend_quality"":3.3659,""catalyst_context"":2,""momentum_quality"":3.3985,""relative_strength"":0.1354,""liquidity_tradability"":5.2,""market_regime_support"":4.8472,""sector_industry_support"":5.2896,""money_flow_participation"":6,""institutional_confirmation"":5},""score_reconciliation_residual"":0},""ofactor_short"":{""weights"":{""trend_quality"":18,""catalyst_context"":4,""momentum_quality"":12,""relative_strength"":10,""liquidity_tradability"":6,""market_regime_support"":8,""sector_industry_support"":14,""money_flow_participation"":18,""institutional_confirmation"":10},""direction"":""SHORT"",""penalties"":{},""raw_score"":75.1634,""components"":{""trend_quality"":81.3005,""catalyst_context"":50,""momentum_quality"":71.6795,""relative_strength"":98.6459,""liquidity_tradability"":86.6667,""market_regime_support"":39.4104,""sector_industry_support"":62.217,""money_flow_participation"":100,""institutional_confirmation"":50},""final_score"":75.1634,""penalty_total"":0,""classification"":""TIER_B"",""weighted_contributions"":{""trend_quality"":14.6341,""catalyst_context"":2,""momentum_quality"":8.6015,""relative_strength"":9.8646,""liquidity_tradability"":5.2,""market_regime_support"":3.1528,""sector_industry_support"":8.7104,""money_flow_participation"":18,""institutional_confirmation"":5},""score_reconciliation_residual"":0}}","DATA_INSUFFICIENT","49.0000","SHORT","-46.9268","{""STOP_TOO_WIDE"":{""rule"":""risk per share / ATR14 <= 2.5; recorded but non-blocking"",""actual"":{""atr14"":37.357142857142854,""risk_atr"":0.20344168260038242,""risk_per_share"":7.6},""fields"":[""structural_stop"",""risk_per_share"",""atr14""],""passed"":true,""blocking"":false,""source_table"":""oiis_live.daily_candidate.evidence""},""NO_VALID_SETUP"":{""rule"":""one canonical setup object must contain recognised structure, volume confirmation and a structural invalidation"",""actual"":{""state"":""TRIGGERED"",""valid"":true,""direction"":""SHORT"",""setup_type"":""BREAKDOWN_ACCEPTANCE"",""reason_codes"":[],""trigger_price"":1248.5,""structural_stop"":1256.1,""volume_confirmed"":true},""fields"":[""open"",""high"",""low"",""close"",""sma20"",""sma50"",""prior_high_20"",""prior_low_20"",""volume_ratio_20""],""passed"":true,""blocking"":true,""source_table"":""nse.fact_eod_prices + public.bars_1m + derived rolling features""},""EXCESSIVE_EXTENSION"":{""rule"":""abs(current price - session open) / previous completed daily ATR <= 1.8; VWAP distance retained separately"",""actual"":{""close"":1248.5,""level"":""LOW"",""move_atr"":0.3614,""session_open"":1262,""session_vwap"":1259.6765620015494,""vwap_distance_atr"":0.2992,""atr14_previous_completed"":37.357142857142854},""fields"":[""close"",""session_open"",""session_vwap"",""atr14_previous_completed""],""passed"":true,""blocking"":true,""source_table"":""public.bars_1m + nse.fact_eod_prices derived features""},""OFACTOR_BELOW_MINIMUM"":{""rule"":""canonical permission requires selected OFactor >= 74; 54/64/74 remain screening cohorts"",""actual"":{""long"":28.2366,""short"":75.1634,""selected"":75.1634,""screening_level"":""HIGH""},""fields"":[""ofactor_long"",""ofactor_short"",""selected_ofactor""],""passed"":true,""blocking"":true,""source_table"":""oiis_live.daily_candidate.component_scores/evidence""},""XFACTOR_BELOW_MINIMUM"":{""rule"":""XFactor >= 76"",""actual"":{""xfactor"":80.0942},""fields"":[""xfactor_snapshot""],""passed"":true,""blocking"":true,""source_table"":""oiis_live.daily_candidate.component_scores/evidence""},""INSUFFICIENT_LIQUIDITY"":{""rule"":""primary: volume ratio >= 0.75 and turnover percentile >= 0.10; fallback: 90-day volume percentile >= 0.30"",""actual"":{""primary_used"":true,""volume_level"":""HIGH"",""volume_ratio_20"":3.6809394002935627,""turnover_percentile"":0.7,""volume_percentile_90"":1},""fields"":[""volume"",""volume_average_20"",""turnover_lacs"",""volume_percentile_90""],""passed"":false,""blocking"":true,""source_table"":""nse.fact_eod_prices""},""REWARD_RISK_BELOW_MINIMUM"":{""rule"":""when estimable, reward/risk >= 1.5"",""actual"":{""reward_risk"":null},""fields"":[""reward_risk""],""passed"":true,""blocking"":true,""source_table"":""oiis_live.daily_candidate.evidence""},""DATA_QUALITY_BELOW_MINIMUM"":{""rule"":""data quality >= 85 and permission FULL"",""actual"":{""score"":49,""permission"":""DATA_INSUFFICIENT""},""fields"":[""data_quality"",""data_permission""],""passed"":false,""blocking"":true,""source_table"":""oiis_live.daily_candidate""},""REWARD_RISK_NOT_CALCULATED"":{""rule"":""reward/risk is calculated only from a valid setup stop and a real opposing barrier"",""actual"":{""reward_risk"":null,""risk_per_share"":7.6,""structural_stop"":1256.1},""fields"":[""setup_evaluation"",""structural_stop"",""opposing_barrier""],""passed"":false,""blocking"":true,""source_table"":""oiis_live.daily_candidate.evidence""},""DIRECTIONAL_EDGE_BELOW_MINIMUM"":{""rule"":""abs(long OFactor - short OFactor) >= 6; LOW 6, MEDIUM 7, HIGH 8"",""actual"":{""edge"":-46.9268,""level"":""HIGH"",""absolute_edge"":46.9268},""fields"":[""ofactor_long"",""ofactor_short"",""directional_edge""],""passed"":true,""blocking"":true,""source_table"":""oiis_live.daily_candidate""}}","1260.98500000","75.1634","204.2576","[""INSUFFICIENT_LIQUIDITY"",""REWARD_RISK_NOT_CALCULATED"",""DATA_QUALITY_BELOW_MINIMUM""]","1248.50000000","38.57442296","73ecc99a-b4f1-45c3-a9a5-2a7449b37e0b","Consumer Durables","3.68093940","-98.73760144","80.0942","OPEN_PROFIT","1","0.00000000","","SIMULATED","2384","200000","2384.0000000000146","16","199984","-335.99999999998545","-1343.9999913984","-1343.9999913984","5408.0000053856","5408.0000053856","160","2026-08-25T00:00:00.000Z","375","468712.50000000006","5587.5","realised_net_pnl is NET; open_unrealised_gross_pnl and counterfactual paths are GROSS","OPEN","1258.30000000","5587.500000000035","DEVELOPING_INCLUSIVE","3244.0606","FROZEN_AT_5D","1235","2026-08-22T17:53:06.169Z","SMARTAPI_QUOTE_CACHE","5587.500000000035","1.19209536762942","143","true","1252","2026-08-18T09:59:00.000Z","BARS_1M_ENTRY_SESSION_CLOSE","-787.4999999999659","-0.1680134410752876","-3149.999999999949","75.00000000001705","1258.3","1249.7","1249.9","375","1235.00000000","2026-08-22T01:25:00.000Z","2026-08-22T00:00:00.000Z","","","OPEN","1","1216.10000000","-0.0067205376","-0.67205376","-0.67205376","true","{""run_id"":null,""run_slot"":null,""policy_id"":""OIIS_DAILY_SELECTION_INTRADAY_ENTRY_V1.0"",""entry_rule"":""RSI_WILLR"",""fno_lot_size"":375,""quality_score"":null,""sizing_policy"":""ONE_CURRENT_FNO_LOT"",""source_bar_id"":""NSE:3718:2026-08-18T05:28:00+00:00:ws"",""entry_evidence"":{},""operator_override"":false,""quality_threshold"":null,""one_entry_per_symbol_trade_date"":false,""one_entry_per_symbol_trade_date_per_method"":true}","0.0270421634","2.70421634","2.70421634","FIVE_SESSION_COMPLETE","OPEN_ACTUAL","5587.5","2026-08-18T06:37:00.000Z","375.00000000","469987.50000000","ENTRY_NOTIONAL","100","BAD_RISK","68.38","true","0","0","0.00000000","375.00000000","","","","","","","5","SELL","375.00000000","","false","","6000","1265.9","5587.500000000035","NO_BREACH_MARKED_CURRENT","OIIS_LIVE","3.9","VOLTAS","OBSERVED","ec2edd69-f58b-42d7-90b6-89dab162970a","e7b5cb16-e782-4391-a371-0707a6839786","","5587.50000000"
"1600000.00000000","{}","-10543.2887","-52.7164435","-10543.2887","-1.618508596604341","{""reward"":48,""risk"":0,""speed"":5.28}","53","MIXED","EQUITY","3257.10000000","1565","BOOKED","-1.618508596604341","HYPOTHETICAL","3241","2026-08-22T17:53:06.169Z","823.28870000","2026-08-18T09:07:00.000Z","true","0","0.00494304749623898560","651420","RSI_WILLR","109.00000000","2026-08-18T04:30:02.970Z","3253.90000000","{""xfactor"":{""score"":78.8152,""weights"":{""setup_integrity"":18,""instrument_quality"":3,""reward_path_quality"":14,""trigger_confirmation"":16,""entry_location_quality"":20,""timing_session_quality"":3,""stop_invalidation_quality"":14,""liquidity_slippage_quality"":6,""market_sector_synchronisation"":6},""decision"":""WATCHLIST"",""move_atr"":0.5037,""setup_id"":""BREAKDOWN_ACCEPTANCE"",""penalties"":{},""raw_score"":78.8152,""components"":{""setup_integrity"":90,""instrument_quality"":100,""reward_path_quality"":50,""trigger_confirmation"":90,""entry_location_quality"":72.0183,""timing_session_quality"":80,""stop_invalidation_quality"":89.3578,""liquidity_slippage_quality"":100,""market_sector_synchronisation"":48.3569},""hard_gates"":[""REWARD_RISK_NOT_CALCULATED"",""CASH_SHORT_INSTRUMENT_UNAVAILABLE""],""final_score"":78.8152,""reward_risk"":null,""setup_state"":""TRIGGERED"",""setup_valid"":true,""extension_atr"":0.5037,""penalty_total"":0,""risk_per_share"":29,""structural_stop"":3282.9,""setup_evaluation"":{""state"":""TRIGGERED"",""valid"":true,""direction"":""SHORT"",""setup_type"":""BREAKDOWN_ACCEPTANCE"",""reason_codes"":[],""trigger_price"":3253.9,""structural_stop"":3282.9,""volume_confirmed"":true},""vwap_distance_atr"":0.0295,""weighted_contributions"":{""setup_integrity"":16.2,""instrument_quality"":3,""reward_path_quality"":7,""trigger_confirmation"":14.4,""entry_location_quality"":14.4037,""timing_session_quality"":2.4,""stop_invalidation_quality"":12.5101,""liquidity_slippage_quality"":6,""market_sector_synchronisation"":2.9014},""score_reconciliation_residual"":0},""ofactor_long"":{""weights"":{""trend_quality"":18,""catalyst_context"":4,""momentum_quality"":12,""relative_strength"":10,""liquidity_tradability"":6,""market_regime_support"":8,""sector_industry_support"":14,""money_flow_participation"":18,""institutional_confirmation"":10},""direction"":""LONG"",""penalties"":{},""raw_score"":31.7186,""components"":{""trend_quality"":0,""catalyst_context"":50,""momentum_quality"":5.9205,""relative_strength"":0,""liquidity_tradability"":100,""market_regime_support"":60.3771,""sector_industry_support"":42.9091,""money_flow_participation"":39.8374,""institutional_confirmation"":50},""final_score"":31.7186,""penalty_total"":0,""classification"":""REJECT"",""weighted_contributions"":{""trend_quality"":0,""catalyst_context"":2,""momentum_quality"":0.7105,""relative_strength"":0,""liquidity_tradability"":6,""market_regime_support"":4.8302,""sector_industry_support"":6.0073,""money_flow_participation"":7.1707,""institutional_confirmation"":5},""score_reconciliation_residual"":0},""ofactor_short"":{""weights"":{""trend_quality"":18,""catalyst_context"":4,""momentum_quality"":12,""relative_strength"":10,""liquidity_tradability"":6,""market_regime_support"":8,""sector_industry_support"":14,""money_flow_participation"":18,""institutional_confirmation"":10},""direction"":""SHORT"",""penalties"":{},""raw_score"":80.2814,""components"":{""trend_quality"":100,""catalyst_context"":50,""momentum_quality"":94.0795,""relative_strength"":100,""liquidity_tradability"":100,""market_regime_support"":39.6229,""sector_industry_support"":57.0909,""money_flow_participation"":93.4959,""institutional_confirmation"":50},""final_score"":80.2814,""penalty_total"":0,""classification"":""TIER_B"",""weighted_contributions"":{""trend_quality"":18,""catalyst_context"":2,""momentum_quality"":11.2895,""relative_strength"":10,""liquidity_tradability"":6,""market_regime_support"":3.1698,""sector_industry_support"":7.9927,""money_flow_participation"":16.8293,""institutional_confirmation"":5},""score_reconciliation_residual"":0}}","FULL","93.6655","SHORT","-48.5628","{""STOP_TOO_WIDE"":{""rule"":""risk per share / ATR14 <= 2.5; recorded but non-blocking"",""actual"":{""atr14"":109.00000000000003,""risk_atr"":0.26605504587155954,""risk_per_share"":29},""fields"":[""structural_stop"",""risk_per_share"",""atr14""],""passed"":true,""blocking"":false,""source_table"":""oiis_live.daily_candidate.evidence""},""NO_VALID_SETUP"":{""rule"":""one canonical setup object must contain recognised structure, volume confirmation and a structural invalidation"",""actual"":{""state"":""TRIGGERED"",""valid"":true,""direction"":""SHORT"",""setup_type"":""BREAKDOWN_ACCEPTANCE"",""reason_codes"":[],""trigger_price"":3253.9,""structural_stop"":3282.9,""volume_confirmed"":true},""fields"":[""open"",""high"",""low"",""close"",""sma20"",""sma50"",""prior_high_20"",""prior_low_20"",""volume_ratio_20""],""passed"":true,""blocking"":true,""source_table"":""nse.fact_eod_prices + public.bars_1m + derived rolling features""},""EXCESSIVE_EXTENSION"":{""rule"":""abs(current price - session open) / previous completed daily ATR <= 1.8; VWAP distance retained separately"",""actual"":{""close"":3253.9,""level"":""LOW"",""move_atr"":0.5037,""session_open"":3308.8,""session_vwap"":3257.112109650471,""vwap_distance_atr"":0.0295,""atr14_previous_completed"":109.00000000000003},""fields"":[""close"",""session_open"",""session_vwap"",""atr14_previous_completed""],""passed"":true,""blocking"":true,""source_table"":""public.bars_1m + nse.fact_eod_prices derived features""},""OFACTOR_BELOW_MINIMUM"":{""rule"":""canonical permission requires selected OFactor >= 74; 54/64/74 remain screening cohorts"",""actual"":{""long"":31.7186,""short"":80.2814,""selected"":80.2814,""screening_level"":""HIGH""},""fields"":[""ofactor_long"",""ofactor_short"",""selected_ofactor""],""passed"":true,""blocking"":true,""source_table"":""oiis_live.daily_candidate.component_scores/evidence""},""XFACTOR_BELOW_MINIMUM"":{""rule"":""XFactor >= 76"",""actual"":{""xfactor"":78.8152},""fields"":[""xfactor_snapshot""],""passed"":true,""blocking"":true,""source_table"":""oiis_live.daily_candidate.component_scores/evidence""},""INSUFFICIENT_LIQUIDITY"":{""rule"":""primary: volume ratio >= 0.75 and turnover percentile >= 0.10; fallback: 90-day volume percentile >= 0.30"",""actual"":{""primary_used"":true,""volume_level"":""HIGH"",""volume_ratio_20"":2.139167265682669,""turnover_percentile"":0.9947368421052631,""volume_percentile_90"":1},""fields"":[""volume"",""volume_average_20"",""turnover_lacs"",""volume_percentile_90""],""passed"":true,""blocking"":true,""source_table"":""nse.fact_eod_prices""},""REWARD_RISK_BELOW_MINIMUM"":{""rule"":""when estimable, reward/risk >= 1.5"",""actual"":{""reward_risk"":null},""fields"":[""reward_risk""],""passed"":true,""blocking"":true,""source_table"":""oiis_live.daily_candidate.evidence""},""DATA_QUALITY_BELOW_MINIMUM"":{""rule"":""data quality >= 85 and permission FULL"",""actual"":{""score"":93.6655,""permission"":""FULL""},""fields"":[""data_quality"",""data_permission""],""passed"":true,""blocking"":true,""source_table"":""oiis_live.daily_candidate""},""REWARD_RISK_NOT_CALCULATED"":{""rule"":""reward/risk is calculated only from a valid setup stop and a real opposing barrier"",""actual"":{""reward_risk"":null,""risk_per_share"":29,""structural_stop"":3282.9},""fields"":[""setup_evaluation"",""structural_stop"",""opposing_barrier""],""passed"":false,""blocking"":true,""source_table"":""oiis_live.daily_candidate.evidence""},""DIRECTIONAL_EDGE_BELOW_MINIMUM"":{""rule"":""abs(long OFactor - short OFactor) >= 6; LOW 6, MEDIUM 7, HIGH 8"",""actual"":{""edge"":-48.5628,""level"":""HIGH"",""absolute_edge"":48.5628},""fields"":[""ofactor_long"",""ofactor_short"",""directional_edge""],""passed"":true,""blocking"":true,""source_table"":""oiis_live.daily_candidate""}}","3286.43900000","80.2814","252.7621","[""REWARD_RISK_NOT_CALCULATED""]","3253.90000000","30.92047715","94af045a-26ca-4a97-a15e-a9bf25fdd134","Financial Services","2.13916727","-95.66911091","78.8152","CLOSED_LOSS","2","0.00000000","272","SIMULATED","-3215.7030535","200000","982.0999999999945","1316.8999999999942","198683.1","","-9448.899999538231","-9448.899999538231","198683.1","198683.1","61","2026-08-25T00:00:00.000Z","200","651420","-9720","realised_net_pnl is NET; open_unrealised_gross_pnl and counterfactual paths are GROSS","CLOSED","3412.00000000","3219.999999999982","DEVELOPING_INCLUSIVE","1559.4387","FROZEN_AT_5D","3241","2026-08-22T17:53:06.169Z","SMARTAPI_QUOTE_CACHE","3219.999999999982","0.49430474962389725","230","false","","","","","","-11180.000000000018","0","3313","3257.1","3257.1","200","3241.00000000","2026-08-22T01:25:00.000Z","2026-08-22T00:00:00.000Z","","","CLOSED","1","0.00000000","-0.0475576433","-4.75576433","-4.75576433","true","{""run_id"":null,""run_slot"":null,""policy_id"":""OIIS_DAILY_SELECTION_INTRADAY_ENTRY_V1.0"",""entry_rule"":""RSI_WILLR"",""fno_lot_size"":200,""quality_score"":null,""sizing_policy"":""ONE_CURRENT_FNO_LOT"",""source_bar_id"":""NSE:19585:2026-08-18T04:27:00+00:00:ws"",""entry_evidence"":{},""operator_override"":false,""quality_threshold"":null,""one_entry_per_symbol_trade_date"":false,""one_entry_per_symbol_trade_date_per_method"":true}","1.0000000000","100","100","FIVE_SESSION_COMPLETE","OPEN_ACTUAL","0","2026-08-18T04:34:00.000Z","200.00000000","650780.00000000","ENTRY_NOTIONAL","100","WEAK","56.12","true","-9720","-10543.2887","-10543.28870000","0.00000000","","","","","","","5","SELL","200.00000000","3287.1","true","2026-08-18T06:23:00.000Z","6000","3287.1","-6000","EXITED_AT_FIRST_BREACH","OIIS_LIVE","3.9","BSE","OBSERVED","5a9fd847-6408-4541-8a45-a867e495e0bc","2ddd7f4d-5639-42ba-9bca-f76f14c24257","","0.00000000"
"1600000.00000000","{}","13490.988","38.54568","13490.988","1.8390114503816792","{""reward"":26.43,""risk"":27.43,""speed"":0}","54","GOOD","EQUITY","2096.00000000","1785","BOOKED","66.80360474153991","HYPOTHETICAL","2139","2026-08-22T17:53:06.169Z","944.63380000","2026-08-21T06:01:00.000Z","false","0","0.02051526717557251908","733600","QUALITY_SUM_THRESHOLD","58.96428571","2026-08-17T09:30:08.863Z","2099.20000000","{""xfactor"":{""score"":58.6767,""weights"":{""setup_integrity"":18,""instrument_quality"":3,""reward_path_quality"":14,""trigger_confirmation"":16,""entry_location_quality"":20,""timing_session_quality"":3,""stop_invalidation_quality"":14,""liquidity_slippage_quality"":6,""market_sector_synchronisation"":6},""decision"":""REJECT_STOP_INVALID"",""move_atr"":0.1645,""setup_id"":""BREAKOUT_ACCEPTANCE"",""penalties"":{},""raw_score"":58.6767,""components"":{""setup_integrity"":55,""instrument_quality"":100,""reward_path_quality"":50,""trigger_confirmation"":20,""entry_location_quality"":90.8608,""timing_session_quality"":80,""stop_invalidation_quality"":50,""liquidity_slippage_quality"":55.7895,""market_sector_synchronisation"":77.6201},""hard_gates"":[""NO_VALID_SETUP"",""NO_STRUCTURAL_STOP"",""REWARD_RISK_NOT_CALCULATED"",""INSUFFICIENT_LIQUIDITY""],""final_score"":58.6767,""reward_risk"":null,""setup_state"":""AWAITING_VOLUME"",""setup_valid"":false,""extension_atr"":0.1645,""penalty_total"":0,""risk_per_share"":null,""structural_stop"":null,""setup_evaluation"":{""state"":""AWAITING_VOLUME"",""valid"":false,""direction"":""LONG"",""setup_type"":""BREAKOUT_ACCEPTANCE"",""reason_codes"":[""VOLUME_NOT_CONFIRMED""],""trigger_price"":2099.2,""structural_stop"":2099,""volume_confirmed"":false},""vwap_distance_atr"":0.1253,""weighted_contributions"":{""setup_integrity"":9.9,""instrument_quality"":3,""reward_path_quality"":7,""trigger_confirmation"":3.2,""entry_location_quality"":18.1722,""timing_session_quality"":2.4,""stop_invalidation_quality"":7,""liquidity_slippage_quality"":3.3474,""market_sector_synchronisation"":4.6572},""score_reconciliation_residual"":0},""ofactor_long"":{""weights"":{""trend_quality"":18,""catalyst_context"":4,""momentum_quality"":12,""relative_strength"":10,""liquidity_tradability"":6,""market_regime_support"":8,""sector_industry_support"":14,""money_flow_participation"":18,""institutional_confirmation"":10},""direction"":""LONG"",""penalties"":{},""raw_score"":74.0497,""components"":{""trend_quality"":98.3637,""catalyst_context"":50,""momentum_quality"":90.8162,""relative_strength"":100,""liquidity_tradability"":55.7895,""market_regime_support"":68.8979,""sector_industry_support"":86.3423,""money_flow_participation"":41.6621,""institutional_confirmation"":50},""final_score"":74.0497,""penalty_total"":0,""classification"":""TIER_B"",""weighted_contributions"":{""trend_quality"":17.7055,""catalyst_context"":2,""momentum_quality"":10.898,""relative_strength"":10,""liquidity_tradability"":3.3474,""market_regime_support"":5.5118,""sector_industry_support"":12.0879,""money_flow_participation"":7.4992,""institutional_confirmation"":5},""score_reconciliation_residual"":0},""ofactor_short"":{""weights"":{""trend_quality"":18,""catalyst_context"":4,""momentum_quality"":12,""relative_strength"":10,""liquidity_tradability"":6,""market_regime_support"":8,""sector_industry_support"":14,""money_flow_participation"":18,""institutional_confirmation"":10},""direction"":""SHORT"",""penalties"":{},""raw_score"":20.645,""components"":{""trend_quality"":1.6363,""catalyst_context"":50,""momentum_quality"":9.1837,""relative_strength"":0,""liquidity_tradability"":55.7895,""market_regime_support"":31.1021,""sector_industry_support"":13.6578,""money_flow_participation"":25.0046,""institutional_confirmation"":50},""final_score"":20.645,""penalty_total"":0,""classification"":""REJECT"",""weighted_contributions"":{""trend_quality"":0.2945,""catalyst_context"":2,""momentum_quality"":1.102,""relative_strength"":0,""liquidity_tradability"":3.3474,""market_regime_support"":2.4882,""sector_industry_support"":1.9121,""money_flow_participation"":4.5008,""institutional_confirmation"":5},""score_reconciliation_residual"":0}}","FULL","93.6655","LONG","53.4047","{""STOP_TOO_WIDE"":{""rule"":""risk per share / ATR14 <= 2.5; recorded but non-blocking"",""actual"":{""atr14"":58.9642857142857,""risk_atr"":null,""risk_per_share"":null},""fields"":[""structural_stop"",""risk_per_share"",""atr14""],""passed"":false,""blocking"":false,""source_table"":""oiis_live.daily_candidate.evidence""},""NO_VALID_SETUP"":{""rule"":""one canonical setup object must contain recognised structure, volume confirmation and a structural invalidation"",""actual"":{""state"":""AWAITING_VOLUME"",""valid"":false,""direction"":""LONG"",""setup_type"":""BREAKOUT_ACCEPTANCE"",""reason_codes"":[""VOLUME_NOT_CONFIRMED""],""trigger_price"":2099.2,""structural_stop"":2099,""volume_confirmed"":false},""fields"":[""open"",""high"",""low"",""close"",""sma20"",""sma50"",""prior_high_20"",""prior_low_20"",""volume_ratio_20""],""passed"":false,""blocking"":true,""source_table"":""nse.fact_eod_prices + public.bars_1m + derived rolling features""},""EXCESSIVE_EXTENSION"":{""rule"":""abs(current price - session open) / previous completed daily ATR <= 1.8; VWAP distance retained separately"",""actual"":{""close"":2099.2,""level"":""LOW"",""move_atr"":0.1645,""session_open"":2089.5,""session_vwap"":2091.8139603960394,""vwap_distance_atr"":0.1253,""atr14_previous_completed"":58.9642857142857},""fields"":[""close"",""session_open"",""session_vwap"",""atr14_previous_completed""],""passed"":true,""blocking"":true,""source_table"":""public.bars_1m + nse.fact_eod_prices derived features""},""OFACTOR_BELOW_MINIMUM"":{""rule"":""canonical permission requires selected OFactor >= 74; 54/64/74 remain screening cohorts"",""actual"":{""long"":74.0497,""short"":20.645,""selected"":74.0497,""screening_level"":""HIGH""},""fields"":[""ofactor_long"",""ofactor_short"",""selected_ofactor""],""passed"":true,""blocking"":true,""source_table"":""oiis_live.daily_candidate.component_scores/evidence""},""XFACTOR_BELOW_MINIMUM"":{""rule"":""XFactor >= 76"",""actual"":{""xfactor"":58.6767},""fields"":[""xfactor_snapshot""],""passed"":false,""blocking"":true,""source_table"":""oiis_live.daily_candidate.component_scores/evidence""},""INSUFFICIENT_LIQUIDITY"":{""rule"":""primary: volume ratio >= 0.75 and turnover percentile >= 0.10; fallback: 90-day volume percentile >= 0.30"",""actual"":{""primary_used"":true,""volume_level"":""BELOW_MINIMUM"",""volume_ratio_20"":0.03720128473347674,""turnover_percentile"":0.46842105263157896,""volume_percentile_90"":0},""fields"":[""volume"",""volume_average_20"",""turnover_lacs"",""volume_percentile_90""],""passed"":false,""blocking"":true,""source_table"":""nse.fact_eod_prices""},""REWARD_RISK_BELOW_MINIMUM"":{""rule"":""when estimable, reward/risk >= 1.5"",""actual"":{""reward_risk"":null},""fields"":[""reward_risk""],""passed"":true,""blocking"":true,""source_table"":""oiis_live.daily_candidate.evidence""},""DATA_QUALITY_BELOW_MINIMUM"":{""rule"":""data quality >= 85 and permission FULL"",""actual"":{""score"":93.6655,""permission"":""FULL""},""fields"":[""data_quality"",""data_permission""],""passed"":true,""blocking"":true,""source_table"":""oiis_live.daily_candidate""},""REWARD_RISK_NOT_CALCULATED"":{""rule"":""reward/risk is calculated only from a valid setup stop and a real opposing barrier"",""actual"":{""reward_risk"":null,""risk_per_share"":null,""structural_stop"":null},""fields"":[""setup_evaluation"",""structural_stop"",""opposing_barrier""],""passed"":false,""blocking"":true,""source_table"":""oiis_live.daily_candidate.evidence""},""DIRECTIONAL_EDGE_BELOW_MINIMUM"":{""rule"":""abs(long OFactor - short OFactor) >= 6; LOW 6, MEDIUM 7, HIGH 8"",""actual"":{""edge"":53.4047,""level"":""HIGH"",""absolute_edge"":53.4047},""fields"":[""ofactor_long"",""ofactor_short"",""directional_edge""],""passed"":true,""blocking"":true,""source_table"":""oiis_live.daily_candidate""}}","2120.19200000","74.0497","226.3919","[""NO_VALID_SETUP"",""INSUFFICIENT_LIQUIDITY"",""REWARD_RISK_NOT_CALCULATED"",""STOP_TOO_WIDE"",""XFACTOR_BELOW_MINIMUM""]","2099.20000000","74.47959487","49b8687e-3bfa-455b-8975-757abe330fe5","Capital Goods","0.03720128","-3.82477934","58.6767","CLOSED_PROFIT","2","0.00000000","","SIMULATED","3661.8396","200000","4085","880","199120","-1396.4999999999827","-1538.999993312","-1538.999993312","6175.000003648","5481.500009120001","95","2026-08-25T00:00:00.000Z","350","733600","21700","realised_net_pnl is NET; open_unrealised_gross_pnl and counterfactual paths are GROSS","CLOSED","2161.00000000","15050","DEVELOPING_INCLUSIVE","9400.2362","FROZEN_AT_5D","2139","2026-08-22T17:53:06.169Z","SMARTAPI_QUOTE_CACHE","15050","2.0515267175572616","27","true","2081.3","2026-08-17T10:00:00.000Z","BARS_1M_ENTRY_SESSION_CLOSE","-5144.999999999936","-0.7013358778625856","-5144.999999999936","1225","2099.5","2081.3","2096","350","2139.00000000","2026-08-22T01:25:00.000Z","2026-08-22T00:00:00.000Z","","","CLOSED","1","2079.80000000","-0.0077290076","-0.77290076","-0.77290076","true","{""run_id"":""49b8687e-3bfa-455b-8975-757abe330fe5"",""run_slot"":""AFTERNOON_1500"",""policy_id"":""OIIS_DAILY_SELECTION_INTRADAY_ENTRY_V1.0"",""entry_rule"":""QUALITY_SUM_THRESHOLD"",""fno_lot_size"":350,""quality_score"":""226.3919"",""sizing_policy"":""ONE_CURRENT_FNO_LOT"",""source_bar_id"":""NSE:25780:2026-08-17T09:30:00+00:00:ws"",""operator_override"":false,""quality_threshold"":""185"",""one_entry_per_symbol_trade_date"":true}","0.0310114504","3.10114504","2.7528626000000003","FIVE_SESSION_COMPLETE","OPEN_ACTUAL","0","2026-08-17T09:34:00.000Z","350.00000000","734650.00000000","ENTRY_NOTIONAL","100","BAD_RISK","68.06","true","21700","13490.988","13490.98800000","0.00000000","","","","","","","6","BUY","350.00000000","","false","","6000","2078.8571428571427","15050","NO_BREACH_MARKED_CURRENT","OIIS_LIVE","3.7","APLAPOLLO","OBSERVED","39cf99d9-e677-4399-9047-d8531c348819","9b041733-e997-47c5-8bb4-4f455ceb297d","","0.00000000"
"1600000.00000000","{}","-9295","-16.9","-9295","-1.2362838332114119","{""reward"":14.26,""risk"":18.95,""speed"":17.95}","51","GOOD","EQUITY","1367.00000000","1900","BOOKED","-83.25123139503991","HYPOTHETICAL","1350.1","2026-08-22T17:53:06.169Z","0","","false","0","-0.01236283833211411851","751850","QUALITY_SUM_THRESHOLD","43.13928571","2026-08-17T07:30:07.358Z","1368.50000000","{""xfactor"":{""score"":49.8414,""weights"":{""setup_integrity"":18,""instrument_quality"":3,""reward_path_quality"":14,""trigger_confirmation"":16,""entry_location_quality"":20,""timing_session_quality"":3,""stop_invalidation_quality"":14,""liquidity_slippage_quality"":6,""market_sector_synchronisation"":6},""decision"":""REJECT_STOP_INVALID"",""move_atr"":0.6375,""setup_id"":null,""penalties"":{},""raw_score"":49.8414,""components"":{""setup_integrity"":20,""instrument_quality"":100,""reward_path_quality"":50,""trigger_confirmation"":20,""entry_location_quality"":64.585,""timing_session_quality"":80,""stop_invalidation_quality"":50,""liquidity_slippage_quality"":100,""market_sector_synchronisation"":78.7396},""hard_gates"":[""NO_VALID_SETUP"",""NO_STRUCTURAL_STOP"",""REWARD_RISK_NOT_CALCULATED"",""INSUFFICIENT_LIQUIDITY""],""final_score"":49.8414,""reward_risk"":null,""setup_state"":""FORMING"",""setup_valid"":false,""extension_atr"":0.6375,""penalty_total"":0,""risk_per_share"":null,""structural_stop"":null,""setup_evaluation"":{""state"":""FORMING"",""valid"":false,""direction"":""LONG"",""setup_type"":null,""reason_codes"":[""NO_RECOGNISED_STRUCTURE""],""trigger_price"":null,""structural_stop"":null,""volume_confirmed"":false},""vwap_distance_atr"":0.039,""weighted_contributions"":{""setup_integrity"":3.6,""instrument_quality"":3,""reward_path_quality"":7,""trigger_confirmation"":3.2,""entry_location_quality"":12.917,""timing_session_quality"":2.4,""stop_invalidation_quality"":7,""liquidity_slippage_quality"":6,""market_sector_synchronisation"":4.7244},""score_reconciliation_residual"":0},""ofactor_long"":{""weights"":{""trend_quality"":18,""catalyst_context"":4,""momentum_quality"":12,""relative_strength"":10,""liquidity_tradability"":6,""market_regime_support"":8,""sector_industry_support"":14,""money_flow_participation"":18,""institutional_confirmation"":10},""direction"":""LONG"",""penalties"":{},""raw_score"":80.6385,""components"":{""trend_quality"":100,""catalyst_context"":50,""momentum_quality"":96.4445,""relative_strength"":100,""liquidity_tradability"":100,""market_regime_support"":68.4465,""sector_industry_support"":89.0327,""money_flow_participation"":56.2494,""institutional_confirmation"":50},""final_score"":80.6385,""penalty_total"":0,""classification"":""TIER_B"",""weighted_contributions"":{""trend_quality"":18,""catalyst_context"":2,""momentum_quality"":11.5733,""relative_strength"":10,""liquidity_tradability"":6,""market_regime_support"":5.4757,""sector_industry_support"":12.4646,""money_flow_participation"":10.1249,""institutional_confirmation"":5},""score_reconciliation_residual"":0},""ofactor_short"":{""weights"":{""trend_quality"":18,""catalyst_context"":4,""momentum_quality"":12,""relative_strength"":10,""liquidity_tradability"":6,""market_regime_support"":8,""sector_industry_support"":14,""money_flow_participation"":18,""institutional_confirmation"":10},""direction"":""SHORT"",""penalties"":{},""raw_score"":19.5995,""components"":{""trend_quality"":0,""catalyst_context"":50,""momentum_quality"":3.5554,""relative_strength"":0,""liquidity_tradability"":100,""market_regime_support"":31.5535,""sector_industry_support"":10.9673,""money_flow_participation"":11.7398,""institutional_confirmation"":50},""final_score"":19.5995,""penalty_total"":0,""classification"":""REJECT"",""weighted_contributions"":{""trend_quality"":0,""catalyst_context"":2,""momentum_quality"":0.4267,""relative_strength"":0,""liquidity_tradability"":6,""market_regime_support"":2.5243,""sector_industry_support"":1.5354,""money_flow_participation"":2.1132,""institutional_confirmation"":5},""score_reconciliation_residual"":0}}","FULL","93.6655","LONG","61.0390","{""STOP_TOO_WIDE"":{""rule"":""risk per share / ATR14 <= 2.5; recorded but non-blocking"",""actual"":{""atr14"":43.139285714285734,""risk_atr"":null,""risk_per_share"":null},""fields"":[""structural_stop"",""risk_per_share"",""atr14""],""passed"":false,""blocking"":false,""source_table"":""oiis_live.daily_candidate.evidence""},""NO_VALID_SETUP"":{""rule"":""one canonical setup object must contain recognised structure, volume confirmation and a structural invalidation"",""actual"":{""state"":""FORMING"",""valid"":false,""direction"":""LONG"",""setup_type"":null,""reason_codes"":[""NO_RECOGNISED_STRUCTURE""],""trigger_price"":null,""structural_stop"":null,""volume_confirmed"":false},""fields"":[""open"",""high"",""low"",""close"",""sma20"",""sma50"",""prior_high_20"",""prior_low_20"",""volume_ratio_20""],""passed"":false,""blocking"":true,""source_table"":""nse.fact_eod_prices + public.bars_1m + derived rolling features""},""EXCESSIVE_EXTENSION"":{""rule"":""abs(current price - session open) / previous completed daily ATR <= 1.8; VWAP distance retained separately"",""actual"":{""close"":1368.5,""level"":""LOW"",""move_atr"":0.6375,""session_open"":1341,""session_vwap"":1366.8184844968387,""vwap_distance_atr"":0.039,""atr14_previous_completed"":43.139285714285734},""fields"":[""close"",""session_open"",""session_vwap"",""atr14_previous_completed""],""passed"":true,""blocking"":true,""source_table"":""public.bars_1m + nse.fact_eod_prices derived features""},""OFACTOR_BELOW_MINIMUM"":{""rule"":""canonical permission requires selected OFactor >= 74; 54/64/74 remain screening cohorts"",""actual"":{""long"":80.6385,""short"":19.5995,""selected"":80.6385,""screening_level"":""HIGH""},""fields"":[""ofactor_long"",""ofactor_short"",""selected_ofactor""],""passed"":true,""blocking"":true,""source_table"":""oiis_live.daily_candidate.component_scores/evidence""},""XFACTOR_BELOW_MINIMUM"":{""rule"":""XFactor >= 76"",""actual"":{""xfactor"":49.8414},""fields"":[""xfactor_snapshot""],""passed"":false,""blocking"":true,""source_table"":""oiis_live.daily_candidate.component_scores/evidence""},""INSUFFICIENT_LIQUIDITY"":{""rule"":""primary: volume ratio >= 0.75 and turnover percentile >= 0.10; fallback: 90-day volume percentile >= 0.30"",""actual"":{""primary_used"":true,""volume_level"":""HIGH"",""volume_ratio_20"":0.5297560089994231,""turnover_percentile"":1,""volume_percentile_90"":0.7368421052631579},""fields"":[""volume"",""volume_average_20"",""turnover_lacs"",""volume_percentile_90""],""passed"":false,""blocking"":true,""source_table"":""nse.fact_eod_prices""},""REWARD_RISK_BELOW_MINIMUM"":{""rule"":""when estimable, reward/risk >= 1.5"",""actual"":{""reward_risk"":null},""fields"":[""reward_risk""],""passed"":true,""blocking"":true,""source_table"":""oiis_live.daily_candidate.evidence""},""DATA_QUALITY_BELOW_MINIMUM"":{""rule"":""data quality >= 85 and permission FULL"",""actual"":{""score"":93.6655,""permission"":""FULL""},""fields"":[""data_quality"",""data_permission""],""passed"":true,""blocking"":true,""source_table"":""oiis_live.daily_candidate""},""REWARD_RISK_NOT_CALCULATED"":{""rule"":""reward/risk is calculated only from a valid setup stop and a real opposing barrier"",""actual"":{""reward_risk"":null,""risk_per_share"":null,""structural_stop"":null},""fields"":[""setup_evaluation"",""structural_stop"",""opposing_barrier""],""passed"":false,""blocking"":true,""source_table"":""oiis_live.daily_candidate.evidence""},""DIRECTIONAL_EDGE_BELOW_MINIMUM"":{""rule"":""abs(long OFactor - short OFactor) >= 6; LOW 6, MEDIUM 7, HIGH 8"",""actual"":{""edge"":61.039,""level"":""HIGH"",""absolute_edge"":61.039},""fields"":[""ofactor_long"",""ofactor_short"",""directional_edge""],""passed"":true,""blocking"":true,""source_table"":""oiis_live.daily_candidate""}}","1382.18500000","80.6385","224.1454","[""NO_VALID_SETUP"",""INSUFFICIENT_LIQUIDITY"",""REWARD_RISK_NOT_CALCULATED"",""STOP_TOO_WIDE"",""XFACTOR_BELOW_MINIMUM""]","1368.50000000","71.44456138","0b23a160-40b4-45a7-bc17-03154b20b851","Consumer Services","0.52975601","-12.03852327","49.8414","OPEN_LOSS","1","0.00000000","1","SIMULATED","-2467.3999999999996","200000","-2467.4000000000133","418","199582","-1635.2000000000066","-3533.2000062926004","-3533.2000062926004","2963.8000047012","2963.8000047012","146","2026-08-25T00:00:00.000Z","550","751850","-9295","realised_net_pnl is NET; open_unrealised_gross_pnl and counterfactual paths are GROSS","OPEN","1387.30000000","-9295.000000000051","DEVELOPING_INCLUSIVE","-4295.9944","FROZEN_AT_5D","1350.1","2026-08-22T17:53:06.169Z","SMARTAPI_QUOTE_CACHE","-9295.000000000051","-1.2362838332114157","148","true","1355.8","2026-08-17T10:00:00.000Z","BARS_1M_ENTRY_SESSION_CLOSE","-6160.0000000000255","-0.8193123628383314","-7039.9999999999745","3685.000000000025","1373.7","1354.2","1367","550","1350.10000000","2026-08-22T01:25:00.000Z","2026-08-22T00:00:00.000Z","","","OPEN","1","1342.80000000","-0.0177029993","-1.7702999300000002","-1.7702999300000002","true","{""run_id"":""0b23a160-40b4-45a7-bc17-03154b20b851"",""run_slot"":""INTRADAY_1300"",""policy_id"":""OIIS_DAILY_SELECTION_INTRADAY_ENTRY_V1.0"",""entry_rule"":""QUALITY_SUM_THRESHOLD"",""fno_lot_size"":550,""quality_score"":""224.1454"",""sizing_policy"":""ONE_CURRENT_FNO_LOT"",""source_bar_id"":""NSE:13751:2026-08-17T07:30:00+00:00:ws"",""operator_override"":false,""quality_threshold"":""185"",""one_entry_per_symbol_trade_date"":true}","0.0148500366","1.48500366","1.48500366","FIVE_SESSION_COMPLETE","OPEN_ACTUAL","-9295","2026-08-17T07:33:00.000Z","550.00000000","753225.00000000","ENTRY_NOTIONAL","100","BAD_RISK","56.55","true","0","0","0.00000000","550.00000000","","","","","","","6","BUY","550.00000000","1356.090909090909","true","2026-08-17T09:30:00.000Z","6000","1356.090909090909","-6000.0000000000455","EXITED_AT_FIRST_BREACH","OIIS_LIVE","3.7","NAUKRI","OBSERVED","fbce9916-63bf-49ee-a318-284b0e7574e9","9f661ba0-156c-4096-b402-c074974f643a","","-9295.00000000"
"1600000.00000000","{}","-900","-12","-900","-0.10245901639344263","{""reward"":7.13,""risk"":0,""speed"":13.89}","21","BAD","EQUITY","11712.00000000","2093","BOOKED","-13.793103426967898","HYPOTHETICAL","11700","2026-08-22T17:53:06.169Z","0","","false","0","-0.00102459016393442623","878400","QUALITY_SUM_THRESHOLD","224.67857143","2026-08-17T04:30:03.658Z","11709.00000000","{""xfactor"":{""score"":56.789,""weights"":{""setup_integrity"":18,""instrument_quality"":3,""reward_path_quality"":14,""trigger_confirmation"":16,""entry_location_quality"":20,""timing_session_quality"":3,""stop_invalidation_quality"":14,""liquidity_slippage_quality"":6,""market_sector_synchronisation"":6},""decision"":""NO_OPPORTUNITY"",""move_atr"":0.0356,""setup_id"":null,""penalties"":{},""raw_score"":56.789,""components"":{""setup_integrity"":20,""instrument_quality"":100,""reward_path_quality"":50,""trigger_confirmation"":20,""entry_location_quality"":98.0219,""timing_session_quality"":80,""stop_invalidation_quality"":50,""liquidity_slippage_quality"":100,""market_sector_synchronisation"":83.0774},""hard_gates"":[""OFACTOR_BELOW_MINIMUM"",""NO_VALID_SETUP"",""NO_STRUCTURAL_STOP"",""REWARD_RISK_NOT_CALCULATED"",""INSUFFICIENT_LIQUIDITY""],""final_score"":56.789,""reward_risk"":null,""setup_state"":""FORMING"",""setup_valid"":false,""extension_atr"":0.0356,""penalty_total"":0,""risk_per_share"":null,""structural_stop"":null,""setup_evaluation"":{""state"":""FORMING"",""valid"":false,""direction"":""LONG"",""setup_type"":null,""reason_codes"":[""NO_RECOGNISED_STRUCTURE""],""trigger_price"":null,""structural_stop"":null,""volume_confirmed"":false},""vwap_distance_atr"":0.0515,""weighted_contributions"":{""setup_integrity"":3.6,""instrument_quality"":3,""reward_path_quality"":7,""trigger_confirmation"":3.2,""entry_location_quality"":19.6044,""timing_session_quality"":2.4,""stop_invalidation_quality"":7,""liquidity_slippage_quality"":6,""market_sector_synchronisation"":4.9846},""score_reconciliation_residual"":0},""ofactor_long"":{""weights"":{""trend_quality"":18,""catalyst_context"":4,""momentum_quality"":12,""relative_strength"":10,""liquidity_tradability"":6,""market_regime_support"":8,""sector_industry_support"":14,""money_flow_participation"":18,""institutional_confirmation"":10},""direction"":""LONG"",""penalties"":{},""raw_score"":70.2424,""components"":{""trend_quality"":91.5032,""catalyst_context"":50,""momentum_quality"":67.8906,""relative_strength"":88.2741,""liquidity_tradability"":100,""market_regime_support"":66.5447,""sector_industry_support"":99.6102,""money_flow_participation"":25.1583,""institutional_confirmation"":50},""final_score"":70.2424,""penalty_total"":0,""classification"":""WATCHLIST"",""weighted_contributions"":{""trend_quality"":16.4706,""catalyst_context"":2,""momentum_quality"":8.1469,""relative_strength"":8.8274,""liquidity_tradability"":6,""market_regime_support"":5.3236,""sector_industry_support"":13.9454,""money_flow_participation"":4.5285,""institutional_confirmation"":5},""score_reconciliation_residual"":0},""ofactor_short"":{""weights"":{""trend_quality"":18,""catalyst_context"":4,""momentum_quality"":12,""relative_strength"":10,""liquidity_tradability"":6,""market_regime_support"":8,""sector_industry_support"":14,""money_flow_participation"":18,""institutional_confirmation"":10},""direction"":""SHORT"",""penalties"":{},""raw_score"":29.7576,""components"":{""trend_quality"":8.4968,""catalyst_context"":50,""momentum_quality"":32.1094,""relative_strength"":11.7259,""liquidity_tradability"":100,""market_regime_support"":33.4553,""sector_industry_support"":0.3898,""money_flow_participation"":41.5084,""institutional_confirmation"":50},""final_score"":29.7576,""penalty_total"":0,""classification"":""REJECT"",""weighted_contributions"":{""trend_quality"":1.5294,""catalyst_context"":2,""momentum_quality"":3.8531,""relative_strength"":1.1726,""liquidity_tradability"":6,""market_regime_support"":2.6764,""sector_industry_support"":0.0546,""money_flow_participation"":7.4715,""institutional_confirmation"":5},""score_reconciliation_residual"":0}}","FULL","93.6655","LONG","40.4848","{""STOP_TOO_WIDE"":{""rule"":""risk per share / ATR14 <= 2.5; recorded but non-blocking"",""actual"":{""atr14"":224.67857142857142,""risk_atr"":null,""risk_per_share"":null},""fields"":[""structural_stop"",""risk_per_share"",""atr14""],""passed"":false,""blocking"":false,""source_table"":""oiis_live.daily_candidate.evidence""},""NO_VALID_SETUP"":{""rule"":""one canonical setup object must contain recognised structure, volume confirmation and a structural invalidation"",""actual"":{""state"":""FORMING"",""valid"":false,""direction"":""LONG"",""setup_type"":null,""reason_codes"":[""NO_RECOGNISED_STRUCTURE""],""trigger_price"":null,""structural_stop"":null,""volume_confirmed"":false},""fields"":[""open"",""high"",""low"",""close"",""sma20"",""sma50"",""prior_high_20"",""prior_low_20"",""volume_ratio_20""],""passed"":false,""blocking"":true,""source_table"":""nse.fact_eod_prices + public.bars_1m + derived rolling features""},""EXCESSIVE_EXTENSION"":{""rule"":""abs(current price - session open) / previous completed daily ATR <= 1.8; VWAP distance retained separately"",""actual"":{""close"":11709,""level"":""LOW"",""move_atr"":0.0356,""session_open"":11717,""session_vwap"":11720.566924778761,""vwap_distance_atr"":0.0515,""atr14_previous_completed"":224.67857142857142},""fields"":[""close"",""session_open"",""session_vwap"",""atr14_previous_completed""],""passed"":true,""blocking"":true,""source_table"":""public.bars_1m + nse.fact_eod_prices derived features""},""OFACTOR_BELOW_MINIMUM"":{""rule"":""canonical permission requires selected OFactor >= 74; 54/64/74 remain screening cohorts"",""actual"":{""long"":70.2424,""short"":29.7576,""selected"":70.2424,""screening_level"":""MEDIUM""},""fields"":[""ofactor_long"",""ofactor_short"",""selected_ofactor""],""passed"":false,""blocking"":true,""source_table"":""oiis_live.daily_candidate.component_scores/evidence""},""XFACTOR_BELOW_MINIMUM"":{""rule"":""XFactor >= 76"",""actual"":{""xfactor"":56.789},""fields"":[""xfactor_snapshot""],""passed"":false,""blocking"":true,""source_table"":""oiis_live.daily_candidate.component_scores/evidence""},""INSUFFICIENT_LIQUIDITY"":{""rule"":""primary: volume ratio >= 0.75 and turnover percentile >= 0.10; fallback: 90-day volume percentile >= 0.30"",""actual"":{""primary_used"":true,""volume_level"":""HIGH"",""volume_ratio_20"":0.37040072113414735,""turnover_percentile"":0.9315789473684211,""volume_percentile_90"":0.7368421052631579},""fields"":[""volume"",""volume_average_20"",""turnover_lacs"",""volume_percentile_90""],""passed"":false,""blocking"":true,""source_table"":""nse.fact_eod_prices""},""REWARD_RISK_BELOW_MINIMUM"":{""rule"":""when estimable, reward/risk >= 1.5"",""actual"":{""reward_risk"":null},""fields"":[""reward_risk""],""passed"":true,""blocking"":true,""source_table"":""oiis_live.daily_candidate.evidence""},""DATA_QUALITY_BELOW_MINIMUM"":{""rule"":""data quality >= 85 and permission FULL"",""actual"":{""score"":93.6655,""permission"":""FULL""},""fields"":[""data_quality"",""data_permission""],""passed"":true,""blocking"":true,""source_table"":""oiis_live.daily_candidate""},""REWARD_RISK_NOT_CALCULATED"":{""rule"":""reward/risk is calculated only from a valid setup stop and a real opposing barrier"",""actual"":{""reward_risk"":null,""risk_per_share"":null,""structural_stop"":null},""fields"":[""setup_evaluation"",""structural_stop"",""opposing_barrier""],""passed"":false,""blocking"":true,""source_table"":""oiis_live.daily_candidate.evidence""},""DIRECTIONAL_EDGE_BELOW_MINIMUM"":{""rule"":""abs(long OFactor - short OFactor) >= 6; LOW 6, MEDIUM 7, HIGH 8"",""actual"":{""edge"":40.4848,""level"":""HIGH"",""absolute_edge"":40.4848},""fields"":[""ofactor_long"",""ofactor_short"",""directional_edge""],""passed"":true,""blocking"":true,""source_table"":""oiis_live.daily_candidate""}}","11826.09000000","70.2424","220.6969","[""OFACTOR_BELOW_MINIMUM"",""NO_VALID_SETUP"",""INSUFFICIENT_LIQUIDITY"",""REWARD_RISK_NOT_CALCULATED"",""STOP_TOO_WIDE"",""XFACTOR_BELOW_MINIMUM""]","11709.00000000","66.74873129","3ba28ec5-4e6f-4112-a25f-f1d8712cf493","Automobile and Auto Components","0.37040072","-26.87609075","56.7890","OPEN_LOSS","1","0.00000000","88","SIMULATED","-204","200000","-204","896","199104","-833","-199104","-199104","1479.0000022848","1479.0000022848","17","2026-08-25T00:00:00.000Z","75","878400","-900","realised_net_pnl is NET; open_unrealised_gross_pnl and counterfactual paths are GROSS","OPEN","11799.00000000","-900","DEVELOPING_INCLUSIVE","3229.9948","FROZEN_AT_5D","11700","2026-08-22T17:53:06.169Z","SMARTAPI_QUOTE_CACHE","-900","-0.10245901639344135","329","true","11663","2026-08-17T10:00:00.000Z","BARS_1M_ENTRY_SESSION_CLOSE","-3675","-0.4183743169398957","-3675","6525","11799","11663","11712","75","11700.00000000","2026-08-22T01:25:00.000Z","2026-08-22T00:00:00.000Z","","","OPEN","1","0.00000000","-1.0000000000","-100","-100","true","{""run_id"":""3ba28ec5-4e6f-4112-a25f-f1d8712cf493"",""run_slot"":""INTRADAY_1000"",""policy_id"":""OIIS_DAILY_SELECTION_INTRADAY_ENTRY_V1.0"",""entry_rule"":""QUALITY_SUM_THRESHOLD"",""fno_lot_size"":75,""quality_score"":""220.6969"",""sizing_policy"":""ONE_CURRENT_FNO_LOT"",""source_bar_id"":""NSE:16669:2026-08-17T04:30:00+00:00:ws"",""operator_override"":false,""quality_threshold"":""185"",""one_entry_per_symbol_trade_date"":true}","0.0074282787","0.74282787","0.74282787","FIVE_SESSION_COMPLETE","OPEN_ACTUAL","-900","2026-08-17T04:32:00.000Z","75.00000000","877950.00000000","ENTRY_NOTIONAL","100","BAD_RISK","50.06","true","0","0","0.00000000","75.00000000","","","","","","","6","BUY","75.00000000","11632","true","2026-08-18T06:29:00.000Z","6000","11632","-6000","EXITED_AT_FIRST_BREACH","OIIS_LIVE","3.7","BAJAJ-AUTO","OBSERVED","bf01bbcb-1ddc-4468-a0bd-cf954a01d61a","0c3135b6-eadc-40f4-83dc-aec38e1b58b3","","-900.00000000"
"1600000.00000000","{}","6500","260","6500","1.0594947025264874","{""reward"":15.26,""risk"":24.99,""speed"":14.54}","55","GOOD","EQUITY","24540.00000000","2102","BOOKED","66.66666682564103","HYPOTHETICAL","24280","2026-08-22T17:53:06.169Z","0","","false","0","0.01059494702526487368","613500","QUALITY_SUM_THRESHOLD","632.14285714","2026-08-17T04:00:10.651Z","24545.00000000","{""xfactor"":{""score"":58.7011,""weights"":{""setup_integrity"":18,""instrument_quality"":3,""reward_path_quality"":14,""trigger_confirmation"":16,""entry_location_quality"":20,""timing_session_quality"":3,""stop_invalidation_quality"":14,""liquidity_slippage_quality"":6,""market_sector_synchronisation"":6},""decision"":""NO_OPPORTUNITY"",""move_atr"":0.2847,""setup_id"":""BREAKDOWN_ACCEPTANCE"",""penalties"":{},""raw_score"":58.7011,""components"":{""setup_integrity"":55,""instrument_quality"":100,""reward_path_quality"":50,""trigger_confirmation"":20,""entry_location_quality"":84.1808,""timing_session_quality"":80,""stop_invalidation_quality"":50,""liquidity_slippage_quality"":100,""market_sector_synchronisation"":56.0816},""hard_gates"":[""OFACTOR_BELOW_MINIMUM"",""NO_VALID_SETUP"",""NO_STRUCTURAL_STOP"",""REWARD_RISK_NOT_CALCULATED""],""final_score"":58.7011,""reward_risk"":null,""setup_state"":""AWAITING_VOLUME"",""setup_valid"":false,""extension_atr"":0.2847,""penalty_total"":0,""risk_per_share"":null,""structural_stop"":null,""setup_evaluation"":{""state"":""AWAITING_VOLUME"",""valid"":false,""direction"":""SHORT"",""setup_type"":""BREAKDOWN_ACCEPTANCE"",""reason_codes"":[""VOLUME_NOT_CONFIRMED""],""trigger_price"":24545,""structural_stop"":24600,""volume_confirmed"":false},""vwap_distance_atr"":0.0035,""weighted_contributions"":{""setup_integrity"":9.9,""instrument_quality"":3,""reward_path_quality"":7,""trigger_confirmation"":3.2,""entry_location_quality"":16.8362,""timing_session_quality"":2.4,""stop_invalidation_quality"":7,""liquidity_slippage_quality"":6,""market_sector_synchronisation"":3.3649},""score_reconciliation_residual"":0},""ofactor_long"":{""weights"":{""trend_quality"":18,""catalyst_context"":4,""momentum_quality"":12,""relative_strength"":10,""liquidity_tradability"":6,""market_regime_support"":8,""sector_industry_support"":14,""money_flow_participation"":18,""institutional_confirmation"":10},""direction"":""LONG"",""penalties"":{},""raw_score"":31.2328,""components"":{""trend_quality"":19.8952,""catalyst_context"":50,""momentum_quality"":7.0702,""relative_strength"":7.0706,""liquidity_tradability"":100,""market_regime_support"":64.8102,""sector_industry_support"":23.0266,""money_flow_participation"":26.0424,""institutional_confirmation"":50},""final_score"":31.2328,""penalty_total"":0,""classification"":""REJECT"",""weighted_contributions"":{""trend_quality"":3.5811,""catalyst_context"":2,""momentum_quality"":0.8484,""relative_strength"":0.7071,""liquidity_tradability"":6,""market_regime_support"":5.1848,""sector_industry_support"":3.2237,""money_flow_participation"":4.6876,""institutional_confirmation"":5},""score_reconciliation_residual"":0},""ofactor_short"":{""weights"":{""trend_quality"":18,""catalyst_context"":4,""momentum_quality"":12,""relative_strength"":10,""liquidity_tradability"":6,""market_regime_support"":8,""sector_industry_support"":14,""money_flow_participation"":18,""institutional_confirmation"":10},""direction"":""SHORT"",""penalties"":{},""raw_score"":73.3688,""components"":{""trend_quality"":80.1048,""catalyst_context"":50,""momentum_quality"":92.9298,""relative_strength"":92.9294,""liquidity_tradability"":100,""market_regime_support"":35.1898,""sector_industry_support"":76.9734,""money_flow_participation"":66.1886,""institutional_confirmation"":50},""final_score"":73.3688,""penalty_total"":0,""classification"":""WATCHLIST"",""weighted_contributions"":{""trend_quality"":14.4189,""catalyst_context"":2,""momentum_quality"":11.1516,""relative_strength"":9.2929,""liquidity_tradability"":6,""market_regime_support"":2.8152,""sector_industry_support"":10.7763,""money_flow_participation"":11.9139,""institutional_confirmation"":5},""score_reconciliation_residual"":0}}","FULL","93.6655","SHORT","-42.1360","{""STOP_TOO_WIDE"":{""rule"":""risk per share / ATR14 <= 2.5; recorded but non-blocking"",""actual"":{""atr14"":632.1428571428571,""risk_atr"":null,""risk_per_share"":null},""fields"":[""structural_stop"",""risk_per_share"",""atr14""],""passed"":false,""blocking"":false,""source_table"":""oiis_live.daily_candidate.evidence""},""NO_VALID_SETUP"":{""rule"":""one canonical setup object must contain recognised structure, volume confirmation and a structural invalidation"",""actual"":{""state"":""AWAITING_VOLUME"",""valid"":false,""direction"":""SHORT"",""setup_type"":""BREAKDOWN_ACCEPTANCE"",""reason_codes"":[""VOLUME_NOT_CONFIRMED""],""trigger_price"":24545,""structural_stop"":24600,""volume_confirmed"":false},""fields"":[""open"",""high"",""low"",""close"",""sma20"",""sma50"",""prior_high_20"",""prior_low_20"",""volume_ratio_20""],""passed"":false,""blocking"":true,""source_table"":""nse.fact_eod_prices + public.bars_1m + derived rolling features""},""EXCESSIVE_EXTENSION"":{""rule"":""abs(current price - session open) / previous completed daily ATR <= 1.8; VWAP distance retained separately"",""actual"":{""close"":24545,""level"":""LOW"",""move_atr"":0.2847,""session_open"":24725,""session_vwap"":24542.76073619632,""vwap_distance_atr"":0.0035,""atr14_previous_completed"":632.1428571428571},""fields"":[""close"",""session_open"",""session_vwap"",""atr14_previous_completed""],""passed"":true,""blocking"":true,""source_table"":""public.bars_1m + nse.fact_eod_prices derived features""},""OFACTOR_BELOW_MINIMUM"":{""rule"":""canonical permission requires selected OFactor >= 74; 54/64/74 remain screening cohorts"",""actual"":{""long"":31.2328,""short"":73.3688,""selected"":73.3688,""screening_level"":""MEDIUM""},""fields"":[""ofactor_long"",""ofactor_short"",""selected_ofactor""],""passed"":false,""blocking"":true,""source_table"":""oiis_live.daily_candidate.component_scores/evidence""},""XFACTOR_BELOW_MINIMUM"":{""rule"":""XFactor >= 76"",""actual"":{""xfactor"":58.7011},""fields"":[""xfactor_snapshot""],""passed"":false,""blocking"":true,""source_table"":""oiis_live.daily_candidate.component_scores/evidence""},""INSUFFICIENT_LIQUIDITY"":{""rule"":""primary: volume ratio >= 0.75 and turnover percentile >= 0.10; fallback: 90-day volume percentile >= 0.30"",""actual"":{""primary_used"":true,""volume_level"":""HIGH"",""volume_ratio_20"":1.0751978891820582,""turnover_percentile"":0.8789473684210526,""volume_percentile_90"":0.8421052631578947},""fields"":[""volume"",""volume_average_20"",""turnover_lacs"",""volume_percentile_90""],""passed"":true,""blocking"":true,""source_table"":""nse.fact_eod_prices""},""REWARD_RISK_BELOW_MINIMUM"":{""rule"":""when estimable, reward/risk >= 1.5"",""actual"":{""reward_risk"":null},""fields"":[""reward_risk""],""passed"":true,""blocking"":true,""source_table"":""oiis_live.daily_candidate.evidence""},""DATA_QUALITY_BELOW_MINIMUM"":{""rule"":""data quality >= 85 and permission FULL"",""actual"":{""score"":93.6655,""permission"":""FULL""},""fields"":[""data_quality"",""data_permission""],""passed"":true,""blocking"":true,""source_table"":""oiis_live.daily_candidate""},""REWARD_RISK_NOT_CALCULATED"":{""rule"":""reward/risk is calculated only from a valid setup stop and a real opposing barrier"",""actual"":{""reward_risk"":null,""risk_per_share"":null,""structural_stop"":null},""fields"":[""setup_evaluation"",""structural_stop"",""opposing_barrier""],""passed"":false,""blocking"":true,""source_table"":""oiis_live.daily_candidate.evidence""},""DIRECTIONAL_EDGE_BELOW_MINIMUM"":{""rule"":""abs(long OFactor - short OFactor) >= 6; LOW 6, MEDIUM 7, HIGH 8"",""actual"":{""edge"":-42.136,""level"":""HIGH"",""absolute_edge"":42.136},""fields"":[""ofactor_long"",""ofactor_short"",""directional_edge""],""passed"":true,""blocking"":true,""source_table"":""oiis_live.daily_candidate""}}","24790.45000000","73.3688","225.7354","[""OFACTOR_BELOW_MINIMUM"",""NO_VALID_SETUP"",""REWARD_RISK_NOT_CALCULATED"",""STOP_TOO_WIDE"",""XFACTOR_BELOW_MINIMUM""]","24545.00000000","31.89460372","49ed4ef1-82b4-42d3-bd6e-43c1d0158fc8","Construction Materials","1.07519789","-98.84868421","58.7011","OPEN_PROFIT","1","0.00000000","74","SIMULATED","2080","200000","2080","3680","196320","40","-2079.99999504","-2079.99999504","3759.9999925439997","3119.99999256","8","2026-08-25T00:00:00.000Z","25","613500","6500","realised_net_pnl is NET; open_unrealised_gross_pnl and counterfactual paths are GROSS","OPEN","24800.00000000","6500","DEVELOPING_INCLUSIVE","3396.9665","FROZEN_AT_5D","24280","2026-08-22T17:53:06.169Z","SMARTAPI_QUOTE_CACHE","6500","1.0594947025264867","359","true","24535","2026-08-17T10:00:00.000Z","BARS_1M_ENTRY_SESSION_CLOSE","125","0.02037489812550808","-3875","3250","24695","24410","24540","25","24280.00000000","2026-08-22T01:25:00.000Z","2026-08-22T00:00:00.000Z","","","OPEN","1","24070.00000000","-0.0105949470","-1.0594947000000001","-1.0594947000000001","true","{""run_id"":""49ed4ef1-82b4-42d3-bd6e-43c1d0158fc8"",""run_slot"":""OPEN_0930"",""policy_id"":""OIIS_DAILY_SELECTION_INTRADAY_ENTRY_V1.0"",""entry_rule"":""QUALITY_SUM_THRESHOLD"",""fno_lot_size"":25,""quality_score"":""225.7354"",""sizing_policy"":""ONE_CURRENT_FNO_LOT"",""source_bar_id"":""NSE:3103:2026-08-17T04:00:00+00:00:ws"",""operator_override"":false,""quality_threshold"":""185"",""one_entry_per_symbol_trade_date"":true}","0.0191524042","1.91524042","1.58924205","FIVE_SESSION_COMPLETE","OPEN_ACTUAL","6500","2026-08-17T04:02:00.000Z","25.00000000","613750.00000000","ENTRY_NOTIONAL","100","LUCKY_WIN","65.6","true","0","0","0.00000000","25.00000000","","","","","","","6","SELL","25.00000000","24780","true","2026-08-18T03:45:00.000Z","6000","24780","-6000","EXITED_AT_FIRST_BREACH","OIIS_LIVE","3.7","SHREECEM","OBSERVED","0191e906-f36d-4490-a66e-598f5bec183f","4b6fac86-140f-448c-a6d7-21d990d7ca26","","6500.00000000"
"1600000.00000000","{}","-32752.5","-119.1","-32752.5","-4.672237260209486","{""reward"":2.94,""risk"":0,""speed"":17.58}","21","BAD","EQUITY","2549.10000000","2336","BOOKED","-1526.9230746033286","HYPOTHETICAL","2430","2026-08-22T17:53:06.169Z","0","","false","0","-0.04672237260209485701","701002.5","QUALITY_SUM_THRESHOLD","82.31428571","2026-08-14T09:30:10.747Z","2546.20000000","{""xfactor"":{""score"":84.3519,""weights"":{""setup_integrity"":18,""instrument_quality"":3,""reward_path_quality"":14,""trigger_confirmation"":16,""entry_location_quality"":20,""timing_session_quality"":3,""stop_invalidation_quality"":14,""liquidity_slippage_quality"":6,""market_sector_synchronisation"":6},""decision"":""ENTERABLE_TIER_A"",""move_atr"":0.1118,""setup_id"":""BREAKOUT_ACCEPTANCE"",""penalties"":{},""raw_score"":84.3519,""components"":{""setup_integrity"":90,""instrument_quality"":100,""reward_path_quality"":50,""trigger_confirmation"":90,""entry_location_quality"":93.7907,""timing_session_quality"":80,""stop_invalidation_quality"":97.4731,""liquidity_slippage_quality"":64.9123,""market_sector_synchronisation"":84.2131},""hard_gates"":[""REWARD_RISK_NOT_CALCULATED""],""final_score"":84.3519,""reward_risk"":null,""setup_state"":""TRIGGERED"",""setup_valid"":true,""extension_atr"":0.1118,""penalty_total"":0,""risk_per_share"":5.2,""structural_stop"":2541,""setup_evaluation"":{""state"":""TRIGGERED"",""valid"":true,""direction"":""LONG"",""setup_type"":""BREAKOUT_ACCEPTANCE"",""reason_codes"":[],""trigger_price"":2546.2,""structural_stop"":2541,""volume_confirmed"":true},""vwap_distance_atr"":0.1473,""weighted_contributions"":{""setup_integrity"":16.2,""instrument_quality"":3,""reward_path_quality"":7,""trigger_confirmation"":14.4,""entry_location_quality"":18.7581,""timing_session_quality"":2.4,""stop_invalidation_quality"":13.6462,""liquidity_slippage_quality"":3.8947,""market_sector_synchronisation"":5.0528},""score_reconciliation_residual"":0},""ofactor_long"":{""weights"":{""trend_quality"":18,""catalyst_context"":4,""momentum_quality"":12,""relative_strength"":10,""liquidity_tradability"":6,""market_regime_support"":8,""sector_industry_support"":14,""money_flow_participation"":18,""institutional_confirmation"":10},""direction"":""LONG"",""penalties"":{},""raw_score"":79.0903,""components"":{""trend_quality"":98.4659,""catalyst_context"":50,""momentum_quality"":76.032,""relative_strength"":65.0308,""liquidity_tradability"":64.9123,""market_regime_support"":68.4263,""sector_industry_support"":100,""money_flow_participation"":85.3925,""institutional_confirmation"":50},""final_score"":79.0903,""penalty_total"":0,""classification"":""TIER_B"",""weighted_contributions"":{""trend_quality"":17.7239,""catalyst_context"":2,""momentum_quality"":9.1238,""relative_strength"":6.5031,""liquidity_tradability"":3.8947,""market_regime_support"":5.4741,""sector_industry_support"":14,""money_flow_participation"":15.3707,""institutional_confirmation"":5},""score_reconciliation_residual"":0},""ofactor_short"":{""weights"":{""trend_quality"":18,""catalyst_context"":4,""momentum_quality"":12,""relative_strength"":10,""liquidity_tradability"":6,""market_regime_support"":8,""sector_industry_support"":14,""money_flow_participation"":18,""institutional_confirmation"":10},""direction"":""SHORT"",""penalties"":{""flow_conflict"":7},""raw_score"":28.6992,""components"":{""trend_quality"":1.534,""catalyst_context"":50,""momentum_quality"":23.968,""relative_strength"":34.9692,""liquidity_tradability"":64.9123,""market_regime_support"":31.5737,""sector_industry_support"":0,""money_flow_participation"":47.9408,""institutional_confirmation"":50},""final_score"":21.6992,""penalty_total"":7,""classification"":""REJECT"",""weighted_contributions"":{""trend_quality"":0.2761,""catalyst_context"":2,""momentum_quality"":2.8762,""relative_strength"":3.4969,""liquidity_tradability"":3.8947,""market_regime_support"":2.5259,""sector_industry_support"":0,""money_flow_participation"":8.6293,""institutional_confirmation"":5},""score_reconciliation_residual"":0}}","FULL","93.6655","LONG","57.3911","{""STOP_TOO_WIDE"":{""rule"":""risk per share / ATR14 <= 2.5; recorded but non-blocking"",""actual"":{""atr14"":82.31428571428572,""risk_atr"":0.06317250954529677,""risk_per_share"":5.2},""fields"":[""structural_stop"",""risk_per_share"",""atr14""],""passed"":true,""blocking"":false,""source_table"":""oiis_live.daily_candidate.evidence""},""NO_VALID_SETUP"":{""rule"":""one canonical setup object must contain recognised structure, volume confirmation and a structural invalidation"",""actual"":{""state"":""TRIGGERED"",""valid"":true,""direction"":""LONG"",""setup_type"":""BREAKOUT_ACCEPTANCE"",""reason_codes"":[],""trigger_price"":2546.2,""structural_stop"":2541,""volume_confirmed"":true},""fields"":[""open"",""high"",""low"",""close"",""sma20"",""sma50"",""prior_high_20"",""prior_low_20"",""volume_ratio_20""],""passed"":true,""blocking"":true,""source_table"":""nse.fact_eod_prices + public.bars_1m + derived rolling features""},""EXCESSIVE_EXTENSION"":{""rule"":""abs(current price - session open) / previous completed daily ATR <= 1.8; VWAP distance retained separately"",""actual"":{""close"":2546.2,""level"":""LOW"",""move_atr"":0.1118,""session_open"":2537,""session_vwap"":2534.073769685039,""vwap_distance_atr"":0.1473,""atr14_previous_completed"":82.31428571428572},""fields"":[""close"",""session_open"",""session_vwap"",""atr14_previous_completed""],""passed"":true,""blocking"":true,""source_table"":""public.bars_1m + nse.fact_eod_prices derived features""},""OFACTOR_BELOW_MINIMUM"":{""rule"":""canonical permission requires selected OFactor >= 74; 54/64/74 remain screening cohorts"",""actual"":{""long"":79.0903,""short"":21.6992,""selected"":79.0903,""screening_level"":""HIGH""},""fields"":[""ofactor_long"",""ofactor_short"",""selected_ofactor""],""passed"":true,""blocking"":true,""source_table"":""oiis_live.daily_candidate.component_scores/evidence""},""XFACTOR_BELOW_MINIMUM"":{""rule"":""XFactor >= 76"",""actual"":{""xfactor"":84.3519},""fields"":[""xfactor_snapshot""],""passed"":true,""blocking"":true,""source_table"":""oiis_live.daily_candidate.component_scores/evidence""},""INSUFFICIENT_LIQUIDITY"":{""rule"":""primary: volume ratio >= 0.75 and turnover percentile >= 0.10; fallback: 90-day volume percentile >= 0.30"",""actual"":{""primary_used"":true,""volume_level"":""HIGH"",""volume_ratio_20"":3.351982954154925,""turnover_percentile"":0.5368421052631579,""volume_percentile_90"":1},""fields"":[""volume"",""volume_average_20"",""turnover_lacs"",""volume_percentile_90""],""passed"":true,""blocking"":true,""source_table"":""nse.fact_eod_prices""},""REWARD_RISK_BELOW_MINIMUM"":{""rule"":""when estimable, reward/risk >= 1.5"",""actual"":{""reward_risk"":null},""fields"":[""reward_risk""],""passed"":true,""blocking"":true,""source_table"":""oiis_live.daily_candidate.evidence""},""DATA_QUALITY_BELOW_MINIMUM"":{""rule"":""data quality >= 85 and permission FULL"",""actual"":{""score"":93.6655,""permission"":""FULL""},""fields"":[""data_quality"",""data_permission""],""passed"":true,""blocking"":true,""source_table"":""oiis_live.daily_candidate""},""REWARD_RISK_NOT_CALCULATED"":{""rule"":""reward/risk is calculated only from a valid setup stop and a real opposing barrier"",""actual"":{""reward_risk"":null,""risk_per_share"":5.2,""structural_stop"":2541},""fields"":[""setup_evaluation"",""structural_stop"",""opposing_barrier""],""passed"":false,""blocking"":true,""source_table"":""oiis_live.daily_candidate.evidence""},""DIRECTIONAL_EDGE_BELOW_MINIMUM"":{""rule"":""abs(long OFactor - short OFactor) >= 6; LOW 6, MEDIUM 7, HIGH 8"",""actual"":{""edge"":57.3911,""level"":""HIGH"",""absolute_edge"":57.3911},""fields"":[""ofactor_long"",""ofactor_short"",""directional_edge""],""passed"":true,""blocking"":true,""source_table"":""oiis_live.daily_candidate""}}","2571.66200000","79.0903","257.1077","[""REWARD_RISK_NOT_CALCULATED""]","2546.20000000","64.04543431","3f902924-c852-4392-b09f-1e242156e8e7","Information Technology","3.35198295","-2.08585248","84.3519","OPEN_LOSS","1","0.00000000","9","SIMULATED","-9289.8","200000","-9289.799999999992","1170.2000000000116","198829.8","-319.7999999999929","-12690.60000984828","-9133.8000075036","608.4000009242999","608.4000009242999","78","2026-08-25T00:00:00.000Z","275","701002.5","-32752.5","realised_net_pnl is NET; open_unrealised_gross_pnl and counterfactual paths are GROSS","OPEN","2556.90000000","-32752.499999999975","DEVELOPING_INCLUSIVE","-33051.2892","FROZEN_AT_5D","2430","2026-08-22T17:53:06.169Z","SMARTAPI_QUOTE_CACHE","-32752.499999999975","-4.672237260209478","26","true","2545","2026-08-14T10:00:00.000Z","BARS_1M_ENTRY_SESSION_CLOSE","-1127.499999999975","-0.16084108116589668","-1127.499999999975","2145.00000000005","2556.9","2545","2549.1","275","2430.00000000","2026-08-22T01:25:00.000Z","2026-08-22T00:00:00.000Z","","","OPEN","1","2386.40000000","-0.0638264486","-6.38264486","-4.5937782","true","{""run_id"":""3f902924-c852-4392-b09f-1e242156e8e7"",""run_slot"":""AFTERNOON_1500"",""policy_id"":""OIIS_DAILY_SELECTION_INTRADAY_ENTRY_V1.0"",""entry_rule"":""QUALITY_SUM_THRESHOLD"",""fno_lot_size"":275,""quality_score"":""257.1077"",""sizing_policy"":""ONE_CURRENT_FNO_LOT"",""source_bar_id"":""NSE:4503:2026-08-14T09:30:00+00:00:ws"",""operator_override"":false,""quality_threshold"":""185"",""one_entry_per_symbol_trade_date"":true}","0.0030599035","0.30599034999999997","0.30599034999999997","FIVE_SESSION_COMPLETE","OPEN_ACTUAL","-32752.5","2026-08-14T09:35:00.000Z","275.00000000","700232.50000000","ENTRY_NOTIONAL","100","BAD","54.64","true","0","0","0.00000000","275.00000000","","","","","","","8","BUY","275.00000000","2520.5","true","2026-08-17T03:45:00.000Z","6000","2527.2818181818184","-7864.9999999999745","EXITED_AT_FIRST_BREACH","OIIS_LIVE","3.7","MPHASIS","OBSERVED","7172cd0d-a063-48ae-8b15-9f6dfe0dea0f","ed141e09-1dda-42d1-b910-0dad91c80a8a","","-32752.50000000"
"1600000.00000000","{}","3650.3137","8.588973411764707","3650.3137","0.6133666651263805","{""reward"":18.3,""risk"":6.75,""speed"":17.81}","43","MIXED","EQUITY","1400.30000000","2380","BOOKED","32.168439765147795","HYPOTHETICAL","1359","2026-08-22T17:53:06.169Z","759.13270000","2026-08-14T09:12:00.000Z","true","0","-0.02949367992573020067","595127.5","QUALITY_SUM_THRESHOLD","32.87142857","2026-08-14T09:00:06.245Z","1388.90000000","{""xfactor"":{""score"":83.0735,""weights"":{""setup_integrity"":18,""instrument_quality"":3,""reward_path_quality"":14,""trigger_confirmation"":16,""entry_location_quality"":20,""timing_session_quality"":3,""stop_invalidation_quality"":14,""liquidity_slippage_quality"":6,""market_sector_synchronisation"":6},""decision"":""ENTERABLE_TIER_B"",""move_atr"":0.2221,""setup_id"":""BREAKOUT_ACCEPTANCE"",""penalties"":{},""raw_score"":83.0735,""components"":{""setup_integrity"":90,""instrument_quality"":100,""reward_path_quality"":50,""trigger_confirmation"":90,""entry_location_quality"":87.6624,""timing_session_quality"":80,""stop_invalidation_quality"":88.5615,""liquidity_slippage_quality"":100,""market_sector_synchronisation"":69.0396},""hard_gates"":[""REWARD_RISK_NOT_CALCULATED""],""final_score"":83.0735,""reward_risk"":null,""setup_state"":""TRIGGERED"",""setup_valid"":true,""extension_atr"":0.2221,""penalty_total"":0,""risk_per_share"":9.4,""structural_stop"":1379.5,""setup_evaluation"":{""state"":""TRIGGERED"",""valid"":true,""direction"":""LONG"",""setup_type"":""BREAKOUT_ACCEPTANCE"",""reason_codes"":[],""trigger_price"":1388.9,""structural_stop"":1379.5,""volume_confirmed"":true},""vwap_distance_atr"":0.2273,""weighted_contributions"":{""setup_integrity"":16.2,""instrument_quality"":3,""reward_path_quality"":7,""trigger_confirmation"":14.4,""entry_location_quality"":17.5325,""timing_session_quality"":2.4,""stop_invalidation_quality"":12.3986,""liquidity_slippage_quality"":6,""market_sector_synchronisation"":4.1424},""score_reconciliation_residual"":0},""ofactor_long"":{""weights"":{""trend_quality"":18,""catalyst_context"":4,""momentum_quality"":12,""relative_strength"":10,""liquidity_tradability"":6,""market_regime_support"":8,""sector_industry_support"":14,""money_flow_participation"":18,""institutional_confirmation"":10},""direction"":""LONG"",""penalties"":{},""raw_score"":81.3787,""components"":{""trend_quality"":88.8862,""catalyst_context"":50,""momentum_quality"":93.5255,""relative_strength"":94.35,""liquidity_tradability"":100,""market_regime_support"":68.4042,""sector_industry_support"":69.6751,""money_flow_participation"":91.6351,""institutional_confirmation"":50},""final_score"":81.3787,""penalty_total"":0,""classification"":""TIER_B"",""weighted_contributions"":{""trend_quality"":15.9995,""catalyst_context"":2,""momentum_quality"":11.2231,""relative_strength"":9.435,""liquidity_tradability"":6,""market_regime_support"":5.4723,""sector_industry_support"":9.7545,""money_flow_participation"":16.4943,""institutional_confirmation"":5},""score_reconciliation_residual"":0},""ofactor_short"":{""weights"":{""trend_quality"":18,""catalyst_context"":4,""momentum_quality"":12,""relative_strength"":10,""liquidity_tradability"":6,""market_regime_support"":8,""sector_industry_support"":14,""money_flow_participation"":18,""institutional_confirmation"":10},""direction"":""SHORT"",""penalties"":{""flow_conflict"":7},""raw_score"":30.6213,""components"":{""trend_quality"":11.1138,""catalyst_context"":50,""momentum_quality"":6.4745,""relative_strength"":5.6501,""liquidity_tradability"":100,""market_regime_support"":31.5958,""sector_industry_support"":30.3249,""money_flow_participation"":41.6982,""institutional_confirmation"":50},""final_score"":23.6213,""penalty_total"":7,""classification"":""REJECT"",""weighted_contributions"":{""trend_quality"":2.0005,""catalyst_context"":2,""momentum_quality"":0.7769,""relative_strength"":0.565,""liquidity_tradability"":6,""market_regime_support"":2.5277,""sector_industry_support"":4.2455,""money_flow_participation"":7.5057,""institutional_confirmation"":5},""score_reconciliation_residual"":0}}","FULL","93.6655","LONG","57.7574","{""STOP_TOO_WIDE"":{""rule"":""risk per share / ATR14 <= 2.5; recorded but non-blocking"",""actual"":{""atr14"":32.87142857142861,""risk_atr"":0.2859626249456755,""risk_per_share"":9.4},""fields"":[""structural_stop"",""risk_per_share"",""atr14""],""passed"":true,""blocking"":false,""source_table"":""oiis_live.daily_candidate.evidence""},""NO_VALID_SETUP"":{""rule"":""one canonical setup object must contain recognised structure, volume confirmation and a structural invalidation"",""actual"":{""state"":""TRIGGERED"",""valid"":true,""direction"":""LONG"",""setup_type"":""BREAKOUT_ACCEPTANCE"",""reason_codes"":[],""trigger_price"":1388.9,""structural_stop"":1379.5,""volume_confirmed"":true},""fields"":[""open"",""high"",""low"",""close"",""sma20"",""sma50"",""prior_high_20"",""prior_low_20"",""volume_ratio_20""],""passed"":true,""blocking"":true,""source_table"":""nse.fact_eod_prices + public.bars_1m + derived rolling features""},""EXCESSIVE_EXTENSION"":{""rule"":""abs(current price - session open) / previous completed daily ATR <= 1.8; VWAP distance retained separately"",""actual"":{""close"":1388.9,""level"":""LOW"",""move_atr"":0.2221,""session_open"":1381.6,""session_vwap"":1381.4295210065554,""vwap_distance_atr"":0.2273,""atr14_previous_completed"":32.87142857142861},""fields"":[""close"",""session_open"",""session_vwap"",""atr14_previous_completed""],""passed"":true,""blocking"":true,""source_table"":""public.bars_1m + nse.fact_eod_prices derived features""},""OFACTOR_BELOW_MINIMUM"":{""rule"":""canonical permission requires selected OFactor >= 74; 54/64/74 remain screening cohorts"",""actual"":{""long"":81.3787,""short"":23.6213,""selected"":81.3787,""screening_level"":""HIGH""},""fields"":[""ofactor_long"",""ofactor_short"",""selected_ofactor""],""passed"":true,""blocking"":true,""source_table"":""oiis_live.daily_candidate.component_scores/evidence""},""XFACTOR_BELOW_MINIMUM"":{""rule"":""XFactor >= 76"",""actual"":{""xfactor"":83.0735},""fields"":[""xfactor_snapshot""],""passed"":true,""blocking"":true,""source_table"":""oiis_live.daily_candidate.component_scores/evidence""},""INSUFFICIENT_LIQUIDITY"":{""rule"":""primary: volume ratio >= 0.75 and turnover percentile >= 0.10; fallback: 90-day volume percentile >= 0.30"",""actual"":{""primary_used"":true,""volume_level"":""HIGH"",""volume_ratio_20"":4.616758835219908,""turnover_percentile"":0.9105263157894737,""volume_percentile_90"":1},""fields"":[""volume"",""volume_average_20"",""turnover_lacs"",""volume_percentile_90""],""passed"":true,""blocking"":true,""source_table"":""nse.fact_eod_prices""},""REWARD_RISK_BELOW_MINIMUM"":{""rule"":""when estimable, reward/risk >= 1.5"",""actual"":{""reward_risk"":null},""fields"":[""reward_risk""],""passed"":true,""blocking"":true,""source_table"":""oiis_live.daily_candidate.evidence""},""DATA_QUALITY_BELOW_MINIMUM"":{""rule"":""data quality >= 85 and permission FULL"",""actual"":{""score"":93.6655,""permission"":""FULL""},""fields"":[""data_quality"",""data_permission""],""passed"":true,""blocking"":true,""source_table"":""oiis_live.daily_candidate""},""REWARD_RISK_NOT_CALCULATED"":{""rule"":""reward/risk is calculated only from a valid setup stop and a real opposing barrier"",""actual"":{""reward_risk"":null,""risk_per_share"":9.4,""structural_stop"":1379.5},""fields"":[""setup_evaluation"",""structural_stop"",""opposing_barrier""],""passed"":false,""blocking"":true,""source_table"":""oiis_live.daily_candidate.evidence""},""DIRECTIONAL_EDGE_BELOW_MINIMUM"":{""rule"":""abs(long OFactor - short OFactor) >= 6; LOW 6, MEDIUM 7, HIGH 8"",""actual"":{""edge"":57.7574,""level"":""HIGH"",""absolute_edge"":57.7574},""fields"":[""ofactor_long"",""ofactor_short"",""directional_edge""],""passed"":true,""blocking"":true,""source_table"":""oiis_live.daily_candidate""}}","1402.78900000","81.3787","258.1177","[""REWARD_RISK_NOT_CALCULATED""]","1388.90000000","68.52544731","bb8f5c0a-3bc2-47f7-ae16-b01e31d43e69","Capital Goods","4.61675884","-9.64760254","83.0735","CLOSED_PROFIT","2","0.00000000","4","SIMULATED","1219.6342244705884","200000","-5864.599999999993","1157.3999999999942","198842.6","-326.59999999999354","-13064.000000302462","-6375.800001033761","3791.3999975590204","3791.3999975590204","142","2026-08-25T00:00:00.000Z","425","595127.5","6375","realised_net_pnl is NET; open_unrealised_gross_pnl and counterfactual paths are GROSS","CLOSED","1427.00000000","-17552.49999999998","DEVELOPING_INCLUSIVE","-3851.8008","FROZEN_AT_5D","1359","2026-08-22T17:53:06.169Z","SMARTAPI_QUOTE_CACHE","-17552.49999999998","-2.9493679925730154","55","true","1398","2026-08-14T10:00:00.000Z","BARS_1M_ENTRY_SESSION_CLOSE","-977.4999999999807","-0.16425051774618948","-5907.499999999942","8287.5","1419.8","1386.4","1400.3","425","1359.00000000","2026-08-22T01:25:00.000Z","2026-08-22T00:00:00.000Z","","","CLOSED","1","1308.30000000","-0.0657002071","-6.5700207100000005","-3.2064557600000003","true","{""run_id"":""bb8f5c0a-3bc2-47f7-ae16-b01e31d43e69"",""run_slot"":""INTRADAY_1430"",""policy_id"":""OIIS_DAILY_SELECTION_INTRADAY_ENTRY_V1.0"",""entry_rule"":""QUALITY_SUM_THRESHOLD"",""fno_lot_size"":425,""quality_score"":""258.1177"",""sizing_policy"":""ONE_CURRENT_FNO_LOT"",""source_bar_id"":""NSE:2144:2026-08-14T09:00:00+00:00:ws"",""operator_override"":false,""quality_threshold"":""185"",""one_entry_per_symbol_trade_date"":true}","0.0190673427","1.90673427","1.90673427","FIVE_SESSION_COMPLETE","OPEN_ACTUAL","0","2026-08-14T09:06:00.000Z","425.00000000","590452.50000000","ENTRY_NOTIONAL","100","GOOD_LOW","66.32","true","6375","3650.3137","3650.31370000","0.00000000","","","","","","","8","BUY","425.00000000","1386.1823529411765","true","2026-08-17T03:57:00.000Z","6000","1386.1823529411765","-5999.9999999999545","EXITED_AT_FIRST_BREACH","OIIS_LIVE","3.7","BDL","OBSERVED","2a3a8ffb-dd11-4381-8ff5-1824780e34b7","52800848-5f9a-4136-a451-3df1fd96f39f","","0.00000000"
"1600000.00000000","{}","13107.4257","37.44978771428571","13107.4257","1.795291836734694","{""reward"":15.74,""risk"":28.46,""speed"":17.21}","61","GOOD","EQUITY","2086.00000000","2468","BOOKED","109.5023031351954","HYPOTHETICAL","2139","2026-08-22T17:53:06.169Z","939.72970000","2026-08-20T03:54:00.000Z","false","0","0.02540747842761265580","730100","QUALITY_SUM_THRESHOLD","57.53571429","2026-08-14T07:30:10.846Z","2091.10000000","{""xfactor"":{""score"":75.5827,""weights"":{""setup_integrity"":18,""instrument_quality"":3,""reward_path_quality"":14,""trigger_confirmation"":16,""entry_location_quality"":20,""timing_session_quality"":3,""stop_invalidation_quality"":14,""liquidity_slippage_quality"":6,""market_sector_synchronisation"":6},""decision"":""WAIT"",""move_atr"":0.5405,""setup_id"":""BREAKOUT_ACCEPTANCE"",""penalties"":{},""raw_score"":75.5827,""components"":{""setup_integrity"":90,""instrument_quality"":100,""reward_path_quality"":50,""trigger_confirmation"":90,""entry_location_quality"":69.9703,""timing_session_quality"":80,""stop_invalidation_quality"":87.4165,""liquidity_slippage_quality"":37.5439,""market_sector_synchronisation"":68.2952},""hard_gates"":[""REWARD_RISK_NOT_CALCULATED""],""final_score"":75.5827,""reward_risk"":null,""setup_state"":""TRIGGERED"",""setup_valid"":true,""extension_atr"":0.5405,""penalty_total"":0,""risk_per_share"":18.1,""structural_stop"":2073,""setup_evaluation"":{""state"":""TRIGGERED"",""valid"":true,""direction"":""LONG"",""setup_type"":""BREAKOUT_ACCEPTANCE"",""reason_codes"":[],""trigger_price"":2091.1,""structural_stop"":2073,""volume_confirmed"":true},""vwap_distance_atr"":0.6913,""weighted_contributions"":{""setup_integrity"":16.2,""instrument_quality"":3,""reward_path_quality"":7,""trigger_confirmation"":14.4,""entry_location_quality"":13.9941,""timing_session_quality"":2.4,""stop_invalidation_quality"":12.2383,""liquidity_slippage_quality"":2.2526,""market_sector_synchronisation"":4.0977},""score_reconciliation_residual"":0},""ofactor_long"":{""weights"":{""trend_quality"":18,""catalyst_context"":4,""momentum_quality"":12,""relative_strength"":10,""liquidity_tradability"":6,""market_regime_support"":8,""sector_industry_support"":14,""money_flow_participation"":18,""institutional_confirmation"":10},""direction"":""LONG"",""penalties"":{},""raw_score"":77.3653,""components"":{""trend_quality"":97.6278,""catalyst_context"":50,""momentum_quality"":98.8645,""relative_strength"":100,""liquidity_tradability"":37.5439,""market_regime_support"":68.4103,""sector_industry_support"":68.1801,""money_flow_participation"":75.8772,""institutional_confirmation"":50},""final_score"":77.3653,""penalty_total"":0,""classification"":""TIER_B"",""weighted_contributions"":{""trend_quality"":17.573,""catalyst_context"":2,""momentum_quality"":11.8637,""relative_strength"":10,""liquidity_tradability"":2.2526,""market_regime_support"":5.4728,""sector_industry_support"":9.5452,""money_flow_participation"":13.6579,""institutional_confirmation"":5},""score_reconciliation_residual"":0},""ofactor_short"":{""weights"":{""trend_quality"":18,""catalyst_context"":4,""momentum_quality"":12,""relative_strength"":10,""liquidity_tradability"":6,""market_regime_support"":8,""sector_industry_support"":14,""money_flow_participation"":18,""institutional_confirmation"":10},""direction"":""SHORT"",""penalties"":{},""raw_score"":21.1929,""components"":{""trend_quality"":2.3722,""catalyst_context"":50,""momentum_quality"":1.1355,""relative_strength"":0,""liquidity_tradability"":37.5439,""market_regime_support"":31.5897,""sector_industry_support"":31.8199,""money_flow_participation"":24.417,""institutional_confirmation"":50},""final_score"":21.1929,""penalty_total"":0,""classification"":""REJECT"",""weighted_contributions"":{""trend_quality"":0.427,""catalyst_context"":2,""momentum_quality"":0.1363,""relative_strength"":0,""liquidity_tradability"":2.2526,""market_regime_support"":2.5272,""sector_industry_support"":4.4548,""money_flow_participation"":4.3951,""institutional_confirmation"":5},""score_reconciliation_residual"":0}}","FULL","93.6655","LONG","56.1724","{""STOP_TOO_WIDE"":{""rule"":""risk per share / ATR14 <= 2.5; recorded but non-blocking"",""actual"":{""atr14"":57.53571428571427,""risk_atr"":0.31458721291123537,""risk_per_share"":18.1},""fields"":[""structural_stop"",""risk_per_share"",""atr14""],""passed"":true,""blocking"":false,""source_table"":""oiis_live.daily_candidate.evidence""},""NO_VALID_SETUP"":{""rule"":""one canonical setup object must contain recognised structure, volume confirmation and a structural invalidation"",""actual"":{""state"":""TRIGGERED"",""valid"":true,""direction"":""LONG"",""setup_type"":""BREAKOUT_ACCEPTANCE"",""reason_codes"":[],""trigger_price"":2091.1,""structural_stop"":2073,""volume_confirmed"":true},""fields"":[""open"",""high"",""low"",""close"",""sma20"",""sma50"",""prior_high_20"",""prior_low_20"",""volume_ratio_20""],""passed"":true,""blocking"":true,""source_table"":""nse.fact_eod_prices + public.bars_1m + derived rolling features""},""EXCESSIVE_EXTENSION"":{""rule"":""abs(current price - session open) / previous completed daily ATR <= 1.8; VWAP distance retained separately"",""actual"":{""close"":2091.1,""level"":""LOW"",""move_atr"":0.5405,""session_open"":2060,""session_vwap"":2051.324481964697,""vwap_distance_atr"":0.6913,""atr14_previous_completed"":57.53571428571427},""fields"":[""close"",""session_open"",""session_vwap"",""atr14_previous_completed""],""passed"":true,""blocking"":true,""source_table"":""public.bars_1m + nse.fact_eod_prices derived features""},""OFACTOR_BELOW_MINIMUM"":{""rule"":""canonical permission requires selected OFactor >= 74; 54/64/74 remain screening cohorts"",""actual"":{""long"":77.3653,""short"":21.1929,""selected"":77.3653,""screening_level"":""HIGH""},""fields"":[""ofactor_long"",""ofactor_short"",""selected_ofactor""],""passed"":true,""blocking"":true,""source_table"":""oiis_live.daily_candidate.component_scores/evidence""},""XFACTOR_BELOW_MINIMUM"":{""rule"":""XFactor >= 76"",""actual"":{""xfactor"":75.5827},""fields"":[""xfactor_snapshot""],""passed"":false,""blocking"":true,""source_table"":""oiis_live.daily_candidate.component_scores/evidence""},""INSUFFICIENT_LIQUIDITY"":{""rule"":""primary: volume ratio >= 0.75 and turnover percentile >= 0.10; fallback: 90-day volume percentile >= 0.30"",""actual"":{""primary_used"":true,""volume_level"":""HIGH"",""volume_ratio_20"":1.2566173558131124,""turnover_percentile"":0.33157894736842103,""volume_percentile_90"":0.75},""fields"":[""volume"",""volume_average_20"",""turnover_lacs"",""volume_percentile_90""],""passed"":true,""blocking"":true,""source_table"":""nse.fact_eod_prices""},""REWARD_RISK_BELOW_MINIMUM"":{""rule"":""when estimable, reward/risk >= 1.5"",""actual"":{""reward_risk"":null},""fields"":[""reward_risk""],""passed"":true,""blocking"":true,""source_table"":""oiis_live.daily_candidate.evidence""},""DATA_QUALITY_BELOW_MINIMUM"":{""rule"":""data quality >= 85 and permission FULL"",""actual"":{""score"":93.6655,""permission"":""FULL""},""fields"":[""data_quality"",""data_permission""],""passed"":true,""blocking"":true,""source_table"":""oiis_live.daily_candidate""},""REWARD_RISK_NOT_CALCULATED"":{""rule"":""reward/risk is calculated only from a valid setup stop and a real opposing barrier"",""actual"":{""reward_risk"":null,""risk_per_share"":18.1,""structural_stop"":2073},""fields"":[""setup_evaluation"",""structural_stop"",""opposing_barrier""],""passed"":false,""blocking"":true,""source_table"":""oiis_live.daily_candidate.evidence""},""DIRECTIONAL_EDGE_BELOW_MINIMUM"":{""rule"":""abs(long OFactor - short OFactor) >= 6; LOW 6, MEDIUM 7, HIGH 8"",""actual"":{""edge"":56.1724,""level"":""HIGH"",""absolute_edge"":56.1724},""fields"":[""ofactor_long"",""ofactor_short"",""directional_edge""],""passed"":true,""blocking"":true,""source_table"":""oiis_live.daily_candidate""}}","2112.01100000","77.3653","246.6135","[""REWARD_RISK_NOT_CALCULATED"",""XFACTOR_BELOW_MINIMUM""]","2091.10000000","73.86449152","a1da1828-f1f1-4a12-b479-9149acaf34f0","Capital Goods","1.25661736","-0.24407252","75.5827","CLOSED_PROFIT","2","0.00000000","17","SIMULATED","3557.729832857143","200000","5035","1830","198170","-256.4999999999827","-1291.9999917159998","-1291.9999917159998","7124.999998613","3249.0000036480005","95","2026-08-25T00:00:00.000Z","350","730100","21105","realised_net_pnl is NET; open_unrealised_gross_pnl and counterfactual paths are GROSS","CLOSED","2161.00000000","18550","DEVELOPING_INCLUSIVE","5994.0628","FROZEN_AT_5D","2139","2026-08-22T17:53:06.169Z","SMARTAPI_QUOTE_CACHE","18550","2.5407478427612595","146","true","2083.3","2026-08-14T10:00:00.000Z","BARS_1M_ENTRY_SESSION_CLOSE","-944.9999999999363","-0.12943432406519184","-1084.9999999999682","4515.000000000032","2098.9","2082.9","2086","350","2139.00000000","2026-08-22T01:25:00.000Z","2026-08-22T00:00:00.000Z","","","CLOSED","1","2072.40000000","-0.0065196548","-0.65196548","-0.65196548","true","{""run_id"":""a1da1828-f1f1-4a12-b479-9149acaf34f0"",""run_slot"":""INTRADAY_1300"",""policy_id"":""OIIS_DAILY_SELECTION_INTRADAY_ENTRY_V1.0"",""entry_rule"":""QUALITY_SUM_THRESHOLD"",""fno_lot_size"":350,""quality_score"":""246.6135"",""sizing_policy"":""ONE_CURRENT_FNO_LOT"",""source_bar_id"":""NSE:25780:2026-08-14T07:30:00+00:00:rest_fallback"",""operator_override"":false,""quality_threshold"":""185"",""one_entry_per_symbol_trade_date"":true}","0.0359539789","3.59539789","1.63950144","FIVE_SESSION_COMPLETE","OPEN_ACTUAL","0","2026-08-14T07:35:00.000Z","350.00000000","729260.00000000","ENTRY_NOTIONAL","100","GOOD_LOW","74.5","true","21105","13107.4257","13107.42570000","0.00000000","","","","","","","8","BUY","350.00000000","","false","","6000","2068.8571428571427","18550","NO_BREACH_MARKED_CURRENT","OIIS_LIVE","3.7","APLAPOLLO","OBSERVED","35d4f8a0-fc2f-4080-9877-e6e0ab2f9679","8af0b94a-f885-4b10-bce5-c3899cdcd9f7","","0.00000000"
"1600000.00000000","{}","1000","0.4","1000","0.09616540449573266","{""reward"":16.85,""risk"":22.86,""speed"":9.77}","49","GOOD","EQUITY","415.95000000","2624","BOOKED","5.479452061185964","HYPOTHETICAL","415.55","2026-08-22T17:53:06.169Z","0","","false","0","0.00096165404495732660","1039875","QUALITY_SUM_THRESHOLD","8.70714286","2026-08-14T05:30:05.047Z","415.65000000","{""xfactor"":{""score"":82.5763,""weights"":{""setup_integrity"":18,""instrument_quality"":3,""reward_path_quality"":14,""trigger_confirmation"":16,""entry_location_quality"":20,""timing_session_quality"":3,""stop_invalidation_quality"":14,""liquidity_slippage_quality"":6,""market_sector_synchronisation"":6},""decision"":""NO_OPPORTUNITY"",""move_atr"":0.2699,""setup_id"":""BREAKDOWN_ACCEPTANCE"",""penalties"":{},""raw_score"":82.5763,""components"":{""setup_integrity"":90,""instrument_quality"":100,""reward_path_quality"":50,""trigger_confirmation"":90,""entry_location_quality"":85.0059,""timing_session_quality"":80,""stop_invalidation_quality"":97.4733,""liquidity_slippage_quality"":100,""market_sector_synchronisation"":48.8144},""hard_gates"":[""OFACTOR_BELOW_MINIMUM"",""REWARD_RISK_NOT_CALCULATED""],""final_score"":82.5763,""reward_risk"":null,""setup_state"":""TRIGGERED"",""setup_valid"":true,""extension_atr"":0.2699,""penalty_total"":0,""risk_per_share"":0.55,""structural_stop"":416.2,""setup_evaluation"":{""state"":""TRIGGERED"",""valid"":true,""direction"":""SHORT"",""setup_type"":""BREAKDOWN_ACCEPTANCE"",""reason_codes"":[],""trigger_price"":415.65,""structural_stop"":416.2,""volume_confirmed"":true},""vwap_distance_atr"":0.1281,""weighted_contributions"":{""setup_integrity"":16.2,""instrument_quality"":3,""reward_path_quality"":7,""trigger_confirmation"":14.4,""entry_location_quality"":17.0012,""timing_session_quality"":2.4,""stop_invalidation_quality"":13.6463,""liquidity_slippage_quality"":6,""market_sector_synchronisation"":2.9289},""score_reconciliation_residual"":0},""ofactor_long"":{""weights"":{""trend_quality"":18,""catalyst_context"":4,""momentum_quality"":12,""relative_strength"":10,""liquidity_tradability"":6,""market_regime_support"":8,""sector_industry_support"":14,""money_flow_participation"":18,""institutional_confirmation"":10},""direction"":""LONG"",""penalties"":{""flow_conflict"":7},""raw_score"":39.1567,""components"":{""trend_quality"":28.009,""catalyst_context"":50,""momentum_quality"":30.8863,""relative_strength"":8.8995,""liquidity_tradability"":100,""market_regime_support"":66.403,""sector_industry_support"":35.9681,""money_flow_participation"":34.2836,""institutional_confirmation"":50},""final_score"":32.1567,""penalty_total"":7,""classification"":""REJECT"",""weighted_contributions"":{""trend_quality"":5.0416,""catalyst_context"":2,""momentum_quality"":3.7064,""relative_strength"":0.89,""liquidity_tradability"":6,""market_regime_support"":5.3122,""sector_industry_support"":5.0355,""money_flow_participation"":6.1711,""institutional_confirmation"":5},""score_reconciliation_residual"":0},""ofactor_short"":{""weights"":{""trend_quality"":18,""catalyst_context"":4,""momentum_quality"":12,""relative_strength"":10,""liquidity_tradability"":6,""market_regime_support"":8,""sector_industry_support"":14,""money_flow_participation"":18,""institutional_confirmation"":10},""direction"":""SHORT"",""penalties"":{},""raw_score"":72.8432,""components"":{""trend_quality"":71.9909,""catalyst_context"":50,""momentum_quality"":69.1137,""relative_strength"":91.1005,""liquidity_tradability"":100,""market_regime_support"":33.597,""sector_industry_support"":64.0319,""money_flow_participation"":99.0497,""institutional_confirmation"":50},""final_score"":72.8432,""penalty_total"":0,""classification"":""WATCHLIST"",""weighted_contributions"":{""trend_quality"":12.9584,""catalyst_context"":2,""momentum_quality"":8.2936,""relative_strength"":9.11,""liquidity_tradability"":6,""market_regime_support"":2.6878,""sector_industry_support"":8.9645,""money_flow_participation"":17.8289,""institutional_confirmation"":5},""score_reconciliation_residual"":0}}","FULL","93.6655","SHORT","-40.6865","{""STOP_TOO_WIDE"":{""rule"":""risk per share / ATR14 <= 2.5; recorded but non-blocking"",""actual"":{""atr14"":8.707142857142852,""risk_atr"":0.06316652994257592,""risk_per_share"":0.55},""fields"":[""structural_stop"",""risk_per_share"",""atr14""],""passed"":true,""blocking"":false,""source_table"":""oiis_live.daily_candidate.evidence""},""NO_VALID_SETUP"":{""rule"":""one canonical setup object must contain recognised structure, volume confirmation and a structural invalidation"",""actual"":{""state"":""TRIGGERED"",""valid"":true,""direction"":""SHORT"",""setup_type"":""BREAKDOWN_ACCEPTANCE"",""reason_codes"":[],""trigger_price"":415.65,""structural_stop"":416.2,""volume_confirmed"":true},""fields"":[""open"",""high"",""low"",""close"",""sma20"",""sma50"",""prior_high_20"",""prior_low_20"",""volume_ratio_20""],""passed"":true,""blocking"":true,""source_table"":""nse.fact_eod_prices + public.bars_1m + derived rolling features""},""EXCESSIVE_EXTENSION"":{""rule"":""abs(current price - session open) / previous completed daily ATR <= 1.8; VWAP distance retained separately"",""actual"":{""close"":415.65,""level"":""LOW"",""move_atr"":0.2699,""session_open"":418,""session_vwap"":416.765371385482,""vwap_distance_atr"":0.1281,""atr14_previous_completed"":8.707142857142852},""fields"":[""close"",""session_open"",""session_vwap"",""atr14_previous_completed""],""passed"":true,""blocking"":true,""source_table"":""public.bars_1m + nse.fact_eod_prices derived features""},""OFACTOR_BELOW_MINIMUM"":{""rule"":""canonical permission requires selected OFactor >= 74; 54/64/74 remain screening cohorts"",""actual"":{""long"":32.1567,""short"":72.8432,""selected"":72.8432,""screening_level"":""MEDIUM""},""fields"":[""ofactor_long"",""ofactor_short"",""selected_ofactor""],""passed"":false,""blocking"":true,""source_table"":""oiis_live.daily_candidate.component_scores/evidence""},""XFACTOR_BELOW_MINIMUM"":{""rule"":""XFactor >= 76"",""actual"":{""xfactor"":82.5763},""fields"":[""xfactor_snapshot""],""passed"":true,""blocking"":true,""source_table"":""oiis_live.daily_candidate.component_scores/evidence""},""INSUFFICIENT_LIQUIDITY"":{""rule"":""primary: volume ratio >= 0.75 and turnover percentile >= 0.10; fallback: 90-day volume percentile >= 0.30"",""actual"":{""primary_used"":true,""volume_level"":""HIGH"",""volume_ratio_20"":2.9154553485383876,""turnover_percentile"":0.8894736842105263,""volume_percentile_90"":1},""fields"":[""volume"",""volume_average_20"",""turnover_lacs"",""volume_percentile_90""],""passed"":true,""blocking"":true,""source_table"":""nse.fact_eod_prices""},""REWARD_RISK_BELOW_MINIMUM"":{""rule"":""when estimable, reward/risk >= 1.5"",""actual"":{""reward_risk"":null},""fields"":[""reward_risk""],""passed"":true,""blocking"":true,""source_table"":""oiis_live.daily_candidate.evidence""},""DATA_QUALITY_BELOW_MINIMUM"":{""rule"":""data quality >= 85 and permission FULL"",""actual"":{""score"":93.6655,""permission"":""FULL""},""fields"":[""data_quality"",""data_permission""],""passed"":true,""blocking"":true,""source_table"":""oiis_live.daily_candidate""},""REWARD_RISK_NOT_CALCULATED"":{""rule"":""reward/risk is calculated only from a valid setup stop and a real opposing barrier"",""actual"":{""reward_risk"":null,""risk_per_share"":0.55,""structural_stop"":416.2},""fields"":[""setup_evaluation"",""structural_stop"",""opposing_barrier""],""passed"":false,""blocking"":true,""source_table"":""oiis_live.daily_candidate.evidence""},""DIRECTIONAL_EDGE_BELOW_MINIMUM"":{""rule"":""abs(long OFactor - short OFactor) >= 6; LOW 6, MEDIUM 7, HIGH 8"",""actual"":{""edge"":-40.6865,""level"":""HIGH"",""absolute_edge"":40.6865},""fields"":[""ofactor_long"",""ofactor_short"",""directional_edge""],""passed"":true,""blocking"":true,""source_table"":""oiis_live.daily_candidate""}}","419.80650000","72.8432","249.0850","[""OFACTOR_BELOW_MINIMUM"",""REWARD_RISK_NOT_CALCULATED""]","415.65000000","41.34329034","b0f76817-ce56-4d3f-8274-ba17330d22fc","Healthcare","2.91545535","-97.45916515","82.5763","OPEN_PROFIT","1","0.00000000","176","SIMULATED","192","200000","191.9999999999891","344","199656","-504.00000000000546","-2616.0000074784","-2616.0000074784","3503.9999959128","3503.9999959128","480","2026-08-25T00:00:00.000Z","2500","1039875","1000","realised_net_pnl is NET; open_unrealised_gross_pnl and counterfactual paths are GROSS","OPEN","421.40000000","999.9999999999432","DEVELOPING_INCLUSIVE","-5172.9776","FROZEN_AT_5D","415.55","2026-08-22T17:53:06.169Z","SMARTAPI_QUOTE_CACHE","999.9999999999432","0.09616540449572941","268","true","417","2026-08-14T10:00:00.000Z","BARS_1M_ENTRY_SESSION_CLOSE","-2625.000000000028","-0.25243418680129803","-3125","6875","417.2","413.2","415.95","2500","415.55000000","2026-08-22T01:25:00.000Z","2026-08-22T00:00:00.000Z","","","OPEN","1","408.65000000","-0.0131025364","-1.31025364","-1.31025364","true","{""run_id"":""b0f76817-ce56-4d3f-8274-ba17330d22fc"",""run_slot"":""INTRADAY_1100"",""policy_id"":""OIIS_DAILY_SELECTION_INTRADAY_ENTRY_V1.0"",""entry_rule"":""QUALITY_SUM_THRESHOLD"",""fno_lot_size"":2500,""quality_score"":""249.0850"",""sizing_policy"":""ONE_CURRENT_FNO_LOT"",""source_bar_id"":""NSE:11373:2026-08-14T05:30:00+00:00:ws"",""operator_override"":false,""quality_threshold"":""185"",""one_entry_per_symbol_trade_date"":true}","0.0175501863","1.75501863","1.75501863","FIVE_SESSION_COMPLETE","OPEN_ACTUAL","1000","2026-08-14T05:33:00.000Z","2500.00000000","1039000.00000000","ENTRY_NOTIONAL","100","WEAK","61.15","true","0","0","0.00000000","2500.00000000","","","","","","","8","SELL","2500.00000000","418.35","true","2026-08-18T04:18:00.000Z","6000","418.35","-6000.0000000000855","EXITED_AT_FIRST_BREACH","OIIS_LIVE","3.7","BIOCON","OBSERVED","3d2c7f5e-efca-4806-8e93-1e0be6a12a86","c58b77f1-57b2-4ede-996f-72ddbc6a9314","","1000.00000000"
"1600000.00000000","{}","7602","1.68","7602","1.4398354473774426","{""reward"":13.49,""risk"":32.11,""speed"":17.02}","63","GOOD","EQUITY","116.68000000","2712","BOOKED","102.43902446395003","HYPOTHETICAL","115","2026-08-22T17:53:06.169Z","0","","false","0","0.01439835447377442578","527977","QUALITY_SUM_THRESHOLD","2.18857143","2026-08-14T04:00:10.542Z","116.50000000","{""xfactor"":{""score"":81.5042,""weights"":{""setup_integrity"":18,""instrument_quality"":3,""reward_path_quality"":14,""trigger_confirmation"":16,""entry_location_quality"":20,""timing_session_quality"":3,""stop_invalidation_quality"":14,""liquidity_slippage_quality"":6,""market_sector_synchronisation"":6},""decision"":""NO_OPPORTUNITY"",""move_atr"":0.233,""setup_id"":""BREAKDOWN_ACCEPTANCE"",""penalties"":{},""raw_score"":81.5042,""components"":{""setup_integrity"":90,""instrument_quality"":100,""reward_path_quality"":50,""trigger_confirmation"":90,""entry_location_quality"":87.054,""timing_session_quality"":80,""stop_invalidation_quality"":90.8616,""liquidity_slippage_quality"":100,""market_sector_synchronisation"":39.546},""hard_gates"":[""OFACTOR_BELOW_MINIMUM"",""REWARD_RISK_NOT_CALCULATED""],""final_score"":81.5042,""reward_risk"":null,""setup_state"":""TRIGGERED"",""setup_valid"":true,""extension_atr"":0.233,""penalty_total"":0,""risk_per_share"":0.5,""structural_stop"":117,""setup_evaluation"":{""state"":""TRIGGERED"",""valid"":true,""direction"":""SHORT"",""setup_type"":""BREAKDOWN_ACCEPTANCE"",""reason_codes"":[],""trigger_price"":116.5,""structural_stop"":117,""volume_confirmed"":true},""vwap_distance_atr"":0.126,""weighted_contributions"":{""setup_integrity"":16.2,""instrument_quality"":3,""reward_path_quality"":7,""trigger_confirmation"":14.4,""entry_location_quality"":17.4108,""timing_session_quality"":2.4,""stop_invalidation_quality"":12.7206,""liquidity_slippage_quality"":6,""market_sector_synchronisation"":2.3728},""score_reconciliation_residual"":0},""ofactor_long"":{""weights"":{""trend_quality"":18,""catalyst_context"":4,""momentum_quality"":12,""relative_strength"":10,""liquidity_tradability"":6,""market_regime_support"":8,""sector_industry_support"":14,""money_flow_participation"":18,""institutional_confirmation"":10},""direction"":""LONG"",""penalties"":{""flow_conflict"":7},""raw_score"":40.9298,""components"":{""trend_quality"":22.6141,""catalyst_context"":50,""momentum_quality"":22.6588,""relative_strength"":15.5617,""liquidity_tradability"":100,""market_regime_support"":67.3887,""sector_industry_support"":53.5194,""money_flow_participation"":37.2232,""institutional_confirmation"":50},""final_score"":33.9298,""penalty_total"":7,""classification"":""REJECT"",""weighted_contributions"":{""trend_quality"":4.0705,""catalyst_context"":2,""momentum_quality"":2.7191,""relative_strength"":1.5562,""liquidity_tradability"":6,""market_regime_support"":5.3911,""sector_industry_support"":7.4927,""money_flow_participation"":6.7002,""institutional_confirmation"":5},""score_reconciliation_residual"":0},""ofactor_short"":{""weights"":{""trend_quality"":18,""catalyst_context"":4,""momentum_quality"":12,""relative_strength"":10,""liquidity_tradability"":6,""market_regime_support"":8,""sector_industry_support"":14,""money_flow_participation"":18,""institutional_confirmation"":10},""direction"":""SHORT"",""penalties"":{},""raw_score"":71.0703,""components"":{""trend_quality"":77.3859,""catalyst_context"":50,""momentum_quality"":77.3413,""relative_strength"":84.4382,""liquidity_tradability"":100,""market_regime_support"":32.6113,""sector_industry_support"":46.4806,""money_flow_participation"":96.1102,""institutional_confirmation"":50},""final_score"":71.0703,""penalty_total"":0,""classification"":""WATCHLIST"",""weighted_contributions"":{""trend_quality"":13.9295,""catalyst_context"":2,""momentum_quality"":9.281,""relative_strength"":8.4438,""liquidity_tradability"":6,""market_regime_support"":2.6089,""sector_industry_support"":6.5073,""money_flow_participation"":17.2998,""institutional_confirmation"":5},""score_reconciliation_residual"":0}}","FULL","93.6655","SHORT","-37.1405","{""STOP_TOO_WIDE"":{""rule"":""risk per share / ATR14 <= 2.5; recorded but non-blocking"",""actual"":{""atr14"":2.1885714285714277,""risk_atr"":0.22845953002610975,""risk_per_share"":0.5},""fields"":[""structural_stop"",""risk_per_share"",""atr14""],""passed"":true,""blocking"":false,""source_table"":""oiis_live.daily_candidate.evidence""},""NO_VALID_SETUP"":{""rule"":""one canonical setup object must contain recognised structure, volume confirmation and a structural invalidation"",""actual"":{""state"":""TRIGGERED"",""valid"":true,""direction"":""SHORT"",""setup_type"":""BREAKDOWN_ACCEPTANCE"",""reason_codes"":[],""trigger_price"":116.5,""structural_stop"":117,""volume_confirmed"":true},""fields"":[""open"",""high"",""low"",""close"",""sma20"",""sma50"",""prior_high_20"",""prior_low_20"",""volume_ratio_20""],""passed"":true,""blocking"":true,""source_table"":""nse.fact_eod_prices + public.bars_1m + derived rolling features""},""EXCESSIVE_EXTENSION"":{""rule"":""abs(current price - session open) / previous completed daily ATR <= 1.8; VWAP distance retained separately"",""actual"":{""close"":116.5,""level"":""LOW"",""move_atr"":0.233,""session_open"":117.01,""session_vwap"":116.77578973346496,""vwap_distance_atr"":0.126,""atr14_previous_completed"":2.1885714285714277},""fields"":[""close"",""session_open"",""session_vwap"",""atr14_previous_completed""],""passed"":true,""blocking"":true,""source_table"":""public.bars_1m + nse.fact_eod_prices derived features""},""OFACTOR_BELOW_MINIMUM"":{""rule"":""canonical permission requires selected OFactor >= 74; 54/64/74 remain screening cohorts"",""actual"":{""long"":33.9298,""short"":71.0703,""selected"":71.0703,""screening_level"":""MEDIUM""},""fields"":[""ofactor_long"",""ofactor_short"",""selected_ofactor""],""passed"":false,""blocking"":true,""source_table"":""oiis_live.daily_candidate.component_scores/evidence""},""XFACTOR_BELOW_MINIMUM"":{""rule"":""XFactor >= 76"",""actual"":{""xfactor"":81.5042},""fields"":[""xfactor_snapshot""],""passed"":true,""blocking"":true,""source_table"":""oiis_live.daily_candidate.component_scores/evidence""},""INSUFFICIENT_LIQUIDITY"":{""rule"":""primary: volume ratio >= 0.75 and turnover percentile >= 0.10; fallback: 90-day volume percentile >= 0.30"",""actual"":{""primary_used"":true,""volume_level"":""HIGH"",""volume_ratio_20"":11.930557484514319,""turnover_percentile"":0.8421052631578947,""volume_percentile_90"":1},""fields"":[""volume"",""volume_average_20"",""turnover_lacs"",""volume_percentile_90""],""passed"":true,""blocking"":true,""source_table"":""nse.fact_eod_prices""},""REWARD_RISK_BELOW_MINIMUM"":{""rule"":""when estimable, reward/risk >= 1.5"",""actual"":{""reward_risk"":null},""fields"":[""reward_risk""],""passed"":true,""blocking"":true,""source_table"":""oiis_live.daily_candidate.evidence""},""DATA_QUALITY_BELOW_MINIMUM"":{""rule"":""data quality >= 85 and permission FULL"",""actual"":{""score"":93.6655,""permission"":""FULL""},""fields"":[""data_quality"",""data_permission""],""passed"":true,""blocking"":true,""source_table"":""oiis_live.daily_candidate""},""REWARD_RISK_NOT_CALCULATED"":{""rule"":""reward/risk is calculated only from a valid setup stop and a real opposing barrier"",""actual"":{""reward_risk"":null,""risk_per_share"":0.5,""structural_stop"":117},""fields"":[""setup_evaluation"",""structural_stop"",""opposing_barrier""],""passed"":false,""blocking"":true,""source_table"":""oiis_live.daily_candidate.evidence""},""DIRECTIONAL_EDGE_BELOW_MINIMUM"":{""rule"":""abs(long OFactor - short OFactor) >= 6; LOW 6, MEDIUM 7, HIGH 8"",""actual"":{""edge"":-37.1405,""level"":""HIGH"",""absolute_edge"":37.1405},""fields"":[""ofactor_long"",""ofactor_short"",""directional_edge""],""passed"":true,""blocking"":true,""source_table"":""oiis_live.daily_candidate""}}","117.66500000","71.0703","246.2400","[""OFACTOR_BELOW_MINIMUM"",""REWARD_RISK_NOT_CALCULATED""]","116.50000000","34.13622465","c4fd0b71-92ab-49af-b910-64d5d988c36a","Financial Services","11.93055748","-100.00000000","81.5042","OPEN_PROFIT","1","0.00000000","21","SIMULATED","2879.52","200000","2879.520000000012","10.479999999981374","199989.52000000002","737.0200000000117","-445.64000723993604","-445.64000723993604","4730.64000147404","2810.9599979774807","1714","2026-08-25T00:00:00.000Z","4525","527977","7602","realised_net_pnl is NET; open_unrealised_gross_pnl and counterfactual paths are GROSS","OPEN","116.94000000","7602.000000000031","DEVELOPING_INCLUSIVE","3712.2625","FROZEN_AT_5D","115","2026-08-22T17:53:06.169Z","SMARTAPI_QUOTE_CACHE","7602.000000000031","1.4398354473774466","358","true","116.25","2026-08-14T10:00:00.000Z","BARS_1M_ENTRY_SESSION_CLOSE","1945.750000000031","0.36852931093589447","-633.4999999999383","2398.250000000005","116.82","116.15","116.68","4525","115.00000000","2026-08-22T01:25:00.000Z","2026-08-22T00:00:00.000Z","","","OPEN","1","113.92000000","-0.0022283168","-0.22283168","-0.22283168","true","{""run_id"":""c4fd0b71-92ab-49af-b910-64d5d988c36a"",""run_slot"":""OPEN_0930"",""policy_id"":""OIIS_DAILY_SELECTION_INTRADAY_ENTRY_V1.0"",""entry_rule"":""QUALITY_SUM_THRESHOLD"",""fno_lot_size"":4525,""quality_score"":""246.2400"",""sizing_policy"":""ONE_CURRENT_FNO_LOT"",""source_bar_id"":""NSE:20261:2026-08-14T04:00:00+00:00:ws"",""operator_override"":false,""quality_threshold"":""185"",""one_entry_per_symbol_trade_date"":true}","0.0236544395","2.36544395","1.40555365","FIVE_SESSION_COMPLETE","OPEN_ACTUAL","7602","2026-08-14T04:03:00.000Z","4525.00000000","527705.50000000","ENTRY_NOTIONAL","100","LUCKY_WIN","77.09","true","0","0","0.00000000","4525.00000000","","","","","","","8","SELL","4525.00000000","","false","","6000","118.00596685082873","7602.000000000031","NO_BREACH_MARKED_CURRENT","OIIS_LIVE","3.7","IREDA","OBSERVED","4f89f79c-ea54-47d0-9817-a289821cdbf0","27fccdbf-1bb7-45a3-980e-7dc7034c3ddc","","7602.00000000"
"1600000.00000000","{}","4341.2724","28.941816","4341.2724","0.6257960560456668","{""reward"":10.46,""risk"":25.4,""speed"":17.02}","53","GOOD","EQUITY","4624.80000000","2981","BOOKED","57.42423784311834","HYPOTHETICAL","4639.8","2026-08-22T17:53:06.169Z","881.11940000","2026-08-13T10:00:00.000Z","true","0","0.00324338349766476388","693720","QUALITY_SUM_THRESHOLD","119.00000000","2026-08-13T08:30:08.843Z","4606.90000000","{""xfactor"":{""score"":77.071,""weights"":{""setup_integrity"":18,""instrument_quality"":3,""reward_path_quality"":14,""trigger_confirmation"":16,""entry_location_quality"":20,""timing_session_quality"":3,""stop_invalidation_quality"":14,""liquidity_slippage_quality"":6,""market_sector_synchronisation"":6},""decision"":""ENTERABLE_TIER_B"",""move_atr"":0.621,""setup_id"":""BREAKOUT_ACCEPTANCE"",""penalties"":{},""raw_score"":77.071,""components"":{""setup_integrity"":90,""instrument_quality"":100,""reward_path_quality"":50,""trigger_confirmation"":90,""entry_location_quality"":65.4995,""timing_session_quality"":80,""stop_invalidation_quality"":94.4202,""liquidity_slippage_quality"":67.7193,""market_sector_synchronisation"":61.4849},""hard_gates"":[""REWARD_RISK_NOT_CALCULATED""],""final_score"":77.071,""reward_risk"":null,""setup_state"":""TRIGGERED"",""setup_valid"":true,""extension_atr"":0.621,""penalty_total"":0,""risk_per_share"":16.6,""structural_stop"":4590.3,""setup_evaluation"":{""state"":""TRIGGERED"",""valid"":true,""direction"":""LONG"",""setup_type"":""BREAKOUT_ACCEPTANCE"",""reason_codes"":[],""trigger_price"":4606.9,""structural_stop"":4590.3,""volume_confirmed"":true},""vwap_distance_atr"":0.1851,""weighted_contributions"":{""setup_integrity"":16.2,""instrument_quality"":3,""reward_path_quality"":7,""trigger_confirmation"":14.4,""entry_location_quality"":13.0999,""timing_session_quality"":2.4,""stop_invalidation_quality"":13.2188,""liquidity_slippage_quality"":4.0632,""market_sector_synchronisation"":3.6891},""score_reconciliation_residual"":0},""ofactor_long"":{""weights"":{""trend_quality"":18,""catalyst_context"":4,""momentum_quality"":12,""relative_strength"":10,""liquidity_tradability"":6,""market_regime_support"":8,""sector_industry_support"":14,""money_flow_participation"":18,""institutional_confirmation"":10},""direction"":""LONG"",""penalties"":{},""raw_score"":77.9222,""components"":{""trend_quality"":100,""catalyst_context"":50,""momentum_quality"":87.761,""relative_strength"":98.0444,""liquidity_tradability"":67.7193,""market_regime_support"":93.8659,""sector_industry_support"":29.104,""money_flow_participation"":94.1079,""institutional_confirmation"":50},""final_score"":77.9222,""penalty_total"":0,""classification"":""TIER_B"",""weighted_contributions"":{""trend_quality"":18,""catalyst_context"":2,""momentum_quality"":10.5313,""relative_strength"":9.8044,""liquidity_tradability"":4.0632,""market_regime_support"":7.5093,""sector_industry_support"":4.0746,""money_flow_participation"":16.9394,""institutional_confirmation"":5},""score_reconciliation_residual"":0},""ofactor_short"":{""weights"":{""trend_quality"":18,""catalyst_context"":4,""momentum_quality"":12,""relative_strength"":10,""liquidity_tradability"":6,""market_regime_support"":8,""sector_industry_support"":14,""money_flow_participation"":18,""institutional_confirmation"":10},""direction"":""SHORT"",""penalties"":{""flow_conflict"":7},""raw_score"":30.2041,""components"":{""trend_quality"":0,""catalyst_context"":50,""momentum_quality"":12.239,""relative_strength"":1.9555,""liquidity_tradability"":67.7193,""market_regime_support"":6.1341,""sector_industry_support"":70.896,""money_flow_participation"":39.2255,""institutional_confirmation"":50},""final_score"":23.2041,""penalty_total"":7,""classification"":""REJECT"",""weighted_contributions"":{""trend_quality"":0,""catalyst_context"":2,""momentum_quality"":1.4687,""relative_strength"":0.1956,""liquidity_tradability"":4.0632,""market_regime_support"":0.4907,""sector_industry_support"":9.9254,""money_flow_participation"":7.0606,""institutional_confirmation"":5},""score_reconciliation_residual"":0}}","FULL","97.2862","LONG","54.7181","{""STOP_TOO_WIDE"":{""rule"":""risk per share / ATR14 <= 2.5; recorded but non-blocking"",""actual"":{""atr14"":119,""risk_atr"":0.13949579831932774,""risk_per_share"":16.6},""fields"":[""structural_stop"",""risk_per_share"",""atr14""],""passed"":true,""blocking"":false,""source_table"":""oiis_live.daily_candidate.evidence""},""NO_VALID_SETUP"":{""rule"":""one canonical setup object must contain recognised structure, volume confirmation and a structural invalidation"",""actual"":{""state"":""TRIGGERED"",""valid"":true,""direction"":""LONG"",""setup_type"":""BREAKOUT_ACCEPTANCE"",""reason_codes"":[],""trigger_price"":4606.9,""structural_stop"":4590.3,""volume_confirmed"":true},""fields"":[""open"",""high"",""low"",""close"",""sma20"",""sma50"",""prior_high_20"",""prior_low_20"",""volume_ratio_20""],""passed"":true,""blocking"":true,""source_table"":""nse.fact_eod_prices + public.bars_1m + derived rolling features""},""EXCESSIVE_EXTENSION"":{""rule"":""abs(current price - session open) / previous completed daily ATR <= 1.8; VWAP distance retained separately"",""actual"":{""close"":4606.9,""level"":""LOW"",""move_atr"":0.621,""session_open"":4533,""session_vwap"":4584.871544661733,""vwap_distance_atr"":0.1851,""atr14_previous_completed"":119},""fields"":[""close"",""session_open"",""session_vwap"",""atr14_previous_completed""],""passed"":true,""blocking"":true,""source_table"":""public.bars_1m + nse.fact_eod_prices derived features""},""OFACTOR_BELOW_MINIMUM"":{""rule"":""canonical permission requires selected OFactor >= 74; 54/64/74 remain screening cohorts"",""actual"":{""long"":77.9222,""short"":23.2041,""selected"":77.9222,""screening_level"":""HIGH""},""fields"":[""ofactor_long"",""ofactor_short"",""selected_ofactor""],""passed"":true,""blocking"":true,""source_table"":""oiis_live.daily_candidate.component_scores/evidence""},""XFACTOR_BELOW_MINIMUM"":{""rule"":""XFactor >= 76"",""actual"":{""xfactor"":77.071},""fields"":[""xfactor_snapshot""],""passed"":true,""blocking"":true,""source_table"":""oiis_live.daily_candidate.component_scores/evidence""},""INSUFFICIENT_LIQUIDITY"":{""rule"":""primary: volume ratio >= 0.75 and turnover percentile >= 0.10; fallback: 90-day volume percentile >= 0.30"",""actual"":{""primary_used"":true,""volume_level"":""HIGH"",""volume_ratio_20"":2.5411606693155746,""turnover_percentile"":0.5578947368421052,""volume_percentile_90"":1},""fields"":[""volume"",""volume_average_20"",""turnover_lacs"",""volume_percentile_90""],""passed"":true,""blocking"":true,""source_table"":""nse.fact_eod_prices""},""REWARD_RISK_BELOW_MINIMUM"":{""rule"":""when estimable, reward/risk >= 1.5"",""actual"":{""reward_risk"":null},""fields"":[""reward_risk""],""passed"":true,""blocking"":true,""source_table"":""oiis_live.daily_candidate.evidence""},""DATA_QUALITY_BELOW_MINIMUM"":{""rule"":""data quality >= 85 and permission FULL"",""actual"":{""score"":97.2862,""permission"":""FULL""},""fields"":[""data_quality"",""data_permission""],""passed"":true,""blocking"":true,""source_table"":""oiis_live.daily_candidate""},""REWARD_RISK_NOT_CALCULATED"":{""rule"":""reward/risk is calculated only from a valid setup stop and a real opposing barrier"",""actual"":{""reward_risk"":null,""risk_per_share"":16.6,""structural_stop"":4590.3},""fields"":[""setup_evaluation"",""structural_stop"",""opposing_barrier""],""passed"":false,""blocking"":true,""source_table"":""oiis_live.daily_candidate.evidence""},""DIRECTIONAL_EDGE_BELOW_MINIMUM"":{""rule"":""abs(long OFactor - short OFactor) >= 6; LOW 6, MEDIUM 7, HIGH 8"",""actual"":{""edge"":54.7181,""level"":""HIGH"",""absolute_edge"":54.7181},""fields"":[""ofactor_long"",""ofactor_short"",""directional_edge""],""passed"":true,""blocking"":true,""source_table"":""oiis_live.daily_candidate""}}","4652.96900000","77.9222","252.2794","[""REWARD_RISK_NOT_CALCULATED""]","4606.90000000","75.05374731","ed08ce34-733b-4719-a5c2-a40239d2ed40","Fast Moving Consumer Goods","2.54116067","-4.70332851","77.0710","CLOSED_PROFIT","2","0.00000000","21","SIMULATED","1244.498088","200000","645","1133.6000000000058","198866.4","2167.1999999999844","-2012.3999974715998","-2012.3999974715998","5125.59999441","2167.2000095150397","43","2026-08-25T00:00:00.000Z","150","693720","7560","realised_net_pnl is NET; open_unrealised_gross_pnl and counterfactual paths are GROSS","CLOSED","4744.00000000","2250","DEVELOPING_INCLUSIVE","1886.8213","FROZEN_AT_5D","4639.8","2026-08-22T17:53:06.169Z","SMARTAPI_QUOTE_CACHE","2250","0.32433834976648424","85","true","4675.2","2026-08-13T10:00:00.000Z","BARS_1M_ENTRY_SESSION_CLOSE","7559.999999999945","1.089776855215363","-720.0000000000273","7559.999999999945","4675.2","4620","4624.8","150","4639.80000000","2026-08-22T01:25:00.000Z","2026-08-22T00:00:00.000Z","","","CLOSED","1","4578.00000000","-0.0101193565","-1.0119356499999999","-1.0119356499999999","true","{""run_id"":""ed08ce34-733b-4719-a5c2-a40239d2ed40"",""run_slot"":""INTRADAY_1400"",""policy_id"":""OIIS_DAILY_SELECTION_INTRADAY_ENTRY_V1.0"",""entry_rule"":""QUALITY_SUM_THRESHOLD"",""fno_lot_size"":150,""quality_score"":""252.2794"",""sizing_policy"":""ONE_CURRENT_FNO_LOT"",""source_bar_id"":""NSE:10990:2026-08-13T08:30:00+00:00:ws"",""operator_override"":false,""quality_threshold"":""185"",""one_entry_per_symbol_trade_date"":true}","0.0257740875","2.57740875","1.08977686","FIVE_SESSION_COMPLETE","OPEN_ACTUAL","0","2026-08-13T08:35:00.000Z","150.00000000","693165.00000000","ENTRY_NOTIONAL","100","GOOD_LOW","67.77","true","7560","4341.2724","4341.27240000","0.00000000","","","","","","","11","BUY","150.00000000","4584.8","true","2026-08-14T03:59:00.000Z","6000","4584.8","-6000","EXITED_AT_FIRST_BREACH","OIIS_LIVE","3.7","RADICO","OBSERVED","d2d3575e-2f3f-4c22-92b0-f70c96fd547b","84a4c206-3307-40d2-8497-8ff548458ba1","","0.00000000"
"1600000.00000000","{}","-30305","-55.1","-30305","-3.2868050584586013","{""reward"":0,""risk"":4.34,""speed"":16.97}","21","BAD","EQUITY","1676.40000000","2283","BOOKED","","HYPOTHETICAL","1621.3","2026-08-22T17:53:06.169Z","0","","false","0","-0.03286805058458601766","922020","QUALITY_SUM_THRESHOLD","40.18571429","2026-08-13T05:30:04.041Z","1673.40000000","{""xfactor"":{""score"":84.0259,""weights"":{""setup_integrity"":18,""instrument_quality"":3,""reward_path_quality"":14,""trigger_confirmation"":16,""entry_location_quality"":20,""timing_session_quality"":3,""stop_invalidation_quality"":14,""liquidity_slippage_quality"":6,""market_sector_synchronisation"":6},""decision"":""ENTERABLE_TIER_A"",""move_atr"":0.209,""setup_id"":""BREAKOUT_ACCEPTANCE"",""penalties"":{},""raw_score"":84.0259,""components"":{""setup_integrity"":90,""instrument_quality"":100,""reward_path_quality"":50,""trigger_confirmation"":90,""entry_location_quality"":88.3872,""timing_session_quality"":80,""stop_invalidation_quality"":98.5069,""liquidity_slippage_quality"":100,""market_sector_synchronisation"":59.2918},""hard_gates"":[""REWARD_RISK_NOT_CALCULATED""],""final_score"":84.0259,""reward_risk"":null,""setup_state"":""TRIGGERED"",""setup_valid"":true,""extension_atr"":0.209,""penalty_total"":0,""risk_per_share"":1.5,""structural_stop"":1671.9,""setup_evaluation"":{""state"":""TRIGGERED"",""valid"":true,""direction"":""LONG"",""setup_type"":""BREAKOUT_ACCEPTANCE"",""reason_codes"":[],""trigger_price"":1673.4,""structural_stop"":1671.9,""volume_confirmed"":true},""vwap_distance_atr"":0.0186,""weighted_contributions"":{""setup_integrity"":16.2,""instrument_quality"":3,""reward_path_quality"":7,""trigger_confirmation"":14.4,""entry_location_quality"":17.6774,""timing_session_quality"":2.4,""stop_invalidation_quality"":13.791,""liquidity_slippage_quality"":6,""market_sector_synchronisation"":3.5575},""score_reconciliation_residual"":0},""ofactor_long"":{""weights"":{""trend_quality"":18,""catalyst_context"":4,""momentum_quality"":12,""relative_strength"":10,""liquidity_tradability"":6,""market_regime_support"":8,""sector_industry_support"":14,""money_flow_participation"":18,""institutional_confirmation"":10},""direction"":""LONG"",""penalties"":{},""raw_score"":74.0826,""components"":{""trend_quality"":95.2021,""catalyst_context"":50,""momentum_quality"":88.4971,""relative_strength"":83.3858,""liquidity_tradability"":100,""market_regime_support"":93.8659,""sector_industry_support"":24.7177,""money_flow_participation"":77.8791,""institutional_confirmation"":50},""final_score"":74.0826,""penalty_total"":0,""classification"":""TIER_B"",""weighted_contributions"":{""trend_quality"":17.1364,""catalyst_context"":2,""momentum_quality"":10.6196,""relative_strength"":8.3386,""liquidity_tradability"":6,""market_regime_support"":7.5093,""sector_industry_support"":3.4605,""money_flow_participation"":14.0182,""institutional_confirmation"":5},""score_reconciliation_residual"":0},""ofactor_short"":{""weights"":{""trend_quality"":18,""catalyst_context"":4,""momentum_quality"":12,""relative_strength"":10,""liquidity_tradability"":6,""market_regime_support"":8,""sector_industry_support"":14,""money_flow_participation"":18,""institutional_confirmation"":10},""direction"":""SHORT"",""penalties"":{""flow_conflict"":7},""raw_score"":37.9174,""components"":{""trend_quality"":4.7979,""catalyst_context"":50,""momentum_quality"":11.5029,""relative_strength"":16.6142,""liquidity_tradability"":100,""market_regime_support"":6.1341,""sector_industry_support"":75.2823,""money_flow_participation"":55.4542,""institutional_confirmation"":50},""final_score"":30.9174,""penalty_total"":7,""classification"":""REJECT"",""weighted_contributions"":{""trend_quality"":0.8636,""catalyst_context"":2,""momentum_quality"":1.3804,""relative_strength"":1.6614,""liquidity_tradability"":6,""market_regime_support"":0.4907,""sector_industry_support"":10.5395,""money_flow_participation"":9.9818,""institutional_confirmation"":5},""score_reconciliation_residual"":0}}","FULL","97.2862","LONG","43.1652","{""STOP_TOO_WIDE"":{""rule"":""risk per share / ATR14 <= 2.5; recorded but non-blocking"",""actual"":{""atr14"":40.1857142857143,""risk_atr"":0.037326697476004256,""risk_per_share"":1.5},""fields"":[""structural_stop"",""risk_per_share"",""atr14""],""passed"":true,""blocking"":false,""source_table"":""oiis_live.daily_candidate.evidence""},""NO_VALID_SETUP"":{""rule"":""one canonical setup object must contain recognised structure, volume confirmation and a structural invalidation"",""actual"":{""state"":""TRIGGERED"",""valid"":true,""direction"":""LONG"",""setup_type"":""BREAKOUT_ACCEPTANCE"",""reason_codes"":[],""trigger_price"":1673.4,""structural_stop"":1671.9,""volume_confirmed"":true},""fields"":[""open"",""high"",""low"",""close"",""sma20"",""sma50"",""prior_high_20"",""prior_low_20"",""volume_ratio_20""],""passed"":true,""blocking"":true,""source_table"":""nse.fact_eod_prices + public.bars_1m + derived rolling features""},""EXCESSIVE_EXTENSION"":{""rule"":""abs(current price - session open) / previous completed daily ATR <= 1.8; VWAP distance retained separately"",""actual"":{""close"":1673.4,""level"":""LOW"",""move_atr"":0.209,""session_open"":1665,""session_vwap"":1672.650723807226,""vwap_distance_atr"":0.0186,""atr14_previous_completed"":40.1857142857143},""fields"":[""close"",""session_open"",""session_vwap"",""atr14_previous_completed""],""passed"":true,""blocking"":true,""source_table"":""public.bars_1m + nse.fact_eod_prices derived features""},""OFACTOR_BELOW_MINIMUM"":{""rule"":""canonical permission requires selected OFactor >= 74; 54/64/74 remain screening cohorts"",""actual"":{""long"":74.0826,""short"":30.9174,""selected"":74.0826,""screening_level"":""HIGH""},""fields"":[""ofactor_long"",""ofactor_short"",""selected_ofactor""],""passed"":true,""blocking"":true,""source_table"":""oiis_live.daily_candidate.component_scores/evidence""},""XFACTOR_BELOW_MINIMUM"":{""rule"":""XFactor >= 76"",""actual"":{""xfactor"":84.0259},""fields"":[""xfactor_snapshot""],""passed"":true,""blocking"":true,""source_table"":""oiis_live.daily_candidate.component_scores/evidence""},""INSUFFICIENT_LIQUIDITY"":{""rule"":""primary: volume ratio >= 0.75 and turnover percentile >= 0.10; fallback: 90-day volume percentile >= 0.30"",""actual"":{""primary_used"":true,""volume_level"":""HIGH"",""volume_ratio_20"":2.8256448130894216,""turnover_percentile"":0.9526315789473684,""volume_percentile_90"":1},""fields"":[""volume"",""volume_average_20"",""turnover_lacs"",""volume_percentile_90""],""passed"":true,""blocking"":true,""source_table"":""nse.fact_eod_prices""},""REWARD_RISK_BELOW_MINIMUM"":{""rule"":""when estimable, reward/risk >= 1.5"",""actual"":{""reward_risk"":null},""fields"":[""reward_risk""],""passed"":true,""blocking"":true,""source_table"":""oiis_live.daily_candidate.evidence""},""DATA_QUALITY_BELOW_MINIMUM"":{""rule"":""data quality >= 85 and permission FULL"",""actual"":{""score"":97.2862,""permission"":""FULL""},""fields"":[""data_quality"",""data_permission""],""passed"":true,""blocking"":true,""source_table"":""oiis_live.daily_candidate""},""REWARD_RISK_NOT_CALCULATED"":{""rule"":""reward/risk is calculated only from a valid setup stop and a real opposing barrier"",""actual"":{""reward_risk"":null,""risk_per_share"":1.5,""structural_stop"":1671.9},""fields"":[""setup_evaluation"",""structural_stop"",""opposing_barrier""],""passed"":false,""blocking"":true,""source_table"":""oiis_live.daily_candidate.evidence""},""DIRECTIONAL_EDGE_BELOW_MINIMUM"":{""rule"":""abs(long OFactor - short OFactor) >= 6; LOW 6, MEDIUM 7, HIGH 8"",""actual"":{""edge"":43.1652,""level"":""HIGH"",""absolute_edge"":43.1652},""fields"":[""ofactor_long"",""ofactor_short"",""directional_edge""],""passed"":true,""blocking"":true,""source_table"":""oiis_live.daily_candidate""}}","1690.13400000","74.0826","255.3947","[""REWARD_RISK_NOT_CALCULATED""]","1673.40000000","66.33810693","b94166ad-0f4e-47b2-bbc1-d5d4e25ff76d","Healthcare","2.82564481","-5.72951366","84.0259","OPEN_LOSS","1","0.00000000","22","SIMULATED","-6556.900000000001","200000","-6556.900000000016","508.3999999999942","199491.6","-1547","-9091.59999532092","-6961.50000876792","0","0","119","2026-08-25T00:00:00.000Z","550","922020","-30305","realised_net_pnl is NET; open_unrealised_gross_pnl and counterfactual paths are GROSS","OPEN","1676.40000000","-30305.000000000076","DEVELOPING_INCLUSIVE","-28184.829","FROZEN_AT_5D","1621.3","2026-08-22T17:53:06.169Z","SMARTAPI_QUOTE_CACHE","-30305.000000000076","-3.2868050584586084","261","true","1663.4","2026-08-13T10:00:00.000Z","BARS_1M_ENTRY_SESSION_CLOSE","-7150","-0.7754712479121961","-12045.000000000051","2529.99999999995","1681","1654.5","1676.4","550","1621.30000000","2026-08-22T01:25:00.000Z","2026-08-22T00:00:00.000Z","","","OPEN","1","1600.00000000","-0.0455738487","-4.55738487","-3.48962062","true","{""run_id"":""b94166ad-0f4e-47b2-bbc1-d5d4e25ff76d"",""run_slot"":""INTRADAY_1100"",""policy_id"":""OIIS_DAILY_SELECTION_INTRADAY_ENTRY_V1.0"",""entry_rule"":""QUALITY_SUM_THRESHOLD"",""fno_lot_size"":550,""quality_score"":""255.3947"",""sizing_policy"":""ONE_CURRENT_FNO_LOT"",""source_bar_id"":""NSE:275:2026-08-13T05:30:00+00:00:ws"",""operator_override"":false,""quality_threshold"":""185"",""one_entry_per_symbol_trade_date"":true}","0.0000000000","0","0","FIVE_SESSION_COMPLETE","OPEN_ACTUAL","-30305","2026-08-13T05:34:00.000Z","550.00000000","920260.00000000","ENTRY_NOTIONAL","100","BAD","54.52","true","0","0","0.00000000","550.00000000","","","","","","","9","BUY","550.00000000","1665.4","true","2026-08-13T08:16:00.000Z","6000","1665.490909090909","-6050","EXITED_AT_FIRST_BREACH","OIIS_LIVE","3.7","AUROPHARMA","OBSERVED","afdd40ee-b349-4b20-99e5-a6168081ff99","c719d9f8-b5ee-457c-8875-4773935d7df3","","-30305.00000000"
"1600000.00000000","{}","22019.6036","880.784144","22019.6036","1.8750061607237891","{""reward"":15.12,""risk"":32.1,""speed"":17.81}","65","GOOD","EQUITY","46975.00000000","2310","BOOKED","119.0248846142464","HYPOTHETICAL","48200","2026-08-22T17:53:06.169Z","1498.68680000","2026-08-18T06:24:00.000Z","false","0","0.02607770090473656200","1174375","QUALITY_SUM_THRESHOLD","1165.35714286","2026-08-13T04:30:11.247Z","46980.00000000","{""xfactor"":{""score"":83.0621,""weights"":{""setup_integrity"":18,""instrument_quality"":3,""reward_path_quality"":14,""trigger_confirmation"":16,""entry_location_quality"":20,""timing_session_quality"":3,""stop_invalidation_quality"":14,""liquidity_slippage_quality"":6,""market_sector_synchronisation"":6},""decision"":""ENTERABLE_TIER_B"",""move_atr"":0.4119,""setup_id"":""BREAKOUT_ACCEPTANCE"",""penalties"":{},""raw_score"":83.0621,""components"":{""setup_integrity"":90,""instrument_quality"":100,""reward_path_quality"":50,""trigger_confirmation"":90,""entry_location_quality"":77.1172,""timing_session_quality"":80,""stop_invalidation_quality"":91.5906,""liquidity_slippage_quality"":100,""market_sector_synchronisation"":96.933},""hard_gates"":[""REWARD_RISK_NOT_CALCULATED""],""final_score"":83.0621,""reward_risk"":null,""setup_state"":""TRIGGERED"",""setup_valid"":true,""extension_atr"":0.4119,""penalty_total"":0,""risk_per_share"":245,""structural_stop"":46735,""setup_evaluation"":{""state"":""TRIGGERED"",""valid"":true,""direction"":""LONG"",""setup_type"":""BREAKOUT_ACCEPTANCE"",""reason_codes"":[],""trigger_price"":46980,""structural_stop"":46735,""volume_confirmed"":true},""vwap_distance_atr"":0.1219,""weighted_contributions"":{""setup_integrity"":16.2,""instrument_quality"":3,""reward_path_quality"":7,""trigger_confirmation"":14.4,""entry_location_quality"":15.4234,""timing_session_quality"":2.4,""stop_invalidation_quality"":12.8227,""liquidity_slippage_quality"":6,""market_sector_synchronisation"":5.816},""score_reconciliation_residual"":0},""ofactor_long"":{""weights"":{""trend_quality"":18,""catalyst_context"":4,""momentum_quality"":12,""relative_strength"":10,""liquidity_tradability"":6,""market_regime_support"":8,""sector_industry_support"":14,""money_flow_participation"":18,""institutional_confirmation"":10},""direction"":""LONG"",""penalties"":{},""raw_score"":85.6476,""components"":{""trend_quality"":100,""catalyst_context"":50,""momentum_quality"":100,""relative_strength"":85.8901,""liquidity_tradability"":100,""market_regime_support"":93.8659,""sector_industry_support"":100,""money_flow_participation"":69.7187,""institutional_confirmation"":50},""final_score"":85.6476,""penalty_total"":0,""classification"":""TIER_A"",""weighted_contributions"":{""trend_quality"":18,""catalyst_context"":2,""momentum_quality"":12,""relative_strength"":8.589,""liquidity_tradability"":6,""market_regime_support"":7.5093,""sector_industry_support"":14,""money_flow_participation"":12.5494,""institutional_confirmation"":5},""score_reconciliation_residual"":0},""ofactor_short"":{""weights"":{""trend_quality"":18,""catalyst_context"":4,""momentum_quality"":12,""relative_strength"":10,""liquidity_tradability"":6,""market_regime_support"":8,""sector_industry_support"":14,""money_flow_participation"":18,""institutional_confirmation"":10},""direction"":""SHORT"",""penalties"":{},""raw_score"":22.2719,""components"":{""trend_quality"":0,""catalyst_context"":50,""momentum_quality"":0,""relative_strength"":14.1099,""liquidity_tradability"":100,""market_regime_support"":6.1341,""sector_industry_support"":0,""money_flow_participation"":40.9452,""institutional_confirmation"":50},""final_score"":22.2719,""penalty_total"":0,""classification"":""REJECT"",""weighted_contributions"":{""trend_quality"":0,""catalyst_context"":2,""momentum_quality"":0,""relative_strength"":1.411,""liquidity_tradability"":6,""market_regime_support"":0.4907,""sector_industry_support"":0,""money_flow_participation"":7.3701,""institutional_confirmation"":5},""score_reconciliation_residual"":0}}","FULL","97.2862","LONG","63.3757","{""STOP_TOO_WIDE"":{""rule"":""risk per share / ATR14 <= 2.5; recorded but non-blocking"",""actual"":{""atr14"":1165.357142857143,""risk_atr"":0.21023597916028194,""risk_per_share"":245},""fields"":[""structural_stop"",""risk_per_share"",""atr14""],""passed"":true,""blocking"":false,""source_table"":""oiis_live.daily_candidate.evidence""},""NO_VALID_SETUP"":{""rule"":""one canonical setup object must contain recognised structure, volume confirmation and a structural invalidation"",""actual"":{""state"":""TRIGGERED"",""valid"":true,""direction"":""LONG"",""setup_type"":""BREAKOUT_ACCEPTANCE"",""reason_codes"":[],""trigger_price"":46980,""structural_stop"":46735,""volume_confirmed"":true},""fields"":[""open"",""high"",""low"",""close"",""sma20"",""sma50"",""prior_high_20"",""prior_low_20"",""volume_ratio_20""],""passed"":true,""blocking"":true,""source_table"":""nse.fact_eod_prices + public.bars_1m + derived rolling features""},""EXCESSIVE_EXTENSION"":{""rule"":""abs(current price - session open) / previous completed daily ATR <= 1.8; VWAP distance retained separately"",""actual"":{""close"":46980,""level"":""LOW"",""move_atr"":0.4119,""session_open"":46500,""session_vwap"":47122.091722595076,""vwap_distance_atr"":0.1219,""atr14_previous_completed"":1165.357142857143},""fields"":[""close"",""session_open"",""session_vwap"",""atr14_previous_completed""],""passed"":true,""blocking"":true,""source_table"":""public.bars_1m + nse.fact_eod_prices derived features""},""OFACTOR_BELOW_MINIMUM"":{""rule"":""canonical permission requires selected OFactor >= 74; 54/64/74 remain screening cohorts"",""actual"":{""long"":85.6476,""short"":22.2719,""selected"":85.6476,""screening_level"":""HIGH""},""fields"":[""ofactor_long"",""ofactor_short"",""selected_ofactor""],""passed"":true,""blocking"":true,""source_table"":""oiis_live.daily_candidate.component_scores/evidence""},""XFACTOR_BELOW_MINIMUM"":{""rule"":""XFactor >= 76"",""actual"":{""xfactor"":83.0621},""fields"":[""xfactor_snapshot""],""passed"":true,""blocking"":true,""source_table"":""oiis_live.daily_candidate.component_scores/evidence""},""INSUFFICIENT_LIQUIDITY"":{""rule"":""primary: volume ratio >= 0.75 and turnover percentile >= 0.10; fallback: 90-day volume percentile >= 0.30"",""actual"":{""primary_used"":true,""volume_level"":""HIGH"",""volume_ratio_20"":1.4899379192533646,""turnover_percentile"":0.868421052631579,""volume_percentile_90"":0.8055555555555556},""fields"":[""volume"",""volume_average_20"",""turnover_lacs"",""volume_percentile_90""],""passed"":true,""blocking"":true,""source_table"":""nse.fact_eod_prices""},""REWARD_RISK_BELOW_MINIMUM"":{""rule"":""when estimable, reward/risk >= 1.5"",""actual"":{""reward_risk"":null},""fields"":[""reward_risk""],""passed"":true,""blocking"":true,""source_table"":""oiis_live.daily_candidate.evidence""},""DATA_QUALITY_BELOW_MINIMUM"":{""rule"":""data quality >= 85 and permission FULL"",""actual"":{""score"":97.2862,""permission"":""FULL""},""fields"":[""data_quality"",""data_permission""],""passed"":true,""blocking"":true,""source_table"":""oiis_live.daily_candidate""},""REWARD_RISK_NOT_CALCULATED"":{""rule"":""reward/risk is calculated only from a valid setup stop and a real opposing barrier"",""actual"":{""reward_risk"":null,""risk_per_share"":245,""structural_stop"":46735},""fields"":[""setup_evaluation"",""structural_stop"",""opposing_barrier""],""passed"":false,""blocking"":true,""source_table"":""oiis_live.daily_candidate.evidence""},""DIRECTIONAL_EDGE_BELOW_MINIMUM"":{""rule"":""abs(long OFactor - short OFactor) >= 6; LOW 6, MEDIUM 7, HIGH 8"",""actual"":{""edge"":63.3757,""level"":""HIGH"",""absolute_edge"":63.3757},""fields"":[""ofactor_long"",""ofactor_short"",""directional_edge""],""passed"":true,""blocking"":true,""source_table"":""oiis_live.daily_candidate""}}","47449.80000000","85.6476","265.9959","[""REWARD_RISK_NOT_CALCULATED""]","46980.00000000","77.86799928","f6fad3b9-b72f-417e-9eb9-391fee0bca04","Automobile and Auto Components","1.48993792","-3.70615486","83.0621","CLOSED_PROFIT","2","0.00000000","4","SIMULATED","3523.136576","200000","4900","12100","187900","-900","-419.99999885","-419.99999885","8520.00000083","2959.99999279","4","2026-08-25T00:00:00.000Z","25","1174375","35375","realised_net_pnl is NET; open_unrealised_gross_pnl and counterfactual paths are GROSS","CLOSED","49105.00000000","30625","DEVELOPING_INCLUSIVE","-1586.859","FROZEN_AT_5D","48200","2026-08-22T17:53:06.169Z","SMARTAPI_QUOTE_CACHE","30625","2.60777009047366","324","true","46750","2026-08-13T10:00:00.000Z","BARS_1M_ENTRY_SESSION_CLOSE","-5625","-0.47897817988291624","-11625","7375","47270","46510","46975","25","48200.00000000","2026-08-22T01:25:00.000Z","2026-08-22T00:00:00.000Z","","","CLOSED","1","46870.00000000","-0.0022352315","-0.22352315","-0.22352315","true","{""run_id"":""f6fad3b9-b72f-417e-9eb9-391fee0bca04"",""run_slot"":""INTRADAY_1000"",""policy_id"":""OIIS_DAILY_SELECTION_INTRADAY_ENTRY_V1.0"",""entry_rule"":""QUALITY_SUM_THRESHOLD"",""fno_lot_size"":25,""quality_score"":""265.9959"",""sizing_policy"":""ONE_CURRENT_FNO_LOT"",""source_bar_id"":""NSE:2181:2026-08-13T04:30:00+00:00:ws"",""operator_override"":false,""quality_threshold"":""185"",""one_entry_per_symbol_trade_date"":true}","0.0453432677","4.53432677","1.57530601","FIVE_SESSION_COMPLETE","OPEN_ACTUAL","0","2026-08-13T04:32:00.000Z","25.00000000","1174875.00000000","ENTRY_NOTIONAL","100","GOOD_MEDIUM","82.87","true","35375","22019.6036","22019.60360000","0.00000000","","","","","","","9","BUY","25.00000000","46735","true","2026-08-13T05:36:00.000Z","6000","46735","-6000","EXITED_AT_FIRST_BREACH","OIIS_LIVE","3.7","BOSCHLTD","OBSERVED","2d8ffedf-c9e3-4be4-8c4b-25c085169ab0","5898567d-8678-4942-aadc-5104790a47d3","","0.00000000"
"1600000.00000000","{}","6225.9536","35.576877714285715","6225.9536","0.6165836692250557","{""reward"":11.13,""risk"":19.59,""speed"":17.67}","48","GOOD","EQUITY","5770.00000000","3275","BOOKED","53.17918928369863","HYPOTHETICAL","5527.6","2026-08-22T17:53:06.169Z","1271.60980000","2026-08-13T04:25:00.000Z","true","0","-0.04201039861351819757","1009750","QUALITY_SUM_THRESHOLD","147.82857143","2026-08-13T04:00:11.740Z","5767.60000000","{""xfactor"":{""score"":84.9174,""weights"":{""setup_integrity"":18,""instrument_quality"":3,""reward_path_quality"":14,""trigger_confirmation"":16,""entry_location_quality"":20,""timing_session_quality"":3,""stop_invalidation_quality"":14,""liquidity_slippage_quality"":6,""market_sector_synchronisation"":6},""decision"":""DATA_INSUFFICIENT"",""move_atr"":0.1732,""setup_id"":""BREAKOUT_ACCEPTANCE"",""penalties"":{},""raw_score"":84.9174,""components"":{""setup_integrity"":90,""instrument_quality"":100,""reward_path_quality"":50,""trigger_confirmation"":90,""entry_location_quality"":90.3792,""timing_session_quality"":80,""stop_invalidation_quality"":96.3201,""liquidity_slippage_quality"":100,""market_sector_synchronisation"":72.6129},""hard_gates"":[""STALE_OR_INSUFFICIENT_MARKET_DATA"",""REWARD_RISK_NOT_CALCULATED""],""final_score"":84.9174,""reward_risk"":null,""setup_state"":""TRIGGERED"",""setup_valid"":true,""extension_atr"":0.1732,""penalty_total"":0,""risk_per_share"":13.6,""structural_stop"":5754,""setup_evaluation"":{""state"":""TRIGGERED"",""valid"":true,""direction"":""LONG"",""setup_type"":""BREAKOUT_ACCEPTANCE"",""reason_codes"":[],""trigger_price"":5767.6,""structural_stop"":5754,""volume_confirmed"":true},""vwap_distance_atr"":0.0571,""weighted_contributions"":{""setup_integrity"":16.2,""instrument_quality"":3,""reward_path_quality"":7,""trigger_confirmation"":14.4,""entry_location_quality"":18.0758,""timing_session_quality"":2.4,""stop_invalidation_quality"":13.4848,""liquidity_slippage_quality"":6,""market_sector_synchronisation"":4.3568},""score_reconciliation_residual"":0},""ofactor_long"":{""weights"":{""trend_quality"":18,""catalyst_context"":4,""momentum_quality"":12,""relative_strength"":10,""liquidity_tradability"":6,""market_regime_support"":8,""sector_industry_support"":14,""money_flow_participation"":18,""institutional_confirmation"":10},""direction"":""LONG"",""penalties"":{},""raw_score"":80.7252,""components"":{""trend_quality"":98.3959,""catalyst_context"":50,""momentum_quality"":87.4423,""relative_strength"":99.9776,""liquidity_tradability"":100,""market_regime_support"":93.8659,""sector_industry_support"":51.36,""money_flow_participation"":82.3523,""institutional_confirmation"":50},""final_score"":80.7252,""penalty_total"":0,""classification"":""TIER_B"",""weighted_contributions"":{""trend_quality"":17.7113,""catalyst_context"":2,""momentum_quality"":10.4931,""relative_strength"":9.9978,""liquidity_tradability"":6,""market_regime_support"":7.5093,""sector_industry_support"":7.1904,""money_flow_participation"":14.8234,""institutional_confirmation"":5},""score_reconciliation_residual"":0},""ofactor_short"":{""weights"":{""trend_quality"":18,""catalyst_context"":4,""momentum_quality"":12,""relative_strength"":10,""liquidity_tradability"":6,""market_regime_support"":8,""sector_industry_support"":14,""money_flow_participation"":18,""institutional_confirmation"":10},""direction"":""SHORT"",""penalties"":{},""raw_score"":31.2748,""components"":{""trend_quality"":1.6041,""catalyst_context"":50,""momentum_quality"":12.5577,""relative_strength"":0.0224,""liquidity_tradability"":100,""market_regime_support"":6.1341,""sector_industry_support"":48.64,""money_flow_participation"":50.9811,""institutional_confirmation"":50},""final_score"":31.2748,""penalty_total"":0,""classification"":""REJECT"",""weighted_contributions"":{""trend_quality"":0.2887,""catalyst_context"":2,""momentum_quality"":1.5069,""relative_strength"":0.0022,""liquidity_tradability"":6,""market_regime_support"":0.4907,""sector_industry_support"":6.8096,""money_flow_participation"":9.1766,""institutional_confirmation"":5},""score_reconciliation_residual"":0}}","DATA_INSUFFICIENT","49.0000","LONG","49.4504","{""STOP_TOO_WIDE"":{""rule"":""risk per share / ATR14 <= 2.5; recorded but non-blocking"",""actual"":{""atr14"":147.8285714285714,""risk_atr"":0.09199845380749905,""risk_per_share"":13.6},""fields"":[""structural_stop"",""risk_per_share"",""atr14""],""passed"":true,""blocking"":false,""source_table"":""oiis_live.daily_candidate.evidence""},""NO_VALID_SETUP"":{""rule"":""one canonical setup object must contain recognised structure, volume confirmation and a structural invalidation"",""actual"":{""state"":""TRIGGERED"",""valid"":true,""direction"":""LONG"",""setup_type"":""BREAKOUT_ACCEPTANCE"",""reason_codes"":[],""trigger_price"":5767.6,""structural_stop"":5754,""volume_confirmed"":true},""fields"":[""open"",""high"",""low"",""close"",""sma20"",""sma50"",""prior_high_20"",""prior_low_20"",""volume_ratio_20""],""passed"":true,""blocking"":true,""source_table"":""nse.fact_eod_prices + public.bars_1m + derived rolling features""},""EXCESSIVE_EXTENSION"":{""rule"":""abs(current price - session open) / previous completed daily ATR <= 1.8; VWAP distance retained separately"",""actual"":{""close"":5767.6,""level"":""LOW"",""move_atr"":0.1732,""session_open"":5742,""session_vwap"":5759.159194752318,""vwap_distance_atr"":0.0571,""atr14_previous_completed"":147.8285714285714},""fields"":[""close"",""session_open"",""session_vwap"",""atr14_previous_completed""],""passed"":true,""blocking"":true,""source_table"":""public.bars_1m + nse.fact_eod_prices derived features""},""OFACTOR_BELOW_MINIMUM"":{""rule"":""canonical permission requires selected OFactor >= 74; 54/64/74 remain screening cohorts"",""actual"":{""long"":80.7252,""short"":31.2748,""selected"":80.7252,""screening_level"":""HIGH""},""fields"":[""ofactor_long"",""ofactor_short"",""selected_ofactor""],""passed"":true,""blocking"":true,""source_table"":""oiis_live.daily_candidate.component_scores/evidence""},""XFACTOR_BELOW_MINIMUM"":{""rule"":""XFactor >= 76"",""actual"":{""xfactor"":84.9174},""fields"":[""xfactor_snapshot""],""passed"":true,""blocking"":true,""source_table"":""oiis_live.daily_candidate.component_scores/evidence""},""INSUFFICIENT_LIQUIDITY"":{""rule"":""primary: volume ratio >= 0.75 and turnover percentile >= 0.10; fallback: 90-day volume percentile >= 0.30"",""actual"":{""primary_used"":true,""volume_level"":""HIGH"",""volume_ratio_20"":2.264663194740886,""turnover_percentile"":0.9578947368421052,""volume_percentile_90"":1},""fields"":[""volume"",""volume_average_20"",""turnover_lacs"",""volume_percentile_90""],""passed"":false,""blocking"":true,""source_table"":""nse.fact_eod_prices""},""REWARD_RISK_BELOW_MINIMUM"":{""rule"":""when estimable, reward/risk >= 1.5"",""actual"":{""reward_risk"":null},""fields"":[""reward_risk""],""passed"":true,""blocking"":true,""source_table"":""oiis_live.daily_candidate.evidence""},""DATA_QUALITY_BELOW_MINIMUM"":{""rule"":""data quality >= 85 and permission FULL"",""actual"":{""score"":49,""permission"":""DATA_INSUFFICIENT""},""fields"":[""data_quality"",""data_permission""],""passed"":false,""blocking"":true,""source_table"":""oiis_live.daily_candidate""},""REWARD_RISK_NOT_CALCULATED"":{""rule"":""reward/risk is calculated only from a valid setup stop and a real opposing barrier"",""actual"":{""reward_risk"":null,""risk_per_share"":13.6,""structural_stop"":5754},""fields"":[""setup_evaluation"",""structural_stop"",""opposing_barrier""],""passed"":false,""blocking"":true,""source_table"":""oiis_live.daily_candidate.evidence""},""DIRECTIONAL_EDGE_BELOW_MINIMUM"":{""rule"":""abs(long OFactor - short OFactor) >= 6; LOW 6, MEDIUM 7, HIGH 8"",""actual"":{""edge"":49.4504,""level"":""HIGH"",""absolute_edge"":49.4504},""fields"":[""ofactor_long"",""ofactor_short"",""directional_edge""],""passed"":true,""blocking"":true,""source_table"":""oiis_live.daily_candidate""}}","5825.27600000","80.7252","214.6426","[""INSUFFICIENT_LIQUIDITY"",""REWARD_RISK_NOT_CALCULATED"",""DATA_QUALITY_BELOW_MINIMUM""]","5767.60000000","74.58854598","75460abf-378d-45c5-a51a-07f8ea8a4d91","Capital Goods","2.26466319","-1.55076093","84.9174","CLOSED_PROFIT","2","0.00000000","7","SIMULATED","1209.6138422857143","200000","-8241.599999999988","3820","196180","646","-9431.60000017","-3325.199993200001","3797.800006596","2274.600005338","34","2026-08-25T00:00:00.000Z","175","1009750","10850","realised_net_pnl is NET; open_unrealised_gross_pnl and counterfactual paths are GROSS","CLOSED","5881.70000000","-42419.999999999935","DEVELOPING_INCLUSIVE","-13497.6458","FROZEN_AT_5D","5527.6","2026-08-22T17:53:06.169Z","SMARTAPI_QUOTE_CACHE","-42419.999999999935","-4.201039861351818","350","true","5789","2026-08-13T10:00:00.000Z","BARS_1M_ENTRY_SESSION_CLOSE","3325","0.3292894280762626","-8312.5","11707.499999999936","5836.9","5722.5","5770","175","5527.60000000","2026-08-22T01:25:00.000Z","2026-08-22T00:00:00.000Z","","","CLOSED","1","5492.60000000","-0.0480762565","-4.807625649999999","-1.6949740000000002","true","{""run_id"":""75460abf-378d-45c5-a51a-07f8ea8a4d91"",""run_slot"":""OPEN_0930"",""policy_id"":""OIIS_DAILY_SELECTION_INTRADAY_ENTRY_V1.0"",""entry_rule"":""QUALITY_SUM_THRESHOLD"",""fno_lot_size"":175,""quality_score"":""214.6426"",""sizing_policy"":""ONE_CURRENT_FNO_LOT"",""source_bar_id"":""NSE:13310:2026-08-13T04:00:00+00:00:ws"",""operator_override"":false,""quality_threshold"":""185"",""one_entry_per_symbol_trade_date"":true}","0.0193587522","1.93587522","1.15944541","FIVE_SESSION_COMPLETE","OPEN_ACTUAL","0","2026-08-13T04:03:00.000Z","175.00000000","1008770.00000000","ENTRY_NOTIONAL","100","BAD_RISK","72.86","true","10850","6225.9536","6225.95360000","0.00000000","","","","","","","11","BUY","175.00000000","5735.714285714285","true","2026-08-13T09:44:00.000Z","6000","5735.714285714285","-6000.000000000068","EXITED_AT_FIRST_BREACH","OIIS_LIVE","3.7","KEI","OBSERVED","d968c721-7e82-4572-99d7-bf83f5e83416","7070bc9f-a9b9-4709-985b-b2ed4195b775","","0.00000000"
"1600000.00000000","{}","15338.6866","11.361990074074075","15338.6866","1.8969847356330365","{""reward"":33.42,""risk"":26.34,""speed"":0}","60","GOOD","EQUITY","598.95000000","3501","BOOKED","54.493957203015555","HYPOTHETICAL","603.55","2026-08-22T17:53:06.169Z","1039.52060000","2026-08-13T06:45:00.000Z","false","0","0.00768010685366057267","808582.5000000001","RSI_WILLR","26.41071429","2026-08-12T09:30:04.101Z","600.00000000","{""xfactor"":{""score"":76.8082,""weights"":{""setup_integrity"":18,""instrument_quality"":3,""reward_path_quality"":14,""trigger_confirmation"":16,""entry_location_quality"":20,""timing_session_quality"":3,""stop_invalidation_quality"":14,""liquidity_slippage_quality"":6,""market_sector_synchronisation"":6},""decision"":""ENTERABLE_TIER_B"",""move_atr"":0.1893,""setup_id"":""PULLBACK_CONTINUATION"",""penalties"":{},""raw_score"":76.8082,""components"":{""setup_integrity"":55,""instrument_quality"":100,""reward_path_quality"":100,""trigger_confirmation"":55,""entry_location_quality"":89.4824,""timing_session_quality"":80,""stop_invalidation_quality"":77.4334,""liquidity_slippage_quality"":100,""market_sector_synchronisation"":66.1833},""hard_gates"":[],""final_score"":76.8082,""reward_risk"":3.2852,""setup_state"":""ARMED"",""setup_valid"":true,""extension_atr"":0.1893,""penalty_total"":0,""risk_per_share"":14.9,""structural_stop"":585.1,""setup_evaluation"":{""state"":""ARMED"",""valid"":true,""direction"":""LONG"",""setup_type"":""PULLBACK_CONTINUATION"",""reason_codes"":[],""trigger_price"":600,""structural_stop"":585.1,""volume_confirmed"":true},""vwap_distance_atr"":0.2868,""weighted_contributions"":{""setup_integrity"":9.9,""instrument_quality"":3,""reward_path_quality"":14,""trigger_confirmation"":8.8,""entry_location_quality"":17.8965,""timing_session_quality"":2.4,""stop_invalidation_quality"":10.8407,""liquidity_slippage_quality"":6,""market_sector_synchronisation"":3.971},""score_reconciliation_residual"":0},""ofactor_long"":{""weights"":{""trend_quality"":18,""catalyst_context"":4,""momentum_quality"":12,""relative_strength"":10,""liquidity_tradability"":6,""market_regime_support"":8,""sector_industry_support"":14,""money_flow_participation"":18,""institutional_confirmation"":10},""direction"":""LONG"",""penalties"":{},""raw_score"":74.9617,""components"":{""trend_quality"":91.8289,""catalyst_context"":50,""momentum_quality"":85.0909,""relative_strength"":99.9908,""liquidity_tradability"":100,""market_regime_support"":93.8659,""sector_industry_support"":38.5008,""money_flow_participation"":68.4616,""institutional_confirmation"":50},""final_score"":74.9617,""penalty_total"":0,""classification"":""TIER_B"",""weighted_contributions"":{""trend_quality"":16.5292,""catalyst_context"":2,""momentum_quality"":10.2109,""relative_strength"":9.9991,""liquidity_tradability"":6,""market_regime_support"":7.5093,""sector_industry_support"":5.3901,""money_flow_participation"":12.3231,""institutional_confirmation"":5},""score_reconciliation_residual"":0},""ofactor_short"":{""weights"":{""trend_quality"":18,""catalyst_context"":4,""momentum_quality"":12,""relative_strength"":10,""liquidity_tradability"":6,""market_regime_support"":8,""sector_industry_support"":14,""money_flow_participation"":18,""institutional_confirmation"":10},""direction"":""SHORT"",""penalties"":{},""raw_score"":37.0384,""components"":{""trend_quality"":8.1711,""catalyst_context"":50,""momentum_quality"":14.9091,""relative_strength"":0.0092,""liquidity_tradability"":100,""market_regime_support"":6.1341,""sector_industry_support"":61.4992,""money_flow_participation"":64.8718,""institutional_confirmation"":50},""final_score"":37.0384,""penalty_total"":0,""classification"":""REJECT"",""weighted_contributions"":{""trend_quality"":1.4708,""catalyst_context"":2,""momentum_quality"":1.7891,""relative_strength"":0.0009,""liquidity_tradability"":6,""market_regime_support"":0.4907,""sector_industry_support"":8.6099,""money_flow_participation"":11.6769,""institutional_confirmation"":5},""score_reconciliation_residual"":0}}","FULL","97.2862","LONG","37.9233","{""STOP_TOO_WIDE"":{""rule"":""risk per share / ATR14 <= 2.5; recorded but non-blocking"",""actual"":{""atr14"":26.410714285714285,""risk_atr"":0.5641649763353618,""risk_per_share"":14.9},""fields"":[""structural_stop"",""risk_per_share"",""atr14""],""passed"":true,""blocking"":false,""source_table"":""oiis_live.daily_candidate.evidence""},""NO_VALID_SETUP"":{""rule"":""one canonical setup object must contain recognised structure, volume confirmation and a structural invalidation"",""actual"":{""state"":""ARMED"",""valid"":true,""direction"":""LONG"",""setup_type"":""PULLBACK_CONTINUATION"",""reason_codes"":[],""trigger_price"":600,""structural_stop"":585.1,""volume_confirmed"":true},""fields"":[""open"",""high"",""low"",""close"",""sma20"",""sma50"",""prior_high_20"",""prior_low_20"",""volume_ratio_20""],""passed"":true,""blocking"":true,""source_table"":""nse.fact_eod_prices + public.bars_1m + derived rolling features""},""EXCESSIVE_EXTENSION"":{""rule"":""abs(current price - session open) / previous completed daily ATR <= 1.8; VWAP distance retained separately"",""actual"":{""close"":600,""level"":""LOW"",""move_atr"":0.1893,""session_open"":605,""session_vwap"":592.4260262288805,""vwap_distance_atr"":0.2868,""atr14_previous_completed"":26.410714285714285},""fields"":[""close"",""session_open"",""session_vwap"",""atr14_previous_completed""],""passed"":true,""blocking"":true,""source_table"":""public.bars_1m + nse.fact_eod_prices derived features""},""OFACTOR_BELOW_MINIMUM"":{""rule"":""canonical permission requires selected OFactor >= 74; 54/64/74 remain screening cohorts"",""actual"":{""long"":74.9617,""short"":37.0384,""selected"":74.9617,""screening_level"":""HIGH""},""fields"":[""ofactor_long"",""ofactor_short"",""selected_ofactor""],""passed"":true,""blocking"":true,""source_table"":""oiis_live.daily_candidate.component_scores/evidence""},""XFACTOR_BELOW_MINIMUM"":{""rule"":""XFactor >= 76"",""actual"":{""xfactor"":76.8082},""fields"":[""xfactor_snapshot""],""passed"":true,""blocking"":true,""source_table"":""oiis_live.daily_candidate.component_scores/evidence""},""INSUFFICIENT_LIQUIDITY"":{""rule"":""primary: volume ratio >= 0.75 and turnover percentile >= 0.10; fallback: 90-day volume percentile >= 0.30"",""actual"":{""primary_used"":true,""volume_level"":""HIGH"",""volume_ratio_20"":2.0928620512111613,""turnover_percentile"":0.8210526315789474,""volume_percentile_90"":1},""fields"":[""volume"",""volume_average_20"",""turnover_lacs"",""volume_percentile_90""],""passed"":true,""blocking"":true,""source_table"":""nse.fact_eod_prices""},""REWARD_RISK_BELOW_MINIMUM"":{""rule"":""when estimable, reward/risk >= 1.5"",""actual"":{""reward_risk"":3.2852},""fields"":[""reward_risk""],""passed"":true,""blocking"":true,""source_table"":""oiis_live.daily_candidate.evidence""},""DATA_QUALITY_BELOW_MINIMUM"":{""rule"":""data quality >= 85 and permission FULL"",""actual"":{""score"":97.2862,""permission"":""FULL""},""fields"":[""data_quality"",""data_permission""],""passed"":true,""blocking"":true,""source_table"":""oiis_live.daily_candidate""},""REWARD_RISK_NOT_CALCULATED"":{""rule"":""reward/risk is calculated only from a valid setup stop and a real opposing barrier"",""actual"":{""reward_risk"":3.2852,""risk_per_share"":14.9,""structural_stop"":585.1},""fields"":[""setup_evaluation"",""structural_stop"",""opposing_barrier""],""passed"":true,""blocking"":true,""source_table"":""oiis_live.daily_candidate.evidence""},""DIRECTIONAL_EDGE_BELOW_MINIMUM"":{""rule"":""abs(long OFactor - short OFactor) >= 6; LOW 6, MEDIUM 7, HIGH 8"",""actual"":{""edge"":37.9233,""level"":""HIGH"",""absolute_edge"":37.9233},""fields"":[""ofactor_long"",""ofactor_short"",""directional_edge""],""passed"":true,""blocking"":true,""source_table"":""oiis_live.daily_candidate""}}","606.00000000","74.9617","249.0561","[]","600.00000000","62.77599159","d85ffff8-82cd-4a8b-850a-480953efb2a7","Consumer Durables","2.09286205","-55.81527936","76.8082","CLOSED_PROFIT","2","0.00000000","","SIMULATED","3783.542694666667","200000","1531.7999999999697","549.6499999999942","199450.35","-749.25","-3379.9499937279447","-1798.19999784216","7575.7500086380205","6943.049998316685","333","2026-08-25T00:00:00.000Z","1350","808582.5000000001","24637.5","realised_net_pnl is NET; open_unrealised_gross_pnl and counterfactual paths are GROSS","CLOSED","621.70000000","6209.999999999877","DEVELOPING_INCLUSIVE","10955.7382","FROZEN_AT_5D","603.55","2026-08-22T17:53:06.169Z","SMARTAPI_QUOTE_CACHE","6209.999999999877","0.7680106853660496","25","true","596.7","2026-08-12T10:00:00.000Z","BARS_1M_ENTRY_SESSION_CLOSE","-3037.5","-0.37565740045079066","-3037.5","2025","600.45","596.7","598.95","1350","603.55000000","2026-08-22T01:25:00.000Z","2026-08-22T00:00:00.000Z","","","CLOSED","1","588.80000000","-0.0169463227","-1.6946322699999998","-0.90157776","true","{""run_id"":null,""run_slot"":null,""policy_id"":""OIIS_DAILY_SELECTION_INTRADAY_ENTRY_V1.0"",""entry_rule"":""RSI_WILLR"",""fno_lot_size"":1350,""quality_score"":null,""sizing_policy"":""ONE_CURRENT_FNO_LOT"",""source_bar_id"":""NSE:2955:2026-08-12T04:06:00+00:00:ws"",""operator_override"":false,""quality_threshold"":null,""one_entry_per_symbol_trade_date"":true}","0.0379831372","3.7983137200000003","3.4810919099999995","FIVE_SESSION_COMPLETE","OPEN_ACTUAL","0","2026-08-12T09:36:00.000Z","1350.00000000","806760.00000000","ENTRY_NOTIONAL","100","BAD_RISK","73.66","true","24637.5","15338.6866","15338.68660000","0.00000000","","","","","","","12","BUY","1350.00000000","594.5055555555556","true","2026-08-13T05:55:00.000Z","6000","594.5055555555556","-6000.000000000017","EXITED_AT_FIRST_BREACH","OIIS_LIVE","3.7","KALYANKJIL","OBSERVED","0ef9a033-4606-476d-bce6-15b460eadf23","7069adc4-31f7-463a-9129-e9e738b003b0","","0.00000000"
"1600000.00000000","{}","1838.6078","10.506330285714286","1838.6078","0.18442835827258386","{""reward"":23.63,""risk"":31.81,""speed"":14.82}","70","GOOD","EQUITY","5696.70000000","3560","BOOKED","7.49381616603606","HYPOTHETICAL","5527.6","2026-08-22T17:53:06.169Z","1248.87260000","2026-08-12T09:45:00.000Z","true","0","-0.02968385205469833412","996922.5","QUALITY_SUM_THRESHOLD","145.88571429","2026-08-12T08:30:07.902Z","5702.60000000","{""xfactor"":{""score"":80.0805,""weights"":{""setup_integrity"":18,""instrument_quality"":3,""reward_path_quality"":14,""trigger_confirmation"":16,""entry_location_quality"":20,""timing_session_quality"":3,""stop_invalidation_quality"":14,""liquidity_slippage_quality"":6,""market_sector_synchronisation"":6},""decision"":""ENTERABLE_TIER_B"",""move_atr"":0.4003,""setup_id"":""BREAKOUT_ACCEPTANCE"",""penalties"":{},""raw_score"":80.0805,""components"":{""setup_integrity"":90,""instrument_quality"":100,""reward_path_quality"":50,""trigger_confirmation"":90,""entry_location_quality"":77.7604,""timing_session_quality"":80,""stop_invalidation_quality"":96.8194,""liquidity_slippage_quality"":60.7018,""market_sector_synchronisation"":72.1936},""hard_gates"":[""REWARD_RISK_NOT_CALCULATED""],""final_score"":80.0805,""reward_risk"":null,""setup_state"":""TRIGGERED"",""setup_valid"":true,""extension_atr"":0.4003,""penalty_total"":0,""risk_per_share"":11.6,""structural_stop"":5691,""setup_evaluation"":{""state"":""TRIGGERED"",""valid"":true,""direction"":""LONG"",""setup_type"":""BREAKOUT_ACCEPTANCE"",""reason_codes"":[],""trigger_price"":5702.6,""structural_stop"":5691,""volume_confirmed"":true},""vwap_distance_atr"":0.446,""weighted_contributions"":{""setup_integrity"":16.2,""instrument_quality"":3,""reward_path_quality"":7,""trigger_confirmation"":14.4,""entry_location_quality"":15.5521,""timing_session_quality"":2.4,""stop_invalidation_quality"":13.5547,""liquidity_slippage_quality"":3.6421,""market_sector_synchronisation"":4.3316},""score_reconciliation_residual"":0},""ofactor_long"":{""weights"":{""trend_quality"":18,""catalyst_context"":4,""momentum_quality"":12,""relative_strength"":10,""liquidity_tradability"":6,""market_regime_support"":8,""sector_industry_support"":14,""money_flow_participation"":18,""institutional_confirmation"":10},""direction"":""LONG"",""penalties"":{},""raw_score"":74.4895,""components"":{""trend_quality"":95.5233,""catalyst_context"":50,""momentum_quality"":82.3127,""relative_strength"":93.4602,""liquidity_tradability"":60.7018,""market_regime_support"":93.8659,""sector_industry_support"":50.5213,""money_flow_participation"":71.3746,""institutional_confirmation"":50},""final_score"":74.4895,""penalty_total"":0,""classification"":""TIER_B"",""weighted_contributions"":{""trend_quality"":17.1942,""catalyst_context"":2,""momentum_quality"":9.8775,""relative_strength"":9.346,""liquidity_tradability"":3.6421,""market_regime_support"":7.5093,""sector_industry_support"":7.073,""money_flow_participation"":12.8474,""institutional_confirmation"":5},""score_reconciliation_residual"":0},""ofactor_short"":{""weights"":{""trend_quality"":18,""catalyst_context"":4,""momentum_quality"":12,""relative_strength"":10,""liquidity_tradability"":6,""market_regime_support"":8,""sector_industry_support"":14,""money_flow_participation"":18,""institutional_confirmation"":10},""direction"":""SHORT"",""penalties"":{},""raw_score"":26.5653,""components"":{""trend_quality"":4.4767,""catalyst_context"":50,""momentum_quality"":17.6873,""relative_strength"":6.5398,""liquidity_tradability"":60.7018,""market_regime_support"":6.1341,""sector_industry_support"":49.4787,""money_flow_participation"":27.3509,""institutional_confirmation"":50},""final_score"":26.5653,""penalty_total"":0,""classification"":""REJECT"",""weighted_contributions"":{""trend_quality"":0.8058,""catalyst_context"":2,""momentum_quality"":2.1225,""relative_strength"":0.654,""liquidity_tradability"":3.6421,""market_regime_support"":0.4907,""sector_industry_support"":6.927,""money_flow_participation"":4.9232,""institutional_confirmation"":5},""score_reconciliation_residual"":0}}","FULL","97.2862","LONG","47.9242","{""STOP_TOO_WIDE"":{""rule"":""risk per share / ATR14 <= 2.5; recorded but non-blocking"",""actual"":{""atr14"":145.88571428571427,""risk_atr"":0.07951429690560126,""risk_per_share"":11.6},""fields"":[""structural_stop"",""risk_per_share"",""atr14""],""passed"":true,""blocking"":false,""source_table"":""oiis_live.daily_candidate.evidence""},""NO_VALID_SETUP"":{""rule"":""one canonical setup object must contain recognised structure, volume confirmation and a structural invalidation"",""actual"":{""state"":""TRIGGERED"",""valid"":true,""direction"":""LONG"",""setup_type"":""BREAKOUT_ACCEPTANCE"",""reason_codes"":[],""trigger_price"":5702.6,""structural_stop"":5691,""volume_confirmed"":true},""fields"":[""open"",""high"",""low"",""close"",""sma20"",""sma50"",""prior_high_20"",""prior_low_20"",""volume_ratio_20""],""passed"":true,""blocking"":true,""source_table"":""nse.fact_eod_prices + public.bars_1m + derived rolling features""},""EXCESSIVE_EXTENSION"":{""rule"":""abs(current price - session open) / previous completed daily ATR <= 1.8; VWAP distance retained separately"",""actual"":{""close"":5702.6,""level"":""LOW"",""move_atr"":0.4003,""session_open"":5644.2,""session_vwap"":5637.534503616862,""vwap_distance_atr"":0.446,""atr14_previous_completed"":145.88571428571427},""fields"":[""close"",""session_open"",""session_vwap"",""atr14_previous_completed""],""passed"":true,""blocking"":true,""source_table"":""public.bars_1m + nse.fact_eod_prices derived features""},""OFACTOR_BELOW_MINIMUM"":{""rule"":""canonical permission requires selected OFactor >= 74; 54/64/74 remain screening cohorts"",""actual"":{""long"":74.4895,""short"":26.5653,""selected"":74.4895,""screening_level"":""HIGH""},""fields"":[""ofactor_long"",""ofactor_short"",""selected_ofactor""],""passed"":true,""blocking"":true,""source_table"":""oiis_live.daily_candidate.component_scores/evidence""},""XFACTOR_BELOW_MINIMUM"":{""rule"":""XFactor >= 76"",""actual"":{""xfactor"":80.0805},""fields"":[""xfactor_snapshot""],""passed"":true,""blocking"":true,""source_table"":""oiis_live.daily_candidate.component_scores/evidence""},""INSUFFICIENT_LIQUIDITY"":{""rule"":""primary: volume ratio >= 0.75 and turnover percentile >= 0.10; fallback: 90-day volume percentile >= 0.30"",""actual"":{""primary_used"":true,""volume_level"":""HIGH"",""volume_ratio_20"":1.2213252094440212,""turnover_percentile"":0.5052631578947369,""volume_percentile_90"":0.5},""fields"":[""volume"",""volume_average_20"",""turnover_lacs"",""volume_percentile_90""],""passed"":true,""blocking"":true,""source_table"":""nse.fact_eod_prices""},""REWARD_RISK_BELOW_MINIMUM"":{""rule"":""when estimable, reward/risk >= 1.5"",""actual"":{""reward_risk"":null},""fields"":[""reward_risk""],""passed"":true,""blocking"":true,""source_table"":""oiis_live.daily_candidate.evidence""},""DATA_QUALITY_BELOW_MINIMUM"":{""rule"":""data quality >= 85 and permission FULL"",""actual"":{""score"":97.2862,""permission"":""FULL""},""fields"":[""data_quality"",""data_permission""],""passed"":true,""blocking"":true,""source_table"":""oiis_live.daily_candidate""},""REWARD_RISK_NOT_CALCULATED"":{""rule"":""reward/risk is calculated only from a valid setup stop and a real opposing barrier"",""actual"":{""reward_risk"":null,""risk_per_share"":11.6,""structural_stop"":5691},""fields"":[""setup_evaluation"",""structural_stop"",""opposing_barrier""],""passed"":false,""blocking"":true,""source_table"":""oiis_live.daily_candidate.evidence""},""DIRECTIONAL_EDGE_BELOW_MINIMUM"":{""rule"":""abs(long OFactor - short OFactor) >= 6; LOW 6, MEDIUM 7, HIGH 8"",""actual"":{""edge"":47.9242,""level"":""HIGH"",""absolute_edge"":47.9242},""fields"":[""ofactor_long"",""ofactor_short"",""directional_edge""],""passed"":true,""blocking"":true,""source_table"":""oiis_live.daily_candidate""}}","5759.62600000","74.4895","251.8562","[""REWARD_RISK_NOT_CALCULATED""]","5702.60000000","72.92889388","ad9bc55b-9c0d-4a62-94a0-91aab9ddf97c","Capital Goods","1.22132521","-1.78553104","80.0805","CLOSED_PROFIT","2","0.00000000","68","SIMULATED","367.72156","200000","-5918.499999999981","615.5","199384.5","2005.5000000000064","-7143.49999378155","-514.4999983798499","6474.999993445201","4907.0000097762","35","2026-08-25T00:00:00.000Z","175","996922.5","4077.5","realised_net_pnl is NET; open_unrealised_gross_pnl and counterfactual paths are GROSS","CLOSED","5881.70000000","-29592.499999999905","DEVELOPING_INCLUSIVE","2179.5038","FROZEN_AT_5D","5527.6","2026-08-22T17:53:06.169Z","SMARTAPI_QUOTE_CACHE","-29592.499999999905","-2.9683852054698256","85","true","5754","2026-08-12T10:00:00.000Z","BARS_1M_ENTRY_SESSION_CLOSE","10027.500000000033","1.0058454894939173","-2572.499999999968","10027.500000000033","5754","5682","5696.7","175","5527.60000000","2026-08-22T01:25:00.000Z","2026-08-22T00:00:00.000Z","","","CLOSED","1","5492.60000000","-0.0358277599","-3.58277599","-0.25804413","true","{""run_id"":""ad9bc55b-9c0d-4a62-94a0-91aab9ddf97c"",""run_slot"":""INTRADAY_1400"",""policy_id"":""OIIS_DAILY_SELECTION_INTRADAY_ENTRY_V1.0"",""entry_rule"":""QUALITY_SUM_THRESHOLD"",""fno_lot_size"":175,""quality_score"":""251.8562"",""sizing_policy"":""ONE_CURRENT_FNO_LOT"",""source_bar_id"":""NSE:13310:2026-08-12T08:30:00+00:00:ws"",""operator_override"":false,""quality_threshold"":""185"",""one_entry_per_symbol_trade_date"":true}","0.0324749416","3.24749416","2.4610739600000002","FIVE_SESSION_COMPLETE","OPEN_ACTUAL","0","2026-08-12T08:36:00.000Z","175.00000000","998007.50000000","ENTRY_NOTIONAL","100","WEAK","63.32","true","4077.5","1838.6078","1838.60780000","0.00000000","","","","","","","12","BUY","175.00000000","5662.414285714286","true","2026-08-20T05:40:00.000Z","6000","5662.414285714286","-5999.999999999909","EXITED_AT_FIRST_BREACH","OIIS_LIVE","3.7","KEI","OBSERVED","3b6ad981-b77c-4aad-b61e-664d10a5a756","f1ac458e-7264-41d1-bd9b-1cba8da22837","","0.00000000"
"1600000.00000000","{}","739.6126","1.4792252000000001","739.6126","0.08741949057384316","{""reward"":8.11,""risk"":28.98,""speed"":14.91}","52","WEAK","EQUITY","1692.10000000","3693","BOOKED","10.344232134470209","HYPOTHETICAL","1649","2026-08-22T17:53:06.169Z","1062.13450000","2026-08-12T08:11:00.000Z","true","0","-0.02547130784232610366","846050","QUALITY_SUM_THRESHOLD","37.20000000","2026-08-12T07:00:08.517Z","1693.70000000","{""xfactor"":{""score"":82.2638,""weights"":{""setup_integrity"":18,""instrument_quality"":3,""reward_path_quality"":14,""trigger_confirmation"":16,""entry_location_quality"":20,""timing_session_quality"":3,""stop_invalidation_quality"":14,""liquidity_slippage_quality"":6,""market_sector_synchronisation"":6},""decision"":""NO_OPPORTUNITY"",""move_atr"":0.2446,""setup_id"":""BREAKOUT_ACCEPTANCE"",""penalties"":{},""raw_score"":82.2638,""components"":{""setup_integrity"":90,""instrument_quality"":100,""reward_path_quality"":50,""trigger_confirmation"":90,""entry_location_quality"":86.4098,""timing_session_quality"":80,""stop_invalidation_quality"":92.1505,""liquidity_slippage_quality"":91.5789,""market_sector_synchronisation"":59.7679},""hard_gates"":[""OFACTOR_BELOW_MINIMUM"",""REWARD_RISK_NOT_CALCULATED""],""final_score"":82.2638,""reward_risk"":null,""setup_state"":""TRIGGERED"",""setup_valid"":true,""extension_atr"":0.2446,""penalty_total"":0,""risk_per_share"":7.3,""structural_stop"":1686.4,""setup_evaluation"":{""state"":""TRIGGERED"",""valid"":true,""direction"":""LONG"",""setup_type"":""BREAKOUT_ACCEPTANCE"",""reason_codes"":[],""trigger_price"":1693.7,""structural_stop"":1686.4,""volume_confirmed"":true},""vwap_distance_atr"":0.0886,""weighted_contributions"":{""setup_integrity"":16.2,""instrument_quality"":3,""reward_path_quality"":7,""trigger_confirmation"":14.4,""entry_location_quality"":17.282,""timing_session_quality"":2.4,""stop_invalidation_quality"":12.9011,""liquidity_slippage_quality"":5.4947,""market_sector_synchronisation"":3.5861},""score_reconciliation_residual"":0},""ofactor_long"":{""weights"":{""trend_quality"":18,""catalyst_context"":4,""momentum_quality"":12,""relative_strength"":10,""liquidity_tradability"":6,""market_regime_support"":8,""sector_industry_support"":14,""money_flow_participation"":18,""institutional_confirmation"":10},""direction"":""LONG"",""penalties"":{},""raw_score"":73.1681,""components"":{""trend_quality"":95.5918,""catalyst_context"":50,""momentum_quality"":72.3758,""relative_strength"":86.3366,""liquidity_tradability"":91.5789,""market_regime_support"":93.8659,""sector_industry_support"":25.6699,""money_flow_participation"":83.5835,""institutional_confirmation"":50},""final_score"":73.1681,""penalty_total"":0,""classification"":""WATCHLIST"",""weighted_contributions"":{""trend_quality"":17.2065,""catalyst_context"":2,""momentum_quality"":8.6851,""relative_strength"":8.6337,""liquidity_tradability"":5.4947,""market_regime_support"":7.5093,""sector_industry_support"":3.5938,""money_flow_participation"":15.045,""institutional_confirmation"":5},""score_reconciliation_residual"":0},""ofactor_short"":{""weights"":{""trend_quality"":18,""catalyst_context"":4,""momentum_quality"":12,""relative_strength"":10,""liquidity_tradability"":6,""market_regime_support"":8,""sector_industry_support"":14,""money_flow_participation"":18,""institutional_confirmation"":10},""direction"":""SHORT"",""penalties"":{},""raw_score"":36.2241,""components"":{""trend_quality"":4.4082,""catalyst_context"":50,""momentum_quality"":27.6242,""relative_strength"":13.6634,""liquidity_tradability"":91.5789,""market_regime_support"":6.1341,""sector_industry_support"":74.3301,""money_flow_participation"":40.876,""institutional_confirmation"":50},""final_score"":36.2241,""penalty_total"":0,""classification"":""REJECT"",""weighted_contributions"":{""trend_quality"":0.7935,""catalyst_context"":2,""momentum_quality"":3.3149,""relative_strength"":1.3663,""liquidity_tradability"":5.4947,""market_regime_support"":0.4907,""sector_industry_support"":10.4062,""money_flow_participation"":7.3577,""institutional_confirmation"":5},""score_reconciliation_residual"":0}}","FULL","97.2862","LONG","36.9440","{""STOP_TOO_WIDE"":{""rule"":""risk per share / ATR14 <= 2.5; recorded but non-blocking"",""actual"":{""atr14"":37.20000000000003,""risk_atr"":0.19623655913978477,""risk_per_share"":7.3},""fields"":[""structural_stop"",""risk_per_share"",""atr14""],""passed"":true,""blocking"":false,""source_table"":""oiis_live.daily_candidate.evidence""},""NO_VALID_SETUP"":{""rule"":""one canonical setup object must contain recognised structure, volume confirmation and a structural invalidation"",""actual"":{""state"":""TRIGGERED"",""valid"":true,""direction"":""LONG"",""setup_type"":""BREAKOUT_ACCEPTANCE"",""reason_codes"":[],""trigger_price"":1693.7,""structural_stop"":1686.4,""volume_confirmed"":true},""fields"":[""open"",""high"",""low"",""close"",""sma20"",""sma50"",""prior_high_20"",""prior_low_20"",""volume_ratio_20""],""passed"":true,""blocking"":true,""source_table"":""nse.fact_eod_prices + public.bars_1m + derived rolling features""},""EXCESSIVE_EXTENSION"":{""rule"":""abs(current price - session open) / previous completed daily ATR <= 1.8; VWAP distance retained separately"",""actual"":{""close"":1693.7,""level"":""LOW"",""move_atr"":0.2446,""session_open"":1684.6,""session_vwap"":1690.4040587054749,""vwap_distance_atr"":0.0886,""atr14_previous_completed"":37.20000000000003},""fields"":[""close"",""session_open"",""session_vwap"",""atr14_previous_completed""],""passed"":true,""blocking"":true,""source_table"":""public.bars_1m + nse.fact_eod_prices derived features""},""OFACTOR_BELOW_MINIMUM"":{""rule"":""canonical permission requires selected OFactor >= 74; 54/64/74 remain screening cohorts"",""actual"":{""long"":73.1681,""short"":36.2241,""selected"":73.1681,""screening_level"":""MEDIUM""},""fields"":[""ofactor_long"",""ofactor_short"",""selected_ofactor""],""passed"":false,""blocking"":true,""source_table"":""oiis_live.daily_candidate.component_scores/evidence""},""XFACTOR_BELOW_MINIMUM"":{""rule"":""XFactor >= 76"",""actual"":{""xfactor"":82.2638},""fields"":[""xfactor_snapshot""],""passed"":true,""blocking"":true,""source_table"":""oiis_live.daily_candidate.component_scores/evidence""},""INSUFFICIENT_LIQUIDITY"":{""rule"":""primary: volume ratio >= 0.75 and turnover percentile >= 0.10; fallback: 90-day volume percentile >= 0.30"",""actual"":{""primary_used"":true,""volume_level"":""HIGH"",""volume_ratio_20"":1.800338102086645,""turnover_percentile"":0.7368421052631579,""volume_percentile_90"":0.8285714285714286},""fields"":[""volume"",""volume_average_20"",""turnover_lacs"",""volume_percentile_90""],""passed"":true,""blocking"":true,""source_table"":""nse.fact_eod_prices""},""REWARD_RISK_BELOW_MINIMUM"":{""rule"":""when estimable, reward/risk >= 1.5"",""actual"":{""reward_risk"":null},""fields"":[""reward_risk""],""passed"":true,""blocking"":true,""source_table"":""oiis_live.daily_candidate.evidence""},""DATA_QUALITY_BELOW_MINIMUM"":{""rule"":""data quality >= 85 and permission FULL"",""actual"":{""score"":97.2862,""permission"":""FULL""},""fields"":[""data_quality"",""data_permission""],""passed"":true,""blocking"":true,""source_table"":""oiis_live.daily_candidate""},""REWARD_RISK_NOT_CALCULATED"":{""rule"":""reward/risk is calculated only from a valid setup stop and a real opposing barrier"",""actual"":{""reward_risk"":null,""risk_per_share"":7.3,""structural_stop"":1686.4},""fields"":[""setup_evaluation"",""structural_stop"",""opposing_barrier""],""passed"":false,""blocking"":true,""source_table"":""oiis_live.daily_candidate.evidence""},""DIRECTIONAL_EDGE_BELOW_MINIMUM"":{""rule"":""abs(long OFactor - short OFactor) >= 6; LOW 6, MEDIUM 7, HIGH 8"",""actual"":{""edge"":36.944,""level"":""HIGH"",""absolute_edge"":36.944},""fields"":[""ofactor_long"",""ofactor_short"",""directional_edge""],""passed"":true,""blocking"":true,""source_table"":""oiis_live.daily_candidate""}}","1710.63700000","73.1681","252.7181","[""OFACTOR_BELOW_MINIMUM"",""REWARD_RISK_NOT_CALCULATED""]","1693.70000000","65.19362867","460ae98b-cf0d-4a4f-b181-830f4b4a7433","Chemicals","1.80033810","-0.76045627","82.2638","CLOSED_PROFIT","2","0.00000000","66","SIMULATED","174.54857360000003","200000","-5085.799999999989","332.20000000001164","199667.8","1109.2000000000107","-5640.4000082777","-1179.99999905836","1805.40000135464","1687.4000054421601","118","2026-08-25T00:00:00.000Z","500","846050","2200","realised_net_pnl is NET; open_unrealised_gross_pnl and counterfactual paths are GROSS","CLOSED","1707.40000000","-21549.999999999956","DEVELOPING_INCLUSIVE","-2558.2961","FROZEN_AT_5D","1649","2026-08-22T17:53:06.169Z","SMARTAPI_QUOTE_CACHE","-21549.999999999956","-2.5471307842326096","177","true","1701.5","2026-08-12T10:00:00.000Z","BARS_1M_ENTRY_SESSION_CLOSE","4700.0000000000455","0.5555227232433069","-1349.999999999909","4700.0000000000455","1701.5","1689.4","1692.1","500","1649.00000000","2026-08-22T01:25:00.000Z","2026-08-22T00:00:00.000Z","","","CLOSED","1","1644.30000000","-0.0282489215","-2.82489215","-0.59098162","true","{""run_id"":""460ae98b-cf0d-4a4f-b181-830f4b4a7433"",""run_slot"":""INTRADAY_1230"",""policy_id"":""OIIS_DAILY_SELECTION_INTRADAY_ENTRY_V1.0"",""entry_rule"":""QUALITY_SUM_THRESHOLD"",""fno_lot_size"":500,""quality_score"":""252.7181"",""sizing_policy"":""ONE_CURRENT_FNO_LOT"",""source_bar_id"":""NSE:2664:2026-08-12T07:00:00+00:00:ws"",""operator_override"":false,""quality_threshold"":""185"",""one_entry_per_symbol_trade_date"":true}","0.0090420188","0.9042018799999999","0.8451037200000001","FIVE_SESSION_COMPLETE","OPEN_ACTUAL","0","2026-08-12T07:04:00.000Z","500.00000000","846700.00000000","ENTRY_NOTIONAL","100","WEAK","60.22","true","2200","739.6126","739.61260000","0.00000000","","","","","","","12","BUY","500.00000000","1680.1","true","2026-08-17T05:06:00.000Z","6000","1680.1","-6000","EXITED_AT_FIRST_BREACH","OIIS_LIVE","3.7","PIDILITIND","OBSERVED","0d67a7cf-7d41-4369-9f4f-539d00e6cb3b","8bafcbac-ee6b-4ef1-adb9-a308e94d5f3e","","0.00000000"
"1600000.00000000","{}","1249.0271","1.7843244285714286","1249.0271","0.16595279283588435","{""reward"":7.9,""risk"":0,""speed"":15.05}","23","BAD","EQUITY","1075.20000000","3765","BOOKED","20.161857914966863","HYPOTHETICAL","1034","2026-08-22T17:53:06.169Z","948.41990000","2026-08-12T06:38:00.000Z","true","0","-0.03831845238095238095","752640","QUALITY_SUM_THRESHOLD","21.87857143","2026-08-12T05:30:11.012Z","1077.05000000","{""xfactor"":{""score"":77.6096,""weights"":{""setup_integrity"":18,""instrument_quality"":3,""reward_path_quality"":14,""trigger_confirmation"":16,""entry_location_quality"":20,""timing_session_quality"":3,""stop_invalidation_quality"":14,""liquidity_slippage_quality"":6,""market_sector_synchronisation"":6},""decision"":""DATA_INSUFFICIENT"",""move_atr"":0.7107,""setup_id"":""BREAKOUT_ACCEPTANCE"",""penalties"":{},""raw_score"":77.6096,""components"":{""setup_integrity"":90,""instrument_quality"":100,""reward_path_quality"":50,""trigger_confirmation"":90,""entry_location_quality"":60.5144,""timing_session_quality"":80,""stop_invalidation_quality"":84.8253,""liquidity_slippage_quality"":100,""market_sector_synchronisation"":77.1856},""hard_gates"":[""STALE_OR_INSUFFICIENT_MARKET_DATA"",""REWARD_RISK_NOT_CALCULATED""],""final_score"":77.6096,""reward_risk"":null,""setup_state"":""TRIGGERED"",""setup_valid"":true,""extension_atr"":0.7107,""penalty_total"":0,""risk_per_share"":8.3,""structural_stop"":1068.75,""setup_evaluation"":{""state"":""TRIGGERED"",""valid"":true,""direction"":""LONG"",""setup_type"":""BREAKOUT_ACCEPTANCE"",""reason_codes"":[],""trigger_price"":1077.05,""structural_stop"":1068.75,""volume_confirmed"":true},""vwap_distance_atr"":0.2578,""weighted_contributions"":{""setup_integrity"":16.2,""instrument_quality"":3,""reward_path_quality"":7,""trigger_confirmation"":14.4,""entry_location_quality"":12.1029,""timing_session_quality"":2.4,""stop_invalidation_quality"":11.8755,""liquidity_slippage_quality"":6,""market_sector_synchronisation"":4.6311},""score_reconciliation_residual"":0},""ofactor_long"":{""weights"":{""trend_quality"":18,""catalyst_context"":4,""momentum_quality"":12,""relative_strength"":10,""liquidity_tradability"":6,""market_regime_support"":8,""sector_industry_support"":14,""money_flow_participation"":18,""institutional_confirmation"":10},""direction"":""LONG"",""penalties"":{},""raw_score"":79.0204,""components"":{""trend_quality"":86.2311,""catalyst_context"":50,""momentum_quality"":86.0124,""relative_strength"":84.9948,""liquidity_tradability"":100,""market_regime_support"":93.8659,""sector_industry_support"":60.5053,""money_flow_participation"":87.2103,""institutional_confirmation"":50},""final_score"":79.0204,""penalty_total"":0,""classification"":""TIER_B"",""weighted_contributions"":{""trend_quality"":15.5216,""catalyst_context"":2,""momentum_quality"":10.3215,""relative_strength"":8.4995,""liquidity_tradability"":6,""market_regime_support"":7.5093,""sector_industry_support"":8.4707,""money_flow_participation"":15.6978,""institutional_confirmation"":5},""score_reconciliation_residual"":0},""ofactor_short"":{""weights"":{""trend_quality"":18,""catalyst_context"":4,""momentum_quality"":12,""relative_strength"":10,""liquidity_tradability"":6,""market_regime_support"":8,""sector_industry_support"":14,""money_flow_participation"":18,""institutional_confirmation"":10},""direction"":""SHORT"",""penalties"":{},""raw_score"":32.9556,""components"":{""trend_quality"":13.7689,""catalyst_context"":50,""momentum_quality"":13.9876,""relative_strength"":15.0053,""liquidity_tradability"":100,""market_regime_support"":6.1341,""sector_industry_support"":39.4947,""money_flow_participation"":45.9897,""institutional_confirmation"":50},""final_score"":32.9556,""penalty_total"":0,""classification"":""REJECT"",""weighted_contributions"":{""trend_quality"":2.4784,""catalyst_context"":2,""momentum_quality"":1.6785,""relative_strength"":1.5005,""liquidity_tradability"":6,""market_regime_support"":0.4907,""sector_industry_support"":5.5293,""money_flow_participation"":8.2782,""institutional_confirmation"":5},""score_reconciliation_residual"":0}}","DATA_INSUFFICIENT","49.0000","LONG","46.0648","{""STOP_TOO_WIDE"":{""rule"":""risk per share / ATR14 <= 2.5; recorded but non-blocking"",""actual"":{""atr14"":21.87857142857141,""risk_atr"":0.37936663401893606,""risk_per_share"":8.3},""fields"":[""structural_stop"",""risk_per_share"",""atr14""],""passed"":true,""blocking"":false,""source_table"":""oiis_live.daily_candidate.evidence""},""NO_VALID_SETUP"":{""rule"":""one canonical setup object must contain recognised structure, volume confirmation and a structural invalidation"",""actual"":{""state"":""TRIGGERED"",""valid"":true,""direction"":""LONG"",""setup_type"":""BREAKOUT_ACCEPTANCE"",""reason_codes"":[],""trigger_price"":1077.05,""structural_stop"":1068.75,""volume_confirmed"":true},""fields"":[""open"",""high"",""low"",""close"",""sma20"",""sma50"",""prior_high_20"",""prior_low_20"",""volume_ratio_20""],""passed"":true,""blocking"":true,""source_table"":""nse.fact_eod_prices + public.bars_1m + derived rolling features""},""EXCESSIVE_EXTENSION"":{""rule"":""abs(current price - session open) / previous completed daily ATR <= 1.8; VWAP distance retained separately"",""actual"":{""close"":1077.05,""level"":""LOW"",""move_atr"":0.7107,""session_open"":1061.5,""session_vwap"":1082.690912467676,""vwap_distance_atr"":0.2578,""atr14_previous_completed"":21.87857142857141},""fields"":[""close"",""session_open"",""session_vwap"",""atr14_previous_completed""],""passed"":true,""blocking"":true,""source_table"":""public.bars_1m + nse.fact_eod_prices derived features""},""OFACTOR_BELOW_MINIMUM"":{""rule"":""canonical permission requires selected OFactor >= 74; 54/64/74 remain screening cohorts"",""actual"":{""long"":79.0204,""short"":32.9556,""selected"":79.0204,""screening_level"":""HIGH""},""fields"":[""ofactor_long"",""ofactor_short"",""selected_ofactor""],""passed"":true,""blocking"":true,""source_table"":""oiis_live.daily_candidate.component_scores/evidence""},""XFACTOR_BELOW_MINIMUM"":{""rule"":""XFactor >= 76"",""actual"":{""xfactor"":77.6096},""fields"":[""xfactor_snapshot""],""passed"":true,""blocking"":true,""source_table"":""oiis_live.daily_candidate.component_scores/evidence""},""INSUFFICIENT_LIQUIDITY"":{""rule"":""primary: volume ratio >= 0.75 and turnover percentile >= 0.10; fallback: 90-day volume percentile >= 0.30"",""actual"":{""primary_used"":true,""volume_level"":""HIGH"",""volume_ratio_20"":1.9970002307001948,""turnover_percentile"":0.9736842105263158,""volume_percentile_90"":0.8285714285714286},""fields"":[""volume"",""volume_average_20"",""turnover_lacs"",""volume_percentile_90""],""passed"":false,""blocking"":true,""source_table"":""nse.fact_eod_prices""},""REWARD_RISK_BELOW_MINIMUM"":{""rule"":""when estimable, reward/risk >= 1.5"",""actual"":{""reward_risk"":null},""fields"":[""reward_risk""],""passed"":true,""blocking"":true,""source_table"":""oiis_live.daily_candidate.evidence""},""DATA_QUALITY_BELOW_MINIMUM"":{""rule"":""data quality >= 85 and permission FULL"",""actual"":{""score"":49,""permission"":""DATA_INSUFFICIENT""},""fields"":[""data_quality"",""data_permission""],""passed"":false,""blocking"":true,""source_table"":""oiis_live.daily_candidate""},""REWARD_RISK_NOT_CALCULATED"":{""rule"":""reward/risk is calculated only from a valid setup stop and a real opposing barrier"",""actual"":{""reward_risk"":null,""risk_per_share"":8.3,""structural_stop"":1068.75},""fields"":[""setup_evaluation"",""structural_stop"",""opposing_barrier""],""passed"":false,""blocking"":true,""source_table"":""oiis_live.daily_candidate.evidence""},""DIRECTIONAL_EDGE_BELOW_MINIMUM"":{""rule"":""abs(long OFactor - short OFactor) >= 6; LOW 6, MEDIUM 7, HIGH 8"",""actual"":{""edge"":46.0648,""level"":""HIGH"",""absolute_edge"":46.0648},""fields"":[""ofactor_long"",""ofactor_short"",""directional_edge""],""passed"":true,""blocking"":true,""source_table"":""oiis_live.daily_candidate""}}","1087.82050000","79.0204","205.6300","[""INSUFFICIENT_LIQUIDITY"",""REWARD_RISK_NOT_CALCULATED"",""DATA_QUALITY_BELOW_MINIMUM""]","1077.05000000","71.16864825","61bba462-5430-44bf-9134-eabcf6dfbeb6","Metals & Mining","1.99700023","-6.94854146","77.6096","CLOSED_PROFIT","2","0.00000000","63","SIMULATED","331.8843437142857","200000","-7663.200000000008","12.799999999988358","199987.2","613.7999999999915","-11569.20000380928","-9969.600004761602","1646.1000028569597","1646.1000028569597","186","2026-08-25T00:00:00.000Z","700","752640","2870","realised_net_pnl is NET; open_unrealised_gross_pnl and counterfactual paths are GROSS","CLOSED","1084.05000000","-28840.000000000033","DEVELOPING_INCLUSIVE","-34930.15","FROZEN_AT_5D","1034","2026-08-22T17:53:06.169Z","SMARTAPI_QUOTE_CACHE","-28840.000000000033","-3.831845238095244","267","true","1078.5","2026-08-12T10:00:00.000Z","BARS_1M_ENTRY_SESSION_CLOSE","2309.999999999968","0.3069196428571397","-2730.0000000000637","6194.999999999936","1084.05","1071.3","1075.2","700","1034.00000000","2026-08-22T01:25:00.000Z","2026-08-22T00:00:00.000Z","","","CLOSED","1","1013.00000000","-0.0578497024","-5.78497024","-4.985119050000001","true","{""run_id"":""61bba462-5430-44bf-9134-eabcf6dfbeb6"",""run_slot"":""INTRADAY_1100"",""policy_id"":""OIIS_DAILY_SELECTION_INTRADAY_ENTRY_V1.0"",""entry_rule"":""QUALITY_SUM_THRESHOLD"",""fno_lot_size"":700,""quality_score"":""205.6300"",""sizing_policy"":""ONE_CURRENT_FNO_LOT"",""source_bar_id"":""NSE:1363:2026-08-12T05:30:00+00:00:ws"",""operator_override"":false,""quality_threshold"":""185"",""one_entry_per_symbol_trade_date"":true}","0.0082310268","0.8231026799999999","0.8231026799999999","FIVE_SESSION_COMPLETE","OPEN_ACTUAL","0","2026-08-12T05:34:00.000Z","700.00000000","753130.00000000","ENTRY_NOTIONAL","100","BAD_RISK","62.24","true","2870","1249.0271","1249.02710000","0.00000000","","","","","","","12","BUY","700.00000000","1066.6285714285714","true","2026-08-13T03:45:00.000Z","6000","1066.6285714285714","-6000.000000000068","EXITED_AT_FIRST_BREACH","OIIS_LIVE","3.7","HINDALCO","OBSERVED","5e7372f3-8571-4fc5-a243-4056f623d3e7","a25dae3e-7532-4e86-af1a-6831c3df01ab","","0.00000000"
"1600000.00000000","{}","1330.6071","53.224284","1330.6071","0.11431332474226803","{""reward"":14.95,""risk"":27.7,""speed"":17.58}","60","GOOD","EQUITY","46560.00000000","3848","BOOKED","7.341280571489901","HYPOTHETICAL","48200","2026-08-22T17:53:06.169Z","1452.91210000","2026-08-12T04:43:00.000Z","true","0","0.03522336769759450172","1164000","QUALITY_SUM_THRESHOLD","1177.14285714","2026-08-12T04:30:06.503Z","46600.00000000","{""xfactor"":{""score"":71.0857,""weights"":{""setup_integrity"":18,""instrument_quality"":3,""reward_path_quality"":14,""trigger_confirmation"":16,""entry_location_quality"":20,""timing_session_quality"":3,""stop_invalidation_quality"":14,""liquidity_slippage_quality"":6,""market_sector_synchronisation"":6},""decision"":""DATA_INSUFFICIENT"",""move_atr"":1.2318,""setup_id"":""BREAKOUT_ACCEPTANCE"",""penalties"":{},""raw_score"":71.0857,""components"":{""setup_integrity"":90,""instrument_quality"":100,""reward_path_quality"":50,""trigger_confirmation"":90,""entry_location_quality"":31.5669,""timing_session_quality"":80,""stop_invalidation_quality"":71.1165,""liquidity_slippage_quality"":100,""market_sector_synchronisation"":96.933},""hard_gates"":[""STALE_OR_INSUFFICIENT_MARKET_DATA"",""REWARD_RISK_NOT_CALCULATED""],""final_score"":71.0857,""reward_risk"":null,""setup_state"":""TRIGGERED"",""setup_valid"":true,""extension_atr"":1.2318,""penalty_total"":0,""risk_per_share"":850,""structural_stop"":45750,""setup_evaluation"":{""state"":""TRIGGERED"",""valid"":true,""direction"":""LONG"",""setup_type"":""BREAKOUT_ACCEPTANCE"",""reason_codes"":[],""trigger_price"":46600,""structural_stop"":45750,""volume_confirmed"":true},""vwap_distance_atr"":0.1479,""weighted_contributions"":{""setup_integrity"":16.2,""instrument_quality"":3,""reward_path_quality"":7,""trigger_confirmation"":14.4,""entry_location_quality"":6.3134,""timing_session_quality"":2.4,""stop_invalidation_quality"":9.9563,""liquidity_slippage_quality"":6,""market_sector_synchronisation"":5.816},""score_reconciliation_residual"":0},""ofactor_long"":{""weights"":{""trend_quality"":18,""catalyst_context"":4,""momentum_quality"":12,""relative_strength"":10,""liquidity_tradability"":6,""market_regime_support"":8,""sector_industry_support"":14,""money_flow_participation"":18,""institutional_confirmation"":10},""direction"":""LONG"",""penalties"":{},""raw_score"":89.062,""components"":{""trend_quality"":100,""catalyst_context"":50,""momentum_quality"":100,""relative_strength"":79.4949,""liquidity_tradability"":100,""market_regime_support"":93.8659,""sector_industry_support"":100,""money_flow_participation"":92.2401,""institutional_confirmation"":50},""final_score"":89.062,""penalty_total"":0,""classification"":""TIER_A"",""weighted_contributions"":{""trend_quality"":18,""catalyst_context"":2,""momentum_quality"":12,""relative_strength"":7.9495,""liquidity_tradability"":6,""market_regime_support"":7.5093,""sector_industry_support"":14,""money_flow_participation"":16.6032,""institutional_confirmation"":5},""score_reconciliation_residual"":0},""ofactor_short"":{""weights"":{""trend_quality"":18,""catalyst_context"":4,""momentum_quality"":12,""relative_strength"":10,""liquidity_tradability"":6,""market_regime_support"":8,""sector_industry_support"":14,""money_flow_participation"":18,""institutional_confirmation"":10},""direction"":""SHORT"",""penalties"":{},""raw_score"":20.1444,""components"":{""trend_quality"":0,""catalyst_context"":50,""momentum_quality"":0,""relative_strength"":20.5051,""liquidity_tradability"":100,""market_regime_support"":6.1341,""sector_industry_support"":0,""money_flow_participation"":25.5734,""institutional_confirmation"":50},""final_score"":20.1444,""penalty_total"":0,""classification"":""REJECT"",""weighted_contributions"":{""trend_quality"":0,""catalyst_context"":2,""momentum_quality"":0,""relative_strength"":2.0505,""liquidity_tradability"":6,""market_regime_support"":0.4907,""sector_industry_support"":0,""money_flow_participation"":4.6032,""institutional_confirmation"":5},""score_reconciliation_residual"":0}}","DATA_INSUFFICIENT","49.0000","LONG","68.9176","{""STOP_TOO_WIDE"":{""rule"":""risk per share / ATR14 <= 2.5; recorded but non-blocking"",""actual"":{""atr14"":1177.142857142857,""risk_atr"":0.7220873786407768,""risk_per_share"":850},""fields"":[""structural_stop"",""risk_per_share"",""atr14""],""passed"":true,""blocking"":false,""source_table"":""oiis_live.daily_candidate.evidence""},""NO_VALID_SETUP"":{""rule"":""one canonical setup object must contain recognised structure, volume confirmation and a structural invalidation"",""actual"":{""state"":""TRIGGERED"",""valid"":true,""direction"":""LONG"",""setup_type"":""BREAKOUT_ACCEPTANCE"",""reason_codes"":[],""trigger_price"":46600,""structural_stop"":45750,""volume_confirmed"":true},""fields"":[""open"",""high"",""low"",""close"",""sma20"",""sma50"",""prior_high_20"",""prior_low_20"",""volume_ratio_20""],""passed"":true,""blocking"":true,""source_table"":""nse.fact_eod_prices + public.bars_1m + derived rolling features""},""EXCESSIVE_EXTENSION"":{""rule"":""abs(current price - session open) / previous completed daily ATR <= 1.8; VWAP distance retained separately"",""actual"":{""close"":46600,""level"":""MEDIUM"",""move_atr"":1.2318,""session_open"":45150,""session_vwap"":46425.901639344265,""vwap_distance_atr"":0.1479,""atr14_previous_completed"":1177.142857142857},""fields"":[""close"",""session_open"",""session_vwap"",""atr14_previous_completed""],""passed"":true,""blocking"":true,""source_table"":""public.bars_1m + nse.fact_eod_prices derived features""},""OFACTOR_BELOW_MINIMUM"":{""rule"":""canonical permission requires selected OFactor >= 74; 54/64/74 remain screening cohorts"",""actual"":{""long"":89.062,""short"":20.1444,""selected"":89.062,""screening_level"":""HIGH""},""fields"":[""ofactor_long"",""ofactor_short"",""selected_ofactor""],""passed"":true,""blocking"":true,""source_table"":""oiis_live.daily_candidate.component_scores/evidence""},""XFACTOR_BELOW_MINIMUM"":{""rule"":""XFactor >= 76"",""actual"":{""xfactor"":71.0857},""fields"":[""xfactor_snapshot""],""passed"":false,""blocking"":true,""source_table"":""oiis_live.daily_candidate.component_scores/evidence""},""INSUFFICIENT_LIQUIDITY"":{""rule"":""primary: volume ratio >= 0.75 and turnover percentile >= 0.10; fallback: 90-day volume percentile >= 0.30"",""actual"":{""primary_used"":true,""volume_level"":""HIGH"",""volume_ratio_20"":1.6508051057687971,""turnover_percentile"":0.8789473684210526,""volume_percentile_90"":0.8285714285714286},""fields"":[""volume"",""volume_average_20"",""turnover_lacs"",""volume_percentile_90""],""passed"":false,""blocking"":true,""source_table"":""nse.fact_eod_prices""},""REWARD_RISK_BELOW_MINIMUM"":{""rule"":""when estimable, reward/risk >= 1.5"",""actual"":{""reward_risk"":null},""fields"":[""reward_risk""],""passed"":true,""blocking"":true,""source_table"":""oiis_live.daily_candidate.evidence""},""DATA_QUALITY_BELOW_MINIMUM"":{""rule"":""data quality >= 85 and permission FULL"",""actual"":{""score"":49,""permission"":""DATA_INSUFFICIENT""},""fields"":[""data_quality"",""data_permission""],""passed"":false,""blocking"":true,""source_table"":""oiis_live.daily_candidate""},""REWARD_RISK_NOT_CALCULATED"":{""rule"":""reward/risk is calculated only from a valid setup stop and a real opposing barrier"",""actual"":{""reward_risk"":null,""risk_per_share"":850,""structural_stop"":45750},""fields"":[""setup_evaluation"",""structural_stop"",""opposing_barrier""],""passed"":false,""blocking"":true,""source_table"":""oiis_live.daily_candidate.evidence""},""DIRECTIONAL_EDGE_BELOW_MINIMUM"":{""rule"":""abs(long OFactor - short OFactor) >= 6; LOW 6, MEDIUM 7, HIGH 8"",""actual"":{""edge"":68.9176,""level"":""HIGH"",""absolute_edge"":68.9176},""fields"":[""ofactor_long"",""ofactor_short"",""directional_edge""],""passed"":true,""blocking"":true,""source_table"":""oiis_live.daily_candidate""}}","47066.00000000","89.0620","209.1477","[""INSUFFICIENT_LIQUIDITY"",""REWARD_RISK_NOT_CALCULATED"",""XFACTOR_BELOW_MINIMUM"",""DATA_QUALITY_BELOW_MINIMUM""]","46600.00000000","76.83855192","2ae87cff-a5cf-478c-b417-57df7ff40cf7","Automobile and Auto Components","1.65080511","-0.36127168","71.0857","CLOSED_PROFIT","2","0.00000000","9","SIMULATED","212.897136","200000","6560","13760","186240","-320","-1379.999997312","-1379.999997312","10179.999996096001","2899.9999921920007","4","2026-08-25T00:00:00.000Z","25","1164000","3500","realised_net_pnl is NET; open_unrealised_gross_pnl and counterfactual paths are GROSS","CLOSED","49105.00000000","41000","DEVELOPING_INCLUSIVE","1898.7671","FROZEN_AT_5D","48200","2026-08-22T17:53:06.169Z","SMARTAPI_QUOTE_CACHE","41000","3.52233676975946","327","true","46480","2026-08-12T10:00:00.000Z","BARS_1M_ENTRY_SESSION_CLOSE","-2000","-0.1718213058419238","-8625","4375","46735","46215","46560","25","48200.00000000","2026-08-22T01:25:00.000Z","2026-08-22T00:00:00.000Z","","","CLOSED","1","46215.00000000","-0.0074097938","-0.74097938","-0.74097938","true","{""run_id"":""2ae87cff-a5cf-478c-b417-57df7ff40cf7"",""run_slot"":""INTRADAY_1000"",""policy_id"":""OIIS_DAILY_SELECTION_INTRADAY_ENTRY_V1.0"",""entry_rule"":""QUALITY_SUM_THRESHOLD"",""fno_lot_size"":25,""quality_score"":""209.1477"",""sizing_policy"":""ONE_CURRENT_FNO_LOT"",""source_bar_id"":""NSE:2181:2026-08-12T04:29:00+00:00:ws"",""operator_override"":false,""quality_threshold"":""185"",""one_entry_per_symbol_trade_date"":true}","0.0546606529","5.46606529","1.5571305800000002","FIVE_SESSION_COMPLETE","OPEN_ACTUAL","0","2026-08-12T04:33:00.000Z","25.00000000","1166250.00000000","ENTRY_NOTIONAL","100","BAD_RISK","67.8","true","3500","1330.6071","1330.60710000","0.00000000","","","","","","","12","BUY","25.00000000","46320","true","2026-08-12T07:51:00.000Z","6000","46320","-6000","EXITED_AT_FIRST_BREACH","OIIS_LIVE","3.7","BOSCHLTD","OBSERVED","6ce04c9d-8d27-47a1-81f9-3a8f234190f2","a77f516c-2520-46e4-9a47-52da61134a00","","0.00000000"
"1600000.00000000","{}","-521.9732","-2.982704","-521.9732","-0.07386770350924987","{""reward"":5.25,""risk"":14.65,""speed"":17.3}","37","BAD","EQUITY","4037.90000000","3822","BOOKED","-13.496398140090257","HYPOTHETICAL","3920","2026-08-22T17:53:06.169Z","889.47320000","2026-08-12T04:22:00.000Z","true","0","-0.02919834567473191510","706632.5","QUALITY_SUM_THRESHOLD","112.64285714","2026-08-12T04:00:10.005Z","4089.70000000","{""xfactor"":{""score"":80.0945,""weights"":{""setup_integrity"":18,""instrument_quality"":3,""reward_path_quality"":14,""trigger_confirmation"":16,""entry_location_quality"":20,""timing_session_quality"":3,""stop_invalidation_quality"":14,""liquidity_slippage_quality"":6,""market_sector_synchronisation"":6},""decision"":""DATA_INSUFFICIENT"",""move_atr"":0.5833,""setup_id"":""BREAKOUT_ACCEPTANCE"",""penalties"":{},""raw_score"":80.0945,""components"":{""setup_integrity"":90,""instrument_quality"":100,""reward_path_quality"":50,""trigger_confirmation"":90,""entry_location_quality"":67.5967,""timing_session_quality"":80,""stop_invalidation_quality"":94.3538,""liquidity_slippage_quality"":100,""market_sector_synchronisation"":72.7599},""hard_gates"":[""STALE_OR_INSUFFICIENT_MARKET_DATA"",""REWARD_RISK_NOT_CALCULATED""],""final_score"":80.0945,""reward_risk"":null,""setup_state"":""TRIGGERED"",""setup_valid"":true,""extension_atr"":0.5833,""penalty_total"":0,""risk_per_share"":15.9,""structural_stop"":4073.8,""setup_evaluation"":{""state"":""TRIGGERED"",""valid"":true,""direction"":""LONG"",""setup_type"":""BREAKOUT_ACCEPTANCE"",""reason_codes"":[],""trigger_price"":4089.7,""structural_stop"":4073.8,""volume_confirmed"":true},""vwap_distance_atr"":0.4408,""weighted_contributions"":{""setup_integrity"":16.2,""instrument_quality"":3,""reward_path_quality"":7,""trigger_confirmation"":14.4,""entry_location_quality"":13.5193,""timing_session_quality"":2.4,""stop_invalidation_quality"":13.2095,""liquidity_slippage_quality"":6,""market_sector_synchronisation"":4.3656},""score_reconciliation_residual"":0},""ofactor_long"":{""weights"":{""trend_quality"":18,""catalyst_context"":4,""momentum_quality"":12,""relative_strength"":10,""liquidity_tradability"":6,""market_regime_support"":8,""sector_industry_support"":14,""money_flow_participation"":18,""institutional_confirmation"":10},""direction"":""LONG"",""penalties"":{},""raw_score"":83.8183,""components"":{""trend_quality"":99.1549,""catalyst_context"":50,""momentum_quality"":85.2472,""relative_strength"":100,""liquidity_tradability"":100,""market_regime_support"":93.8659,""sector_industry_support"":51.6538,""money_flow_participation"":100,""institutional_confirmation"":50},""final_score"":83.8183,""penalty_total"":0,""classification"":""TIER_A"",""weighted_contributions"":{""trend_quality"":17.8479,""catalyst_context"":2,""momentum_quality"":10.2297,""relative_strength"":10,""liquidity_tradability"":6,""market_regime_support"":7.5093,""sector_industry_support"":7.2315,""money_flow_participation"":18,""institutional_confirmation"":5},""score_reconciliation_residual"":0},""ofactor_short"":{""weights"":{""trend_quality"":18,""catalyst_context"":4,""momentum_quality"":12,""relative_strength"":10,""liquidity_tradability"":6,""market_regime_support"":8,""sector_industry_support"":14,""money_flow_participation"":18,""institutional_confirmation"":10},""direction"":""SHORT"",""penalties"":{""flow_conflict"":7},""raw_score"":28.1816,""components"":{""trend_quality"":0.8451,""catalyst_context"":50,""momentum_quality"":14.7528,""relative_strength"":0,""liquidity_tradability"":100,""market_regime_support"":6.1341,""sector_industry_support"":48.3462,""money_flow_participation"":33.3333,""institutional_confirmation"":50},""final_score"":21.1816,""penalty_total"":7,""classification"":""REJECT"",""weighted_contributions"":{""trend_quality"":0.1521,""catalyst_context"":2,""momentum_quality"":1.7703,""relative_strength"":0,""liquidity_tradability"":6,""market_regime_support"":0.4907,""sector_industry_support"":6.7685,""money_flow_participation"":6,""institutional_confirmation"":5},""score_reconciliation_residual"":0}}","DATA_INSUFFICIENT","49.0000","LONG","62.6367","{""STOP_TOO_WIDE"":{""rule"":""risk per share / ATR14 <= 2.5; recorded but non-blocking"",""actual"":{""atr14"":112.64285714285714,""risk_atr"":0.1411540900443881,""risk_per_share"":15.9},""fields"":[""structural_stop"",""risk_per_share"",""atr14""],""passed"":true,""blocking"":false,""source_table"":""oiis_live.daily_candidate.evidence""},""NO_VALID_SETUP"":{""rule"":""one canonical setup object must contain recognised structure, volume confirmation and a structural invalidation"",""actual"":{""state"":""TRIGGERED"",""valid"":true,""direction"":""LONG"",""setup_type"":""BREAKOUT_ACCEPTANCE"",""reason_codes"":[],""trigger_price"":4089.7,""structural_stop"":4073.8,""volume_confirmed"":true},""fields"":[""open"",""high"",""low"",""close"",""sma20"",""sma50"",""prior_high_20"",""prior_low_20"",""volume_ratio_20""],""passed"":true,""blocking"":true,""source_table"":""nse.fact_eod_prices + public.bars_1m + derived rolling features""},""EXCESSIVE_EXTENSION"":{""rule"":""abs(current price - session open) / previous completed daily ATR <= 1.8; VWAP distance retained separately"",""actual"":{""close"":4089.7,""level"":""LOW"",""move_atr"":0.5833,""session_open"":4024,""session_vwap"":4040.0455293066807,""vwap_distance_atr"":0.4408,""atr14_previous_completed"":112.64285714285714},""fields"":[""close"",""session_open"",""session_vwap"",""atr14_previous_completed""],""passed"":true,""blocking"":true,""source_table"":""public.bars_1m + nse.fact_eod_prices derived features""},""OFACTOR_BELOW_MINIMUM"":{""rule"":""canonical permission requires selected OFactor >= 74; 54/64/74 remain screening cohorts"",""actual"":{""long"":83.8183,""short"":21.1816,""selected"":83.8183,""screening_level"":""HIGH""},""fields"":[""ofactor_long"",""ofactor_short"",""selected_ofactor""],""passed"":true,""blocking"":true,""source_table"":""oiis_live.daily_candidate.component_scores/evidence""},""XFACTOR_BELOW_MINIMUM"":{""rule"":""XFactor >= 76"",""actual"":{""xfactor"":80.0945},""fields"":[""xfactor_snapshot""],""passed"":true,""blocking"":true,""source_table"":""oiis_live.daily_candidate.component_scores/evidence""},""INSUFFICIENT_LIQUIDITY"":{""rule"":""primary: volume ratio >= 0.75 and turnover percentile >= 0.10; fallback: 90-day volume percentile >= 0.30"",""actual"":{""primary_used"":true,""volume_level"":""HIGH"",""volume_ratio_20"":7.101812255968852,""turnover_percentile"":0.9736842105263158,""volume_percentile_90"":0.9428571428571428},""fields"":[""volume"",""volume_average_20"",""turnover_lacs"",""volume_percentile_90""],""passed"":false,""blocking"":true,""source_table"":""nse.fact_eod_prices""},""REWARD_RISK_BELOW_MINIMUM"":{""rule"":""when estimable, reward/risk >= 1.5"",""actual"":{""reward_risk"":null},""fields"":[""reward_risk""],""passed"":true,""blocking"":true,""source_table"":""oiis_live.daily_candidate.evidence""},""DATA_QUALITY_BELOW_MINIMUM"":{""rule"":""data quality >= 85 and permission FULL"",""actual"":{""score"":49,""permission"":""DATA_INSUFFICIENT""},""fields"":[""data_quality"",""data_permission""],""passed"":false,""blocking"":true,""source_table"":""oiis_live.daily_candidate""},""REWARD_RISK_NOT_CALCULATED"":{""rule"":""reward/risk is calculated only from a valid setup stop and a real opposing barrier"",""actual"":{""reward_risk"":null,""risk_per_share"":15.9,""structural_stop"":4073.8},""fields"":[""setup_evaluation"",""structural_stop"",""opposing_barrier""],""passed"":false,""blocking"":true,""source_table"":""oiis_live.daily_candidate.evidence""},""DIRECTIONAL_EDGE_BELOW_MINIMUM"":{""rule"":""abs(long OFactor - short OFactor) >= 6; LOW 6, MEDIUM 7, HIGH 8"",""actual"":{""edge"":62.6367,""level"":""HIGH"",""absolute_edge"":62.6367},""fields"":[""ofactor_long"",""ofactor_short"",""directional_edge""],""passed"":true,""blocking"":true,""source_table"":""oiis_live.daily_candidate""}}","4130.59700000","83.8183","212.9128","[""INSUFFICIENT_LIQUIDITY"",""REWARD_RISK_NOT_CALCULATED"",""DATA_QUALITY_BELOW_MINIMUM""]","4089.70000000","73.76269423","a63c2cab-f79a-44f4-bd23-d9548dabe41c","Capital Goods","7.10181226","-0.11668611","80.0945","CLOSED_LOSS","2","0.00000000","15","SIMULATED","-146.152496","200000","-5777.100000000004","2142.899999999994","197857.1","-926.1000000000045","-7737.099999093501","-4503.09999795621","1082.9000040082","1082.9000040082","49","2026-08-25T00:00:00.000Z","175","706632.5","367.5","realised_net_pnl is NET; open_unrealised_gross_pnl and counterfactual paths are GROSS","CLOSED","4060.00000000","-20632.500000000015","DEVELOPING_INCLUSIVE","-7514.7113","FROZEN_AT_5D","3920","2026-08-22T17:53:06.169Z","SMARTAPI_QUOTE_CACHE","-20632.500000000015","-2.9198345674731896","354","true","4019","2026-08-12T10:00:00.000Z","BARS_1M_ENTRY_SESSION_CLOSE","-3307.500000000016","-0.46806508333540053","-7804.999999999984","3867.499999999984","4060","3993.3","4037.9","175","3920.00000000","2026-08-22T01:25:00.000Z","2026-08-22T00:00:00.000Z","","","CLOSED","1","3880.00000000","-0.0391044850","-3.9104485","-2.27593551","true","{""run_id"":""a63c2cab-f79a-44f4-bd23-d9548dabe41c"",""run_slot"":""OPEN_0930"",""policy_id"":""OIIS_DAILY_SELECTION_INTRADAY_ENTRY_V1.0"",""entry_rule"":""QUALITY_SUM_THRESHOLD"",""fno_lot_size"":175,""quality_score"":""212.9128"",""sizing_policy"":""ONE_CURRENT_FNO_LOT"",""source_bar_id"":""NSE:3150:2026-08-12T03:57:00+00:00:ws"",""operator_override"":false,""quality_threshold"":""185"",""one_entry_per_symbol_trade_date"":true}","0.0054731420","0.5473142","0.5473142","FIVE_SESSION_COMPLETE","OPEN_ACTUAL","0","2026-08-12T04:06:00.000Z","175.00000000","711130.00000000","ENTRY_NOTIONAL","100","BAD_RISK","58.6","true","367.5","-521.9732","-521.97320000","0.00000000","","","","","","","12","BUY","175.00000000","4003.614285714286","true","2026-08-12T06:06:00.000Z","6000","4003.614285714286","-5999.999999999989","EXITED_AT_FIRST_BREACH","OIIS_LIVE","3.7","SIEMENS","OBSERVED","9222727d-b6cb-413b-97f8-d8ad77671877","26218655-0e0b-463c-9625-1f3f6ef77602","","0.00000000"
"1600000.00000000","{}","-14423.8","-351.79999999999995","-14423.8","-7.269195801305893","{""reward"":2.06,""risk"":7.04,""speed"":0}","9","BAD","EQUITY","4839.60000000","2284","BOOKED","-3382.6923529553333","HYPOTHETICAL","4487.8","2026-08-22T17:53:06.169Z","0","","false","1","-0.07269195801305893049","198423.6","QUALITY_SUM_THRESHOLD","151.08571429","2026-08-11T09:30:07.427Z","4840.00000000","{""xfactor"":{""score"":81.7855,""weights"":{""setup_integrity"":18,""instrument_quality"":3,""reward_path_quality"":14,""trigger_confirmation"":16,""entry_location_quality"":20,""timing_session_quality"":3,""stop_invalidation_quality"":14,""liquidity_slippage_quality"":6,""market_sector_synchronisation"":6},""decision"":""ENTERABLE_TIER_B"",""move_atr"":0.2648,""setup_id"":""BREAKOUT_ACCEPTANCE"",""penalties"":{},""raw_score"":81.7855,""components"":{""setup_integrity"":90,""instrument_quality"":100,""reward_path_quality"":50,""trigger_confirmation"":90,""entry_location_quality"":85.2916,""timing_session_quality"":80,""stop_invalidation_quality"":89.3306,""liquidity_slippage_quality"":59.2982,""market_sector_synchronisation"":94.3832},""hard_gates"":[""REWARD_RISK_NOT_CALCULATED""],""final_score"":81.7855,""reward_risk"":null,""setup_state"":""TRIGGERED"",""setup_valid"":true,""extension_atr"":0.2648,""penalty_total"":0,""risk_per_share"":40.3,""structural_stop"":4799.7,""setup_evaluation"":{""state"":""TRIGGERED"",""valid"":true,""direction"":""LONG"",""setup_type"":""BREAKOUT_ACCEPTANCE"",""reason_codes"":[],""trigger_price"":4840,""structural_stop"":4799.7,""volume_confirmed"":true},""vwap_distance_atr"":0.126,""weighted_contributions"":{""setup_integrity"":16.2,""instrument_quality"":3,""reward_path_quality"":7,""trigger_confirmation"":14.4,""entry_location_quality"":17.0583,""timing_session_quality"":2.4,""stop_invalidation_quality"":12.5063,""liquidity_slippage_quality"":3.5579,""market_sector_synchronisation"":5.663},""score_reconciliation_residual"":0},""ofactor_long"":{""weights"":{""trend_quality"":18,""catalyst_context"":4,""momentum_quality"":12,""relative_strength"":10,""liquidity_tradability"":6,""market_regime_support"":8,""sector_industry_support"":14,""money_flow_participation"":18,""institutional_confirmation"":10},""direction"":""LONG"",""penalties"":{},""raw_score"":88.9551,""components"":{""trend_quality"":100,""catalyst_context"":50,""momentum_quality"":98.2201,""relative_strength"":100,""liquidity_tradability"":59.2982,""market_regime_support"":93.8659,""sector_industry_support"":94.9005,""money_flow_participation"":98.9746,""institutional_confirmation"":50},""final_score"":88.9551,""penalty_total"":0,""classification"":""TIER_A"",""weighted_contributions"":{""trend_quality"":18,""catalyst_context"":2,""momentum_quality"":11.7864,""relative_strength"":10,""liquidity_tradability"":3.5579,""market_regime_support"":7.5093,""sector_industry_support"":13.2861,""money_flow_participation"":17.8154,""institutional_confirmation"":5},""score_reconciliation_residual"":0},""ofactor_short"":{""weights"":{""trend_quality"":18,""catalyst_context"":4,""momentum_quality"":12,""relative_strength"":10,""liquidity_tradability"":6,""market_regime_support"":8,""sector_industry_support"":14,""money_flow_participation"":18,""institutional_confirmation"":10},""direction"":""SHORT"",""penalties"":{""flow_conflict"":7},""raw_score"":18.1607,""components"":{""trend_quality"":0,""catalyst_context"":50,""momentum_quality"":1.7799,""relative_strength"":0,""liquidity_tradability"":59.2982,""market_regime_support"":6.1341,""sector_industry_support"":5.0995,""money_flow_participation"":34.3587,""institutional_confirmation"":50},""final_score"":11.1607,""penalty_total"":7,""classification"":""REJECT"",""weighted_contributions"":{""trend_quality"":0,""catalyst_context"":2,""momentum_quality"":0.2136,""relative_strength"":0,""liquidity_tradability"":3.5579,""market_regime_support"":0.4907,""sector_industry_support"":0.7139,""money_flow_participation"":6.1846,""institutional_confirmation"":5},""score_reconciliation_residual"":0}}","FULL","97.2862","LONG","77.7944","{""STOP_TOO_WIDE"":{""rule"":""risk per share / ATR14 <= 2.5; recorded but non-blocking"",""actual"":{""atr14"":151.08571428571418,""risk_atr"":0.2667360060514374,""risk_per_share"":40.3},""fields"":[""structural_stop"",""risk_per_share"",""atr14""],""passed"":true,""blocking"":false,""source_table"":""oiis_live.daily_candidate.evidence""},""NO_VALID_SETUP"":{""rule"":""one canonical setup object must contain recognised structure, volume confirmation and a structural invalidation"",""actual"":{""state"":""TRIGGERED"",""valid"":true,""direction"":""LONG"",""setup_type"":""BREAKOUT_ACCEPTANCE"",""reason_codes"":[],""trigger_price"":4840,""structural_stop"":4799.7,""volume_confirmed"":true},""fields"":[""open"",""high"",""low"",""close"",""sma20"",""sma50"",""prior_high_20"",""prior_low_20"",""volume_ratio_20""],""passed"":true,""blocking"":true,""source_table"":""nse.fact_eod_prices + public.bars_1m + derived rolling features""},""EXCESSIVE_EXTENSION"":{""rule"":""abs(current price - session open) / previous completed daily ATR <= 1.8; VWAP distance retained separately"",""actual"":{""close"":4840,""level"":""LOW"",""move_atr"":0.2648,""session_open"":4800,""session_vwap"":4820.9585169792745,""vwap_distance_atr"":0.126,""atr14_previous_completed"":151.08571428571418},""fields"":[""close"",""session_open"",""session_vwap"",""atr14_previous_completed""],""passed"":true,""blocking"":true,""source_table"":""public.bars_1m + nse.fact_eod_prices derived features""},""OFACTOR_BELOW_MINIMUM"":{""rule"":""canonical permission requires selected OFactor >= 74; 54/64/74 remain screening cohorts"",""actual"":{""long"":88.9551,""short"":11.1607,""selected"":88.9551,""screening_level"":""HIGH""},""fields"":[""ofactor_long"",""ofactor_short"",""selected_ofactor""],""passed"":true,""blocking"":true,""source_table"":""oiis_live.daily_candidate.component_scores/evidence""},""XFACTOR_BELOW_MINIMUM"":{""rule"":""XFactor >= 76"",""actual"":{""xfactor"":81.7855},""fields"":[""xfactor_snapshot""],""passed"":true,""blocking"":true,""source_table"":""oiis_live.daily_candidate.component_scores/evidence""},""INSUFFICIENT_LIQUIDITY"":{""rule"":""primary: volume ratio >= 0.75 and turnover percentile >= 0.10; fallback: 90-day volume percentile >= 0.30"",""actual"":{""primary_used"":true,""volume_level"":""HIGH"",""volume_ratio_20"":6.6862888482632545,""turnover_percentile"":0.49473684210526314,""volume_percentile_90"":1},""fields"":[""volume"",""volume_average_20"",""turnover_lacs"",""volume_percentile_90""],""passed"":true,""blocking"":true,""source_table"":""nse.fact_eod_prices""},""REWARD_RISK_BELOW_MINIMUM"":{""rule"":""when estimable, reward/risk >= 1.5"",""actual"":{""reward_risk"":null},""fields"":[""reward_risk""],""passed"":true,""blocking"":true,""source_table"":""oiis_live.daily_candidate.evidence""},""DATA_QUALITY_BELOW_MINIMUM"":{""rule"":""data quality >= 85 and permission FULL"",""actual"":{""score"":97.2862,""permission"":""FULL""},""fields"":[""data_quality"",""data_permission""],""passed"":true,""blocking"":true,""source_table"":""oiis_live.daily_candidate""},""REWARD_RISK_NOT_CALCULATED"":{""rule"":""reward/risk is calculated only from a valid setup stop and a real opposing barrier"",""actual"":{""reward_risk"":null,""risk_per_share"":40.3,""structural_stop"":4799.7},""fields"":[""setup_evaluation"",""structural_stop"",""opposing_barrier""],""passed"":false,""blocking"":true,""source_table"":""oiis_live.daily_candidate.evidence""},""DIRECTIONAL_EDGE_BELOW_MINIMUM"":{""rule"":""abs(long OFactor - short OFactor) >= 6; LOW 6, MEDIUM 7, HIGH 8"",""actual"":{""edge"":77.7944,""level"":""HIGH"",""absolute_edge"":77.7944},""fields"":[""ofactor_long"",""ofactor_short"",""directional_edge""],""passed"":true,""blocking"":true,""source_table"":""oiis_live.daily_candidate""}}","4888.40000000","88.9551","268.0268","[""REWARD_RISK_NOT_CALCULATED""]","4840.00000000","73.22004937","bf4308d7-91d3-4092-b21c-77b8c0f41c07","Information Technology","6.68628885","-0.85634768","81.7855","OPEN_LOSS","1","0.00000000","","SIMULATED","-14423.799999999997","200000","-14423.800000000007","1576.3999999999942","198423.6","426.3999999999851","-16916.60000984328","-6293.499997256281","0","426.39999429444003","41","2026-08-25T00:00:00.000Z","150","198423.6","-14423.8","realised_net_pnl is NET; open_unrealised_gross_pnl and counterfactual paths are GROSS","OPEN","4839.60000000","-14423.800000000007","DEVELOPING_INCLUSIVE","-4567.1654","FROZEN_AT_5D","4487.8","2026-08-22T17:53:06.169Z","SMARTAPI_QUOTE_CACHE","-14423.800000000007","-7.269195801305894","25","true","4850","2026-08-11T10:00:00.000Z","BARS_1M_ENTRY_SESSION_CLOSE","426.3999999999851","0.21489379287542576","-225.5","426.3999999999851","4850","4834.1","4839.6","41","4487.80000000","2026-08-22T01:25:00.000Z","2026-08-22T00:00:00.000Z","Admin regression note — comment persistence verified.","2026-08-12T19:30:15.765Z","OPEN","0.2733333333333333","4427.00000000","-0.0852549798","-8.52549798","-3.17174973","true","{""run_id"":""bf4308d7-91d3-4092-b21c-77b8c0f41c07"",""run_slot"":""AFTERNOON_1500"",""policy_id"":""OIIS_DAILY_SELECTION_INTRADAY_ENTRY_V1.0"",""entry_rule"":""QUALITY_SUM_THRESHOLD"",""quality_score"":""268.0268"",""source_bar_id"":""NSE:17818:2026-08-11T09:30:00+00:00:ws"",""operator_override"":false,""quality_threshold"":""185"",""one_entry_per_symbol_trade_date"":true}","0.0000000000","0","0.21489379","ACTIVE","OPEN_ACTUAL","-14423.8","2026-08-11T09:36:00.000Z","41.00000000","198440.00000000","ENTRY_NOTIONAL","100","WEAK","56.29","false","0","0","0.00000000","41.00000000","","","","","","","9","BUY","1.00000000","4693.258536585366","true","2026-08-12T06:37:00.000Z","6000","4693.258536585366","-6000.000000000025","EXITED_AT_FIRST_BREACH","OIIS_LIVE","3.6","LTM","OBSERVED","aa904f70-0d9d-42b3-8b7c-3f7f36919c89","fc1474a8-d777-4b27-b53d-d8f52f67114c","","-14423.80000000"
"1600000.00000000","{}","234.3685","0.4472681297709924","234.3685","0.11728546735833023","{""reward"":18.5,""risk"":33.33,""speed"":16.83}","69","GOOD","EQUITY","381.35000000","4148","BOOKED","6.085280691491954","HYPOTHETICAL","363","2026-08-22T17:53:06.169Z","268.23310000","2026-08-11T09:43:00.000Z","true","0","0.04811852628818670513","199827.40000000002","RSI_WILLR","9.82142857","2026-08-11T09:11:09.403Z","383.10000000","{""xfactor"":{""score"":82.3319,""weights"":{""setup_integrity"":18,""instrument_quality"":3,""reward_path_quality"":14,""trigger_confirmation"":16,""entry_location_quality"":20,""timing_session_quality"":3,""stop_invalidation_quality"":14,""liquidity_slippage_quality"":6,""market_sector_synchronisation"":6},""decision"":""WATCHLIST"",""move_atr"":0.28,""setup_id"":""BREAKDOWN_ACCEPTANCE"",""penalties"":{},""raw_score"":82.3319,""components"":{""setup_integrity"":90,""instrument_quality"":100,""reward_path_quality"":50,""trigger_confirmation"":90,""entry_location_quality"":84.4444,""timing_session_quality"":80,""stop_invalidation_quality"":99.5927,""liquidity_slippage_quality"":100,""market_sector_synchronisation"":41.6669},""hard_gates"":[""REWARD_RISK_NOT_CALCULATED"",""CASH_SHORT_INSTRUMENT_UNAVAILABLE""],""final_score"":82.3319,""reward_risk"":null,""setup_state"":""TRIGGERED"",""setup_valid"":true,""extension_atr"":0.28,""penalty_total"":0,""risk_per_share"":0.1,""structural_stop"":383.2,""setup_evaluation"":{""state"":""TRIGGERED"",""valid"":true,""direction"":""SHORT"",""setup_type"":""BREAKDOWN_ACCEPTANCE"",""reason_codes"":[],""trigger_price"":383.1,""structural_stop"":383.2,""volume_confirmed"":true},""vwap_distance_atr"":0.2274,""weighted_contributions"":{""setup_integrity"":16.2,""instrument_quality"":3,""reward_path_quality"":7,""trigger_confirmation"":14.4,""entry_location_quality"":16.8889,""timing_session_quality"":2.4,""stop_invalidation_quality"":13.943,""liquidity_slippage_quality"":6,""market_sector_synchronisation"":2.5},""score_reconciliation_residual"":0},""ofactor_long"":{""weights"":{""trend_quality"":18,""catalyst_context"":4,""momentum_quality"":12,""relative_strength"":10,""liquidity_tradability"":6,""market_regime_support"":8,""sector_industry_support"":14,""money_flow_participation"":18,""institutional_confirmation"":10},""direction"":""LONG"",""penalties"":{""flow_conflict"":7},""raw_score"":33.3677,""components"":{""trend_quality"":5.493,""catalyst_context"":50,""momentum_quality"":2.0964,""relative_strength"":10.2287,""liquidity_tradability"":100,""market_regime_support"":93.8659,""sector_industry_support"":22.8002,""money_flow_participation"":41.129,""institutional_confirmation"":50},""final_score"":26.3677,""penalty_total"":7,""classification"":""REJECT"",""weighted_contributions"":{""trend_quality"":0.9887,""catalyst_context"":2,""momentum_quality"":0.2516,""relative_strength"":1.0229,""liquidity_tradability"":6,""market_regime_support"":7.5093,""sector_industry_support"":3.192,""money_flow_participation"":7.4032,""institutional_confirmation"":5},""score_reconciliation_residual"":0},""ofactor_short"":{""weights"":{""trend_quality"":18,""catalyst_context"":4,""momentum_quality"":12,""relative_strength"":10,""liquidity_tradability"":6,""market_regime_support"":8,""sector_industry_support"":14,""money_flow_participation"":18,""institutional_confirmation"":10},""direction"":""SHORT"",""penalties"":{},""raw_score"":78.6323,""components"":{""trend_quality"":94.507,""catalyst_context"":50,""momentum_quality"":97.9035,""relative_strength"":89.7713,""liquidity_tradability"":100,""market_regime_support"":6.1341,""sector_industry_support"":77.1998,""money_flow_participation"":92.2043,""institutional_confirmation"":50},""final_score"":78.6323,""penalty_total"":0,""classification"":""TIER_B"",""weighted_contributions"":{""trend_quality"":17.0113,""catalyst_context"":2,""momentum_quality"":11.7484,""relative_strength"":8.9771,""liquidity_tradability"":6,""market_regime_support"":0.4907,""sector_industry_support"":10.808,""money_flow_participation"":16.5968,""institutional_confirmation"":5},""score_reconciliation_residual"":0}}","FULL","97.2862","SHORT","-52.2646","{""STOP_TOO_WIDE"":{""rule"":""risk per share / ATR14 <= 2.5; recorded but non-blocking"",""actual"":{""atr14"":9.821428571428568,""risk_atr"":0.010181818181818186,""risk_per_share"":0.1},""fields"":[""structural_stop"",""risk_per_share"",""atr14""],""passed"":true,""blocking"":false,""source_table"":""oiis_live.daily_candidate.evidence""},""NO_VALID_SETUP"":{""rule"":""one canonical setup object must contain recognised structure, volume confirmation and a structural invalidation"",""actual"":{""state"":""TRIGGERED"",""valid"":true,""direction"":""SHORT"",""setup_type"":""BREAKDOWN_ACCEPTANCE"",""reason_codes"":[],""trigger_price"":383.1,""structural_stop"":383.2,""volume_confirmed"":true},""fields"":[""open"",""high"",""low"",""close"",""sma20"",""sma50"",""prior_high_20"",""prior_low_20"",""volume_ratio_20""],""passed"":true,""blocking"":true,""source_table"":""nse.fact_eod_prices + public.bars_1m + derived rolling features""},""EXCESSIVE_EXTENSION"":{""rule"":""abs(current price - session open) / previous completed daily ATR <= 1.8; VWAP distance retained separately"",""actual"":{""close"":383.1,""level"":""LOW"",""move_atr"":0.28,""session_open"":385.85,""session_vwap"":385.333650291592,""vwap_distance_atr"":0.2274,""atr14_previous_completed"":9.821428571428568},""fields"":[""close"",""session_open"",""session_vwap"",""atr14_previous_completed""],""passed"":true,""blocking"":true,""source_table"":""public.bars_1m + nse.fact_eod_prices derived features""},""OFACTOR_BELOW_MINIMUM"":{""rule"":""canonical permission requires selected OFactor >= 74; 54/64/74 remain screening cohorts"",""actual"":{""long"":26.3677,""short"":78.6323,""selected"":78.6323,""screening_level"":""HIGH""},""fields"":[""ofactor_long"",""ofactor_short"",""selected_ofactor""],""passed"":true,""blocking"":true,""source_table"":""oiis_live.daily_candidate.component_scores/evidence""},""XFACTOR_BELOW_MINIMUM"":{""rule"":""XFactor >= 76"",""actual"":{""xfactor"":82.3319},""fields"":[""xfactor_snapshot""],""passed"":true,""blocking"":true,""source_table"":""oiis_live.daily_candidate.component_scores/evidence""},""INSUFFICIENT_LIQUIDITY"":{""rule"":""primary: volume ratio >= 0.75 and turnover percentile >= 0.10; fallback: 90-day volume percentile >= 0.30"",""actual"":{""primary_used"":true,""volume_level"":""HIGH"",""volume_ratio_20"":3.9490036731142,""turnover_percentile"":0.9842105263157894,""volume_percentile_90"":0.8529411764705882},""fields"":[""volume"",""volume_average_20"",""turnover_lacs"",""volume_percentile_90""],""passed"":true,""blocking"":true,""source_table"":""nse.fact_eod_prices""},""REWARD_RISK_BELOW_MINIMUM"":{""rule"":""when estimable, reward/risk >= 1.5"",""actual"":{""reward_risk"":null},""fields"":[""reward_risk""],""passed"":true,""blocking"":true,""source_table"":""oiis_live.daily_candidate.evidence""},""DATA_QUALITY_BELOW_MINIMUM"":{""rule"":""data quality >= 85 and permission FULL"",""actual"":{""score"":97.2862,""permission"":""FULL""},""fields"":[""data_quality"",""data_permission""],""passed"":true,""blocking"":true,""source_table"":""oiis_live.daily_candidate""},""REWARD_RISK_NOT_CALCULATED"":{""rule"":""reward/risk is calculated only from a valid setup stop and a real opposing barrier"",""actual"":{""reward_risk"":null,""risk_per_share"":0.1,""structural_stop"":383.2},""fields"":[""setup_evaluation"",""structural_stop"",""opposing_barrier""],""passed"":false,""blocking"":true,""source_table"":""oiis_live.daily_candidate.evidence""},""DIRECTIONAL_EDGE_BELOW_MINIMUM"":{""rule"":""abs(long OFactor - short OFactor) >= 6; LOW 6, MEDIUM 7, HIGH 8"",""actual"":{""edge"":-52.2646,""level"":""HIGH"",""absolute_edge"":52.2646},""fields"":[""ofactor_long"",""ofactor_short"",""directional_edge""],""passed"":true,""blocking"":true,""source_table"":""oiis_live.daily_candidate""}}","386.93100000","78.6323","258.2504","[""REWARD_RISK_NOT_CALCULATED""]","383.10000000","27.09645307","030ec216-3343-47a5-b481-626a24bf966a","Financial Services","3.94900367","-99.89658738","82.3319","CLOSED_PROFIT","2","0.00000000","25","SIMULATED","234.3685","200000","9615.400000000012","172.59999999997672","199827.40000000002","183.40000000001191","-16872.799996410602","-157.19999922186","0","3851.399990926941","524","2026-08-25T00:00:00.000Z","1300","199827.40000000002","628.8","realised_net_pnl is NET; open_unrealised_gross_pnl and counterfactual paths are GROSS","CLOSED","381.65000000","9615.400000000012","DEVELOPING_INCLUSIVE","1716.2562","FROZEN_AT_5D","363","2026-08-22T17:53:06.169Z","SMARTAPI_QUOTE_CACHE","9615.400000000012","4.811852628818681","44","true","381","2026-08-11T10:00:00.000Z","BARS_1M_ENTRY_SESSION_CLOSE","183.40000000001191","0.09177920545431206","-157.19999999997617","628.8000000000238","381.65","380.15","381.35","524","363.00000000","2026-08-22T01:25:00.000Z","2026-08-22T00:00:00.000Z","","","CLOSED","0.40307692307692305","361.70000000","-0.0007866789","-8.4436869","-0.07866788999999999","true","{""run_id"":null,""run_slot"":null,""policy_id"":""OIIS_DAILY_SELECTION_INTRADAY_ENTRY_V1.0"",""entry_rule"":""RSI_WILLR"",""quality_score"":null,""source_bar_id"":""NSE:14299:2026-08-11T04:41:00+00:00:ws"",""operator_override"":false,""quality_threshold"":null,""one_entry_per_symbol_trade_date"":true}","0.0515274682","0","1.92736331","FIVE_SESSION_COMPLETE","OPEN_ACTUAL","0","2026-08-11T09:17:00.000Z","524.00000000","199984.60000000","ENTRY_NOTIONAL","100","GOOD_LOW","68.25","false","628.8","234.3685","234.36850000","0.00000000","","","","","","","13","SELL","1.00000000","","false","","6000","392.8003816793893","9615.400000000012","NO_BREACH_MARKED_CURRENT","OIIS_LIVE","3.6","PFC","OBSERVED","c8308fa3-dbad-4602-bb9c-308ddb2bc56c","2b2bc5cf-3fcd-4da9-9fec-ecf2c1f0ceff","","0.00000000"