signal_date,symbol,sector,selected_direction,directional_edge,ofactor_long,ofactor_short,xfactor_score,decision_code,setup_state,data_quality_score,data_permission,hard_gates,stock_primary_trend,nifty_primary_trend,vix_regime,close_price,rsi_14,willr_14,close_vs_ema61_pct,volume_vs_sma20,macd_line_pct_close,atr14,o_long_market_regime_support,o_short_market_regime_support,x_long_entry_location_quality,x_long_stop_invalidation_quality,x_long_market_sector_synchronisation,x_short_entry_location_quality,x_short_stop_invalidation_quality,x_short_market_sector_synchronisation,daily_level,canonical_status,qualified
2023-08-01,CGCL,OTHER,LONG,37.8562,61.4174,23.5612,79.5598,ENTERABLE_TIER_B,TRIGGERED,97.2931,FULL,,,SIDEWAYS,LOW,795.4,55.56642823993649,-52.07182320441997,5.971927021458825,0.7648265760225418,1.2572230869886984,26.042857142857127,67.7254,32.2746,81.2873,80.9545,83.8627,81.2873,68.4366,16.1373,MEDIUM,RESEARCH_ONLY_NO_STANDARD_TRADE,False
2023-08-02,APOLLOTYRE,Automobile and Auto Components,LONG,28.2306,59.4069,31.1763,81.6301,ENTERABLE_TIER_B,TRIGGERED,97.2931,FULL,,,SIDEWAYS,LOW,424.75,56.17666112590376,-51.05973025048172,6.171372764630885,0.861939610973308,1.2637973419840065,9.292857142857144,55.9119,44.0881,83.1053,75.6802,64.922,83.1053,70.0846,35.078,LOW,RESEARCH_ONLY_NO_STANDARD_TRADE,False
2023-08-02,INDHOTEL,Consumer Services,LONG,14.1089,56.8515,42.7426,78.2841,ENTERABLE_TIER_B,TRIGGERED,98.5,FULL,,TRANSITION,SIDEWAYS,LOW,395.75,55.75640948355638,-36.88073394495417,4.000667396589684,1.0650942856517822,0.5406526794380204,9.09642857142856,55.9119,44.0881,66.1589,76.914,51.3538,66.1589,78.2332,48.6462,LOW,RESEARCH_ONLY_NO_STANDARD_TRADE,False
2023-08-02,KAYNES,OTHER,LONG,44.3379,64.3837,20.0458,82.0432,ENTERABLE_TIER_B,TRIGGERED,97.2931,FULL,,,SIDEWAYS,LOW,1769.8,56.80292870588001,-64.42521083000449,15.826491982265065,0.7620936265422366,3.7464562459282353,76.13214285714288,55.9119,44.0881,86.8934,81.6635,77.66,86.8934,81.6635,22.34,LOW,RESEARCH_ONLY_NO_STANDARD_TRADE,False
2023-08-02,STARHEALTH,OTHER,LONG,38.1642,68.8176,30.6534,72.8699,ENTERABLE_TIER_B,TRIGGERED,97.2931,FULL,,,SIDEWAYS,LOW,642.4,65.37444473743157,-36.12244897959193,7.7859205267714415,1.1116823832367613,2.4512877698488293,16.310714285714305,55.9119,44.0881,57.2878,72.0429,77.66,57.2878,78.1739,22.34,LOW,UPGRADE_OFACTOR_REQUIRED,False
2023-08-03,COFORGE,Information Technology,LONG,14.4021,58.6993,44.2972,86.1401,ENTERABLE_TIER_B,TRIGGERED,97.2931,FULL,,,SIDEWAYS,LOW,4765.25,53.41730735089912,-65.1079136690648,4.297399415602531,0.767194560213155,0.7155149499023548,123.43928571428567,55.9119,44.0881,95.998,82.0965,56.1885,95.998,90.7161,43.8115,LOW,RESEARCH_ONLY_NO_STANDARD_TRADE,False
2023-08-03,HSCL,OTHER,LONG,44.2534,69.0415,24.7881,78.188,ENTERABLE_TIER_B,TRIGGERED,97.2931,FULL,,,SIDEWAYS,LOW,139.55,56.72681642283303,-61.341853035143714,8.14614422699472,0.7927886401818448,1.385699238031046,4.746428571428575,55.9119,44.0881,73.2782,68.8187,77.0836,73.2782,84.8307,22.9165,LOW,UPGRADE_OFACTOR_REQUIRED,False
2023-08-03,KFINTECH,OTHER,LONG,56.5428,76.702,20.1592,74.5538,ENTERABLE_TIER_B,TRIGGERED,97.2931,FULL,,,SIDEWAYS,LOW,386.55,59.769674206228174,-48.67503486750343,8.317689368410843,2.979097556530649,2.0243971815185566,13.367857142857137,55.9119,44.0881,55.1412,72.1721,77.0836,55.1412,85.338,22.9165,LOW,WAIT_FOR_XFACTOR,False
2023-08-04,FEDERALBNK,Financial Services,LONG,19.4272,60.377,40.9498,78.198,ENTERABLE_TIER_B,TRIGGERED,97.2931,FULL,,,SIDEWAYS,LOW,134.6,55.84817172769104,-53.757225433526045,3.1153654679564324,0.7471773373624898,0.991952198319268,3.021428571428572,55.9119,44.0881,79.5902,61.6076,65.5126,79.5902,88.0851,34.4874,LOW,RESEARCH_ONLY_NO_STANDARD_TRADE,False
2023-08-04,FORTIS,Healthcare,LONG,43.2776,71.4279,28.1503,80.231,ENTERABLE_TIER_B,TRIGGERED,97.2931,FULL,,,SIDEWAYS,LOW,338.5,60.46327367354354,-47.45762711864407,8.66109281041821,0.87691864267146,2.1910559308303186,9.574999999999998,55.9119,44.0881,69.1732,78.4856,77.2801,69.1732,95.8225,22.7199,LOW,UPGRADE_OFACTOR_REQUIRED,False
2023-08-04,IDEA,Telecommunication,LONG,58.5457,76.7865,18.2408,72.7739,ENTERABLE_TIER_B,TRIGGERED,97.2931,FULL,,,SIDEWAYS,LOW,8.25,58.932405539914754,-54.54545454545456,9.209500187869786,1.0925948991500118,2.3308946670060644,0.4285714285714287,55.9119,44.0881,37.7778,62.6667,75.7421,37.7778,86.0,24.2579,LOW,WAIT_FOR_XFACTOR,False
2023-08-04,KAYNES,OTHER,LONG,53.2688,83.3433,30.0745,81.5635,ENTERABLE_TIER_B,TRIGGERED,97.2931,FULL,,,SIDEWAYS,LOW,1806.3,59.75642207103176,-51.03334899013623,16.98196192474295,1.947021964293143,3.191813105059842,74.08214285714288,55.9119,44.0881,70.8027,81.831,75.5462,70.8027,82.3709,24.4538,LOW,QUALIFIED_FOR_INTRADAY_REVALIDATION,True
2023-08-04,KPRMILL,Textiles,LONG,14.4356,52.8307,38.3951,76.6016,ENTERABLE_TIER_B,TRIGGERED,97.2931,FULL,,,SIDEWAYS,LOW,641.5,52.03094626617726,-46.51866801210893,2.48851235334945,1.502087767038523,-0.2621242173976581,17.77142857142857,55.9119,44.0881,89.0367,68.0386,61.4079,89.0367,85.3698,38.5922,LOW,RESEARCH_ONLY_NO_STANDARD_TRADE,False
2023-08-04,OFSS,Information Technology,LONG,17.592,57.0787,39.4867,79.5833,ENTERABLE_TIER_B,TRIGGERED,97.2931,FULL,,,SIDEWAYS,LOW,3883.3,54.240226864544574,-46.84546615581089,3.793102085084223,1.2770761723300428,0.3483304829980317,82.17857142857146,55.9119,44.0881,84.3856,70.0895,63.9162,84.3856,64.4676,36.0838,LOW,RESEARCH_ONLY_NO_STANDARD_TRADE,False
2023-08-04,PARADEEP,OTHER,LONG,27.0231,58.2918,31.2687,78.1277,ENTERABLE_TIER_B,TRIGGERED,97.2931,FULL,,,SIDEWAYS,LOW,64.8,56.05726413974524,-39.36170212765961,7.116112295212637,0.9968520028013844,1.6953954184835909,2.6750000000000007,55.9119,44.0881,69.7819,76.8224,75.5462,69.7819,85.7944,24.4538,LOW,RESEARCH_ONLY_NO_STANDARD_TRADE,False
2023-08-04,TCS,Information Technology,LONG,26.8098,64.6447,37.8349,76.0845,ENTERABLE_TIER_B,TRIGGERED,98.5,FULL,,TRANSITION,SIDEWAYS,LOW,3443.55,57.607703847979465,-41.6839378238341,3.425454375716627,0.9493419268783624,0.955826675160764,55.414285714285725,55.9119,44.0881,50.1212,69.4664,63.9162,50.1212,80.1856,36.0838,LOW,RESEARCH_ONLY_NO_STANDARD_TRADE,False
2023-08-04,TECHM,Information Technology,LONG,26.8796,61.6156,34.736,83.7394,ENTERABLE_TIER_B,TRIGGERED,98.5,FULL,,SIDEWAYS,SIDEWAYS,LOW,1175.2,55.11039133131175,-48.21627647714602,3.989027941547026,0.920541784145564,0.0284162740518191,35.01428571428575,55.9119,44.0881,92.9315,62.9865,63.9162,92.9315,92.4031,36.0838,LOW,RESEARCH_ONLY_NO_STANDARD_TRADE,False
2023-08-04,WIPRO,Information Technology,LONG,33.549,67.547,33.998,73.1846,ENTERABLE_TIER_B,TRIGGERED,98.5,FULL,,TRANSITION,SIDEWAYS,LOW,408.85,57.71591070595347,-49.69325153374226,3.2238531035712543,1.0141107062472148,0.630271239121697,7.089285714285722,55.9119,44.0881,52.1108,51.7582,63.9162,52.1108,93.5113,36.0838,LOW,UPGRADE_OFACTOR_REQUIRED,False
2023-08-07,ECLERX,OTHER,LONG,42.0706,66.2749,24.2043,72.2635,ENTERABLE_TIER_B,TRIGGERED,97.2931,FULL,,,SIDEWAYS,LOW,1761.15,55.98361456805626,-33.718541345659915,6.731745705607386,1.138394731475595,0.5251926922629809,58.11071428571433,58.5402,41.4598,75.3803,59.319,78.1689,75.3803,87.0936,21.8311,LOW,UPGRADE_OFACTOR_REQUIRED,False
2023-08-07,HDFCAMC,Financial Services,LONG,47.9006,72.8393,24.9387,86.095,ENTERABLE_TIER_B,TRIGGERED,97.2931,FULL,,,SIDEWAYS,LOW,2450.9,57.79713218782479,-60.89729491972724,11.122422917690985,0.9170498038957848,3.063527779527399,86.56785714285714,58.5402,41.4598,93.0016,75.3719,74.3025,93.0016,91.6828,25.6974,LOW,UPGRADE_OFACTOR_REQUIRED,False
2023-08-07,INDUSINDBK,Financial Services,LONG,37.6495,67.725,30.0755,81.0829,ENTERABLE_TIER_B,TRIGGERED,97.2931,FULL,,,SIDEWAYS,LOW,1415.25,57.21878611785389,-33.44208809135398,6.365345144186749,0.826563775003782,1.0433295351941374,29.796428571428628,58.5402,41.4598,67.8765,78.6552,74.3025,67.8765,96.7781,25.6974,LOW,UPGRADE_OFACTOR_REQUIRED,False
2023-08-07,LODHA,Realty,LONG,22.7311,57.8086,35.0775,78.8074,ENTERABLE_TIER_B,TRIGGERED,98.5,FULL,,TRANSITION,SIDEWAYS,LOW,726.75,52.82868426100107,-49.20212765957447,-2.440277083447889,0.9441966043068212,0.9589059286072592,29.403571428571443,58.5402,41.4598,71.9422,72.5884,61.3291,71.9422,75.8533,38.6709,LOW,RESEARCH_ONLY_NO_STANDARD_TRADE,False
2023-08-07,SUNDARMFIN,Financial Services,LONG,16.0713,60.3017,44.2304,82.9448,ENTERABLE_TIER_B,TRIGGERED,97.2931,FULL,,,SIDEWAYS,LOW,2600.4,51.13769629716685,-50.5103528725576,1.911759127315576,1.9634610227735456,0.0645154674889558,67.8749999999999,58.5402,41.4598,96.415,79.1381,74.3025,96.415,91.4843,25.6974,LOW,RESEARCH_ONLY_NO_STANDARD_TRADE,False
2023-08-07,TEJASNET,OTHER,LONG,52.0569,76.7102,24.6533,81.312,ENTERABLE_TIER_B,TRIGGERED,97.2931,FULL,,,SIDEWAYS,LOW,832.45,59.67002211342771,-48.58283433133725,11.601571016095749,0.9830832664914804,2.350008080148878,38.00714285714288,58.5402,41.4598,65.638,78.5304,78.1689,65.638,62.9017,21.8311,LOW,QUALIFIED_FOR_INTRADAY_REVALIDATION,True
2023-08-08,BHEL,Capital Goods,LONG,40.4521,68.1183,27.6662,85.2931,ENTERABLE_TIER_B,TRIGGERED,97.2931,FULL,,,SIDEWAYS,LOW,98.85,56.18115026402593,-63.46153846153846,8.937388252109681,1.0126673499586925,2.7503172727026537,3.578571428571429,53.1436,46.8564,83.513,82.1158,76.5718,83.513,76.5269,23.4282,LOW,UPGRADE_OFACTOR_REQUIRED,False
2023-08-08,CENTRALBK,OTHER,LONG,36.4632,65.8527,29.3895,74.4205,ENTERABLE_TIER_B,TRIGGERED,97.2931,FULL,,,SIDEWAYS,LOW,30.85,58.3145502121392,-44.44444444444444,5.634090992533511,0.971735426323322,0.7092719639613525,0.8178571428571425,53.1436,46.8564,75.7496,51.0917,76.2643,75.7496,87.7729,23.7357,LOW,UPGRADE_OFACTOR_REQUIRED,False
2023-08-08,IOB,OTHER,LONG,27.9849,62.8164,34.8315,79.1976,ENTERABLE_TIER_B,TRIGGERED,97.2931,FULL,,,SIDEWAYS,LOW,26.5,55.14771772671645,-60.97560975609754,3.7666678857266582,1.1981148173038598,0.793431217193826,0.8714285714285713,53.1436,46.8564,85.082,67.8689,76.2643,85.082,93.1148,23.7357,LOW,RESEARCH_ONLY_NO_STANDARD_TRADE,False
2023-08-08,MRPL,OTHER,LONG,37.2609,65.9775,28.7166,82.0764,ENTERABLE_TIER_B,TRIGGERED,97.2931,FULL,,,SIDEWAYS,LOW,84.7,56.23229706873054,-53.4031413612565,10.301933820297558,0.8411756557038852,1.090138093093855,2.767857142857143,53.1436,46.8564,99.0366,60.9806,76.2643,99.0366,96.3871,23.7357,LOW,UPGRADE_OFACTOR_REQUIRED,False
2023-08-08,PNB,Financial Services,LONG,43.1893,72.5484,29.3591,77.9922,ENTERABLE_TIER_B,TRIGGERED,98.5,FULL,,TRANSITION,SIDEWAYS,LOW,62.15,59.58563836276672,-45.454545454545496,9.613872899308465,0.9161761035374456,1.806624606973004,1.8071428571428585,53.1436,46.8564,77.3123,59.0514,73.5204,77.3123,95.5731,26.4796,LOW,UPGRADE_OFACTOR_REQUIRED,False
2023-08-08,TECHM,Information Technology,LONG,50.5399,79.3496,28.8097,74.3963,ENTERABLE_TIER_B,TRIGGERED,98.5,FULL,,UPWARD,SIDEWAYS,LOW,1205.4,60.572756588289934,-28.926096997690472,6.2757968665236765,1.2634732315700898,0.5324780710758307,34.339285714285744,53.1436,46.8564,41.9712,64.7051,74.055,41.9712,95.923,25.9451,LOW,WAIT_FOR_XFACTOR,False
2023-08-09,MRPL,OTHER,LONG,26.3223,60.5834,34.2611,78.8381,ENTERABLE_TIER_B,TRIGGERED,97.2931,FULL,,,SIDEWAYS,LOW,85.9,58.87104215761652,-40.837696335078455,11.43814502974374,1.2598243688505817,1.2245553480416698,2.8642857142857148,62.9644,37.0356,69.4514,70.6733,80.7742,69.4514,76.2594,19.2258,MEDIUM,RESEARCH_ONLY_NO_STANDARD_TRADE,False
2023-08-09,RVNL,Construction,LONG,38.0924,71.3696,33.2772,83.3689,ENTERABLE_TIER_B,TRIGGERED,97.2931,FULL,,,SIDEWAYS,LOW,127.15,54.26562338303256,-72.22222222222223,6.911566521008198,1.255624935305222,0.4805120412884563,5.875000000000002,62.9644,37.0356,77.9291,75.4894,78.5767,77.9291,86.383,21.4233,LOW,UPGRADE_OFACTOR_REQUIRED,False
2023-08-09,SAIL,Metals & Mining,LONG,27.0819,63.7713,36.6894,75.4094,ENTERABLE_TIER_B,TRIGGERED,97.2931,FULL,,,SIDEWAYS,LOW,92.95,58.238942642353415,-45.39007092198578,4.899907210830275,1.1203688834961554,1.6658378949680004,1.8535714285714289,62.9644,37.0356,71.3166,56.8401,70.4037,71.3166,91.368,29.5963,MEDIUM,RESEARCH_ONLY_NO_STANDARD_TRADE,False
2023-08-09,TATACONSUM,Fast Moving Consumer Goods,LONG,26.0723,65.1765,39.1042,79.3252,ENTERABLE_TIER_B,TRIGGERED,98.5,FULL,,SIDEWAYS,SIDEWAYS,LOW,860.2,55.78525612911415,-43.61799816345268,3.7376497441529417,1.1848054726882882,0.1597712404923623,16.207142857142856,62.9644,37.0356,73.6227,69.026,60.8884,73.6227,94.4469,39.1116,MEDIUM,UPGRADE_OFACTOR_REQUIRED,False
2023-08-10,ECLERX,OTHER,LONG,13.2463,55.7846,42.5383,82.7537,ENTERABLE_TIER_B,TRIGGERED,97.2931,FULL,,,SIDEWAYS,LOW,1743.35,52.911015522014544,-35.656448814343584,4.996967566303836,1.4158175406247124,0.7810121125492693,56.22500000000007,58.0596,41.9404,99.7065,75.1,77.0924,99.7065,89.9333,22.9075,LOW,RESEARCH_ONLY_NO_STANDARD_TRADE,False
2023-08-10,GRAPHITE,OTHER,LONG,37.5803,69.0423,31.462,78.3017,ENTERABLE_TIER_B,TRIGGERED,97.2931,FULL,,,SIDEWAYS,LOW,430.65,54.82791398573744,-61.440360090022544,8.958212130229917,1.3993150222250983,2.2581858693235226,17.721428571428582,58.0596,41.9404,71.7103,58.4684,77.0924,71.7103,85.7799,22.9075,LOW,UPGRADE_OFACTOR_REQUIRED,False
2023-08-10,NMDC,Metals & Mining,LONG,21.8874,61.0446,39.1572,81.6029,ENTERABLE_TIER_B,TRIGGERED,97.2931,FULL,,,SIDEWAYS,LOW,113.7,57.337140034189005,-59.88023952095802,2.769064384711264,1.170836912782342,0.93943582887207,2.2250000000000014,58.0596,41.9404,73.7828,78.427,71.1908,73.7828,82.9213,28.8092,LOW,RESEARCH_ONLY_NO_STANDARD_TRADE,False
2023-08-10,OBEROIRLTY,Realty,LONG,31.2864,63.9341,32.6477,83.4447,ENTERABLE_TIER_B,TRIGGERED,97.2931,FULL,,,SIDEWAYS,LOW,1095.4,56.985983416496666,-53.995037220843535,6.724718497969925,0.958346280520748,1.9641386519108357,36.92142857142859,58.0596,41.9404,89.2745,82.2867,53.5395,89.2745,95.0164,46.4605,LOW,RESEARCH_ONLY_NO_STANDARD_TRADE,False
2023-08-10,SAIL,Metals & Mining,LONG,20.4393,58.9136,38.4743,83.3823,ENTERABLE_TIER_B,TRIGGERED,97.2931,FULL,,,SIDEWAYS,LOW,92.9,57.96825554048592,-46.76258992805754,4.679925837992557,0.8735944678078339,1.548307084625978,1.817857142857143,58.0596,41.9404,78.1794,86.7976,71.1908,78.1794,76.8959,28.8092,LOW,RESEARCH_ONLY_NO_STANDARD_TRADE,False
2023-08-10,SUNDARMFIN,Financial Services,LONG,5.6648,48.1491,42.4843,82.4204,ENTERABLE_TIER_B,TRIGGERED,97.2931,FULL,,,SIDEWAYS,LOW,2601.6,50.91436655330752,-58.49315068493157,1.7462849212971376,1.1068654381840213,0.1259673651078138,63.60714285714279,58.0596,41.9404,95.2338,85.1589,71.0674,95.2338,85.9764,28.9325,LOW,RESEARCH_ONLY_NO_STANDARD_TRADE,False
2023-08-10,TITAN,Consumer Durables,LONG,7.2926,52.6379,45.3453,78.6472,ENTERABLE_TIER_B,TRIGGERED,98.5,FULL,,TRANSITION,SIDEWAYS,LOW,2988.55,52.49245268138475,-34.687596183440945,2.459438709541484,1.1019865583493138,-0.4115358482080025,52.35000000000001,58.0596,41.9404,89.8918,45.3295,58.1801,89.8918,94.6896,41.8199,LOW,RESEARCH_ONLY_NO_STANDARD_TRADE,False
2023-08-10,UNOMINDA,Automobile and Auto Components,LONG,17.2611,53.6003,36.3392,70.0314,ENTERABLE_TIER_B,TRIGGERED,97.2931,FULL,,,SIDEWAYS,LOW,589.5,57.1494338860081,-46.119235095613,4.160866340927167,1.059183410062446,0.4396298196452775,15.760714285714291,58.0596,41.9404,52.5191,70.8135,49.296,52.5191,97.0814,50.704,LOW,RESEARCH_ONLY_NO_STANDARD_TRADE,False
2023-08-11,GMDCLTD,OTHER,LONG,45.9855,73.2936,27.3081,81.6469,ENTERABLE_TIER_B,TRIGGERED,97.2931,FULL,,,SIDEWAYS,LOW,177.25,56.667005888237696,-50.95693779904307,5.667953234465868,1.5139670002726944,0.1682815273937916,6.085714285714291,58.0596,41.9404,87.1009,65.493,78.4207,87.1009,92.4413,21.5793,LOW,UPGRADE_OFACTOR_REQUIRED,False
2023-08-11,GRAPHITE,OTHER,LONG,36.0658,65.6785,29.6127,80.8161,ENTERABLE_TIER_B,TRIGGERED,97.2931,FULL,,,SIDEWAYS,LOW,430.9,54.92444303470863,-64.44972288202696,8.705116144513514,0.8465517612716046,2.109443498990168,17.885714285714297,58.0596,41.9404,73.8525,79.8722,78.4207,73.8525,94.7444,21.5793,LOW,UPGRADE_OFACTOR_REQUIRED,False
2023-08-11,PHOENIXLTD,Realty,LONG,28.0165,62.807,34.7905,74.447,ENTERABLE_TIER_B,TRIGGERED,97.2931,FULL,,,SIDEWAYS,LOW,1710.05,60.02474400406929,-47.87117903930132,7.227803029374007,1.1391545091585824,1.5030866122197657,64.01785714285718,58.0596,41.9404,68.2719,70.0709,48.3559,68.2719,90.6589,51.6441,LOW,RESEARCH_ONLY_NO_STANDARD_TRADE,False
2023-08-11,PNB,Financial Services,LONG,46.7918,74.9114,28.1196,79.458,ENTERABLE_TIER_B,TRIGGERED,98.5,FULL,,UPWARD,SIDEWAYS,LOW,62.55,59.98117247955597,-25.233644859813104,9.398304941553643,0.9494411633392528,1.6970960591387387,1.767857142857144,58.0596,41.9404,69.5488,68.3232,74.7172,69.5488,84.1616,25.2828,LOW,QUALIFIED_FOR_INTRADAY_REVALIDATION,True
2023-08-11,POLYCAB,Capital Goods,LONG,51.9159,77.282,25.3661,72.8035,ENTERABLE_TIER_B,TRIGGERED,97.2931,FULL,,,SIDEWAYS,LOW,4659.45,65.58009646538406,-56.31796996374938,16.57982236039184,0.7856300438646817,4.395614212210148,130.22857142857129,58.0596,41.9404,60.1483,48.1834,75.8496,60.1483,75.735,24.1503,LOW,WAIT_FOR_XFACTOR,False
2023-08-11,TATACOMM,Telecommunication,LONG,29.5645,63.2615,33.697,88.5904,ENTERABLE_TIER_B,TRIGGERED,97.2931,FULL,,,SIDEWAYS,LOW,1680.35,54.89696688118925,-64.29059439763158,7.850145034295953,1.0564899834828627,1.885750974139615,53.64642857142855,58.0596,41.9404,92.6277,93.3267,74.9853,92.6277,67.4536,25.0147,LOW,RESEARCH_ONLY_NO_STANDARD_TRADE,False
2023-08-11,TECHNOE,OTHER,LONG,53.8479,74.47,20.6221,75.0872,ENTERABLE_TIER_B,TRIGGERED,97.2931,FULL,,,SIDEWAYS,LOW,472.15,63.10090366804982,-36.26984126984131,13.038102874237842,1.3608985740133828,3.3202299313836225,20.89285714285713,58.0596,41.9404,77.3048,73.6752,78.4207,77.3048,81.2376,21.5793,LOW,WAIT_FOR_XFACTOR,False
2023-08-14,DIVISLAB,Healthcare,LONG,37.9172,66.4586,28.5414,78.5821,ENTERABLE_TIER_B,TRIGGERED,98.5,FULL,,SIDEWAYS,SIDEWAYS,LOW,3730.55,52.76925013007936,-57.08094505801757,4.129695402498888,2.39665812328635,0.9780449015176602,98.19642857142853,49.7921,50.2079,90.1999,47.5337,71.5376,90.1999,93.1158,28.4624,LOW,UPGRADE_OFACTOR_REQUIRED,False
2023-08-14,GRAPHITE,OTHER,LONG,42.4282,66.6539,24.2257,69.4717,ENTERABLE_TIER_B,TRIGGERED,97.2931,FULL,,,SIDEWAYS,LOW,439.7,58.30219979556629,-51.95439739413684,10.53557894422799,0.800085728117467,2.0901229272418766,18.29642857142858,49.7921,50.2079,47.6127,57.1501,71.0193,47.6127,89.2875,28.9807,LOW,UPGRADE_OFACTOR_REQUIRED,False
2023-08-14,HEG,OTHER,LONG,46.2098,68.3479,22.1381,79.16,ENTERABLE_TIER_B,TRIGGERED,97.2931,FULL,,,SIDEWAYS,LOW,1727.55,56.44744194068821,-63.28804347826089,11.985766918037596,0.7439977834522472,2.5213107159247445,61.71071428571432,49.7921,50.2079,71.2287,72.7438,71.0193,71.2287,89.4346,28.9807,LOW,UPGRADE_OFACTOR_REQUIRED,False
2023-08-14,NSLNISP,OTHER,LONG,34.0332,60.6352,26.602,81.9271,ENTERABLE_TIER_B,TRIGGERED,97.2931,FULL,,,SIDEWAYS,LOW,46.8,56.7672502558692,-52.17391304347837,6.668396668908261,0.8069943688477265,1.575054904020441,1.7571428571428582,49.7921,50.2079,84.729,88.6179,71.0193,84.729,81.7886,28.9807,LOW,RESEARCH_ONLY_NO_STANDARD_TRADE,False
2023-08-14,TATACOMM,Telecommunication,LONG,38.7581,69.8743,31.1162,78.9284,ENTERABLE_TIER_B,TRIGGERED,97.2931,FULL,,,SIDEWAYS,LOW,1705.65,58.4836622736028,-55.83132530120478,9.1404320743293,0.8206128435524974,1.8113522548000975,55.52857142857142,49.7921,50.2079,68.6918,61.9295,68.811,68.6918,93.3007,31.189,LOW,UPGRADE_OFACTOR_REQUIRED,False
2023-08-16,APTUS,OTHER,LONG,15.7384,52.7314,36.993,78.521,ENTERABLE_TIER_B,TRIGGERED,97.2931,FULL,,,SIDEWAYS,LOW,271.7,55.40837022051775,-55.14563106796112,2.858485041666885,1.0560063861164086,0.3503919029293575,8.085714285714285,53.4693,46.5307,78.6661,76.9965,72.644,78.6661,86.8905,27.3559,LOW,RESEARCH_ONLY_NO_STANDARD_TRADE,False
2023-08-16,CGPOWER,Capital Goods,LONG,25.8041,61.7967,35.9926,80.3039,ENTERABLE_TIER_B,TRIGGERED,98.5,FULL,,SIDEWAYS,SIDEWAYS,LOW,408.3,57.67379575031675,-23.83073496659229,6.237878184138811,1.1550074498645455,0.8503486633503147,9.34285714285714,53.4693,46.5307,77.8619,68.7462,75.8634,77.8619,77.0948,24.1366,LOW,RESEARCH_ONLY_NO_STANDARD_TRADE,False
2023-08-16,GILLETTE,OTHER,LONG,27.737,59.683,31.946,77.682,ENTERABLE_TIER_B,TRIGGERED,97.2931,FULL,,,SIDEWAYS,LOW,5619.2,57.63538512381644,-48.37772397094435,7.796532380346789,1.015141087405368,1.381657753019131,138.01785714285705,53.4693,46.5307,97.0306,52.5858,72.644,97.0306,91.6822,27.3559,LOW,RESEARCH_ONLY_NO_STANDARD_TRADE,False
2023-08-16,GLENMARK,Healthcare,LONG,46.8113,72.4345,25.6232,81.1942,ENTERABLE_TIER_B,TRIGGERED,97.2931,FULL,,,SIDEWAYS,LOW,797.45,61.219487019244994,-59.863429438543164,13.492279453191315,0.9032398141981982,3.608939501612432,24.453571428571447,53.4693,46.5307,85.4622,65.5674,73.9128,85.4622,95.8288,26.0872,LOW,UPGRADE_OFACTOR_REQUIRED,False
2023-08-16,KIMS,OTHER,LONG,16.4021,52.8869,36.4848,82.5165,ENTERABLE_TIER_B,TRIGGERED,97.2931,FULL,,,SIDEWAYS,LOW,1899.7,56.33606975566909,-36.99831365935913,7.123359269147795,0.8819101393503642,0.7756112097365754,60.41428571428571,53.4693,46.5307,89.0009,88.2809,72.644,89.0009,81.0641,27.3559,LOW,RESEARCH_ONLY_NO_STANDARD_TRADE,False
2023-08-16,NATCOPHARM,OTHER,LONG,44.8978,70.5289,25.6311,80.1069,ENTERABLE_TIER_B,TRIGGERED,97.2931,FULL,,,SIDEWAYS,LOW,831.5,59.490955530895874,-64.66565349544074,14.058858245273544,0.8777285278332895,4.54961434396885,33.71785714285714,53.4693,46.5307,70.609,76.8669,72.644,70.609,87.603,27.3559,LOW,UPGRADE_OFACTOR_REQUIRED,False
2023-08-16,SYNGENE,OTHER,LONG,35.4092,66.843,31.4338,81.7294,ENTERABLE_TIER_B,TRIGGERED,97.2931,FULL,,,SIDEWAYS,LOW,805.3,54.455138117511325,-49.44115713346488,6.281948752369791,1.1915800444842848,1.4204422082516155,25.50357142857145,53.4693,46.5307,80.6824,71.2981,72.644,80.6824,91.2169,27.3559,LOW,UPGRADE_OFACTOR_REQUIRED,False
2023-08-17,BRIGADE,OTHER,LONG,17.4659,52.1556,34.6897,78.8261,ENTERABLE_TIER_B,TRIGGERED,97.2931,FULL,,,SIDEWAYS,LOW,584.2,51.50232743470513,-45.02617801047116,3.0070141919744096,0.9294084848084808,0.6012335679159279,21.88928571428572,47.9181,52.0819,92.1575,74.0512,71.322,92.1575,92.7819,28.678,LOW,RESEARCH_ONLY_NO_STANDARD_TRADE,False
2023-08-17,EIHOTEL,OTHER,LONG,30.4155,67.4861,37.0706,73.9597,ENTERABLE_TIER_B,TRIGGERED,97.2931,FULL,,,SIDEWAYS,LOW,214.95,55.98389257568484,-17.842323651452354,3.883181281112469,1.6633369982918544,-0.0465088210543633,5.642857142857139,47.9181,52.0819,69.3713,66.3291,71.322,69.3713,96.8101,28.678,LOW,UPGRADE_OFACTOR_REQUIRED,False
2023-08-17,FEDERALBNK,Financial Services,LONG,24.2121,62.9396,38.7275,80.9304,ENTERABLE_TIER_B,TRIGGERED,97.2931,FULL,,,SIDEWAYS,LOW,134.6,54.835241648681325,-40.57971014492767,2.5097197964083247,0.9154147936164896,0.5010951433849796,2.5607142857142877,47.9181,52.0819,87.4384,59.3863,68.4904,87.4384,93.7517,31.5096,LOW,RESEARCH_ONLY_NO_STANDARD_TRADE,False
2023-08-17,GMDCLTD,OTHER,LONG,29.2976,64.041,34.7434,81.6041,ENTERABLE_TIER_B,TRIGGERED,97.2931,FULL,,,SIDEWAYS,LOW,177.8,56.64453575006911,-43.00791556728223,5.512885280132907,1.3647437227682797,0.4500636328720442,6.017857142857147,47.9181,52.0819,77.456,83.0504,71.322,77.456,87.3709,28.678,LOW,RESEARCH_ONLY_NO_STANDARD_TRADE,False
2023-08-17,IRCTC,Consumer Services,LONG,21.0981,60.3238,39.2257,77.5619,ENTERABLE_TIER_B,TRIGGERED,97.2931,FULL,,,SIDEWAYS,LOW,649.1,54.84509517935156,-49.75609756097565,2.164198969591328,0.8170341777903501,0.8186541648712001,16.749999999999993,47.9181,52.0819,61.2239,75.8806,49.929,61.2239,92.597,50.071,LOW,RESEARCH_ONLY_NO_STANDARD_TRADE,False
2023-08-17,MRPL,OTHER,LONG,20.4986,56.8537,36.3551,79.1817,ENTERABLE_TIER_B,TRIGGERED,97.2931,FULL,,,SIDEWAYS,LOW,85.25,54.92305998509179,-37.106918238993735,8.802879976504485,0.940160517539166,1.2379005626926107,2.796428571428574,47.9181,52.0819,76.4581,73.5377,71.322,76.4581,83.5504,28.678,LOW,RESEARCH_ONLY_NO_STANDARD_TRADE,False
2023-08-17,SHRIRAMFIN,Financial Services,LONG,37.3467,65.1099,27.7632,81.1936,ENTERABLE_TIER_B,TRIGGERED,98.5,FULL,,TRANSITION,SIDEWAYS,LOW,1844.4,58.00811522483193,-40.17033356990765,9.311129175953612,0.8546161877705227,1.508533203764152,49.36428571428574,47.9181,52.0819,80.2793,73.7057,68.4904,80.2793,79.2563,31.5096,LOW,UPGRADE_OFACTOR_REQUIRED,False
2023-08-17,SONACOMS,OTHER,LONG,36.0134,67.9566,31.9432,85.4015,ENTERABLE_TIER_B,TRIGGERED,97.2931,FULL,,,SIDEWAYS,LOW,566.9,56.813644558445134,-54.707560627674766,5.159243416405429,1.0864701402598171,0.5785822447359534,15.56428571428573,47.9181,52.0819,98.8328,69.6742,71.322,98.8328,87.9211,28.678,LOW,UPGRADE_OFACTOR_REQUIRED,False
2023-09-01,BALRAMCHIN,OTHER,LONG,12.3655,52.3816,40.0161,82.2791,ENTERABLE_TIER_B,TRIGGERED,97.2931,FULL,,,SIDEWAYS,LOW,395.5,52.37318490435513,-25.06963788300837,0.7040616971373591,1.0435510172952844,-0.1666586068517943,9.675000000000002,41.0605,58.9395,84.7373,78.5013,70.5302,84.7373,81.8088,29.4698,LOW,RESEARCH_ONLY_NO_STANDARD_TRADE,False
2023-09-01,CONCOR,Services,LONG,23.4963,59.4801,35.9838,70.4484,ENTERABLE_TIER_B,TRIGGERED,97.2931,FULL,,,SIDEWAYS,LOW,687.0,56.65754062128878,-8.97009966777399,2.6189795570352774,0.949611478680005,-0.1377277046188003,14.528571428571452,41.0605,58.9395,48.3202,59.8033,50.7394,48.3202,88.8496,49.2606,LOW,RESEARCH_ONLY_NO_STANDARD_TRADE,False
2023-09-01,HOMEFIRST,OTHER,LONG,41.3672,66.9955,25.6283,71.6067,ENTERABLE_TIER_B,TRIGGERED,97.2931,FULL,,,SIDEWAYS,LOW,863.3,57.456777653748446,-53.38790359254208,5.7407421472228,0.9014053605597464,0.4645632649927457,25.77500000000001,41.0605,58.9395,60.2199,57.6334,70.5302,60.2199,92.7061,29.4698,LOW,UPGRADE_OFACTOR_REQUIRED,False
2023-09-01,MOTHERSON,Automobile and Auto Components,LONG,32.5688,65.4006,32.8318,69.6868,ENTERABLE_TIER_B,TRIGGERED,98.5,FULL,,SIDEWAYS,SIDEWAYS,LOW,97.8,59.289309374067926,-8.080808080808191,6.203991910640687,0.8519342274259742,0.4761757011361878,1.9571428571428584,41.0605,58.9395,48.4793,44.8175,59.715,48.4793,92.8467,40.285,LOW,UPGRADE_OFACTOR_REQUIRED,False
2023-09-01,PNBHOUSING,OTHER,LONG,31.8787,61.5898,29.7111,79.109,ENTERABLE_TIER_B,TRIGGERED,97.2931,FULL,,,SIDEWAYS,LOW,651.65,55.02653601839637,-58.67635189669088,6.517730182059105,0.8771078443861303,1.0654793232726365,20.146428571428597,41.0605,58.9395,75.5788,80.8403,70.5302,75.5788,83.6199,29.4698,LOW,RESEARCH_ONLY_NO_STANDARD_TRADE,False
2023-09-01,WOCKPHARMA,OTHER,LONG,21.9986,54.8428,32.8442,80.6817,ENTERABLE_TIER_B,TRIGGERED,97.2931,FULL,,,SIDEWAYS,LOW,242.7,53.94004263925908,-38.55855855855862,5.902790000913126,0.93791630384438,-0.3514937139890663,8.203571428571426,41.0605,58.9395,95.246,67.5751,70.5302,95.246,83.4219,29.4698,LOW,RESEARCH_ONLY_NO_STANDARD_TRADE,False
2023-09-04,GILLETTE,OTHER,LONG,15.3797,51.5817,36.202,76.7491,ENTERABLE_TIER_B,TRIGGERED,97.2931,FULL,,,SIDEWAYS,LOW,5579.1,55.12675940785267,-45.24031007751927,4.867775590497774,1.1444211586023978,0.4524502180225497,118.49999999999989,40.5082,59.4918,71.7032,80.1688,70.2541,71.7032,92.9283,29.7459,LOW,RESEARCH_ONLY_NO_STANDARD_TRADE,False
2023-09-04,LICI,Financial Services,LONG,31.3056,69.8015,38.4959,74.0471,ENTERABLE_TIER_B,TRIGGERED,98.5,FULL,,SIDEWAYS,SIDEWAYS,LOW,658.6,57.45213660886473,-37.424547283702,4.010897602818492,2.1719888927455746,0.6401941771214763,10.428571428571429,40.5082,59.4918,59.9018,55.5068,68.1385,59.9018,79.2877,31.8615,LOW,UPGRADE_OFACTOR_REQUIRED,False
2023-09-05,AFFLE,OTHER,LONG,15.2814,50.979,35.6976,77.8335,ENTERABLE_TIER_B,TRIGGERED,97.2931,FULL,,,SIDEWAYS,LOW,1095.45,54.62729577575834,-30.728616684266065,2.883154047941474,0.951659169972102,0.1746586370498637,20.910714285714253,43.3003,56.6997,74.6621,79.9146,71.6501,74.6621,89.3834,28.3498,LOW,RESEARCH_ONLY_NO_STANDARD_TRADE,False
2023-09-05,CAMS,OTHER,LONG,39.6962,67.0598,27.3636,75.2876,ENTERABLE_TIER_B,TRIGGERED,97.2931,FULL,,,SIDEWAYS,LOW,2447.15,58.18556726392998,-50.48918640576716,4.800253570383186,1.3159313077939234,0.4844641089667656,57.31428571428569,43.3003,56.6997,85.2887,56.6251,71.6501,85.2887,75.7827,28.3498,LOW,UPGRADE_OFACTOR_REQUIRED,False
2023-09-05,CASTROLIND,OTHER,LONG,39.5851,66.8046,27.2195,70.3109,ENTERABLE_TIER_B,TRIGGERED,97.2931,FULL,,,SIDEWAYS,LOW,149.0,59.69660383120348,-14.285714285714286,8.670655624633854,2.7694968853943767,0.8664802628199264,3.8321428571428617,43.3003,56.6997,54.7686,46.7661,71.6501,54.7686,86.9525,28.3498,LOW,UPGRADE_OFACTOR_REQUIRED,False
2023-09-05,HOMEFIRST,OTHER,LONG,33.7695,64.8482,31.0787,77.6498,ENTERABLE_TIER_B,TRIGGERED,97.2931,FULL,,,SIDEWAYS,LOW,859.85,55.54588747376281,-56.52569349704408,5.019869881081263,1.167278968200874,0.5511588322210434,27.371428571428584,43.3003,56.6997,73.7439,81.2944,71.6501,73.7439,86.6284,28.3498,LOW,RESEARCH_ONLY_NO_STANDARD_TRADE,False
2023-09-05,SYNGENE,OTHER,LONG,28.3719,63.2631,34.8912,74.0832,ENTERABLE_TIER_B,TRIGGERED,97.2931,FULL,,,SIDEWAYS,LOW,807.7,56.801396602351545,-24.390243902438996,4.947930913048899,1.6243966900956206,-0.0289277302781205,17.764285714285734,43.3003,56.6997,53.8587,63.5223,71.6501,53.8587,92.5694,28.3498,LOW,RESEARCH_ONLY_NO_STANDARD_TRADE,False
2023-09-05,TCS,Information Technology,LONG,11.0024,53.7766,42.7742,82.0321,ENTERABLE_TIER_B,TRIGGERED,98.5,FULL,,SIDEWAYS,SIDEWAYS,LOW,3429.35,55.310830879832615,-26.845924029022832,1.787485035155958,0.9838824476133116,0.0026159204260183,43.92142857142858,43.3003,56.6997,71.5932,77.9606,71.6501,71.5932,83.9258,28.3498,LOW,RESEARCH_ONLY_NO_STANDARD_TRADE,False
2023-09-05,ZEEL,OTHER,LONG,56.5437,80.928,24.3843,66.5851,ENTERABLE_TIER_B,TRIGGERED,97.2931,FULL,,,SIDEWAYS,LOW,274.9,66.02977082034744,-37.81512605042024,15.79519375467523,1.4895348430480877,3.155134025858511,7.407142857142849,43.3003,56.6997,30.495,46.5381,71.6501,30.495,51.3983,28.3498,LOW,WAIT_FOR_XFACTOR,False
2023-09-06,APTUS,OTHER,LONG,29.8066,60.6451,30.8385,74.337,ENTERABLE_TIER_B,TRIGGERED,97.2931,FULL,,,SIDEWAYS,LOW,273.2,56.04204954332808,-41.72661870503604,2.671001148673241,0.9830791571534686,0.2589605176050761,7.839285714285718,53.6062,46.3938,61.2422,70.6606,76.8031,61.2422,90.3052,23.1969,LOW,RESEARCH_ONLY_NO_STANDARD_TRADE,False
2023-09-06,MOTILALOFS,Financial Services,LONG,34.838,65.3261,30.4881,81.986,ENTERABLE_TIER_B,TRIGGERED,97.2931,FULL,,,SIDEWAYS,LOW,903.0,57.90668901071233,-33.74422187981508,11.037953329479466,0.8742049019754629,2.422794364326668,24.35,53.6062,46.3938,93.6003,85.2156,71.481,93.6003,91.7864,28.5191,LOW,UPGRADE_OFACTOR_REQUIRED,False
2023-09-07,BERGEPAINT,Consumer Durables,LONG,14.9054,54.554,39.6486,83.9367,ENTERABLE_TIER_B,TRIGGERED,97.2931,FULL,,,SIDEWAYS,LOW,711.4,54.82096700403887,-51.32743362831859,3.5282768882502773,1.0683608356598768,0.8587872226443323,13.007142857142869,55.5173,44.4827,82.9709,89.698,77.7587,82.9709,81.7024,22.2414,LOW,RESEARCH_ONLY_NO_STANDARD_TRADE,False
2023-09-07,SONACOMS,OTHER,LONG,29.3425,59.0286,29.6861,82.9218,ENTERABLE_TIER_B,TRIGGERED,97.2931,FULL,,,SIDEWAYS,LOW,583.65,54.158106522542965,-75.67084078711986,4.752738136698112,0.7644554326209847,1.0475024570491096,19.02500000000001,55.5173,44.4827,83.0661,82.8647,77.7587,83.0661,78.975,22.2414,LOW,RESEARCH_ONLY_NO_STANDARD_TRADE,False
2023-09-08,ADANIENT,Metals & Mining,LONG,14.3264,58.8234,44.497,88.8265,ENTERABLE_TIER_B,TRIGGERED,98.5,FULL,,SIDEWAYS,SIDEWAYS,LOW,2519.3,52.737768586955184,-59.31658878504669,3.103686627410915,0.8148745582298084,0.1618948955094704,79.41785714285713,60.6068,39.3932,94.3904,93.3516,72.9872,94.3904,90.2793,27.0128,MEDIUM,RESEARCH_ONLY_NO_STANDARD_TRADE,False
2023-09-08,ADANIPORTS,Services,LONG,32.0764,68.5659,36.4895,78.6193,ENTERABLE_TIER_B,TRIGGERED,98.5,FULL,,TRANSITION,SIDEWAYS,LOW,825.0,59.396742339750205,-49.24454392837156,6.552335204121102,1.129193570704874,1.1347692210506328,21.825,60.6068,39.3932,64.3375,72.7835,51.0354,64.3375,93.0355,48.9646,LOW,UPGRADE_OFACTOR_REQUIRED,False
2023-09-08,NCC,OTHER,LONG,26.6851,59.4204,32.7353,83.6312,ENTERABLE_TIER_B,TRIGGERED,97.2931,FULL,,,SIDEWAYS,LOW,159.2,54.07651427027609,-65.53672316384187,9.885454955282247,0.8837821493175319,2.740542395784759,7.021428571428574,60.6068,39.3932,83.3842,83.764,80.3034,83.3842,81.7701,19.6966,MEDIUM,RESEARCH_ONLY_NO_STANDARD_TRADE,False
2023-09-11,AMBUJACEM,Construction Materials,LONG,20.9432,60.9457,40.0025,74.935,ENTERABLE_TIER_B,TRIGGERED,98.5,FULL,,SIDEWAYS,SIDEWAYS,LOW,450.9,54.6753086819176,-38.12949640287779,2.4646361687252023,1.37883209608944,-0.342366925662552,11.399999999999997,65.442,34.558,59.1082,59.1228,74.4869,59.1082,91.2281,25.5131,MEDIUM,RESEARCH_ONLY_NO_STANDARD_TRADE,False
2023-09-11,ATGL,Oil Gas & Consumable Fuels,LONG,26.5734,66.1022,39.5288,76.2024,ENTERABLE_TIER_B,TRIGGERED,97.2931,FULL,,,SIDEWAYS,LOW,658.9,55.93039210825996,-41.69230769230773,-4.235276452586639,1.772438712653081,-0.2615423347540221,16.849999999999998,65.442,34.558,57.2404,67.7151,72.2794,57.2404,66.4095,27.7205,LOW,UPGRADE_OFACTOR_REQUIRED,False
2023-09-11,CIPLA,Healthcare,LONG,6.981,51.1199,44.1389,81.1292,ENTERABLE_TIER_B,TRIGGERED,98.5,FULL,,SIDEWAYS,SIDEWAYS,LOW,1247.35,62.13170793218091,-33.72456964006283,8.549532079171781,0.783146214837322,1.8191094771963756,25.660714285714302,65.442,34.558,73.8251,83.087,51.7603,73.8251,91.5825,48.2397,LOW,RESEARCH_ONLY_NO_STANDARD_TRADE,False
2023-09-11,INDIANB,Financial Services,LONG,48.7597,74.1368,25.3771,81.2698,ENTERABLE_TIER_B,TRIGGERED,97.2931,FULL,,,SIDEWAYS,LOW,397.55,62.10571851319092,-46.88940092165893,11.871437373506325,1.203490506254492,2.09704424844608,12.146428571428572,65.442,34.558,81.9288,69.0444,82.721,81.9288,95.2249,17.279,MEDIUM,QUALIFIED_FOR_INTRADAY_REVALIDATION,True
2023-09-11,KEI,Capital Goods,LONG,53.6271,74.4474,20.8203,77.1711,ENTERABLE_TIER_B,TRIGGERED,97.2931,FULL,,,SIDEWAYS,LOW,2593.05,55.33419972651838,-53.05711987127904,7.357778061436376,1.1916259793173063,1.6054952817023322,68.57499999999997,65.442,34.558,64.6202,63.2519,82.721,64.6202,96.0335,17.279,MEDIUM,QUALIFIED_FOR_INTRADAY_REVALIDATION,True
2023-09-11,MOTILALOFS,Financial Services,LONG,45.483,70.2707,24.7877,75.2663,ENTERABLE_TIER_B,TRIGGERED,97.2931,FULL,,,SIDEWAYS,LOW,909.7,58.115991048713184,-23.420647149460613,10.793343712801072,1.3839114413777986,1.91881168286582,24.4,65.442,34.558,81.3456,53.6066,82.721,81.3456,94.5902,17.279,MEDIUM,UPGRADE_OFACTOR_REQUIRED,False
2023-09-13,AFFLE,OTHER,LONG,38.187,60.866,22.679,73.706,ENTERABLE_TIER_B,TRIGGERED,97.2931,FULL,,,TRANSITION,LOW,1118.85,54.688684338344665,-57.74783445620797,3.959946910584375,0.757128249176473,1.067346201891048,31.62142857142854,77.2474,22.7526,56.2849,66.0989,88.6237,56.2849,83.6187,11.3763,MEDIUM,RESEARCH_ONLY_NO_STANDARD_TRADE,False
2023-09-13,ANANTRAJ,OTHER,LONG,60.9541,77.9878,17.0337,70.496,ENTERABLE_TIER_B,TRIGGERED,97.2931,FULL,,,TRANSITION,LOW,221.95,59.73073518169589,-49.46401225114855,13.2754769630549,1.1355531902027531,3.1907369328064807,9.500000000000002,77.2474,22.7526,44.3158,62.3158,88.6237,44.3158,90.9474,11.3763,LOW,WAIT_FOR_XFACTOR,False
2023-09-13,BEL,Capital Goods,LONG,35.7168,66.7497,31.0329,87.2639,ENTERABLE_TIER_B,TRIGGERED,98.5,FULL,,TRANSITION,TRANSITION,LOW,135.85,51.81603647605216,-75.58528428093645,5.285496512444045,1.067785409758946,1.9635534155919352,4.007142857142859,77.2474,22.7526,95.0505,74.5455,88.6237,95.0505,89.0196,11.3763,HIGH,UPGRADE_OFACTOR_REQUIRED,False
2023-09-13,CLEAN,OTHER,LONG,35.0674,60.7629,25.6955,73.881,ENTERABLE_TIER_B,TRIGGERED,97.2931,FULL,,,TRANSITION,LOW,1449.85,58.39566128168799,-56.09348914858097,3.87380152917781,0.9231537401865684,1.7171682906832244,39.95000000000001,77.2474,22.7526,54.3513,70.6633,88.6237,54.3513,85.8323,11.3763,MEDIUM,RESEARCH_ONLY_NO_STANDARD_TRADE,False
2023-09-13,HINDCOPPER,OTHER,LONG,46.9261,71.8531,24.927,78.0145,ENTERABLE_TIER_B,TRIGGERED,97.2931,FULL,,,TRANSITION,LOW,158.5,54.72368928918696,-53.19148936170211,12.593641037787942,1.1213452521080014,3.8231811803215225,7.253571428571432,77.2474,22.7526,66.5912,53.678,88.6237,66.5912,95.5884,11.3763,LOW,UPGRADE_OFACTOR_REQUIRED,False
2023-09-13,MOTHERSON,Automobile and Auto Components,LONG,19.987,55.506,35.519,82.3995,ENTERABLE_TIER_B,TRIGGERED,98.5,FULL,,SIDEWAYS,TRANSITION,LOW,97.55,50.74983102281385,-64.28571428571432,4.008695923643199,0.8000227764680057,0.9972936635670216,2.4750000000000023,77.2474,22.7526,90.101,70.101,72.8083,90.101,91.1111,27.1917,MEDIUM,RESEARCH_ONLY_NO_STANDARD_TRADE,False
2023-09-13,NATIONALUM,Metals & Mining,LONG,45.4181,68.3029,22.8848,75.36,ENTERABLE_TIER_B,TRIGGERED,97.2931,FULL,,,TRANSITION,LOW,97.2,53.75099369074507,-49.32614555256061,5.781958369162626,0.9241448127319364,2.249229178829608,3.614285714285714,77.2474,22.7526,51.996,64.585,86.3544,51.996,92.8063,13.6456,MEDIUM,UPGRADE_OFACTOR_REQUIRED,False
2023-09-13,OFSS,Information Technology,LONG,24.829,63.6498,38.8208,70.8218,ENTERABLE_TIER_B,TRIGGERED,97.2931,FULL,,,TRANSITION,LOW,4209.5,58.46412914803079,-52.701586252478506,6.354736867874546,2.269705862918464,2.296929965155129,103.6928571428571,77.2474,22.7526,39.1215,56.699,80.4065,39.1215,90.3176,19.5935,LOW,RESEARCH_ONLY_NO_STANDARD_TRADE,False
2023-09-13,PCBL,OTHER,LONG,51.0239,70.8459,19.822,76.153,ENTERABLE_TIER_B,TRIGGERED,97.2931,FULL,,,TRANSITION,LOW,167.15,53.210795525100345,-52.991452991453,5.772708172771503,1.08277817701102,1.978626613202007,7.107142857142859,77.2474,22.7526,77.7688,58.0704,88.6237,77.7688,90.995,11.3763,MEDIUM,UPGRADE_OFACTOR_REQUIRED,False
2023-09-13,PRESTIGE,Realty,LONG,55.4338,80.4944,25.0606,78.5129,ENTERABLE_TIER_B,TRIGGERED,97.2931,FULL,,,TRANSITION,LOW,619.5,54.52984103144002,-56.05415860735013,7.133066998863042,1.9740155118005245,2.7240325260568974,29.18571428571429,77.2474,22.7526,65.9594,70.6021,88.6237,65.9594,94.6549,11.3763,LOW,QUALIFIED_FOR_INTRADAY_REVALIDATION,True
2023-09-13,SHRIRAMFIN,Financial Services,LONG,33.2164,69.0421,35.8257,79.4428,ENTERABLE_TIER_B,TRIGGERED,98.5,FULL,,UPWARD,TRANSITION,LOW,1910.35,56.7509757155986,-45.58605341246296,7.132720519595699,1.0794998548545112,1.5584098749417543,45.48214285714285,77.2474,22.7526,65.0266,70.8457,84.053,65.0266,91.5132,15.9471,HIGH,UPGRADE_OFACTOR_REQUIRED,False
2023-09-13,TATACHEM,OTHER,LONG,29.6272,60.8217,31.1945,83.9011,ENTERABLE_TIER_B,TRIGGERED,97.2931,FULL,,,TRANSITION,LOW,1052.9,51.714447516949626,-52.27785295444282,2.594376744974609,0.7937946716193262,1.4757195331273032,25.246428571428574,77.2474,22.7526,87.2457,76.4719,88.6237,87.2457,83.9185,11.3763,HIGH,RESEARCH_ONLY_NO_STANDARD_TRADE,False
2023-09-13,UNIONBANK,Financial Services,LONG,28.4037,65.0821,36.6784,77.6496,ENTERABLE_TIER_B,TRIGGERED,97.2931,FULL,,,TRANSITION,LOW,90.5,54.34227541803907,-32.33532934131737,6.091803814004056,1.4972112252050171,0.2725710372787573,2.900000000000001,77.2474,22.7526,79.1954,47.5862,84.053,79.1954,90.3448,15.9471,LOW,UPGRADE_OFACTOR_REQUIRED,False
2023-09-13,VTL,OTHER,LONG,47.7247,65.6129,17.8882,74.9455,ENTERABLE_TIER_B,TRIGGERED,97.2931,FULL,,,TRANSITION,LOW,385.8,52.20240830380232,-61.44578313253009,4.621203749491176,0.7639110749881471,2.201535353616398,13.978571428571428,77.2474,22.7526,98.4023,40.4803,88.6237,98.4023,90.8431,11.3763,LOW,UPGRADE_OFACTOR_REQUIRED,False
2023-09-13,YESBANK,Financial Services,LONG,33.7698,65.59,31.8202,82.2518,ENTERABLE_TIER_B,TRIGGERED,97.2931,FULL,,,TRANSITION,LOW,17.7,53.32890959140199,-58.33333333333338,3.319956457047521,1.2601634880432897,1.615660282459125,0.6357142857142863,77.2474,22.7526,71.161,74.8315,84.053,71.161,90.5618,15.9471,MEDIUM,UPGRADE_OFACTOR_REQUIRED,False
2023-09-14,BERGEPAINT,Consumer Durables,LONG,29.9894,67.0087,37.0193,69.9141,ENTERABLE_TIER_B,TRIGGERED,97.2931,FULL,,,TRANSITION,LOW,729.0,64.2510573602234,-30.41065482796898,5.274353499807658,1.7483681389808987,0.9876080988087416,14.34642857142859,77.3183,22.6817,29.3669,57.6201,80.1852,29.3669,61.8023,19.8148,LOW,UPGRADE_OFACTOR_REQUIRED,False
2023-09-14,GICRE,Financial Services,LONG,53.2148,69.4717,16.2569,79.5587,ENTERABLE_TIER_B,TRIGGERED,97.2931,FULL,,,TRANSITION,LOW,219.55,54.94566581215621,-43.16666666666663,7.874596955014096,0.8393017806962693,1.795870190531938,6.714285714285714,77.3183,22.6817,90.3191,60.383,88.655,90.3191,87.4894,11.345,MEDIUM,UPGRADE_OFACTOR_REQUIRED,False
2023-09-14,GRAVITA,OTHER,LONG,42.5741,63.0606,20.4865,79.0036,ENTERABLE_TIER_B,TRIGGERED,97.2931,FULL,,,TRANSITION,LOW,772.65,59.63858637619671,-38.78591288229845,10.539133512593068,0.9329384635702668,2.5348818806418487,27.17142857142856,77.3183,22.6817,75.2681,79.979,88.6591,75.2681,78.0652,11.3408,MEDIUM,RESEARCH_ONLY_NO_STANDARD_TRADE,False
2023-09-14,KPITTECH,Information Technology,LONG,37.0675,67.0257,29.9582,78.2397,ENTERABLE_TIER_B,TRIGGERED,97.2931,FULL,,,TRANSITION,LOW,1169.2,55.8440536310083,-46.75688287447501,5.424906172374482,0.8044194054967089,0.8751672934996969,29.62857142857144,77.3183,22.6817,80.6887,60.7136,85.3673,80.6887,90.8197,14.6326,MEDIUM,UPGRADE_OFACTOR_REQUIRED,False
2023-09-14,NSLNISP,OTHER,LONG,54.3199,73.3564,19.0365,84.3493,ENTERABLE_TIER_B,TRIGGERED,97.2931,FULL,,,TRANSITION,LOW,55.25,59.26578943538125,-62.06896551724138,12.03512969924962,0.9425607396399136,3.540542533230317,2.382142857142857,77.3183,22.6817,85.5172,84.8876,88.6591,85.5172,83.2084,11.3408,LOW,UPGRADE_OFACTOR_REQUIRED,False
2023-09-14,PHOENIXLTD,Realty,LONG,29.3077,60.8846,31.5769,80.6059,ENTERABLE_TIER_B,TRIGGERED,97.2931,FULL,,,TRANSITION,LOW,1819.25,56.76983220499309,-52.82898919262552,6.785613963241,0.7529597557646817,1.9287288183503228,53.21071428571432,77.3183,22.6817,76.615,81.7706,88.6591,76.615,79.6282,11.3408,HIGH,RESEARCH_ONLY_NO_STANDARD_TRADE,False
2023-09-14,POLICYBZR,Financial Services,LONG,38.5185,65.7044,27.1859,84.2566,ENTERABLE_TIER_B,TRIGGERED,97.2931,FULL,,,TRANSITION,LOW,766.45,52.73802945594824,-76.23918174665612,5.256664375086283,0.9530659194027123,1.4785897122178353,23.999999999999996,77.3183,22.6817,83.9444,86.75,88.655,83.9444,85.1667,11.345,HIGH,UPGRADE_OFACTOR_REQUIRED,False
2023-09-14,SAPPHIRE,OTHER,LONG,27.7007,62.1604,34.4597,82.0319,ENTERABLE_TIER_B,TRIGGERED,97.2931,FULL,,,TRANSITION,LOW,1426.5,51.94910837374472,-69.00170856724431,2.587526734924493,1.61941084816029,1.6199346891144937,53.42499999999999,77.3183,22.6817,82.4458,83.9027,88.6591,82.4458,85.4375,11.3408,MEDIUM,RESEARCH_ONLY_NO_STANDARD_TRADE,False
2023-09-14,SUZLON,Capital Goods,LONG,60.6228,78.4874,17.8646,83.6882,ENTERABLE_TIER_B,TRIGGERED,97.2931,FULL,,,TRANSITION,LOW,23.25,56.1092801894877,-71.02803738317756,18.53938102934912,1.0420664821734111,4.042650188603392,1.3357142857142856,77.3183,22.6817,91.7647,55.0802,85.3997,91.7647,100.0,14.6003,LOW,QUALIFIED_FOR_INTRADAY_REVALIDATION,True
2023-09-14,WHIRLPOOL,OTHER,LONG,43.8359,67.4227,23.5868,80.7117,ENTERABLE_TIER_B,TRIGGERED,97.2931,FULL,,,TRANSITION,LOW,1650.75,59.56968030602476,-51.35135135135136,6.7153183161590695,1.2790974826590849,2.221203369015041,36.48214285714285,77.3183,22.6817,88.1997,74.6725,88.6591,88.1997,91.1189,11.3408,HIGH,UPGRADE_OFACTOR_REQUIRED,False
2023-09-15,AMBUJACEM,Construction Materials,LONG,6.9361,50.5873,43.6512,87.5842,ENTERABLE_TIER_B,TRIGGERED,98.5,FULL,,SIDEWAYS,TRANSITION,LOW,445.05,50.69509841405806,-30.7291666666666,1.0015440846267103,0.7708371377110178,-0.1348984618204723,9.553571428571429,85.5921,14.4079,92.7078,89.3234,92.7961,92.7078,87.2299,7.2039,MEDIUM,RESEARCH_ONLY_NO_STANDARD_TRADE,False
2023-09-15,CROMPTON,OTHER,LONG,35.3911,62.9246,27.5335,81.0612,ENTERABLE_TIER_B,TRIGGERED,97.2931,FULL,,,TRANSITION,LOW,307.0,53.99382334050818,-56.43340857787816,3.165371279755919,0.7765317026260424,1.0210832690886054,6.703571428571422,85.5921,14.4079,80.8808,71.3586,92.7961,80.8808,88.0661,7.2039,HIGH,RESEARCH_ONLY_NO_STANDARD_TRADE,False
2023-09-15,EXIDEIND,Automobile and Auto Components,LONG,21.3611,64.6097,43.2486,84.9315,ENTERABLE_TIER_B,TRIGGERED,97.2931,FULL,,,TRANSITION,LOW,268.25,53.38950255716169,-56.65024630541869,5.740907647326796,1.9076803618392373,1.1272275237999094,6.039285714285719,85.5921,14.4079,93.6251,73.1756,84.8154,93.6251,88.7404,15.1846,MEDIUM,RESEARCH_ONLY_NO_STANDARD_TRADE,False
2023-09-15,LICI,Financial Services,LONG,32.432,63.7967,31.3647,78.8133,ENTERABLE_TIER_B,TRIGGERED,98.5,FULL,,SIDEWAYS,TRANSITION,LOW,667.5,56.6338394219519,-49.00938477580809,3.955614896512426,1.2565390473292368,0.8902336963658715,13.096428571428564,85.5921,14.4079,62.0507,72.817,92.7961,62.0507,88.3938,7.2039,HIGH,RESEARCH_ONLY_NO_STANDARD_TRADE,False
2023-09-15,NATCOPHARM,OTHER,LONG,36.1283,65.1989,29.0706,85.8934,ENTERABLE_TIER_B,TRIGGERED,97.2931,FULL,,,TRANSITION,LOW,882.25,55.08716418938622,-37.286063569682135,9.45027812790647,0.9439685600443456,0.9347248484447204,30.21785714285715,85.5921,14.4079,99.8676,77.232,92.7961,99.8676,90.8001,7.2039,MEDIUM,UPGRADE_OFACTOR_REQUIRED,False
2023-09-15,PAGEIND,Textiles,LONG,10.6981,60.4957,49.7976,83.248,ENTERABLE_TIER_B,TRIGGERED,97.2931,FULL,,,TRANSITION,LOW,40605.15,53.68286221077758,-64.95299145299141,2.7628190130879395,1.934409107102374,0.9874752408966913,954.0892857142868,85.5921,14.4079,81.2584,75.887,74.9056,81.2584,69.1014,25.0944,MEDIUM,RESEARCH_ONLY_NO_STANDARD_TRADE,False
2023-09-15,PAYTM,Financial Services,LONG,43.6399,73.717,30.0771,82.1632,ENTERABLE_TIER_B,TRIGGERED,97.2931,FULL,,,TRANSITION,LOW,885.15,54.56840660021139,-37.34375000000002,5.680756740749081,2.5456395030604195,0.8321495801116476,29.78928571428572,85.5921,14.4079,77.0275,63.5439,92.7961,77.0275,85.1625,7.2039,LOW,UPGRADE_OFACTOR_REQUIRED,False
2023-09-15,SCHNEIDER,OTHER,LONG,48.6815,66.9061,18.2246,79.4731,ENTERABLE_TIER_B,TRIGGERED,97.2931,FULL,,,TRANSITION,LOW,351.75,61.1639953038985,-39.0575916230366,14.710937350049742,0.8219968412411415,2.8778658663823444,13.91071428571428,85.5921,14.4079,77.3556,78.5777,92.7961,77.3556,90.6547,7.2039,LOW,UPGRADE_OFACTOR_REQUIRED,False
2023-09-15,SOLARINDS,Chemicals,LONG,41.4249,68.7459,27.321,80.6621,ENTERABLE_TIER_B,TRIGGERED,98.5,FULL,,UPWARD,TRANSITION,LOW,4646.1,60.47482895217714,-55.077928607340326,9.681088007149269,0.8377920773765886,2.484849298594526,156.89642857142846,85.5921,14.4079,92.5046,68.7055,81.6085,92.5046,91.3574,18.3915,MEDIUM,UPGRADE_OFACTOR_REQUIRED,False
2023-09-15,SONACOMS,OTHER,LONG,46.0717,71.8064,25.7347,73.392,ENTERABLE_TIER_B,TRIGGERED,97.2931,FULL,,,TRANSITION,LOW,599.25,57.29803069935423,-24.459613196814537,6.442362978975486,0.974235986576187,0.9710850009097678,18.210714285714296,85.5921,14.4079,59.0168,63.3183,92.7961,59.0168,94.5087,7.2039,MEDIUM,UPGRADE_OFACTOR_REQUIRED,False
2023-09-15,STARHEALTH,OTHER,LONG,43.2935,67.0323,23.7388,75.5051,ENTERABLE_TIER_B,TRIGGERED,97.2931,FULL,,,TRANSITION,LOW,647.55,56.26175081867965,-43.92000000000007,4.224440045359119,1.1694523497722893,0.8464362465121491,18.610714285714305,85.5921,14.4079,53.6199,71.3069,92.7961,53.6199,94.6268,7.2039,MEDIUM,UPGRADE_OFACTOR_REQUIRED,False
2023-09-15,ZEEL,OTHER,LONG,33.8861,67.165,33.2789,82.3149,ENTERABLE_TIER_B,TRIGGERED,97.2931,FULL,,,TRANSITION,LOW,274.15,57.83917922698298,-45.22417153996114,11.270088938000224,0.929397557247799,2.576656084571165,9.242857142857142,85.5921,14.4079,79.7141,71.4374,92.7961,79.7141,91.5611,7.2039,MEDIUM,UPGRADE_OFACTOR_REQUIRED,False
2023-09-18,MOTHERSON,Automobile and Auto Components,LONG,34.9502,64.9523,30.0021,77.8387,ENTERABLE_TIER_B,TRIGGERED,98.5,FULL,,UPWARD,TRANSITION,LOW,99.25,55.82890948440474,-50.0,5.298764299417435,1.0154317085132072,0.8621582433103652,2.482142857142859,85.5232,14.4768,60.3837,66.964,84.8157,60.3837,82.2734,15.1843,MEDIUM,RESEARCH_ONLY_NO_STANDARD_TRADE,False
2023-09-18,RECLTD,Financial Services,LONG,47.4011,71.1917,23.7906,82.3402,ENTERABLE_TIER_B,TRIGGERED,98.5,FULL,,UPWARD,TRANSITION,LOW,250.45,59.28203500597749,-63.25023084025857,18.46265553072713,0.7704560374334801,3.845532795990452,12.989285714285716,85.5232,14.4768,74.7613,66.5878,92.7616,74.7613,92.9172,7.2384,LOW,UPGRADE_OFACTOR_REQUIRED,False
2023-09-20,FEDERALBNK,Financial Services,LONG,43.814,73.4089,29.5949,77.4695,ENTERABLE_TIER_B,TRIGGERED,97.2931,FULL,,,TRANSITION,LOW,146.5,59.19500388638093,-38.04347826086961,6.145782016045573,1.2071225009354272,1.8702419761759268,3.346428571428569,71.8199,28.1801,61.8001,73.7033,85.91,61.8001,88.047,14.09,MEDIUM,UPGRADE_OFACTOR_REQUIRED,False
2023-09-20,HAL,Capital Goods,LONG,20.4333,62.2599,41.8266,85.9492,ENTERABLE_TIER_B,TRIGGERED,98.5,FULL,,TRANSITION,TRANSITION,LOW,3992.6,55.38060422231114,-60.46353101567826,4.861274520283642,1.1415892420114595,0.8586684334591825,85.39999999999999,71.8199,28.1801,82.2443,87.0726,80.17,82.2443,69.6019,19.83,MEDIUM,RESEARCH_ONLY_NO_STANDARD_TRADE,False
2023-09-20,HINDCOPPER,OTHER,LONG,48.4476,75.626,27.1784,87.9135,ENTERABLE_TIER_B,TRIGGERED,97.2931,FULL,,,TRANSITION,LOW,159.1,54.20789182077469,-63.48884381338743,11.16559634443007,1.2375945851789254,2.7548016757108647,7.489285714285714,71.8199,28.1801,95.616,79.7043,85.529,95.616,75.4316,14.471,LOW,QUALIFIED_FOR_INTRADAY_REVALIDATION,True
2023-09-20,MRF,Automobile and Auto Components,LONG,27.6173,60.5979,32.9806,78.5781,ENTERABLE_TIER_B,TRIGGERED,97.2931,FULL,,,TRANSITION,LOW,109603.9,57.02591273600631,-58.06352687532537,4.107319577291108,0.8275798241554836,0.8057531698415797,1756.0178571428562,71.8199,28.1801,74.4355,65.7429,79.3822,74.4355,96.3383,20.6178,MEDIUM,RESEARCH_ONLY_NO_STANDARD_TRADE,False
2023-09-20,TRENT,Consumer Services,LONG,30.5794,63.8462,33.2668,83.2007,ENTERABLE_TIER_B,TRIGGERED,98.5,FULL,,TRANSITION,TRANSITION,LOW,2061.6,62.28347394366679,-58.68288590604036,9.486068962338043,0.8301584291867762,2.287522688447853,48.621428571428496,71.8199,28.1801,94.6834,67.792,84.6155,94.6834,78.1166,15.3844,MEDIUM,RESEARCH_ONLY_NO_STANDARD_TRADE,False
2023-09-21,ADANIPORTS,Services,LONG,5.451,51.4745,46.0235,83.2508,ENTERABLE_TIER_B,TRIGGERED,98.5,FULL,,TRANSITION,SIDEWAYS,LOW,831.1,53.59227692273621,-53.16340464269456,5.13720521514161,0.8036927628186588,1.4116033909765568,22.30714285714288,64.861,35.139,79.5357,80.0961,60.5033,79.5357,79.7374,39.4967,MEDIUM,RESEARCH_ONLY_NO_STANDARD_TRADE,False
2023-09-21,FLUOROCHEM,Chemicals,LONG,25.6773,58.9669,33.2896,84.3352,ENTERABLE_TIER_B,TRIGGERED,97.2931,FULL,,,SIDEWAYS,LOW,3035.4,53.83417412250616,-58.8062883026911,2.0077773987769385,0.8423042174436364,1.546977794665593,85.16785714285713,64.861,35.139,97.1918,84.9004,62.8102,97.1918,95.4913,37.1899,MEDIUM,RESEARCH_ONLY_NO_STANDARD_TRADE,False
2023-09-21,JMFINANCIL,OTHER,LONG,35.3101,64.8547,29.5446,86.6851,ENTERABLE_TIER_B,TRIGGERED,97.2931,FULL,,,SIDEWAYS,LOW,85.65,53.95649815498204,-57.74647887323944,7.741797022465243,1.30122007238272,2.524616330564835,4.325000000000002,64.861,35.139,89.711,91.2139,78.123,89.711,69.0173,21.8771,LOW,RESEARCH_ONLY_NO_STANDARD_TRADE,False
2023-09-21,ZFCVINDIA,OTHER,LONG,54.4168,70.9566,16.5398,75.7662,ENTERABLE_TIER_B,TRIGGERED,97.2931,FULL,,,SIDEWAYS,LOW,15289.7,57.750858071922,-50.115418562020494,12.271598206223429,0.8386104934135014,3.852999609934799,812.3357142857142,64.861,35.139,61.2857,72.8314,78.123,61.2857,90.7157,21.8771,LOW,UPGRADE_OFACTOR_REQUIRED,False
2023-09-22,360ONE,Financial Services,LONG,42.8347,73.8358,31.0011,78.1872,ENTERABLE_TIER_B,TRIGGERED,97.2931,FULL,,,SIDEWAYS,LOW,528.9,54.56628661312454,-47.24137931034485,2.3134353181386405,1.8560234810328824,1.016652666286661,23.149999999999995,59.8681,40.1319,63.8517,69.9352,77.1595,63.8517,98.0994,22.8405,LOW,UPGRADE_OFACTOR_REQUIRED,False
2023-09-22,INDUSTOWER,Telecommunication,LONG,48.8934,76.4216,27.5282,81.4585,ENTERABLE_TIER_B,TRIGGERED,97.2931,FULL,,,SIDEWAYS,LOW,183.4,55.09726823840823,-59.89847715736035,6.080505936585231,1.3617916572023463,1.8492254584377463,7.892857142857145,59.8681,40.1319,81.6501,66.552,79.934,81.6501,82.2624,20.066,LOW,QUALIFIED_FOR_INTRADAY_REVALIDATION,True
2023-09-22,M&M,Automobile and Auto Components,LONG,35.5692,69.3313,33.7621,72.3189,ENTERABLE_TIER_B,TRIGGERED,98.5,FULL,,TRANSITION,SIDEWAYS,LOW,1607.15,56.80632148579925,-40.04460019114361,5.5413756622139925,1.3553381947256309,1.1594262349953397,42.01428571428577,59.8681,40.1319,52.8335,60.9181,66.7705,52.8335,89.7178,33.2295,LOW,UPGRADE_OFACTOR_REQUIRED,False
2023-09-22,MCX,Financial Services,LONG,54.6304,82.4804,27.85,71.2712,ENTERABLE_TIER_B,TRIGGERED,97.2931,FULL,,,SIDEWAYS,LOW,1783.55,60.269336669308025,-53.03771955082068,7.924529105452633,1.515986436707586,1.9535585425846536,57.68214285714287,59.8681,40.1319,46.9564,58.7394,77.1595,46.9564,90.673,22.8405,LOW,WAIT_FOR_XFACTOR,False
2023-09-22,PNBHOUSING,OTHER,LONG,45.3543,66.2547,20.9004,75.1762,ENTERABLE_TIER_B,TRIGGERED,97.2931,FULL,,,SIDEWAYS,LOW,688.15,55.92198992839004,-54.75305363781202,7.875589443376353,0.9105485123009256,1.764697205055447,28.31071428571428,59.8681,40.1319,60.7687,67.8567,74.874,60.7687,93.0768,25.1259,LOW,UPGRADE_OFACTOR_REQUIRED,False
2023-09-22,RBLBANK,OTHER,LONG,32.5364,69.2586,36.7222,82.6521,ENTERABLE_TIER_B,TRIGGERED,97.2931,FULL,,,SIDEWAYS,LOW,233.0,54.568504091251086,-31.223628691983123,7.711923610629194,1.7317987721247363,0.8018484623092599,8.17857142857143,59.8681,40.1319,94.7016,68.6987,74.874,94.7016,84.1048,25.1259,LOW,UPGRADE_OFACTOR_REQUIRED,False
2023-09-22,VBL,Fast Moving Consumer Goods,LONG,20.8515,62.8023,41.9508,79.3585,ENTERABLE_TIER_B,TRIGGERED,98.5,FULL,,TRANSITION,SIDEWAYS,LOW,918.25,57.68046813753234,-47.31075697211151,-2.7148676273529864,1.1293204651618332,0.98725888073049,18.689285714285734,59.8681,40.1319,69.6707,74.5309,48.4157,69.6707,95.0774,51.5843,LOW,RESEARCH_ONLY_NO_STANDARD_TRADE,False
2023-09-25,3MINDIA,Diversified,LONG,33.4643,60.8088,27.3445,78.6031,ENTERABLE_TIER_B,TRIGGERED,97.2931,FULL,,,SIDEWAYS,LOW,31693.15,57.865983928000574,-42.768245944200935,7.632540279528147,0.8021810562407733,0.9491731702155924,959.8321428571433,62.3732,37.6268,83.0609,75.8229,68.972,83.0609,88.2188,31.028,MEDIUM,RESEARCH_ONLY_NO_STANDARD_TRADE,False
2023-09-25,APTUS,OTHER,LONG,42.6115,69.1823,26.5708,64.7171,ENTERABLE_TIER_B,TRIGGERED,97.2931,FULL,,,SIDEWAYS,LOW,282.75,61.957652948400735,-13.445378151260504,5.024217932640135,1.3221209534753822,0.9222617175493812,8.650000000000002,62.3732,37.6268,21.5414,52.9249,75.7915,21.5414,81.5029,24.2085,LOW,UPGRADE_OFACTOR_REQUIRED,False
2023-09-25,AUROPHARMA,Healthcare,LONG,26.778,62.1513,35.3733,74.2639,ENTERABLE_TIER_B,TRIGGERED,97.2931,FULL,,,SIDEWAYS,LOW,873.65,56.137200231532525,-38.8698630136987,7.322475948392786,1.0474779159671337,1.5863250890502854,22.464285714285715,62.3732,37.6268,65.4414,61.806,49.8008,65.4414,95.9936,50.1992,LOW,RESEARCH_ONLY_NO_STANDARD_TRADE,False
2023-09-25,COROMANDEL,Chemicals,LONG,21.986,56.3791,34.3931,82.2055,ENTERABLE_TIER_B,TRIGGERED,97.2931,FULL,,,SIDEWAYS,LOW,1114.75,56.41176019783572,-46.89993861264583,5.560053976713853,1.0079972997398172,1.069712898859588,26.51785714285716,62.3732,37.6268,96.3735,75.4128,52.8225,96.3735,92.6088,47.1775,LOW,RESEARCH_ONLY_NO_STANDARD_TRADE,False
2023-09-25,DLF,Realty,LONG,37.3312,65.8294,28.4982,83.3093,ENTERABLE_TIER_B,TRIGGERED,98.5,FULL,,UPWARD,SIDEWAYS,LOW,522.1,55.44405690641621,-70.06269592476477,4.546069503928847,0.7580346378260567,1.462885596001016,12.189285714285743,62.3732,37.6268,83.0862,71.4503,74.9579,83.0862,81.4591,25.0421,MEDIUM,UPGRADE_OFACTOR_REQUIRED,False
2023-09-25,MRF,Automobile and Auto Components,LONG,21.1245,59.341,38.2165,80.0721,ENTERABLE_TIER_B,TRIGGERED,97.2931,FULL,,,SIDEWAYS,LOW,109360.2,55.37558991170058,-64.13357074164713,3.536940778630501,1.2047773123493342,0.6189142435584396,1684.789285714285,62.3732,37.6268,85.0638,59.4204,68.7511,85.0638,96.9207,31.249,MEDIUM,RESEARCH_ONLY_NO_STANDARD_TRADE,False
2023-09-25,NLCINDIA,Power,LONG,40.755,70.2383,29.4833,82.333,ENTERABLE_TIER_B,TRIGGERED,97.2931,FULL,,,SIDEWAYS,LOW,135.2,54.88638133303184,-55.11111111111113,9.35768925919308,1.3068136429255095,1.007406824490927,6.17142857142857,62.3732,37.6268,93.4375,66.2963,76.0473,93.4375,91.5741,23.9527,LOW,UPGRADE_OFACTOR_REQUIRED,False
2023-09-25,WHIRLPOOL,OTHER,LONG,25.0528,65.5201,40.4673,81.3403,ENTERABLE_TIER_B,TRIGGERED,97.2931,FULL,,,SIDEWAYS,LOW,1664.35,60.80974222366319,-37.98525798525807,6.331304430282003,1.832459981523912,1.4135293640036712,41.41428571428571,62.3732,37.6268,82.5664,84.2083,75.7915,82.5664,91.0659,24.2085,MEDIUM,UPGRADE_OFACTOR_REQUIRED,False
2023-09-25,ZENSARTECH,OTHER,LONG,32.6103,65.8129,33.2026,85.765,ENTERABLE_TIER_B,TRIGGERED,97.2931,FULL,,,SIDEWAYS,LOW,530.3,54.25088441334335,-61.31687242798362,9.47076633923824,0.9923016486198069,1.131178962645419,26.874999999999996,62.3732,37.6268,95.5039,77.2279,75.7915,95.5039,84.0744,24.2085,LOW,UPGRADE_OFACTOR_REQUIRED,False
2023-09-26,CHALET,OTHER,LONG,51.0357,71.0846,20.0489,71.581,ENTERABLE_TIER_B,TRIGGERED,97.2931,FULL,,,SIDEWAYS,LOW,557.05,59.0865958217985,-45.55765595463144,10.085100591647654,1.30213155216773,2.160258085527618,16.035714285714295,67.2542,32.7458,71.5011,60.4633,79.0374,71.5011,91.3942,20.9627,MEDIUM,UPGRADE_OFACTOR_REQUIRED,False
2023-09-26,IPCALAB,Healthcare,LONG,24.3112,59.4416,35.1304,76.2473,ENTERABLE_TIER_B,TRIGGERED,97.2931,FULL,,,SIDEWAYS,LOW,905.1,55.42840816351772,-64.80519480519479,5.202052191806944,0.787207718386772,0.9443192520746752,21.382142857142867,67.2542,32.7458,74.0827,63.6145,52.7809,74.0827,92.7042,47.2192,LOW,RESEARCH_ONLY_NO_STANDARD_TRADE,False
2023-09-26,KIRLOSENG,OTHER,LONG,61.5161,79.8482,18.3321,76.1499,ENTERABLE_TIER_B,TRIGGERED,97.2931,FULL,,,SIDEWAYS,LOW,510.65,58.72195066781653,-50.17772511848344,10.154591187666412,1.1936868694404572,1.1706137664709717,25.4642857142857,67.2542,32.7458,58.2487,69.6045,79.0374,58.2487,94.8948,20.9627,LOW,QUALIFIED_FOR_INTRADAY_REVALIDATION,True
2023-09-26,MARICO,Fast Moving Consumer Goods,LONG,18.1139,59.2677,41.1538,75.3817,ENTERABLE_TIER_B,TRIGGERED,97.2931,FULL,,,SIDEWAYS,LOW,582.4,58.47016014080468,-40.47619047619053,3.628541399892519,0.8841520448146512,0.6843934921823076,9.253571428571458,67.2542,32.7458,69.5613,73.4157,55.996,69.5613,84.4384,44.004,LOW,RESEARCH_ONLY_NO_STANDARD_TRADE,False
2023-09-26,NCC,OTHER,LONG,50.6549,79.9137,29.2588,77.7167,ENTERABLE_TIER_B,TRIGGERED,97.2931,FULL,,,SIDEWAYS,LOW,159.45,55.99848766969816,-41.79389312977104,8.558377342389386,1.998027239516313,-0.1737397775481206,8.442857142857145,67.2542,32.7458,75.9757,52.3858,79.0374,75.9757,93.1303,20.9627,LOW,QUALIFIED_FOR_INTRADAY_REVALIDATION,True
2023-09-26,NEWGEN,OTHER,LONG,15.4702,53.5641,38.0939,79.6403,ENTERABLE_TIER_B,TRIGGERED,97.2931,FULL,,,SIDEWAYS,LOW,873.05,52.76267701540336,-41.05555555555561,7.17561894594155,1.08428442117234,0.2128212276686442,34.52500000000002,67.2542,32.7458,81.1151,77.2918,79.0374,81.1151,89.6307,20.9627,MEDIUM,RESEARCH_ONLY_NO_STANDARD_TRADE,False
2023-09-27,AJANTPHARM,Healthcare,LONG,25.2668,65.8495,40.5827,81.8154,ENTERABLE_TIER_B,TRIGGERED,97.2931,FULL,,,SIDEWAYS,LOW,1734.7,53.26051850664793,-71.0399665201925,5.462535500367434,1.5025457404470102,0.151430580657665,70.31428571428572,67.7147,32.2853,90.8008,69.2808,54.6498,90.8008,94.7379,45.3502,LOW,UPGRADE_OFACTOR_REQUIRED,False
2023-09-27,ANANTRAJ,OTHER,LONG,44.9029,72.894,27.9911,79.578,ENTERABLE_TIER_B,TRIGGERED,97.2931,FULL,,,SIDEWAYS,LOW,221.95,58.7480190191492,-57.57575757575763,10.084400050000696,1.2960036338164034,1.4138819070376978,9.071428571428571,67.7147,32.2853,81.9213,63.4016,79.5019,81.9213,93.8268,20.4981,MEDIUM,UPGRADE_OFACTOR_REQUIRED,False
2023-09-27,BOSCHLTD,Automobile and Auto Components,LONG,24.0927,60.145,36.0523,83.7856,ENTERABLE_TIER_B,TRIGGERED,98.5,FULL,,TRANSITION,SIDEWAYS,LOW,19218.55,55.05164190178484,-62.59865708564031,1.5601763329759366,1.2587862796833773,0.7026401408781904,285.6571428571432,67.7147,32.2853,97.7047,71.5743,71.3016,97.7047,82.9936,28.6983,MEDIUM,RESEARCH_ONLY_NO_STANDARD_TRADE,False
2023-09-27,CANFINHOME,OTHER,LONG,30.6526,65.2838,34.6312,85.8665,ENTERABLE_TIER_B,TRIGGERED,97.2931,FULL,,,SIDEWAYS,LOW,769.95,52.11609026291895,-42.43219597550299,2.258520701582649,1.2019291693118033,0.3528381525927817,23.56785714285716,67.7147,32.2853,97.2561,79.7181,79.5019,97.2561,88.0346,20.4981,MEDIUM,UPGRADE_OFACTOR_REQUIRED,False
2023-09-27,INDUSINDBK,Financial Services,LONG,33.4826,68.797,35.3144,86.2453,ENTERABLE_TIER_B,TRIGGERED,97.2931,FULL,,,SIDEWAYS,LOW,1436.45,52.39712736527762,-50.48293625241468,3.0345678565518286,1.338354647096819,0.6229971240002264,30.92500000000005,67.7147,32.2853,90.0027,76.5238,83.8573,90.0027,96.7017,16.1426,MEDIUM,UPGRADE_OFACTOR_REQUIRED,False
2023-09-27,LUPIN,Healthcare,LONG,28.72,61.7249,33.0049,75.4631,ENTERABLE_TIER_B,TRIGGERED,97.2931,FULL,,,SIDEWAYS,LOW,1132.35,57.61725954100799,-50.78313253012059,8.59609967544538,1.0037586442948292,1.2906769018158224,24.607142857142872,67.7147,32.2853,79.6942,55.7039,54.6498,79.6942,96.0174,45.3502,LOW,RESEARCH_ONLY_NO_STANDARD_TRADE,False
2023-09-27,MANAPPURAM,OTHER,LONG,43.6945,76.4836,32.7891,75.2583,ENTERABLE_TIER_B,TRIGGERED,97.2931,FULL,,,SIDEWAYS,LOW,147.1,55.73930898522109,-21.276595744680865,5.943624423790096,2.248843448561383,-0.23320522219177,5.2107142857142845,67.7147,32.2853,70.6054,52.0219,79.5019,70.6054,91.5559,20.4981,LOW,WAIT_FOR_XFACTOR,False
2023-09-27,PHOENIXLTD,Realty,LONG,27.573,62.2493,34.6763,83.4082,ENTERABLE_TIER_B,TRIGGERED,97.2931,FULL,,,SIDEWAYS,LOW,1844.75,57.131686716599454,-44.55445544554454,6.492660371286791,0.7830014769348245,1.1290463203388257,63.45714285714293,67.7147,32.2853,82.4317,86.1954,82.7671,82.4317,74.6285,17.2329,MEDIUM,RESEARCH_ONLY_NO_STANDARD_TRADE,False
2023-09-27,WHIRLPOOL,OTHER,LONG,24.4055,59.3705,34.965,83.3833,ENTERABLE_TIER_B,TRIGGERED,97.2931,FULL,,,SIDEWAYS,LOW,1661.05,59.61580422436675,-41.22850122850127,5.710737368731079,0.8344733944828461,1.2811193962209677,39.30357142857143,67.7147,32.2853,91.9939,90.7896,79.5019,91.9939,92.9777,20.4981,MEDIUM,RESEARCH_ONLY_NO_STANDARD_TRADE,False
2023-09-28,CARBORUNIV,OTHER,LONG,22.4433,61.3146,38.8713,82.8966,ENTERABLE_TIER_B,TRIGGERED,97.2931,FULL,,,SIDEWAYS,LOW,1189.15,54.41399901814483,-61.1858704793944,1.868081645748865,1.3134339119306404,0.5158200466188468,37.40714285714288,57.7937,42.2063,87.5291,82.0355,74.0063,87.5291,72.7859,25.9937,LOW,RESEARCH_ONLY_NO_STANDARD_TRADE,False
2023-09-28,CROMPTON,OTHER,LONG,26.6691,64.9467,38.2776,81.9245,ENTERABLE_TIER_B,TRIGGERED,97.2931,FULL,,,SIDEWAYS,LOW,305.75,54.198583825591,-49.72875226039787,2.539460910457596,1.7665259966593725,-0.0538953767747811,7.178571428571429,57.7937,42.2063,88.4146,61.5522,74.0063,88.4146,76.597,25.9937,LOW,RESEARCH_ONLY_NO_STANDARD_TRADE,False
2023-09-28,GODFRYPHLP,Fast Moving Consumer Goods,LONG,6.2716,50.1771,43.9055,77.4892,ENTERABLE_TIER_B,TRIGGERED,97.2931,FULL,,,SIDEWAYS,LOW,2114.9,54.93823158364176,-36.97718631178702,5.327113226661624,2.1979908940350024,0.3971756399498647,62.999999999999936,57.7937,42.2063,78.3757,74.7619,48.3548,78.3757,63.746,51.6452,LOW,RESEARCH_ONLY_NO_STANDARD_TRADE,False
2023-09-28,IIFL,OTHER,LONG,21.5852,56.3997,34.8145,83.7842,ENTERABLE_TIER_B,TRIGGERED,97.2931,FULL,,,SIDEWAYS,LOW,593.9,53.91592529629226,-70.00000000000003,4.586519887160664,0.8275860411157137,0.105749649711022,22.521428571428576,57.7937,42.2063,92.6366,87.1234,74.0063,92.6366,80.4631,25.9937,LOW,RESEARCH_ONLY_NO_STANDARD_TRADE,False
2023-09-28,KPITTECH,Information Technology,LONG,14.4441,59.8483,45.4042,87.3492,ENTERABLE_TIER_B,TRIGGERED,97.2931,FULL,,,SIDEWAYS,LOW,1142.4,52.66562686467324,-31.76470588235288,2.9818516762173632,1.9991157369316075,-0.7958687241659296,40.06785714285714,57.7937,42.2063,98.8436,83.6278,64.1585,98.8436,85.824,35.8415,LOW,RESEARCH_ONLY_NO_STANDARD_TRADE,False
2023-09-28,NAM-INDIA,Financial Services,LONG,33.4398,64.1436,30.7038,77.3454,ENTERABLE_TIER_B,TRIGGERED,97.2931,FULL,,,SIDEWAYS,LOW,332.95,60.88866379658253,-58.95522388059706,7.1728649342162685,1.065117469276469,1.341309523440944,8.375,57.7937,42.2063,67.0647,75.6418,77.4402,67.0647,83.5224,22.5598,LOW,RESEARCH_ONLY_NO_STANDARD_TRADE,False
2023-09-28,PNBHOUSING,OTHER,LONG,44.14,69.1771,25.0371,80.7211,ENTERABLE_TIER_B,TRIGGERED,97.2931,FULL,,,SIDEWAYS,LOW,680.1,53.71403981401112,-63.30323951141791,6.06708566393477,0.8934942813899182,0.8492889544032833,30.84642857142856,57.7937,42.2063,89.7503,67.5813,74.0063,89.7503,93.6459,25.9937,LOW,UPGRADE_OFACTOR_REQUIRED,False
2023-09-28,TATACOMM,Telecommunication,LONG,26.9903,63.1991,36.2088,86.511,ENTERABLE_TIER_B,TRIGGERED,97.2931,FULL,,,SIDEWAYS,LOW,1890.2,58.20226937401557,-56.00500417014173,8.055927183558344,0.8991351065871225,1.5606511623271997,46.55357142857143,57.7937,42.2063,86.9863,88.4005,78.8969,86.9863,75.2543,21.1031,LOW,RESEARCH_ONLY_NO_STANDARD_TRADE,False
2023-09-28,TTML,OTHER,LONG,48.7261,73.3146,24.5885,85.2828,ENTERABLE_TIER_B,TRIGGERED,97.2931,FULL,,,SIDEWAYS,LOW,98.4,57.606938238955024,-75.08771929824553,12.872714461234912,1.3738625682265455,3.629222409017732,4.625000000000002,57.7937,42.2063,87.6757,81.8378,74.0063,87.6757,65.4054,25.9937,LOW,UPGRADE_OFACTOR_REQUIRED,False
2023-09-29,CHALET,OTHER,LONG,36.7447,69.0852,32.3405,76.6232,ENTERABLE_TIER_B,TRIGGERED,97.2931,FULL,,,SIDEWAYS,LOW,557.45,58.38809648646468,-53.74149659863927,9.23023795058426,1.5522308562402918,1.7724683536724324,15.757142857142858,62.5275,37.4725,77.7032,68.2684,75.3058,77.7032,87.4343,24.6942,MEDIUM,UPGRADE_OFACTOR_REQUIRED,False
2023-09-29,CONCOR,Services,LONG,24.191,60.4384,36.2474,85.6004,ENTERABLE_TIER_B,TRIGGERED,97.2931,FULL,,,SIDEWAYS,LOW,716.2,53.132651396019554,-51.26118795768914,3.502324842368833,1.0444098897575418,1.5009055827514248,20.857142857142865,62.5275,37.4725,94.6781,82.3562,55.3899,94.6781,96.5479,44.6101,LOW,RESEARCH_ONLY_NO_STANDARD_TRADE,False
2023-09-29,GAIL,Oil Gas & Consumable Fuels,LONG,45.1514,72.6612,27.5098,83.8339,ENTERABLE_TIER_B,TRIGGERED,98.5,FULL,,UPWARD,SIDEWAYS,LOW,124.4,58.29381841571693,-53.92670157068062,5.635415845467549,0.8566761573275378,0.89017075797153,3.1214285714285714,62.5275,37.4725,82.7002,73.0892,76.0223,82.7002,92.3112,23.9777,MEDIUM,UPGRADE_OFACTOR_REQUIRED,False
2023-09-29,HINDCOPPER,OTHER,LONG,50.4305,76.2502,25.8197,84.9303,ENTERABLE_TIER_B,TRIGGERED,97.2931,FULL,,,SIDEWAYS,LOW,162.4,56.83780888958467,-40.57971014492753,11.23439670290994,1.2163756107323127,1.349744595721715,7.32857142857143,62.5275,37.4725,86.8324,75.9844,75.3058,86.8324,95.3606,24.6942,LOW,QUALIFIED_FOR_INTRADAY_REVALIDATION,True
2023-09-29,KPITTECH,Information Technology,LONG,8.9016,53.0084,44.1068,84.0437,ENTERABLE_TIER_B,TRIGGERED,97.2931,FULL,,,SIDEWAYS,LOW,1152.3,54.50363425344934,-25.29411764705885,3.744631947632891,1.336395296769625,-0.5084715518544674,41.23928571428571,62.5275,37.4725,80.9648,88.2636,60.7302,80.9648,78.9521,39.2698,MEDIUM,RESEARCH_ONLY_NO_STANDARD_TRADE,False
2023-09-29,M&MFIN,Financial Services,LONG,27.6084,62.8601,35.2517,82.2446,ENTERABLE_TIER_B,TRIGGERED,97.2931,FULL,,,SIDEWAYS,LOW,301.35,52.74113142038194,-48.03001876172595,1.240559498024245,1.2550302652025642,0.18524658053384,10.09285714285714,62.5275,37.4725,84.9068,70.8705,80.6565,84.9068,78.2024,19.3435,MEDIUM,RESEARCH_ONLY_NO_STANDARD_TRADE,False
2023-09-29,PNBHOUSING,OTHER,LONG,45.4631,68.9722,23.5091,76.376,ENTERABLE_TIER_B,TRIGGERED,97.2931,FULL,,,SIDEWAYS,LOW,694.1,57.16515656167297,-48.43335103558149,7.963160009661818,0.7891751263207081,1.006168098687371,31.19999999999999,62.5275,37.4725,64.6154,72.3077,75.3058,64.6154,95.1923,24.6942,MEDIUM,UPGRADE_OFACTOR_REQUIRED,False
2023-09-29,RHIM,OTHER,LONG,32.4597,64.1581,31.6984,83.0625,ENTERABLE_TIER_B,TRIGGERED,97.2931,FULL,,,SIDEWAYS,LOW,746.2,55.36517331853911,-52.43243243243237,5.433244184542808,0.7406912550338429,1.2087956493826029,24.89642857142857,62.5275,37.4725,92.1073,87.3877,75.3058,92.1073,96.3047,24.6942,MEDIUM,RESEARCH_ONLY_NO_STANDARD_TRADE,False
2023-09-29,TRENT,Consumer Services,LONG,20.6031,60.3541,39.751,84.5441,ENTERABLE_TIER_B,TRIGGERED,98.5,FULL,,SIDEWAYS,SIDEWAYS,LOW,2080.15,56.168494907646576,-60.72980017376186,7.935132668350496,1.0075202923183406,1.832491756658351,58.82142857142854,62.5275,37.4725,96.7075,66.6788,59.5883,96.7075,92.5537,40.4117,LOW,RESEARCH_ONLY_NO_STANDARD_TRADE,False
2023-10-03,BEL,Capital Goods,LONG,18.8523,61.5511,42.6988,82.9332,ENTERABLE_TIER_B,TRIGGERED,98.5,FULL,,TRANSITION,SIDEWAYS,LOW,139.2,56.158257408279134,-49.57264957264972,5.748189427191991,1.0151825566108266,0.7502361843674995,4.192857142857142,61.9002,38.0998,81.2379,80.9199,47.6146,81.2379,86.644,52.3854,LOW,RESEARCH_ONLY_NO_STANDARD_TRADE,False
2023-10-03,GLAND,OTHER,LONG,8.5314,49.9828,41.4514,84.5113,ENTERABLE_TIER_B,TRIGGERED,97.2931,FULL,,,SIDEWAYS,LOW,1686.1,58.39037564930675,-47.05435195743072,11.110117769312495,1.1115792762666856,1.6965741857282437,52.69285714285713,61.9002,38.0998,88.6227,87.8162,72.0889,88.6227,75.7842,27.9111,LOW,RESEARCH_ONLY_NO_STANDARD_TRADE,False
2023-10-03,IRCTC,Consumer Services,LONG,40.1793,72.1003,31.921,72.8938,ENTERABLE_TIER_B,TRIGGERED,97.2931,FULL,,,SIDEWAYS,LOW,703.55,59.09165898846692,-30.587275693311604,5.5728245503827605,1.1887590322478434,0.5755470177821791,17.360714285714298,61.9002,38.0998,56.2038,38.3666,63.0279,56.2038,91.1294,36.972,LOW,UPGRADE_OFACTOR_REQUIRED,False
2023-10-03,JSL,Metals & Mining,LONG,53.8411,78.4617,24.6206,77.7081,ENTERABLE_TIER_B,TRIGGERED,97.2931,FULL,,,SIDEWAYS,LOW,495.55,61.86925155407257,-35.7266936884771,15.728291043648944,1.3760271132588646,1.9655288360545493,26.478571428571428,61.9002,38.0998,66.0606,66.0103,66.8847,66.0606,78.171,33.1153,LOW,QUALIFIED_FOR_INTRADAY_REVALIDATION,True
2023-10-03,KALYANKJIL,Consumer Durables,LONG,1.9105,46.6511,44.7406,82.9799,ENTERABLE_TIER_B,TRIGGERED,97.2931,FULL,,,SIDEWAYS,LOW,229.65,55.58025264885742,-41.2472647702407,13.45274976872174,0.834988091155067,0.9030576912182996,11.899999999999997,61.9002,38.0998,97.0448,73.1092,48.9711,97.0448,92.9412,51.0289,LOW,RESEARCH_ONLY_NO_STANDARD_TRADE,False
2023-10-03,KEC,OTHER,LONG,35.4348,64.3516,28.9168,75.2157,ENTERABLE_TIER_B,TRIGGERED,97.2931,FULL,,,SIDEWAYS,LOW,679.25,58.29657475830131,-62.45437956204383,6.480087238562625,0.8595605477467818,0.5792909135686009,23.060714285714287,61.9002,38.0998,68.7708,57.5902,72.0889,68.7708,91.5874,27.9111,MEDIUM,RESEARCH_ONLY_NO_STANDARD_TRADE,False
2023-10-03,LEMONTREE,OTHER,LONG,57.6425,77.6877,20.0452,78.1457,ENTERABLE_TIER_B,TRIGGERED,97.2931,FULL,,,SIDEWAYS,LOW,118.15,59.59027730017929,-52.26586102719028,11.857043135620131,0.805085097460148,2.4764952316744235,6.128571428571428,61.9002,38.0998,65.0,70.9557,72.0889,65.0,97.7156,27.9111,LOW,QUALIFIED_FOR_INTRADAY_REVALIDATION,True
2023-10-03,POLYMED,OTHER,LONG,23.0882,58.3692,35.281,76.357,ENTERABLE_TIER_B,TRIGGERED,97.2931,FULL,,,SIDEWAYS,LOW,1423.8,54.99376135091653,-56.64874970787568,7.500261824579896,1.487487963808238,0.4707756260744076,55.59285714285716,61.9002,38.0998,73.7346,64.1321,72.0889,73.7346,82.5877,27.9111,MEDIUM,RESEARCH_ONLY_NO_STANDARD_TRADE,False
2023-10-04,EMAMILTD,OTHER,LONG,18.1808,54.4701,36.2893,82.6802,ENTERABLE_TIER_B,TRIGGERED,97.2931,FULL,,,SIDEWAYS,LOW,538.5,56.062275232132826,-55.0256786500367,7.963523655403971,0.8703417508176639,0.7722389998262392,19.8642857142857,50.0343,49.9657,92.4823,83.1859,61.5725,92.4823,70.7012,38.4275,LOW,RESEARCH_ONLY_NO_STANDARD_TRADE,False
2023-10-04,GRAPHITE,OTHER,LONG,28.5507,67.7759,39.2252,84.1898,ENTERABLE_TIER_B,TRIGGERED,97.2931,FULL,,,SIDEWAYS,LOW,498.9,57.63597368648352,-53.74592833876227,9.308653790027522,2.1178205141282063,1.6317955667829585,17.91071428571428,50.0343,49.9657,83.1665,81.2403,61.5725,83.1665,59.8006,38.4275,LOW,UPGRADE_OFACTOR_REQUIRED,False
2023-10-04,KPITTECH,Information Technology,LONG,1.6368,47.7343,46.0975,81.5914,ENTERABLE_TIER_B,TRIGGERED,97.2931,FULL,,,SIDEWAYS,LOW,1139.35,51.689516775142486,-30.07933770265617,2.4379532121261347,1.1299648590829956,-0.315272624635302,40.34642857142857,50.0343,49.9657,92.8825,64.21,48.4839,92.8825,94.3985,51.5161,LOW,RESEARCH_ONLY_NO_STANDARD_TRADE,False
2023-10-04,PRESTIGE,Realty,LONG,5.7221,49.4875,43.7654,75.0361,ENTERABLE_TIER_B,TRIGGERED,97.2931,FULL,,,SIDEWAYS,LOW,626.05,57.58065545883502,-20.274914089347146,6.212621220389218,1.49115539715804,0.5765250340535886,19.589285714285715,50.0343,49.9657,73.7271,59.4676,50.7514,73.7271,90.1987,49.2486,LOW,RESEARCH_ONLY_NO_STANDARD_TRADE,False
2023-10-05,BAJAJ-AUTO,Automobile and Auto Components,LONG,35.6772,69.8065,34.1293,78.8686,ENTERABLE_TIER_B,TRIGGERED,98.5,FULL,,UPWARD,SIDEWAYS,LOW,5011.05,56.44192154396787,-54.13973530317016,4.151385669416021,1.4026557833038429,1.4060959775622648,115.33214285714276,50.7233,49.2767,68.7771,70.1904,46.4417,68.7771,90.2022,53.5583,LOW,UPGRADE_OFACTOR_REQUIRED,False
2023-10-05,INDHOTEL,Consumer Services,LONG,18.1585,55.8061,37.6476,82.5982,ENTERABLE_TIER_B,TRIGGERED,98.5,FULL,,SIDEWAYS,SIDEWAYS,LOW,417.5,55.07680655144853,-45.87301587301584,3.8158099380132255,1.0023205440206728,0.3060368497010327,10.332142857142856,50.7233,49.2767,92.2088,62.8344,59.843,92.2088,93.0315,40.157,LOW,RESEARCH_ONLY_NO_STANDARD_TRADE,False
2023-10-05,MPHASIS,Information Technology,LONG,14.6448,59.8362,45.1914,78.1617,ENTERABLE_TIER_B,TRIGGERED,97.2931,FULL,,,SIDEWAYS,LOW,2471.2,56.37183844777915,-28.313996544063347,6.302120783571649,1.566219244573404,0.5323990136909328,64.6107142857143,50.7233,49.2767,85.4255,68.3334,44.2405,85.4255,94.521,55.7595,LOW,RESEARCH_ONLY_NO_STANDARD_TRADE,False
2023-10-05,NEWGEN,OTHER,LONG,38.7863,66.2062,27.4199,72.6953,ENTERABLE_TIER_B,TRIGGERED,97.2931,FULL,,,SIDEWAYS,LOW,893.45,54.41269442968761,-43.40659340659341,7.85833724109644,1.3769922308014868,0.8148110339508196,34.85000000000002,50.7233,49.2767,64.5098,73.1994,59.186,64.5098,86.7432,40.8139,LOW,UPGRADE_OFACTOR_REQUIRED,False
2023-10-05,POLICYBZR,Financial Services,LONG,20.74,59.8806,39.1406,86.2677,ENTERABLE_TIER_B,TRIGGERED,97.2931,FULL,,,SIDEWAYS,LOW,767.0,53.69934709504784,-44.05080213903745,3.8066677942007225,0.9152421173516864,0.2031119555287198,22.964285714285715,50.7233,49.2767,96.9736,85.717,66.9138,96.9736,82.5816,33.0862,LOW,RESEARCH_ONLY_NO_STANDARD_TRADE,False
2023-10-05,SCI,OTHER,LONG,52.97,75.3501,22.3801,69.5869,ENTERABLE_TIER_B,TRIGGERED,97.2931,FULL,,,SIDEWAYS,LOW,150.15,59.917240620425936,-28.90624999999993,17.47824779168795,2.6831709088876687,3.3257892671295584,7.028571428571425,50.7233,49.2767,51.1518,47.9268,59.186,51.1518,68.4146,40.8139,LOW,WAIT_FOR_XFACTOR,False
2023-10-06,APOLLOHOSP,Healthcare,LONG,6.0574,55.3764,49.319,86.9383,ENTERABLE_TIER_B,TRIGGERED,98.5,FULL,,SIDEWAYS,SIDEWAYS,LOW,5060.25,52.05201687700978,-49.11804613297147,1.2540888770136502,1.0160192223691529,0.4764019467082784,101.68928571428562,53.3461,46.6539,95.0945,87.629,52.5221,95.0945,90.6578,47.4779,LOW,RESEARCH_ONLY_NO_STANDARD_TRADE,False
2023-10-06,EIHOTEL,OTHER,LONG,5.5112,50.7822,45.271,82.896,ENTERABLE_TIER_B,TRIGGERED,97.2931,FULL,,,SIDEWAYS,LOW,236.55,53.669286491089366,-39.92395437262356,4.234050994349305,1.6157348408901318,-0.3755764215277014,8.385714285714284,53.3461,46.6539,88.1942,83.3049,57.4425,88.1942,71.6184,42.5575,LOW,RESEARCH_ONLY_NO_STANDARD_TRADE,False
2023-10-06,GAIL,Oil Gas & Consumable Fuels,LONG,22.6734,62.5018,39.8284,80.6117,ENTERABLE_TIER_B,TRIGGERED,98.5,FULL,,SIDEWAYS,SIDEWAYS,LOW,124.6,57.250483050146265,-34.28571428571437,5.202532796476159,0.9062708293250537,0.7951307490297618,2.6607142857142856,53.3461,46.6539,75.821,69.1812,54.3694,75.821,91.7315,45.6306,LOW,RESEARCH_ONLY_NO_STANDARD_TRADE,False
2023-10-06,IRB,OTHER,LONG,45.1256,73.9133,28.7877,72.8556,ENTERABLE_TIER_B,TRIGGERED,97.2931,FULL,,,SIDEWAYS,LOW,32.5,60.69451937615477,-13.79310344827589,4.780362234774758,1.0694911742446256,1.977529009525512,1.4357142857142855,53.3461,46.6539,60.2985,56.8159,57.4425,60.2985,94.4279,42.5575,LOW,UPGRADE_OFACTOR_REQUIRED,False
2023-10-06,JMFINANCIL,OTHER,LONG,23.6375,62.8741,39.2366,76.7341,ENTERABLE_TIER_B,TRIGGERED,97.2931,FULL,,,SIDEWAYS,LOW,88.45,58.97214271971939,-20.833333333333325,8.885354960296521,2.4430644195923,1.1698171538298745,2.953571428571427,53.3461,46.6539,60.7819,68.1741,57.4425,60.7819,79.6856,42.5575,LOW,RESEARCH_ONLY_NO_STANDARD_TRADE,False
2023-10-06,JSWENERGY,Power,LONG,38.3709,71.2059,32.835,83.0972,ENTERABLE_TIER_B,TRIGGERED,98.5,FULL,,UPWARD,SIDEWAYS,LOW,419.65,56.25783191315226,-49.53586497890299,15.220215995997032,0.999601249845725,4.030547758345268,21.13928571428571,53.3461,46.6539,80.1318,80.7941,54.3276,80.1318,92.4312,45.6724,LOW,UPGRADE_OFACTOR_REQUIRED,False
2023-10-06,LAURUSLABS,Healthcare,LONG,0.8969,46.1145,45.2176,80.7115,ENTERABLE_TIER_B,TRIGGERED,97.2931,FULL,,,SIDEWAYS,LOW,398.45,54.50291163822614,-31.76895306859211,3.9871855605635393,0.8560321803502614,0.3004730231128705,9.83571428571428,53.3461,46.6539,75.7686,84.5461,52.5221,75.7686,77.4292,47.4779,LOW,RESEARCH_ONLY_NO_STANDARD_TRADE,False
2023-10-06,MINDACORP,OTHER,LONG,16.8758,56.5152,39.6394,81.0151,ENTERABLE_TIER_B,TRIGGERED,97.2931,FULL,,,SIDEWAYS,LOW,335.65,54.75208694367357,-41.23539232053432,5.451290191968296,1.5733884715580109,0.3662856552874156,9.882142857142847,53.3461,46.6539,96.0198,64.5826,57.4425,96.0198,86.4402,42.5575,LOW,RESEARCH_ONLY_NO_STANDARD_TRADE,False
2023-10-06,VBL,Fast Moving Consumer Goods,LONG,4.2463,53.7924,49.5461,87.0748,ENTERABLE_TIER_B,TRIGGERED,98.5,FULL,,SIDEWAYS,SIDEWAYS,LOW,927.05,53.2324185461498,-59.57568807339452,-1.6229948719378715,0.8468125566675261,1.00186305260424,22.517857142857142,53.3461,46.6539,95.6997,91.207,47.5007,95.6997,91.207,52.4993,LOW,RESEARCH_ONLY_NO_STANDARD_TRADE,False
2023-10-09,BRIGADE,OTHER,LONG,2.3589,45.3247,42.9658,77.2703,ENTERABLE_TIER_B,TRIGGERED,97.2931,FULL,,,SIDEWAYS,LOW,599.8,53.6006274969124,-49.565217391304415,2.167460502303004,1.4356238256189946,-0.6414621540357313,18.83214285714285,45.8059,54.1941,86.4328,66.4404,47.2711,86.4328,73.131,52.7289,LOW,RESEARCH_ONLY_NO_STANDARD_TRADE,False
2023-10-09,JUBLFOOD,Consumer Services,LONG,6.0339,51.3696,45.3357,80.8059,ENTERABLE_TIER_B,TRIGGERED,97.2931,FULL,,,SIDEWAYS,LOW,536.9,55.22716701389256,-62.72000000000007,4.696065105456413,0.925843357034211,1.2438126802659335,12.750000000000016,45.8059,54.1941,91.9608,64.7059,44.3229,91.9608,90.4314,55.6771,LOW,RESEARCH_ONLY_NO_STANDARD_TRADE,False
2023-10-09,MPHASIS,Information Technology,LONG,1.3845,49.0141,47.6296,82.4077,ENTERABLE_TIER_B,TRIGGERED,97.2931,FULL,,,SIDEWAYS,LOW,2475.0,56.11128580832102,-23.195876288659797,6.007743877012684,1.0983592830520483,0.7029139385299046,60.749999999999964,45.8059,54.1941,81.5254,86.1728,41.819,81.5254,84.1975,58.181,LOW,RESEARCH_ONLY_NO_STANDARD_TRADE,False
2023-10-09,TATACONSUM,Fast Moving Consumer Goods,LONG,8.9795,54.3325,45.353,80.3105,ENTERABLE_TIER_B,TRIGGERED,98.5,FULL,,SIDEWAYS,SIDEWAYS,LOW,880.65,55.07416555177832,-53.27868852459019,2.8647521518418118,0.8611740003032929,0.5149204259162773,17.550000000000004,45.8059,54.1941,82.3172,68.433,40.5035,82.3172,92.7066,59.4965,LOW,RESEARCH_ONLY_NO_STANDARD_TRADE,False
2023-10-09,TCS,Information Technology,LONG,19.5058,64.682,45.1762,67.6832,ENTERABLE_TIER_B,TRIGGERED,98.5,FULL,,UPWARD,SIDEWAYS,LOW,3638.35,66.69833838634236,-20.153693604362974,4.897846073423237,1.9386323002736436,1.0159344595386697,62.949999999999946,45.8059,54.1941,24.9087,54.9452,41.819,24.9087,74.17,58.181,LOW,RESEARCH_ONLY_NO_STANDARD_TRADE,False
2023-10-10,BHARATFORG,Automobile and Auto Components,LONG,23.8685,62.8453,38.9768,75.6815,ENTERABLE_TIER_B,TRIGGERED,97.2931,FULL,,,SIDEWAYS,LOW,1109.35,59.09517215748317,-37.13817586018571,9.00951610962515,1.2251244576786438,1.1019070754770943,26.000000000000018,48.4286,51.5714,64.6987,66.5385,43.3664,64.6987,89.9231,56.6336,LOW,RESEARCH_ONLY_NO_STANDARD_TRADE,False
2023-10-11,AXISBANK,Financial Services,LONG,22.8289,60.9933,38.1644,86.7808,ENTERABLE_TIER_B,TRIGGERED,98.5,FULL,,TRANSITION,SIDEWAYS,LOW,1019.1,55.74953131357385,-45.34986713906112,3.270877625171481,0.8008826707060113,0.6132059088455787,18.767857142857167,49.6384,50.3616,92.9756,84.8677,63.4026,92.9756,86.04,36.5974,LOW,RESEARCH_ONLY_NO_STANDARD_TRADE,False
2023-10-11,FSL,OTHER,LONG,16.5459,56.0684,39.5225,70.0885,ENTERABLE_TIER_B,TRIGGERED,97.2931,FULL,,,SIDEWAYS,LOW,166.45,55.79635437978053,-24.75728155339814,7.099282419287546,1.5696494122346802,0.6022098163619306,4.110714285714287,49.6384,50.3616,55.4416,59.6177,50.4115,55.4416,75.1868,49.5885,LOW,RESEARCH_ONLY_NO_STANDARD_TRADE,False
2023-10-11,GPIL,OTHER,LONG,9.3313,49.4732,40.1419,80.267,ENTERABLE_TIER_B,TRIGGERED,97.2931,FULL,,,SIDEWAYS,LOW,613.35,52.88857477443075,-42.91530944625404,6.111614056161419,1.1361920861595192,0.3055535277088239,19.42857142857144,49.6384,50.3616,87.7757,77.0441,50.4115,87.7757,78.0735,49.5885,LOW,RESEARCH_ONLY_NO_STANDARD_TRADE,False
2023-10-11,TRENT,Consumer Services,LONG,26.6351,64.4766,37.8415,76.9627,ENTERABLE_TIER_B,TRIGGERED,98.5,FULL,,SIDEWAYS,SIDEWAYS,LOW,2101.3,57.60800555558593,-47.181510710259175,7.482200526632505,0.97702850576129,0.8772129792022672,58.47142857142863,49.6384,50.3616,69.5236,68.3264,45.2313,69.5236,90.7647,54.7687,LOW,RESEARCH_ONLY_NO_STANDARD_TRADE,False
2023-10-11,ULTRACEMCO,Construction Materials,LONG,11.8526,55.2632,43.4106,82.6821,ENTERABLE_TIER_B,TRIGGERED,98.5,FULL,,SIDEWAYS,SIDEWAYS,LOW,8343.0,52.65737077713916,-24.17610383000383,1.1056853869000396,1.1731484142607786,-0.5008231680071469,142.72857142857134,49.6384,50.3616,96.9277,54.0947,53.7215,96.9277,86.8281,46.2785,LOW,RESEARCH_ONLY_NO_STANDARD_TRADE,False
2023-10-11,WIPRO,Information Technology,LONG,13.7683,58.4158,44.6475,74.9885,ENTERABLE_TIER_B,TRIGGERED,98.5,FULL,,SIDEWAYS,SIDEWAYS,LOW,421.15,55.73283226216428,-33.00653594771247,2.0222485436715663,1.8084199870191624,-0.7101377840994393,7.474999999999999,49.6384,50.3616,78.7737,34.9833,46.9258,78.7737,85.0167,53.0742,LOW,RESEARCH_ONLY_NO_STANDARD_TRADE,False
2023-10-12,FORTIS,Healthcare,LONG,5.6297,55.6575,50.0278,81.2934,ENTERABLE_TIER_B,TRIGGERED,97.2931,FULL,,,SIDEWAYS,LOW,336.25,53.37335013872923,-55.12528473804099,2.604153861192001,2.263494724395208,0.1843468649262003,7.746428571428567,41.5672,58.4328,80.5932,77.0217,47.7079,80.5932,90.189,52.2921,LOW,RESEARCH_ONLY_NO_STANDARD_TRADE,False
2023-10-12,GRAPHITE,OTHER,LONG,20.4303,57.7787,37.3484,79.9516,ENTERABLE_TIER_B,TRIGGERED,97.2931,FULL,,,SIDEWAYS,LOW,502.6,57.58997113227474,-36.85567010309271,8.471804615643908,2.961655563987501,1.1346343734496032,15.553571428571413,41.5672,58.4328,71.85,72.7394,49.9519,71.85,64.124,50.0481,LOW,RESEARCH_ONLY_NO_STANDARD_TRADE,False
2023-10-12,HINDCOPPER,OTHER,LONG,7.59,51.5262,43.9362,84.5803,ENTERABLE_TIER_B,TRIGGERED,97.2931,FULL,,,SIDEWAYS,LOW,157.4,52.12223846534596,-37.74193548387093,6.302897721216101,0.928921900507267,0.0978664416863109,5.950000000000001,41.5672,58.4328,94.1176,81.1765,49.9519,94.1176,94.2857,50.0481,LOW,RESEARCH_ONLY_NO_STANDARD_TRADE,False
2023-10-12,IDBI,OTHER,LONG,32.2052,68.0055,35.8003,75.3843,ENTERABLE_TIER_B,TRIGGERED,97.2931,FULL,,,SIDEWAYS,LOW,70.95,57.388553225197214,-25.185185185185222,8.934433671532002,1.0356982276179345,1.2932078598939758,2.3392857142857157,41.5672,58.4328,67.0127,63.2366,49.9519,67.0127,88.8855,50.0481,LOW,UPGRADE_OFACTOR_REQUIRED,False
2023-10-12,JINDALSAW,OTHER,LONG,6.3341,47.6075,41.2734,75.1635,ENTERABLE_TIER_B,TRIGGERED,97.2931,FULL,,,SIDEWAYS,LOW,357.6,54.159216166602455,-35.08379888268154,7.97435190819827,1.0558582165999577,0.2005691364545649,13.989285714285716,41.5672,58.4328,68.7737,70.263,49.9519,68.7737,88.2767,50.0481,LOW,RESEARCH_ONLY_NO_STANDARD_TRADE,False
2023-10-12,MFSL,Financial Services,LONG,9.9406,55.0887,45.1481,81.6816,ENTERABLE_TIER_B,TRIGGERED,97.2931,FULL,,,SIDEWAYS,LOW,920.3,54.66430289817972,-25.55031446540884,5.092249226375884,1.560835702883947,0.1209250619695951,20.69642857142858,41.5672,58.4328,86.463,68.8835,55.1992,86.463,92.9456,44.8008,LOW,RESEARCH_ONLY_NO_STANDARD_TRADE,False
2023-11-03,CAPLIPOINT,OTHER,LONG,19.8993,54.6855,34.7862,77.3251,ENTERABLE_TIER_B,TRIGGERED,97.2931,FULL,,,SIDEWAYS,LOW,1053.15,53.2357804844077,-43.58463726884774,4.26758609803874,1.3287914065697564,-0.5769474697085003,40.35357142857145,41.1891,58.8109,93.623,60.2018,50.6459,93.623,94.9942,49.3541,LOW,RESEARCH_ONLY_NO_STANDARD_TRADE,False
2023-11-03,CHALET,OTHER,LONG,27.9811,63.6961,35.715,80.6403,ENTERABLE_TIER_B,TRIGGERED,97.2931,FULL,,,SIDEWAYS,LOW,581.1,55.93165742590165,-36.022253129346296,6.465345877364418,1.2048361085773984,0.0369627894619649,21.56785714285713,41.1891,58.8109,96.654,76.8174,50.6459,96.654,94.6216,49.3541,LOW,RESEARCH_ONLY_NO_STANDARD_TRADE,False
2023-11-03,EICHERMOT,Automobile and Auto Components,LONG,19.37,62.3042,42.9342,80.2947,ENTERABLE_TIER_B,TRIGGERED,98.5,FULL,,SIDEWAYS,SIDEWAYS,LOW,3428.0,52.32825415299168,-43.71896266323338,0.6381064282037676,1.6515679513370218,-0.60832117193823,67.54285714285717,41.1891,58.8109,98.6058,55.5838,53.3193,98.6058,82.1447,46.6807,LOW,RESEARCH_ONLY_NO_STANDARD_TRADE,False
2023-11-03,GABRIEL,OTHER,LONG,32.3102,62.6709,30.3607,80.2569,ENTERABLE_TIER_B,TRIGGERED,97.2931,FULL,,,SIDEWAYS,LOW,340.65,56.403642812287146,-33.92523364485988,11.647558872597145,1.309679173463839,1.0331277342025191,15.328571428571422,41.1891,58.8109,86.0935,80.6897,50.6459,86.0935,88.9096,49.3541,LOW,RESEARCH_ONLY_NO_STANDARD_TRADE,False
2023-11-03,IFCI,OTHER,LONG,29.4508,62.2435,32.7927,80.6538,ENTERABLE_TIER_B,TRIGGERED,97.2931,FULL,,,SIDEWAYS,LOW,23.6,56.69825334789186,-41.81818181818176,17.72865835809522,0.9036006613937728,1.3993877298998625,1.3964285714285718,41.1891,58.8109,84.8423,65.6266,50.6459,84.8423,92.8389,49.3541,LOW,RESEARCH_ONLY_NO_STANDARD_TRADE,False
2023-11-03,INDIGO,Services,LONG,19.0313,59.0517,40.0204,84.8882,ENTERABLE_TIER_B,TRIGGERED,98.5,FULL,,UPWARD,SIDEWAYS,LOW,2509.2,53.42253776769046,-45.29545454545459,1.572965082797057,0.8323536026512135,0.0107397847247379,60.31071428571425,41.1891,58.8109,92.2733,75.6925,55.6091,92.2733,79.5725,44.3909,LOW,RESEARCH_ONLY_NO_STANDARD_TRADE,False
2023-11-03,MINDACORP,OTHER,LONG,23.2575,63.1966,39.9391,83.4551,ENTERABLE_TIER_B,TRIGGERED,97.2931,FULL,,,SIDEWAYS,LOW,341.7,53.61194846579561,-49.60491659350309,4.390781436387381,1.601948801139164,0.2711243809043057,16.56071428571428,41.1891,58.8109,84.7229,86.3532,50.6459,84.7229,77.5372,49.3541,LOW,RESEARCH_ONLY_NO_STANDARD_TRADE,False
2023-11-03,SUNDARMFIN,Financial Services,LONG,23.5083,59.347,35.8387,83.645,ENTERABLE_TIER_B,TRIGGERED,97.2931,FULL,,,SIDEWAYS,LOW,3221.6,59.3829721395699,-26.080042406573032,8.323029200792831,0.9728895999567044,1.6695552408797507,104.86785714285716,41.1891,58.8109,96.0649,90.8838,53.5988,96.0649,79.6315,46.4012,LOW,RESEARCH_ONLY_NO_STANDARD_TRADE,False
2023-11-06,HEROMOTOCO,Automobile and Auto Components,LONG,39.2488,74.2807,35.0319,71.1855,ENTERABLE_TIER_B,TRIGGERED,97.2931,FULL,,,SIDEWAYS,LOW,3166.9,57.65432031220099,-46.2955032119914,3.952329144874599,1.4096216906947894,0.5732027106116581,71.02142857142852,44.2869,55.7131,51.1908,59.8994,57.227,51.1908,95.2972,42.7729,LOW,WAIT_FOR_XFACTOR,False
2023-11-06,ICICIGI,Financial Services,LONG,28.1469,63.1071,34.9602,72.5573,ENTERABLE_TIER_B,TRIGGERED,98.5,FULL,,UPWARD,SIDEWAYS,LOW,1375.85,56.72619293490962,-49.97131382673567,2.744039656065559,0.9551589263464,0.7053496689607149,30.85357142857148,44.2869,55.7131,51.4211,69.728,56.0834,51.4211,88.5913,43.9166,LOW,RESEARCH_ONLY_NO_STANDARD_TRADE,False
2023-11-06,SHREECEM,Construction Materials,LONG,25.3828,61.6178,36.235,74.6614,ENTERABLE_TIER_B,TRIGGERED,98.5,FULL,,SIDEWAYS,SIDEWAYS,LOW,26401.0,57.30875242253575,-32.017680383489974,3.239927250338209,0.9179148867138918,0.1078426781832937,507.19642857142907,44.2869,55.7131,60.5284,68.3436,50.513,60.5284,92.634,49.487,LOW,RESEARCH_ONLY_NO_STANDARD_TRADE,False
2023-11-08,DIXON,Consumer Durables,LONG,40.7642,71.3103,30.5461,85.0593,ENTERABLE_TIER_B,TRIGGERED,97.2931,FULL,,,SIDEWAYS,LOW,5357.3,55.82486549057735,-47.03445678779891,6.066932488061809,0.7984514506051921,0.5786345540426132,150.2392857142856,47.0596,52.9404,89.9494,74.3609,69.3147,89.9494,96.632,30.6853,LOW,UPGRADE_OFACTOR_REQUIRED,False
2023-11-08,HUDCO,Financial Services,LONG,16.0169,58.6324,42.6155,81.8147,ENTERABLE_TIER_B,TRIGGERED,97.2931,FULL,,,SIDEWAYS,LOW,81.05,53.69937315284351,-7.860262008733672,5.416221522724747,1.3966021437908942,-1.3275829677851492,2.835714285714286,47.0596,52.9404,77.0781,71.7884,64.7805,77.0781,87.3048,35.2195,LOW,RESEARCH_ONLY_NO_STANDARD_TRADE,False
2023-11-08,IRFC,Financial Services,LONG,45.7072,74.6619,28.9547,80.6556,ENTERABLE_TIER_B,TRIGGERED,98.5,FULL,,UPWARD,SIDEWAYS,LOW,75.6,57.44753911831689,-27.03703703703708,12.808521111284842,1.17542017306093,0.3834126632702381,3.1500000000000017,47.0596,52.9404,70.8995,72.0635,64.7805,70.8995,88.5714,35.2195,LOW,QUALIFIED_FOR_INTRADAY_REVALIDATION,True
2023-11-08,MINDACORP,OTHER,LONG,28.0469,62.4487,34.4018,83.357,ENTERABLE_TIER_B,TRIGGERED,97.2931,FULL,,,SIDEWAYS,LOW,342.85,54.24836641473043,-47.58560140474095,4.383602202560045,0.868019390905705,0.3892436463029184,17.14285714285714,47.0596,52.9404,84.9014,88.6833,65.62,84.9014,80.2833,34.38,LOW,RESEARCH_ONLY_NO_STANDARD_TRADE,False
2023-11-15,BOSCHLTD,Automobile and Auto Components,LONG,5.6344,53.4607,47.8263,81.3006,ENTERABLE_TIER_B,TRIGGERED,98.5,FULL,,TRANSITION,SIDEWAYS,LOW,19722.4,53.552224993401374,-36.46209386281559,1.6237789666956053,1.5936068631533316,0.0496770440595251,318.7678571428569,47.6223,52.3777,89.9279,72.0925,55.8436,89.9279,92.1448,44.1564,LOW,RESEARCH_ONLY_NO_STANDARD_TRADE,False
2023-11-15,HEROMOTOCO,Automobile and Auto Components,LONG,26.3981,66.4087,40.0106,76.2649,ENTERABLE_TIER_B,TRIGGERED,97.2931,FULL,,,SIDEWAYS,LOW,3177.85,57.35117153630166,-11.74757281553404,3.683678326674245,1.127064331121314,0.5647864643617864,63.074999999999946,47.6223,52.3777,54.6017,69.7186,55.8436,54.6017,97.6219,44.1564,LOW,UPGRADE_OFACTOR_REQUIRED,False
2023-11-15,MUTHOOTFIN,Financial Services,LONG,29.438,62.9285,33.4905,82.0156,ENTERABLE_TIER_B,TRIGGERED,97.2931,FULL,,,SIDEWAYS,LOW,1305.1,54.57515334950018,-30.930232558139604,2.4710308737716464,0.872679594256011,0.7999130403670207,34.72857142857146,47.6223,52.3777,81.7201,82.608,67.4091,81.7201,86.0058,32.5909,LOW,RESEARCH_ONLY_NO_STANDARD_TRADE,False
2023-11-15,PAYTM,Financial Services,LONG,20.3504,60.5013,40.1509,83.9158,ENTERABLE_TIER_B,TRIGGERED,97.2931,FULL,,,SIDEWAYS,LOW,919.1,54.14124014779376,-43.79895561357695,3.5441458482348605,1.3403824256914898,-0.1808018849323812,25.689285714285727,47.6223,52.3777,83.4237,76.3325,67.4091,83.4237,90.8911,32.5909,LOW,RESEARCH_ONLY_NO_STANDARD_TRADE,False
2023-11-16,ABBOTINDIA,Healthcare,LONG,35.6929,70.6768,34.9839,76.3811,ENTERABLE_TIER_B,TRIGGERED,97.2931,FULL,,,SIDEWAYS,LOW,23293.55,53.17238121448458,-50.434216239687366,1.3537813862858006,1.8611355246967836,0.7984774925104782,534.8428571428576,48.0525,51.9475,62.6308,70.2754,68.4476,62.6308,96.1185,31.5523,LOW,UPGRADE_OFACTOR_REQUIRED,False
2023-11-16,RAMCOCEM,OTHER,LONG,29.9752,62.0295,32.0543,71.9657,ENTERABLE_TIER_B,TRIGGERED,97.2931,FULL,,,SIDEWAYS,LOW,1003.15,58.32115220994002,-46.49842271293378,5.447451332183172,0.8482636932181683,1.2297779038125711,24.071428571428594,48.0525,51.9475,68.635,60.5341,61.9523,68.635,95.5134,38.0478,LOW,RESEARCH_ONLY_NO_STANDARD_TRADE,False
2023-11-17,ENDURANCE,Automobile and Auto Components,LONG,28.3204,58.834,30.5136,81.3497,ENTERABLE_TIER_B,TRIGGERED,97.2931,FULL,,,SIDEWAYS,LOW,1632.35,51.66284922947135,-66.04759141033085,1.133911805501995,1.0071730880979437,0.2159491368006996,52.45000000000003,52.5715,47.4285,94.9221,71.897,63.9637,94.9221,94.9285,36.0362,LOW,RESEARCH_ONLY_NO_STANDARD_TRADE,False
2023-11-17,RAINBOW,OTHER,LONG,37.7481,64.6182,26.8701,70.411,ENTERABLE_TIER_B,TRIGGERED,97.2931,FULL,,,SIDEWAYS,LOW,1084.5,58.16332484147591,-27.941755214482495,3.625295357829075,0.7548563743965163,-0.5257320215895389,36.60714285714289,52.5715,47.4285,56.7616,61.4283,66.9305,56.7616,88.5268,33.0695,LOW,RESEARCH_ONLY_NO_STANDARD_TRADE,False
2023-11-20,BLS,OTHER,LONG,24.7556,57.9601,33.2045,75.969,ENTERABLE_TIER_B,TRIGGERED,97.2931,FULL,,,SIDEWAYS,LOW,268.75,53.20251784053104,-59.85714285714283,4.025769413308978,0.8870630520191447,1.4994155968137166,10.153571428571428,52.9427,47.0573,67.8602,58.4383,67.8766,67.8602,82.0753,32.1234,LOW,RESEARCH_ONLY_NO_STANDARD_TRADE,False
2023-11-21,CONCORDBIO,OTHER,LONG,56.7203,79.0358,22.3155,75.0574,ENTERABLE_TIER_B,TRIGGERED,97.2931,FULL,,,SIDEWAYS,LOW,1276.55,55.704612621186406,-44.770574029351685,11.885254514471178,2.019754903303526,3.5200283450726952,68.87142857142861,60.266,39.734,61.779,62.5389,75.2022,61.779,93.3499,24.7978,LOW,WAIT_FOR_XFACTOR,False
2023-11-21,PAYTM,Financial Services,LONG,9.3492,52.8411,43.4919,80.0924,ENTERABLE_TIER_B,TRIGGERED,97.2931,FULL,,,SIDEWAYS,LOW,912.45,52.40866713285687,-28.30025884383083,2.590519088431833,0.9633229509158442,-0.1322649002360954,22.514285714285734,60.266,39.734,68.1758,67.2208,75.7718,68.1758,90.9391,24.2282,MEDIUM,RESEARCH_ONLY_NO_STANDARD_TRADE,False
2023-11-22,ASTERDM,OTHER,LONG,16.5684,54.7753,38.2069,82.7677,ENTERABLE_TIER_B,TRIGGERED,97.2931,FULL,,,TRANSITION,LOW,337.45,51.233276374177855,-77.56598240469214,2.313605486456553,1.1852190298494507,0.5901343284318347,10.97142857142857,72.9103,27.0897,92.0399,84.6875,86.4552,92.0399,82.8646,13.5449,MEDIUM,RESEARCH_ONLY_NO_STANDARD_TRADE,False
2023-11-22,UBL,Fast Moving Consumer Goods,LONG,10.7328,55.8596,45.1268,81.2453,ENTERABLE_TIER_B,TRIGGERED,97.2931,FULL,,,TRANSITION,LOW,1597.6,53.28981275776593,-35.94936708860771,1.3937989661790973,2.161979109668162,-0.0899163925811362,27.23571428571432,72.9103,27.0897,82.9574,74.225,68.5802,82.9574,92.5833,31.4198,LOW,RESEARCH_ONLY_NO_STANDARD_TRADE,False
2023-11-23,INDUSINDBK,Financial Services,LONG,35.7817,69.1243,33.3426,84.7492,ENTERABLE_TIER_B,TRIGGERED,97.2931,FULL,,,TRANSITION,LOW,1486.1,53.657699531988726,-63.51515151515162,2.79877615852656,1.347765118261782,0.9220696026004892,23.746428571428574,79.6275,20.3725,82.7553,73.6381,89.8137,82.7553,82.9027,10.1862,HIGH,UPGRADE_OFACTOR_REQUIRED,False
2023-11-23,UBL,Fast Moving Consumer Goods,LONG,19.1803,63.4344,44.2541,79.511,ENTERABLE_TIER_B,TRIGGERED,97.2931,FULL,,,TRANSITION,LOW,1605.3,55.12878579073746,-22.16288384512699,1.820658583314688,1.6988449525911655,0.0236219588706176,27.1321428571429,79.6275,20.3725,68.2173,80.9083,74.7977,68.2173,91.9652,25.2023,MEDIUM,RESEARCH_ONLY_NO_STANDARD_TRADE,False
2023-11-24,BEL,Capital Goods,LONG,37.7428,71.1863,33.4435,82.1422,ENTERABLE_TIER_B,TRIGGERED,98.5,FULL,,UPWARD,TRANSITION,LOW,140.35,52.59128296347437,-63.68159203980098,2.846298770387611,2.019965906481779,1.128667734754541,3.171428571428572,91.4275,8.5725,75.9835,62.1622,95.7138,75.9835,77.2973,4.2862,LOW,UPGRADE_OFACTOR_REQUIRED,False
2023-11-24,CREDITACC,OTHER,LONG,49.4936,75.5251,26.0315,84.6909,ENTERABLE_TIER_B,TRIGGERED,97.2931,FULL,,,TRANSITION,LOW,1682.4,58.58961241813065,-40.97965738758028,10.9586357868918,1.3169821907753296,3.017059918238336,61.946428571428605,91.4275,8.5725,82.6867,82.4364,95.7138,82.6867,70.5875,4.2862,MEDIUM,QUALIFIED_FOR_INTRADAY_REVALIDATION,True
2023-11-24,J&KBANK,OTHER,LONG,37.5212,64.4583,26.9371,83.3367,ENTERABLE_TIER_B,TRIGGERED,97.2931,FULL,,,TRANSITION,LOW,110.35,53.00573463279637,-56.96202531645572,7.210844888855158,1.1761120430960454,1.3244441136245733,3.20357142857143,91.4275,8.5725,78.4615,86.2653,95.7138,78.4615,70.6577,4.2862,HIGH,RESEARCH_ONLY_NO_STANDARD_TRADE,False
2023-11-24,VIJAYA,OTHER,LONG,57.9147,73.5194,15.6047,79.0143,ENTERABLE_TIER_B,TRIGGERED,97.2931,FULL,,,TRANSITION,LOW,607.9,56.29343043351879,-50.63291139240505,10.59451051689592,0.8115123278312656,2.5721404891026243,30.42857142857142,91.4275,8.5725,78.4249,69.108,95.7138,78.4249,91.1925,4.2862,LOW,UPGRADE_OFACTOR_REQUIRED,False
2023-11-28,CANBK,Financial Services,LONG,39.4692,67.5165,28.0473,81.4374,ENTERABLE_TIER_B,TRIGGERED,98.5,FULL,,TRANSITION,TRANSITION,LOW,396.1,57.71570523907952,-49.66666666666659,6.072721927123735,0.9054047477728951,1.4671254050184124,7.992857142857133,86.8579,13.1421,68.3884,69.4727,93.429,68.3884,82.9848,6.571,MEDIUM,UPGRADE_OFACTOR_REQUIRED,False
2023-11-28,ENDURANCE,Automobile and Auto Components,LONG,16.3362,53.0097,36.6735,85.1364,ENTERABLE_TIER_B,TRIGGERED,97.2931,FULL,,,TRANSITION,LOW,1630.3,52.2629941641465,-64.55657492354737,1.0474260248907377,0.7751962446711049,-0.0948990434142874,47.24642857142864,86.8579,13.1421,98.8429,87.9779,88.2946,98.8429,84.1681,11.7054,MEDIUM,RESEARCH_ONLY_NO_STANDARD_TRADE,False
2023-11-28,GAIL,Oil Gas & Consumable Fuels,LONG,30.6266,71.5704,40.9438,81.2587,ENTERABLE_TIER_B,TRIGGERED,98.5,FULL,,UPWARD,TRANSITION,LOW,125.3,53.2801489462416,-60.97560975609773,2.263312884193146,1.9498479200814625,0.3765405658013019,2.096428571428573,86.8579,13.1421,67.8024,68.5179,93.429,67.8024,78.0579,6.571,MEDIUM,UPGRADE_OFACTOR_REQUIRED,False
2023-11-28,GODREJIND,Diversified,LONG,37.2194,69.9591,32.7397,75.1064,ENTERABLE_TIER_B,TRIGGERED,97.2931,FULL,,,TRANSITION,LOW,669.65,56.56483006579767,-49.36416184971104,7.997384003450524,1.4741654145826857,1.3585277188568283,17.867857142857165,86.8579,13.1421,64.0043,74.5912,73.1848,64.0043,95.2988,26.8152,MEDIUM,UPGRADE_OFACTOR_REQUIRED,False
2023-11-28,ONGC,Oil Gas & Consumable Fuels,LONG,43.468,70.3018,26.8338,80.0211,ENTERABLE_TIER_B,TRIGGERED,98.5,FULL,,TRANSITION,TRANSITION,LOW,193.95,54.036358206708265,-61.96721311475421,3.819953135515017,0.9568122157934772,0.7543397307262486,4.214285714285714,86.8579,13.1421,87.5028,47.322,93.429,87.5028,95.2542,6.571,LOW,UPGRADE_OFACTOR_REQUIRED,False
2023-11-29,CANFINHOME,OTHER,LONG,33.5738,62.3912,28.8174,73.4664,ENTERABLE_TIER_B,TRIGGERED,97.2931,FULL,,,TRANSITION,LOW,769.35,54.22313747290513,-49.23580786026196,1.6623263606574146,1.0846872897587574,0.263398376018323,15.757142857142826,91.6081,8.3919,67.4645,62.9374,95.804,67.4645,84.6419,4.1959,MEDIUM,RESEARCH_ONLY_NO_STANDARD_TRADE,False
2023-11-29,CONCORDBIO,OTHER,LONG,47.4201,70.3519,22.9318,81.1197,ENTERABLE_TIER_B,TRIGGERED,97.2931,FULL,,,TRANSITION,LOW,1285.85,56.2045742642018,-58.037578288100256,10.845615287282593,1.0633975975768466,2.344716262075454,65.66428571428575,91.6081,8.3919,73.2072,83.9182,95.804,73.2072,69.4507,4.1959,LOW,UPGRADE_OFACTOR_REQUIRED,False
2023-11-29,DIXON,Consumer Durables,LONG,42.1513,69.6066,27.4553,73.7935,ENTERABLE_TIER_B,TRIGGERED,97.2931,FULL,,,TRANSITION,LOW,5398.5,55.57519241883955,-46.57572383073504,4.6160212716937465,0.8764997647890965,0.5380539603610524,111.21071428571427,91.6081,8.3919,55.6143,62.3418,84.7348,55.6143,97.6621,15.2652,MEDIUM,UPGRADE_OFACTOR_REQUIRED,False
2023-11-29,JKTYRE,OTHER,LONG,45.4996,71.5757,26.0761,87.3221,ENTERABLE_TIER_B,TRIGGERED,97.2931,FULL,,,TRANSITION,LOW,345.55,59.2390411748599,-60.14705882352938,11.74074745279002,0.8768024611001567,2.478166733714935,10.65357142857143,91.6081,8.3919,91.3957,90.0503,95.804,91.3957,59.0748,4.1959,MEDIUM,UPGRADE_OFACTOR_REQUIRED,False
2023-11-29,RAMCOCEM,OTHER,LONG,37.2301,69.9385,32.7084,84.0174,ENTERABLE_TIER_B,TRIGGERED,97.2931,FULL,,,TRANSITION,LOW,993.25,54.82940749388345,-57.78739184177999,3.699130874596326,1.3618505560281675,0.1642003184208494,24.421428571428603,91.6081,8.3919,91.8651,70.1082,95.804,91.8651,93.776,4.1959,HIGH,UPGRADE_OFACTOR_REQUIRED,False
2023-11-29,RPOWER,OTHER,LONG,64.2516,82.3757,18.1241,80.4221,ENTERABLE_TIER_B,TRIGGERED,97.2931,FULL,,,TRANSITION,LOW,21.5,58.57191244967993,-64.28571428571429,11.458866251757586,0.8123450104792629,3.3749400051992526,1.1499999999999992,91.6081,8.3919,59.1304,73.913,95.804,59.1304,94.7826,4.1959,LOW,QUALIFIED_FOR_INTRADAY_REVALIDATION,True
2023-11-29,SHYAMMETL,OTHER,LONG,32.0875,66.2088,34.1213,79.645,ENTERABLE_TIER_B,TRIGGERED,97.2931,FULL,,,TRANSITION,LOW,455.25,52.86892529665013,-67.73049645390073,2.6209300552107044,1.5742939416097943,0.1377918001110827,12.949999999999992,91.6081,8.3919,81.4286,62.3166,95.804,81.4286,80.695,4.1959,MEDIUM,UPGRADE_OFACTOR_REQUIRED,False
2023-11-30,CRAFTSMAN,OTHER,LONG,40.4029,64.1384,23.7355,78.4358,ENTERABLE_TIER_B,TRIGGERED,97.2931,FULL,,,UPWARD,LOW,5049.75,55.51431954086872,-57.785602503912365,5.395545662842296,1.2194966847537607,1.7924711307380514,175.15357142857133,96.0156,3.9844,78.4703,68.0851,98.0078,78.4703,88.9811,1.9922,MEDIUM,RESEARCH_ONLY_NO_STANDARD_TRADE,False
2023-11-30,GODREJCP,Fast Moving Consumer Goods,LONG,21.3406,62.6546,41.314,79.4424,ENTERABLE_TIER_B,TRIGGERED,98.5,FULL,,SIDEWAYS,UPWARD,LOW,1008.2,55.35860395268884,-27.33118971061088,0.867016023925601,1.875827363997191,0.3646751152456659,14.635714285714291,96.0156,3.9844,66.5658,73.0796,78.1955,66.5658,87.5647,21.8044,MEDIUM,RESEARCH_ONLY_NO_STANDARD_TRADE,False
2023-11-30,NAUKRI,Consumer Services,LONG,50.0106,72.8415,22.8309,78.5517,ENTERABLE_TIER_B,TRIGGERED,98.5,FULL,,UPWARD,UPWARD,LOW,4611.0,58.65108383474963,-62.24434142350699,4.610417580853151,1.0266791742431658,1.987255783252184,102.97857142857136,96.0156,3.9844,64.7856,66.9834,98.0078,64.7856,91.0661,1.9922,MEDIUM,UPGRADE_OFACTOR_REQUIRED,False
2023-11-30,ONGC,Oil Gas & Consumable Fuels,LONG,39.4164,73.1936,33.7772,84.355,ENTERABLE_TIER_B,TRIGGERED,98.5,FULL,,TRANSITION,UPWARD,LOW,194.95,55.17251480188426,-55.40983606557389,4.118733884799561,1.5031926037080798,0.6864105451488289,4.121428571428573,96.0156,3.9844,82.4495,71.8544,98.0078,82.4495,93.2062,1.9922,MEDIUM,UPGRADE_OFACTOR_REQUIRED,False
2023-11-30,SBFC,OTHER,LONG,56.9714,74.2775,17.3061,68.7449,ENTERABLE_TIER_B,TRIGGERED,97.2931,FULL,,,UPWARD,LOW,90.0,58.46416575000356,-51.11111111111115,3.837930008947025,1.4041918096500343,1.1765030275131652,3.732142857142858,96.0156,3.9844,49.4035,53.378,98.0078,49.4035,93.0335,1.9922,MEDIUM,WAIT_FOR_XFACTOR,False
2023-12-01,APTUS,OTHER,LONG,36.2861,67.6029,31.3168,78.5399,ENTERABLE_TIER_B,TRIGGERED,97.2931,FULL,,,UPWARD,LOW,296.05,55.99975890611953,-45.99627560521409,3.3167480478362923,1.6335317943248635,-0.075670011204276,7.714285714285706,100.0,0.0,66.3827,75.1111,100.0,66.3827,55.6667,0.0,MEDIUM,UPGRADE_OFACTOR_REQUIRED,False
2023-12-01,CIEINDIA,OTHER,LONG,33.0657,64.2316,31.1659,83.3282,ENTERABLE_TIER_B,TRIGGERED,97.2931,FULL,,,UPWARD,LOW,485.0,53.15697569457975,-53.047404063205406,0.5207730659865873,1.1340545031193878,0.301341168061831,12.650000000000002,100.0,0.0,87.5626,84.1897,100.0,87.5626,90.83,0.0,HIGH,RESEARCH_ONLY_NO_STANDARD_TRADE,False
2023-12-01,FACT,OTHER,LONG,33.0551,67.5109,34.4558,79.1975,ENTERABLE_TIER_B,TRIGGERED,97.2931,FULL,,,UPWARD,LOW,730.25,60.08930496274931,-43.66666666666666,14.224751598215256,2.643109846203473,2.007185266464074,21.189285714285727,100.0,0.0,65.8633,61.7731,100.0,65.8633,67.0588,0.0,LOW,UPGRADE_OFACTOR_REQUIRED,False
2023-12-01,HOMEFIRST,OTHER,LONG,37.7625,66.2656,28.5031,80.8437,ENTERABLE_TIER_B,TRIGGERED,97.2931,FULL,,,UPWARD,LOW,919.65,52.85955008172104,-43.71350720124563,3.425427062718791,1.023948136785817,-0.3410838124492156,34.2607142857143,100.0,0.0,96.0353,64.3323,100.0,96.0353,87.9162,0.0,MEDIUM,UPGRADE_OFACTOR_REQUIRED,False
2023-12-01,INDUSTOWER,Telecommunication,LONG,23.7292,64.448,40.7188,80.8936,ENTERABLE_TIER_B,TRIGGERED,97.2931,FULL,,,UPWARD,LOW,187.65,54.40956795646024,-57.53424657534237,2.798822489190633,1.7071530727652824,0.3808043085639486,4.199999999999998,100.0,0.0,78.0159,69.0476,74.8127,78.0159,84.7619,25.1873,MEDIUM,RESEARCH_ONLY_NO_STANDARD_TRADE,False
2023-12-01,IRFC,Financial Services,LONG,26.4333,61.9103,35.477,87.0707,ENTERABLE_TIER_B,TRIGGERED,98.5,FULL,,TRANSITION,UPWARD,LOW,75.4,53.06441901077483,-53.4482758620689,7.096347791303245,1.033181560780921,0.7729049245055204,1.914285714285714,100.0,0.0,81.6294,87.4627,100.0,81.6294,61.3433,0.0,HIGH,RESEARCH_ONLY_NO_STANDARD_TRADE,False
2023-12-01,KALYANKJIL,Consumer Durables,LONG,58.4634,78.8827,20.4193,79.5286,ENTERABLE_TIER_B,TRIGGERED,97.2931,FULL,,,UPWARD,LOW,334.85,62.040587226591136,-29.9544419134396,18.042502661321087,0.8210240190447634,3.0480851044514288,13.867857142857137,100.0,0.0,69.0531,68.8488,91.6154,69.0531,92.7891,8.3846,LOW,QUALIFIED_FOR_INTRADAY_REVALIDATION,True
2023-12-01,OIL,Oil Gas & Consumable Fuels,LONG,30.543,63.4103,32.8673,85.2732,ENTERABLE_TIER_B,TRIGGERED,97.2931,FULL,,,UPWARD,LOW,309.9,52.87564682746174,-52.42165242165248,3.358841849038604,0.999903737873646,0.056443442854374,10.110714285714286,100.0,0.0,89.8952,82.5927,100.0,89.8952,81.8015,0.0,HIGH,RESEARCH_ONLY_NO_STANDARD_TRADE,False
2023-12-04,3MINDIA,Diversified,LONG,18.8782,56.9003,38.0221,75.1847,ENTERABLE_TIER_B,TRIGGERED,97.2931,FULL,,,UPWARD,LOW,31354.6,57.37580584093634,-25.934677201014157,2.804191314931212,2.595683737468517,0.1411486474722476,690.8785714285711,100.0,0.0,67.317,73.6944,64.5015,67.317,82.8971,35.4986,LOW,RESEARCH_ONLY_NO_STANDARD_TRADE,False
2023-12-04,APARINDS,Capital Goods,LONG,44.9381,73.4845,28.5464,84.069,ENTERABLE_TIER_B,TRIGGERED,97.2931,FULL,,,UPWARD,LOW,5537.1,53.79550954427941,-52.46202350243616,6.714547483511312,2.9382011080727097,1.5440540214935072,244.4607142857142,100.0,0.0,80.1815,72.8873,97.9907,80.1815,88.2353,2.0093,LOW,UPGRADE_OFACTOR_REQUIRED,False
2023-12-04,ITI,OTHER,LONG,34.9113,62.632,27.7207,81.4538,ENTERABLE_TIER_B,TRIGGERED,97.2931,FULL,,,UPWARD,LOW,274.65,56.15156030909219,-53.81097560975618,16.169225899954835,1.0956844331289557,2.0584473070155287,11.10714285714286,100.0,0.0,77.3869,75.3312,97.6384,77.3869,75.5113,2.3616,LOW,RESEARCH_ONLY_NO_STANDARD_TRADE,False
2023-12-04,KAYNES,OTHER,LONG,36.6156,63.3275,26.7119,80.2904,ENTERABLE_TIER_B,TRIGGERED,97.2931,FULL,,,UPWARD,LOW,2480.05,54.02501205760163,-38.593530239099806,6.841311319301147,0.876144589865286,0.5693638709253294,74.02499999999996,100.0,0.0,86.6914,79.4934,97.6384,86.6914,95.542,2.3616,HIGH,RESEARCH_ONLY_NO_STANDARD_TRADE,False
2023-12-04,RBLBANK,OTHER,LONG,47.5135,78.9462,31.4327,81.9183,ENTERABLE_TIER_B,TRIGGERED,97.2931,FULL,,,UPWARD,LOW,242.45,54.7798755155068,-49.35483870967746,4.041765300268893,1.4227152125764746,0.1805168310442198,8.614285714285712,100.0,0.0,68.9276,69.8176,97.6384,68.9276,92.8027,2.3616,MEDIUM,QUALIFIED_FOR_INTRADAY_REVALIDATION,True
2023-12-04,TIINDIA,Automobile and Auto Components,LONG,46.101,70.375,24.274,81.0415,ENTERABLE_TIER_B,TRIGGERED,97.2931,FULL,,,UPWARD,LOW,3349.0,54.23636546214888,-68.69956437906163,5.6190945675840585,0.9455252864717067,2.270836551241909,146.7464285714286,100.0,0.0,71.5621,75.8086,98.6924,71.5621,97.7103,1.3076,MEDIUM,UPGRADE_OFACTOR_REQUIRED,False
2023-12-05,BALKRISIND,Automobile and Auto Components,LONG,29.7994,65.1433,35.3439,83.3581,ENTERABLE_TIER_B,TRIGGERED,97.2931,FULL,,,UPWARD,LOW,2590.95,53.29323914241253,-41.58550396375999,2.173138655707485,1.5734019876347038,0.1392279933154576,63.77142857142859,100.0,0.0,81.5278,73.1855,96.9965,81.5278,88.1138,3.0034,MEDIUM,UPGRADE_OFACTOR_REQUIRED,False
2023-12-05,SONACOMS,OTHER,LONG,39.9551,69.9546,29.9995,74.8284,ENTERABLE_TIER_B,TRIGGERED,97.2931,FULL,,,UPWARD,LOW,578.75,57.03163344959745,-47.76828110161441,2.616389208467777,1.3201997964032506,0.2605600293475973,17.107142857142858,100.0,0.0,66.3688,62.1211,93.142,66.3688,97.1942,6.8579,MEDIUM,UPGRADE_OFACTOR_REQUIRED,False
2023-12-06,ASHOKLEY,Capital Goods,LONG,29.086,64.806,35.72,87.6522,ENTERABLE_TIER_B,TRIGGERED,97.2931,FULL,,,UPWARD,LOW,176.7,52.172354415461406,-58.69565217391316,0.8684040489885916,1.145056991642644,0.6013791971551906,4.253571428571424,100.0,0.0,90.3219,80.7221,99.0246,90.3219,95.2981,0.9755,HIGH,RESEARCH_ONLY_NO_STANDARD_TRADE,False
2023-12-06,CRAFTSMAN,OTHER,LONG,36.8108,65.8836,29.0728,75.5962,ENTERABLE_TIER_B,TRIGGERED,97.2931,FULL,,,UPWARD,LOW,5143.25,59.045319719846965,-46.50084317032041,6.470626893961919,0.9980203287175106,1.6503345334946802,180.88571428571427,100.0,0.0,61.8,71.9049,92.3533,61.8,87.6497,7.6467,MEDIUM,UPGRADE_OFACTOR_REQUIRED,False
2023-12-06,ICICIPRULI,Financial Services,LONG,34.3187,64.8058,30.4871,84.7907,ENTERABLE_TIER_B,TRIGGERED,97.2931,FULL,,,UPWARD,LOW,551.4,52.65213982353147,-60.894660894661,1.1994607041886642,0.9747761559785278,0.9221940956160164,13.935714285714296,100.0,0.0,82.8977,82.0605,100.0,82.8977,91.2455,0.0,HIGH,RESEARCH_ONLY_NO_STANDARD_TRADE,False
2023-12-06,OFSS,Information Technology,LONG,27.5594,65.8581,38.2987,79.6504,ENTERABLE_TIER_B,TRIGGERED,97.2931,FULL,,,UPWARD,LOW,4111.25,56.16496227438944,-48.15940560621418,1.7767520412814275,1.7872392656291844,0.1300141758432827,98.3785714285714,100.0,0.0,72.6228,70.5424,87.9635,72.6228,83.2484,12.0365,MEDIUM,UPGRADE_OFACTOR_REQUIRED,False
2023-12-06,OLECTRA,OTHER,LONG,24.6712,58.725,34.0538,84.3171,ENTERABLE_TIER_B,TRIGGERED,97.2931,FULL,,,UPWARD,LOW,1211.65,53.22434317045968,-78.67372353673723,2.826375572165755,1.0090977276015551,0.7291893886315864,45.51428571428568,100.0,0.0,92.8154,69.9435,92.3533,92.8154,79.479,7.6467,MEDIUM,RESEARCH_ONLY_NO_STANDARD_TRADE,False
2023-12-06,TIINDIA,Automobile and Auto Components,LONG,33.0692,71.9533,38.8841,86.5328,ENTERABLE_TIER_B,TRIGGERED,97.2931,FULL,,,UPWARD,LOW,3334.25,53.42494847040966,-70.80625580232807,4.827488520784217,2.1871494900538355,1.894765546856196,146.08928571428572,100.0,0.0,85.0993,83.1747,92.683,85.0993,91.4162,7.3171,LOW,UPGRADE_OFACTOR_REQUIRED,False
2023-12-07,ASHOKLEY,Capital Goods,LONG,28.118,64.2158,36.0978,84.9385,ENTERABLE_TIER_B,TRIGGERED,97.2931,FULL,,,UPWARD,LOW,177.8,54.21270214688491,-50.72463768115938,1.4473666552474531,1.2265337002945431,0.6015010673887288,4.357142857142853,100.0,0.0,76.9727,78.8852,100.0,76.9727,87.6066,0.0,HIGH,RESEARCH_ONLY_NO_STANDARD_TRADE,False
2023-12-07,AUROPHARMA,Healthcare,LONG,50.602,75.9836,25.3816,82.4057,ENTERABLE_TIER_B,TRIGGERED,97.2931,FULL,,,UPWARD,LOW,1023.95,60.664104740380175,-41.75438596491228,9.778814587396525,1.0488586389344314,2.957910514281575,27.414285714285736,100.0,0.0,66.678,79.135,91.5834,66.678,92.0479,8.4166,MEDIUM,QUALIFIED_FOR_INTRADAY_REVALIDATION,True
2023-12-07,CHOICEIN,OTHER,LONG,32.9358,64.845,31.9092,77.0001,ENTERABLE_TIER_B,TRIGGERED,97.2931,FULL,,,UPWARD,LOW,441.55,59.2793723317036,-41.12426035502958,5.123842042731432,1.774360670259803,0.983934607201692,7.274999999999993,100.0,0.0,84.5132,55.7388,92.9116,84.5132,61.7869,7.0884,MEDIUM,RESEARCH_ONLY_NO_STANDARD_TRADE,False
2023-12-07,FLUOROCHEM,Chemicals,LONG,24.2526,64.0949,39.8423,76.018,ENTERABLE_TIER_B,TRIGGERED,97.2931,FULL,,,UPWARD,LOW,2862.75,54.31483020680311,-44.095849802371525,0.4977682665161619,1.6682394319139329,0.6174211059872622,68.75357142857145,100.0,0.0,64.1182,72.8014,77.5294,64.1182,94.0658,22.4705,MEDIUM,RESEARCH_ONLY_NO_STANDARD_TRADE,False
2023-12-07,OLECTRA,OTHER,LONG,35.1541,69.6026,34.4485,80.9261,ENTERABLE_TIER_B,TRIGGERED,97.2931,FULL,,,UPWARD,LOW,1233.65,57.71013431779448,-64.99532855808155,4.535133898671613,1.588107431313911,0.8310459255703209,45.12142857142855,100.0,0.0,64.6916,77.4387,92.9116,64.6916,74.6019,7.0884,MEDIUM,UPGRADE_OFACTOR_REQUIRED,False
2023-12-07,PNBHOUSING,OTHER,LONG,37.3927,68.2792,30.8865,82.1252,ENTERABLE_TIER_B,TRIGGERED,97.2931,FULL,,,UPWARD,LOW,792.15,55.894362968426655,-56.48788927335641,7.269698770449194,1.1447438841310296,1.6631951182895324,25.764285714285727,100.0,0.0,82.838,81.9129,92.9116,82.838,79.8946,7.0884,HIGH,UPGRADE_OFACTOR_REQUIRED,False
2023-12-07,YESBANK,Financial Services,LONG,59.3348,80.9474,21.6126,80.6527,ENTERABLE_TIER_B,TRIGGERED,97.2931,FULL,,,UPWARD,LOW,20.05,62.78441933742974,-52.38095238095233,9.920229511709511,1.0830138355788936,2.746831005006169,0.7714285714285712,100.0,0.0,60.8951,71.4815,99.4386,60.8951,79.2593,0.5614,MEDIUM,QUALIFIED_FOR_INTRADAY_REVALIDATION,True
2023-12-08,EIDPARRY,OTHER,LONG,32.2486,61.98,29.7314,79.0216,ENTERABLE_TIER_B,TRIGGERED,97.2931,FULL,,,UPWARD,LOW,532.45,56.11307238652413,-43.28984156570358,4.78221039191517,0.9034051446710044,2.432802722078913,22.614285714285696,100.0,0.0,64.7052,72.4953,88.0667,64.7052,76.0328,11.9334,MEDIUM,RESEARCH_ONLY_NO_STANDARD_TRADE,False
2023-12-11,ASTRAL,Capital Goods,LONG,29.9028,58.7509,28.8481,76.8393,ENTERABLE_TIER_B,TRIGGERED,97.2931,FULL,,,UPWARD,LOW,1950.6,54.83595627820439,-50.15467904099007,2.027478405186304,0.7497809077880107,0.9847255256796013,43.11428571428572,100.0,0.0,76.7092,62.3327,98.1014,76.7092,95.9178,1.8985,MEDIUM,RESEARCH_ONLY_NO_STANDARD_TRADE,False
2023-12-11,ONGC,Oil Gas & Consumable Fuels,LONG,27.7081,61.0148,33.3067,84.2397,ENTERABLE_TIER_B,TRIGGERED,98.5,FULL,,TRANSITION,UPWARD,LOW,197.8,55.17993776609466,-45.63380281690138,4.296504452543576,0.8476616393511579,1.138510051990571,5.1285714285714255,100.0,0.0,79.1365,72.312,100.0,79.1365,76.2117,0.0,HIGH,RESEARCH_ONLY_NO_STANDARD_TRADE,False
2023-12-11,SBFC,OTHER,LONG,36.7721,64.6571,27.885,77.3941,ENTERABLE_TIER_B,TRIGGERED,97.2931,FULL,,,UPWARD,LOW,90.0,57.33483764729632,-47.05882352941177,3.407023581324541,0.8806167369203747,0.7317203146204874,2.7821428571428557,100.0,0.0,78.3141,56.8678,90.4083,78.3141,84.1849,9.5916,MEDIUM,RESEARCH_ONLY_NO_STANDARD_TRADE,False
2023-12-12,ANGELONE,OTHER,LONG,58.5664,78.6534,20.087,79.9276,ENTERABLE_TIER_B,TRIGGERED,97.2931,FULL,,,UPWARD,LOW,3065.95,60.80521829250298,-52.36076596988752,19.67342152514204,0.7615994994754343,3.891871942177512,119.8964285714286,100.0,0.0,64.7752,69.3402,89.5335,64.7752,95.3126,10.4666,LOW,QUALIFIED_FOR_INTRADAY_REVALIDATION,True
2023-12-12,LUPIN,Healthcare,LONG,20.839,57.5822,36.7432,83.0129,ENTERABLE_TIER_B,TRIGGERED,97.2931,FULL,,,UPWARD,LOW,1240.15,55.16421268359867,-54.86443381180216,5.330397979860718,0.8592295625885258,1.4023976375224496,28.86071428571432,100.0,0.0,77.2759,83.7842,70.6222,77.2759,85.1009,29.3778,MEDIUM,RESEARCH_ONLY_NO_STANDARD_TRADE,False
2023-12-13,GMDCLTD,OTHER,LONG,39.6151,68.2255,28.6104,84.9684,ENTERABLE_TIER_B,TRIGGERED,97.2931,FULL,,,UPWARD,LOW,415.1,56.33295214814782,-52.91887793783167,15.400682662473944,1.1367242062204046,3.025351131575019,23.278571428571414,100.0,0.0,79.3301,80.9267,87.8772,79.3301,84.0196,12.1228,LOW,UPGRADE_OFACTOR_REQUIRED,False
2023-12-13,NAUKRI,Consumer Services,LONG,41.0392,68.3704,27.3312,73.6932,ENTERABLE_TIER_B,TRIGGERED,98.5,FULL,,UPWARD,UPWARD,LOW,4813.65,62.60402310612714,-38.47848898216167,7.105498849774523,0.7432754842525451,2.110980831974136,136.91428571428565,100.0,0.0,47.9078,68.2575,98.7644,47.9078,93.967,1.2356,MEDIUM,UPGRADE_OFACTOR_REQUIRED,False
2023-12-13,OLECTRA,OTHER,LONG,43.9508,74.0125,30.0617,69.4708,ENTERABLE_TIER_B,TRIGGERED,97.2931,FULL,,,UPWARD,LOW,1259.55,61.28523732733839,-21.322472448490675,6.094029275127664,1.3929728296476789,1.0943786718330824,38.50357142857139,100.0,0.0,36.3782,51.7967,87.8772,36.3782,76.8853,12.1228,LOW,WAIT_FOR_XFACTOR,False
2023-12-13,SRF,Chemicals,LONG,23.4941,61.2793,37.7852,78.4077,ENTERABLE_TIER_B,TRIGGERED,97.2931,FULL,,,UPWARD,LOW,2411.55,57.5229641690817,-54.67925576228809,3.2701241835475945,1.2167943138271784,1.3237783138600765,46.789285714285725,100.0,0.0,63.3392,71.3182,70.6711,63.3392,96.1957,29.3289,MEDIUM,RESEARCH_ONLY_NO_STANDARD_TRADE,False
2023-12-13,ZYDUSLIFE,Healthcare,LONG,19.475,60.5906,41.1156,80.5289,ENTERABLE_TIER_B,TRIGGERED,98.5,FULL,,TRANSITION,UPWARD,LOW,642.4,57.58723066807275,-61.19402985074642,3.8661430645199775,1.2556270897000452,1.2106200399675429,14.68928571428572,100.0,0.0,73.4614,75.22,76.0716,73.4614,83.1169,23.9284,HIGH,RESEARCH_ONLY_NO_STANDARD_TRADE,False
2023-12-14,APOLLOHOSP,Healthcare,LONG,29.2004,66.4172,37.2168,84.4299,ENTERABLE_TIER_B,TRIGGERED,98.5,FULL,,UPWARD,UPWARD,LOW,5515.9,57.585492704847695,-49.74137931034493,5.0216518159881085,0.9860686024741468,1.4386922537866431,114.21071428571432,100.0,0.0,84.1842,77.6553,75.4491,84.1842,94.0286,24.5509,HIGH,UPGRADE_OFACTOR_REQUIRED,False
2023-12-14,ASTRAL,Capital Goods,LONG,30.8607,62.0183,31.1576,80.6793,ENTERABLE_TIER_B,TRIGGERED,97.2931,FULL,,,UPWARD,LOW,1949.95,54.35275626010095,-56.05477107402646,1.8859734509956327,0.9725491155361164,0.6452220860690066,44.25357142857144,100.0,0.0,89.2702,65.2909,92.5018,89.2702,92.9045,7.4982,MEDIUM,RESEARCH_ONLY_NO_STANDARD_TRADE,False
2023-12-14,BALKRISIND,Automobile and Auto Components,LONG,30.8679,62.342,31.4741,78.3163,ENTERABLE_TIER_B,TRIGGERED,97.2931,FULL,,,UPWARD,LOW,2612.75,54.97637400533544,-43.79194630872483,2.534725873874443,0.9235531011513218,0.3428991461622799,59.0964285714286,100.0,0.0,60.0145,75.8361,95.6463,60.0145,94.6867,4.3537,HIGH,RESEARCH_ONLY_NO_STANDARD_TRADE,False
2023-12-14,BERGEPAINT,Consumer Durables,LONG,11.1627,51.6759,40.5132,82.0761,ENTERABLE_TIER_B,TRIGGERED,97.2931,FULL,,,UPWARD,LOW,580.05,51.039839154856175,-55.7397959183675,-2.3237272557392155,0.8832248083361173,-0.0913751774428272,12.057142857142852,100.0,0.0,93.4893,67.4882,74.8373,93.4893,93.1991,25.1627,MEDIUM,RESEARCH_ONLY_NO_STANDARD_TRADE,False
2023-12-14,CAPLIPOINT,OTHER,LONG,26.1737,57.3332,31.1595,79.5304,ENTERABLE_TIER_B,TRIGGERED,97.2931,FULL,,,UPWARD,LOW,1251.55,57.68697495909842,-51.09707446808517,9.62206961470686,0.9702382648167668,1.5324544384082013,42.58928571428573,100.0,0.0,86.3229,72.9979,85.5796,86.3229,96.3841,14.4204,MEDIUM,RESEARCH_ONLY_NO_STANDARD_TRADE,False
2023-12-14,ONGC,Oil Gas & Consumable Fuels,LONG,31.516,65.2319,33.7159,89.0839,ENTERABLE_TIER_B,TRIGGERED,98.5,FULL,,SIDEWAYS,UPWARD,LOW,195.95,52.02795525189028,-56.05633802816911,3.0569134249931533,1.2639213193198855,0.702761150096871,5.032142857142854,100.0,0.0,98.2446,78.538,100.0,98.2446,97.2179,0.0,HIGH,UPGRADE_OFACTOR_REQUIRED,False
2023-12-14,PCBL,OTHER,LONG,58.4079,80.2223,21.8144,76.6721,ENTERABLE_TIER_B,TRIGGERED,97.2931,FULL,,,UPWARD,LOW,264.2,63.06129637753968,-57.017543859649145,19.598334402942093,0.9708405340524496,4.530590206484041,11.507142857142863,100.0,0.0,56.288,65.239,85.5796,56.288,89.3979,14.4204,LOW,QUALIFIED_FOR_INTRADAY_REVALIDATION,True
2023-12-14,RAINBOW,OTHER,LONG,38.7704,68.1413,29.3709,78.4472,ENTERABLE_TIER_B,TRIGGERED,97.2931,FULL,,,UPWARD,LOW,1117.25,57.243588727681605,-43.895348837209305,4.319456916646289,1.0938613164363518,0.94610410062911,41.42857142857148,100.0,0.0,69.6063,80.7862,85.5796,69.6063,87.0138,14.4204,MEDIUM,UPGRADE_OFACTOR_REQUIRED,False
2023-12-14,ZENSARTECH,OTHER,LONG,34.6355,70.3284,35.6929,82.9353,ENTERABLE_TIER_B,TRIGGERED,97.2931,FULL,,,UPWARD,LOW,534.95,56.28543521631254,-40.14285714285701,3.979185874001194,2.323230847696596,0.6448539129874854,14.400000000000018,100.0,0.0,83.0556,71.5278,85.5796,83.0556,60.9722,14.4204,LOW,UPGRADE_OFACTOR_REQUIRED,False
2023-12-15,BERGEPAINT,Consumer Durables,LONG,7.8681,55.1103,47.2422,77.8848,ENTERABLE_TIER_B,TRIGGERED,97.2931,FULL,,,UPWARD,LOW,585.8,54.727298873921406,-41.071428571428704,-1.3123173891613544,1.3150049023371466,0.0245170254779806,12.378571428571425,100.0,0.0,64.724,75.1183,72.2155,64.724,87.3976,27.7845,MEDIUM,RESEARCH_ONLY_NO_STANDARD_TRADE,False
2023-12-15,CAPLIPOINT,OTHER,LONG,24.5705,56.1086,31.5381,73.6157,ENTERABLE_TIER_B,TRIGGERED,97.2931,FULL,,,UPWARD,LOW,1269.7,60.18836840038738,-39.02925531914895,10.81103904361814,1.0524070659721398,1.6590516608434585,42.76071428571431,100.0,0.0,56.927,72.732,84.6311,56.927,91.394,15.3689,MEDIUM,RESEARCH_ONLY_NO_STANDARD_TRADE,False
2023-12-15,IPCALAB,Healthcare,LONG,30.9429,61.5267,30.5838,78.5503,ENTERABLE_TIER_B,TRIGGERED,97.2931,FULL,,,UPWARD,LOW,1114.35,59.100980643923,-60.31746031746032,8.557268624487742,1.2149758029218605,1.952693311193896,26.72500000000004,100.0,0.0,82.9373,67.2217,72.8565,82.9373,90.9448,27.1435,MEDIUM,RESEARCH_ONLY_NO_STANDARD_TRADE,False
2023-12-15,JKTYRE,OTHER,LONG,18.7657,56.7928,38.0271,80.8193,ENTERABLE_TIER_B,TRIGGERED,97.2931,FULL,,,UPWARD,LOW,352.0,59.46720973324136,-50.40387722132472,9.08694031260628,1.250952840307337,1.4111031134569918,12.028571428571436,100.0,0.0,74.5051,81.3777,84.6311,74.5051,87.3634,15.3689,MEDIUM,RESEARCH_ONLY_NO_STANDARD_TRADE,False
2023-12-15,KIMS,OTHER,LONG,7.917,54.7769,46.8599,82.9345,ENTERABLE_TIER_B,TRIGGERED,97.2931,FULL,,,UPWARD,LOW,1945.1,53.80627132337553,-49.59731543624167,1.384988334918164,1.7427190447047325,0.2712202837731904,45.06428571428574,100.0,0.0,87.2515,85.8424,84.6311,87.2515,59.7908,15.3689,MEDIUM,RESEARCH_ONLY_NO_STANDARD_TRADE,False
2023-12-15,KPITTECH,Information Technology,LONG,51.8174,80.3946,28.5772,76.6927,ENTERABLE_TIER_B,TRIGGERED,97.2931,FULL,,,UPWARD,LOW,1518.6,62.53829317743997,-25.498981670061248,13.411519978307238,1.7618245744281291,2.4944555814056257,44.34285714285716,100.0,0.0,52.4726,54.9871,100.0,52.4726,71.7655,0.0,LOW,QUALIFIED_FOR_INTRADAY_REVALIDATION,True
2023-12-15,MSUMI,OTHER,LONG,9.153,47.4963,38.3433,85.0339,ENTERABLE_TIER_B,TRIGGERED,97.2931,FULL,,,UPWARD,LOW,60.85,50.520341627444125,-70.76923076923069,0.004615801049498,0.8801707292901156,0.1861557539138985,1.5214285714285722,100.0,0.0,96.385,92.1127,84.6311,96.385,90.7981,15.3689,LOW,RESEARCH_ONLY_NO_STANDARD_TRADE,False
2023-12-18,BAYERCROP,OTHER,LONG,23.9296,61.5703,37.6407,73.765,ENTERABLE_TIER_B,TRIGGERED,97.2931,FULL,,,UPWARD,LOW,5436.85,57.00738069006781,-33.40362716153505,3.705342163085703,2.94148546195614,0.7540222021291211,136.26785714285708,100.0,0.0,62.9663,77.7497,87.1663,62.9663,84.5745,12.8337,LOW,RESEARCH_ONLY_NO_STANDARD_TRADE,False
2023-12-18,CIPLA,Healthcare,LONG,2.5335,50.325,47.7915,82.5268,ENTERABLE_TIER_B,TRIGGERED,98.5,FULL,,SIDEWAYS,UPWARD,LOW,1216.8,51.28093088850169,-36.5019011406846,1.195244400343915,0.9335477665712962,-0.0856786583868287,20.592857142857135,100.0,0.0,92.0765,52.0222,72.5811,92.0765,95.8238,27.4189,MEDIUM,RESEARCH_ONLY_NO_STANDARD_TRADE,False
2023-12-18,CROMPTON,OTHER,LONG,25.4991,60.5443,35.0452,79.3296,ENTERABLE_TIER_B,TRIGGERED,97.2931,FULL,,,UPWARD,LOW,293.35,52.50773421441197,-52.510460251045885,0.5640165380867045,1.3437539768743791,0.5045643240169879,6.110714285714282,100.0,0.0,80.0623,59.4155,87.1663,80.0623,89.5266,12.8337,MEDIUM,RESEARCH_ONLY_NO_STANDARD_TRADE,False
2023-12-18,HINDUNILVR,Fast Moving Consumer Goods,LONG,12.0327,57.6447,45.612,85.4441,ENTERABLE_TIER_B,TRIGGERED,98.5,FULL,,SIDEWAYS,UPWARD,LOW,2535.5,53.63876335541585,-72.5,0.52208399306788,1.0795096396556894,0.124599159243166,34.88571428571423,100.0,0.0,87.6072,76.4947,78.557,87.6072,89.6806,21.443,MEDIUM,RESEARCH_ONLY_NO_STANDARD_TRADE,False
2023-12-18,IPCALAB,Healthcare,LONG,28.3804,62.5837,34.2033,75.2795,ENTERABLE_TIER_B,TRIGGERED,97.2931,FULL,,,UPWARD,LOW,1124.55,61.57750161737306,-47.36507936507931,9.214444196788024,1.2234984295209173,1.900696616580808,27.12500000000005,100.0,0.0,63.4654,71.6866,72.5811,63.4654,90.4885,27.4189,MEDIUM,RESEARCH_ONLY_NO_STANDARD_TRADE,False
2023-12-18,JSWENERGY,Power,LONG,35.0698,67.3676,32.2978,80.5734,ENTERABLE_TIER_B,TRIGGERED,98.5,FULL,,UPWARD,UPWARD,LOW,435.95,54.86239567626469,-58.64285714285715,7.543737068463256,1.3986193054922889,2.7941992026798927,18.807142857142857,100.0,0.0,75.0893,54.4854,100.0,75.0893,79.7949,0.0,MEDIUM,UPGRADE_OFACTOR_REQUIRED,False
2023-12-18,MSUMI,OTHER,LONG,23.7964,57.2965,33.5001,74.6393,ENTERABLE_TIER_B,TRIGGERED,97.2931,FULL,,,UPWARD,LOW,61.55,54.552291989628266,-49.23076923076928,1.1173630281025784,1.1407762262738148,0.2572274610381442,1.5285714285714296,100.0,0.0,70.3427,72.5234,87.1663,70.3427,92.1495,12.8337,HIGH,RESEARCH_ONLY_NO_STANDARD_TRADE,False
2023-12-19,APOLLOHOSP,Healthcare,LONG,10.8057,56.6262,45.8205,82.807,ENTERABLE_TIER_B,TRIGGERED,98.5,FULL,,SIDEWAYS,UPWARD,LOW,5555.5,58.71418575790949,-41.77096370463074,5.244321030135178,1.407800793255575,1.3021495251191697,123.15000000000008,100.0,0.0,72.386,83.175,69.7548,72.386,61.0719,30.2452,MEDIUM,RESEARCH_ONLY_NO_STANDARD_TRADE,False
2023-12-19,BANKINDIA,Financial Services,LONG,44.8165,72.2363,27.4198,77.7654,ENTERABLE_TIER_B,TRIGGERED,97.2931,FULL,,,UPWARD,LOW,113.35,57.9704069980111,-43.3908045977012,8.223770740191304,1.3160300858728782,2.257801867598578,4.721428571428572,100.0,0.0,51.5683,68.23,89.9916,51.5683,88.5628,10.0084,MEDIUM,UPGRADE_OFACTOR_REQUIRED,False
2023-12-19,BRITANNIA,Fast Moving Consumer Goods,LONG,21.9322,58.4283,36.4961,78.5256,ENTERABLE_TIER_B,TRIGGERED,98.5,FULL,,TRANSITION,UPWARD,LOW,4911.25,58.83315921096446,-56.66666666666666,3.5941907723602418,0.776971800427122,1.3459947888781696,82.16785714285717,100.0,0.0,64.4914,74.4182,79.9445,64.4914,92.1137,20.0555,HIGH,RESEARCH_ONLY_NO_STANDARD_TRADE,False
2023-12-19,CIPLA,Healthcare,LONG,10.0097,52.6453,42.6356,68.6581,ENTERABLE_TIER_B,TRIGGERED,98.5,FULL,,SIDEWAYS,UPWARD,LOW,1237.1,56.71409466465391,-6.347554630593487,2.7878859577733697,0.7969004935652206,0.08582895499453,21.51428571428572,100.0,0.0,27.9626,53.7052,69.7548,27.9626,94.3293,30.2452,LOW,RESEARCH_ONLY_NO_STANDARD_TRADE,False
2023-12-19,CROMPTON,OTHER,LONG,22.2462,65.7775,43.5313,73.2923,ENTERABLE_TIER_B,TRIGGERED,97.2931,FULL,,,UPWARD,LOW,296.1,55.58455453811913,-41.00418410041826,1.4574373843186306,2.187537427233781,0.5494809086571325,6.439285714285712,100.0,0.0,57.2934,60.5546,85.9549,57.2934,86.0233,14.0451,LOW,UPGRADE_OFACTOR_REQUIRED,False
2023-12-19,GMDCLTD,OTHER,LONG,34.3496,67.4085,33.0589,88.5074,ENTERABLE_TIER_B,TRIGGERED,97.2931,FULL,,,UPWARD,LOW,412.95,55.220491821242845,-66.45739910313902,12.921683581349397,0.954392436456326,2.0824568107373707,19.44642857142857,100.0,0.0,96.4175,82.6189,85.9549,96.4175,77.4766,14.0451,LOW,UPGRADE_OFACTOR_REQUIRED,False
2023-12-19,MEDANTA,Healthcare,LONG,20.6267,57.2015,36.5748,83.5101,ENTERABLE_TIER_B,TRIGGERED,97.2931,FULL,,,UPWARD,LOW,936.45,58.33497397122835,-76.61087866108784,9.839522000801953,0.9951015571551912,1.990481287744413,33.86071428571427,100.0,0.0,96.4413,81.985,69.7548,96.4413,83.9932,30.2452,MEDIUM,RESEARCH_ONLY_NO_STANDARD_TRADE,False
2023-12-19,NEULANDLAB,OTHER,LONG,9.4852,48.2519,38.7667,84.5072,ENTERABLE_TIER_B,TRIGGERED,97.2931,FULL,,,UPWARD,LOW,5206.4,57.5129552747949,-66.79066621575926,12.086724637933692,1.0500243161028675,2.112970787180949,198.26428571428565,100.0,0.0,94.8301,88.9239,85.9549,94.8301,72.9856,14.0451,LOW,RESEARCH_ONLY_NO_STANDARD_TRADE,False
2023-12-20,RADICO,Fast Moving Consumer Goods,LONG,42.4326,70.5208,28.0882,85.2,ENTERABLE_TIER_B,TRIGGERED,97.2931,FULL,,,UPWARD,LOW,1586.35,54.96689816113952,-79.65604586055194,10.628022827291746,1.7593550183818645,3.3353853034083447,93.03214285714286,100.0,0.0,92.3485,80.7808,80.1923,92.3485,90.2614,19.8077,LOW,UPGRADE_OFACTOR_REQUIRED,False
2023-12-21,ATUL,OTHER,LONG,22.9337,54.8055,31.8718,76.4167,ENTERABLE_TIER_B,TRIGGERED,97.2931,FULL,,,UPWARD,LOW,6862.45,53.74479790476065,-52.94461778471137,1.2620716822874145,0.9652385917711196,1.1700278579552406,156.02857142857147,100.0,0.0,68.0422,69.6338,77.9416,68.0422,95.0009,22.0584,MEDIUM,RESEARCH_ONLY_NO_STANDARD_TRADE,False
2023-12-21,BANDHANBNK,OTHER,LONG,27.5604,63.2494,35.689,81.2799,ENTERABLE_TIER_B,TRIGGERED,97.2931,FULL,,,UPWARD,LOW,238.25,54.26842388129256,-66.48044692737433,2.670319887959656,1.112036583985461,2.377946231103377,7.835714285714287,100.0,0.0,69.4561,72.9444,77.9416,69.4561,85.9617,22.0584,HIGH,RESEARCH_ONLY_NO_STANDARD_TRADE,False
2023-12-21,BPCL,Oil Gas & Consumable Fuels,LONG,55.108,78.0301,22.9221,82.4377,ENTERABLE_TIER_B,TRIGGERED,98.5,FULL,,UPWARD,UPWARD,LOW,449.55,61.24063096995114,-65.8341658341658,11.03906964319965,0.8210290577090633,3.129300772055371,13.46785714285714,100.0,0.0,87.7981,49.2124,100.0,87.7981,97.327,0.0,LOW,QUALIFIED_FOR_INTRADAY_REVALIDATION,True
2023-12-21,CHENNPETRO,OTHER,LONG,43.9125,69.4396,25.5271,73.0911,ENTERABLE_TIER_B,TRIGGERED,97.2931,FULL,,,UPWARD,LOW,684.9,60.735234757900685,-64.11865373645186,14.263744325050643,0.8618814982058051,3.5130941425257367,27.63214285714285,100.0,0.0,59.1056,54.4733,77.9416,59.1056,94.0649,22.0584,LOW,UPGRADE_OFACTOR_REQUIRED,False
2023-12-21,COALINDIA,Oil Gas & Consumable Fuels,LONG,41.7735,69.4257,27.6522,77.1638,ENTERABLE_TIER_B,TRIGGERED,98.5,FULL,,UPWARD,UPWARD,LOW,355.5,58.54308803280729,-55.254237288135634,9.763215949376251,0.7528165752868559,1.9380564588761056,10.739285714285725,100.0,0.0,57.1356,64.9884,100.0,57.1356,95.158,0.0,MEDIUM,UPGRADE_OFACTOR_REQUIRED,False
2023-12-21,COROMANDEL,Chemicals,LONG,24.6306,60.635,36.0044,82.0404,ENTERABLE_TIER_B,TRIGGERED,97.2931,FULL,,,UPWARD,LOW,1202.95,53.925380993415466,-60.56737588652478,4.516189874898899,1.52002560261244,2.032910245109381,31.460714285714307,100.0,0.0,97.4148,64.4636,66.6431,97.4148,60.5222,33.3569,MEDIUM,RESEARCH_ONLY_NO_STANDARD_TRADE,False
2023-12-21,DEEPAKFERT,OTHER,LONG,34.7194,64.6561,29.9367,77.4667,ENTERABLE_TIER_B,TRIGGERED,97.2931,FULL,,,UPWARD,LOW,663.85,54.22601782216689,-58.78612716763008,4.562914082391155,0.9402170144066644,2.038925734726013,29.63928571428574,100.0,0.0,64.3716,74.5608,77.9416,64.3716,87.6515,22.0584,MEDIUM,RESEARCH_ONLY_NO_STANDARD_TRADE,False
2023-12-21,GPIL,OTHER,LONG,17.7518,54.6052,36.8534,80.7918,ENTERABLE_TIER_B,TRIGGERED,97.2931,FULL,,,UPWARD,LOW,686.6,53.63070576599109,-70.2508960573476,5.988398624776866,0.9047726358973308,1.9157514154713964,23.435714285714287,100.0,0.0,92.3123,72.0085,77.9416,92.3123,96.0744,22.0584,MEDIUM,RESEARCH_ONLY_NO_STANDARD_TRADE,False
2023-12-21,HAVELLS,Consumer Durables,LONG,12.8025,55.01,42.2075,74.9245,ENTERABLE_TIER_B,TRIGGERED,98.5,FULL,,TRANSITION,UPWARD,LOW,1341.1,55.818440057182514,-59.88888888888899,1.543309018579384,1.0864310283343244,0.9645296174747956,28.54285714285717,100.0,0.0,62.7753,59.99,72.874,62.7753,85.0751,27.126,MEDIUM,RESEARCH_ONLY_NO_STANDARD_TRADE,False
2023-12-21,IDBI,OTHER,LONG,28.4744,59.1051,30.6307,76.8134,ENTERABLE_TIER_B,TRIGGERED,97.2931,FULL,,,UPWARD,LOW,65.9,51.75851664845738,-65.26946107784421,1.7124819366031931,0.9340269658414384,1.3852252493773285,2.3964285714285696,100.0,0.0,70.9985,58.2712,77.9416,70.9985,94.9925,22.0584,MEDIUM,RESEARCH_ONLY_NO_STANDARD_TRADE,False
2023-12-21,IDFCFIRSTB,Financial Services,LONG,23.3775,61.6045,38.227,78.4549,ENTERABLE_TIER_B,TRIGGERED,97.2931,FULL,,,UPWARD,LOW,88.35,53.08761985895688,-63.07692307692321,1.1538676138933603,0.7739987029167753,0.7710561957144997,2.364285714285716,100.0,0.0,72.7895,59.3958,85.3879,72.7895,96.6163,14.6121,MEDIUM,RESEARCH_ONLY_NO_STANDARD_TRADE,False
2023-12-21,INDIAMART,OTHER,LONG,31.6899,65.2662,33.5763,72.8453,ENTERABLE_TIER_B,TRIGGERED,97.2931,FULL,,,UPWARD,LOW,2739.95,53.79155179005822,-51.51197604790425,-1.5324176362421706,1.2454431038305875,1.0932824258929728,95.73928571428571,100.0,0.0,64.7567,53.436,77.9416,64.7567,93.6494,22.0584,MEDIUM,UPGRADE_OFACTOR_REQUIRED,False
2023-12-21,ITC,Fast Moving Consumer Goods,LONG,19.4494,56.5812,37.1318,84.1706,ENTERABLE_TIER_B,TRIGGERED,98.5,FULL,,TRANSITION,UPWARD,LOW,451.45,52.58512814968277,-65.60196560196565,1.2538386876609848,0.9012458621940832,0.7917042855195127,8.453571428571431,100.0,0.0,89.4325,66.8779,84.5208,89.4325,89.117,15.4792,MEDIUM,RESEARCH_ONLY_NO_STANDARD_TRADE,False
2023-12-21,J&KBANK,OTHER,LONG,48.2074,71.1795,22.9721,73.5613,ENTERABLE_TIER_B,TRIGGERED,97.2931,FULL,,,UPWARD,LOW,123.35,56.23417529424068,-57.020547945205486,11.082009226511808,0.9531998665317356,3.4076176854356173,7.39642857142857,100.0,0.0,61.7608,50.5167,77.9416,61.7608,94.8624,22.0584,LOW,UPGRADE_OFACTOR_REQUIRED,False
2023-12-21,KAJARIACER,OTHER,LONG,29.6558,67.6586,38.0028,81.8858,ENTERABLE_TIER_B,TRIGGERED,97.2931,FULL,,,UPWARD,LOW,1367.2,53.942380767508894,-66.87527939204293,2.5499798892203427,2.197954996185548,1.404591155807437,37.42499999999999,100.0,0.0,87.7132,71.837,77.9416,87.7132,83.1663,22.0584,LOW,UPGRADE_OFACTOR_REQUIRED,False
2023-12-21,KEI,Capital Goods,LONG,15.4945,58.1913,42.6968,78.4882,ENTERABLE_TIER_B,TRIGGERED,97.2931,FULL,,,UPWARD,LOW,2959.75,56.53383678677468,-61.995211492418136,7.366644356023255,1.3033129444601157,2.6519630182036846,102.3035714285714,100.0,0.0,80.8951,56.5216,89.8682,80.8951,88.5634,10.1318,MEDIUM,RESEARCH_ONLY_NO_STANDARD_TRADE,False
2023-12-21,LLOYDSME,Metals & Mining,LONG,48.1082,74.3869,26.2787,74.1123,ENTERABLE_TIER_B,TRIGGERED,97.2931,FULL,,,UPWARD,LOW,606.95,56.99613292362274,-39.06810035842292,6.457538817293877,1.8793702272778343,2.836217466644424,30.860714285714305,100.0,0.0,50.2388,69.6702,96.593,50.2388,74.0123,3.407,LOW,WAIT_FOR_XFACTOR,False
2023-12-21,MEDANTA,Healthcare,LONG,28.9234,62.7657,33.8423,81.6658,ENTERABLE_TIER_B,TRIGGERED,97.2931,FULL,,,UPWARD,LOW,938.25,57.550919925210565,-74.79166666666667,9.426267429552292,1.133892053115343,1.6670170853638953,33.21428571428571,100.0,0.0,99.5685,63.5699,66.3114,99.5685,87.0538,33.6887,MEDIUM,RESEARCH_ONLY_NO_STANDARD_TRADE,False
2023-12-21,OLECTRA,OTHER,LONG,10.0041,52.1016,42.0975,82.4789,ENTERABLE_TIER_B,TRIGGERED,97.2931,FULL,,,UPWARD,LOW,1234.0,51.37471459794548,-66.38930163447253,2.8598617500323003,0.8090750535144445,1.2268112151690216,53.61785714285712,100.0,0.0,95.4928,60.6474,77.9416,95.4928,94.7779,22.0584,MEDIUM,RESEARCH_ONLY_NO_STANDARD_TRADE,False
2023-12-21,RAILTEL,OTHER,LONG,34.9387,64.2953,29.3566,85.2367,ENTERABLE_TIER_B,TRIGGERED,97.2931,FULL,,,UPWARD,LOW,291.55,55.33857147889276,-70.09569377990431,13.399506440021788,0.8505402167057049,3.6201440002167136,13.596428571428572,100.0,0.0,99.0806,63.2256,77.9416,99.0806,90.4387,22.0584,LOW,RESEARCH_ONLY_NO_STANDARD_TRADE,False
2023-12-21,SIEMENS,Capital Goods,LONG,47.5577,71.7236,24.1659,67.1731,ENTERABLE_TIER_B,TRIGGERED,98.5,FULL,,UPWARD,UPWARD,LOW,3966.95,61.85303316399479,-55.12490087232358,7.212492437375294,0.831298038370609,2.8102145504240625,122.61785714285712,100.0,0.0,26.6352,48.523,89.8682,26.6352,97.7002,10.1318,LOW,UPGRADE_OFACTOR_REQUIRED,False
2023-12-21,TATASTEEL,Metals & Mining,LONG,32.5865,63.6623,31.0758,84.665,ENTERABLE_TIER_B,TRIGGERED,98.5,FULL,,TRANSITION,UPWARD,LOW,131.0,54.22193484233233,-67.69230769230764,3.507250646040576,1.021798287013994,1.666382957360137,3.0499999999999963,100.0,0.0,90.765,58.6885,96.593,90.765,94.0984,3.407,MEDIUM,RESEARCH_ONLY_NO_STANDARD_TRADE,False
2023-12-21,TECHM,Information Technology,LONG,23.4292,62.7913,39.3621,82.1786,ENTERABLE_TIER_B,TRIGGERED,98.5,FULL,,TRANSITION,UPWARD,LOW,1250.1,55.95096109170777,-60.99264705882356,3.2956496528919312,1.4749563179709222,1.680003751830402,34.978571428571435,100.0,0.0,72.2544,72.4403,84.7672,72.2544,90.3369,15.2328,HIGH,RESEARCH_ONLY_NO_STANDARD_TRADE,False
2023-12-21,YESBANK,Financial Services,LONG,52.3251,74.9432,22.6181,72.8705,ENTERABLE_TIER_B,TRIGGERED,97.2931,FULL,,,UPWARD,LOW,21.15,57.09369325564226,-50.66666666666673,10.765761615340857,1.089449098060034,3.655531015510861,0.982142857142858,100.0,0.0,55.0303,51.1273,85.3879,55.0303,95.9273,14.6121,LOW,WAIT_FOR_XFACTOR,False
2023-12-22,ANANDRATHI,OTHER,LONG,37.3905,66.2266,28.8361,81.0197,ENTERABLE_TIER_B,TRIGGERED,97.2931,FULL,,,UPWARD,LOW,2580.85,62.80972901991421,-38.4255525084691,18.534514384517635,1.086441737877179,3.3201265781905778,105.42142857142848,100.0,0.0,81.7178,87.5927,85.0938,81.7178,93.6825,14.9062,LOW,UPGRADE_OFACTOR_REQUIRED,False
2023-12-22,BERGEPAINT,Consumer Durables,LONG,18.1273,55.1032,36.9759,81.7436,ENTERABLE_TIER_B,TRIGGERED,97.2931,FULL,,,UPWARD,LOW,583.15,51.81792055585235,-45.174262734584566,-1.4939031360924684,0.7862389640774925,0.1118631893099851,13.582142857142864,100.0,0.0,85.3607,73.7891,78.5447,85.3607,94.5517,21.4553,MEDIUM,RESEARCH_ONLY_NO_STANDARD_TRADE,False
2023-12-22,ITC,Fast Moving Consumer Goods,LONG,28.0312,61.624,33.5928,81.6856,ENTERABLE_TIER_B,TRIGGERED,98.5,FULL,,TRANSITION,UPWARD,LOW,455.2,55.914451799822864,-47.17444717444723,2.025963695498621,0.874418861445003,0.771614726023654,8.364285714285716,100.0,0.0,65.3487,77.7626,87.152,65.3487,96.6524,12.848,HIGH,RESEARCH_ONLY_NO_STANDARD_TRADE,False
2023-12-22,KAJARIACER,OTHER,LONG,33.5404,63.5554,30.015,77.2723,ENTERABLE_TIER_B,TRIGGERED,97.2931,FULL,,,UPWARD,LOW,1383.1,56.675538619477415,-52.65981224854728,3.617499682127009,0.9284936778300468,1.3750328302096992,38.5642857142857,100.0,0.0,68.2305,75.1065,85.0938,68.2305,83.8192,14.9062,HIGH,RESEARCH_ONLY_NO_STANDARD_TRADE,False
2023-12-22,MEDANTA,Healthcare,LONG,50.2933,72.7793,22.486,64.8299,ENTERABLE_TIER_B,TRIGGERED,97.2931,FULL,,,UPWARD,LOW,973.85,65.3976483237078,-45.12499999999999,13.082914581571282,1.0714333717329363,1.8312594919535627,33.26071428571428,100.0,0.0,35.7901,57.2469,67.4301,35.7901,95.3699,32.5699,LOW,UPGRADE_OFACTOR_REQUIRED,False
2023-12-22,SAPPHIRE,OTHER,LONG,18.1389,58.1644,40.0255,82.8153,ENTERABLE_TIER_B,TRIGGERED,97.2931,FULL,,,UPWARD,LOW,1415.75,55.05053599609104,-58.51851851851852,1.5937382327521334,1.2982200397940458,0.5723201990668839,37.61785714285715,100.0,0.0,96.717,75.7562,85.0938,96.717,90.1642,14.9062,HIGH,RESEARCH_ONLY_NO_STANDARD_TRADE,False
2023-12-22,SHRIRAMFIN,Financial Services,LONG,34.1843,66.3265,32.1422,82.0243,ENTERABLE_TIER_B,TRIGGERED,98.5,FULL,,TRANSITION,UPWARD,LOW,2055.45,54.6917827460497,-47.18354430379758,4.56641441561554,1.011680381201153,0.8951381118622982,61.25714285714287,100.0,0.0,72.1257,74.5662,87.6998,72.1257,91.1521,12.3002,HIGH,UPGRADE_OFACTOR_REQUIRED,False
2023-12-26,BPCL,Oil Gas & Consumable Fuels,LONG,40.4829,70.7127,30.2298,88.3896,ENTERABLE_TIER_B,TRIGGERED,98.5,FULL,,UPWARD,UPWARD,LOW,451.6,61.5788748392067,-61.73826173826168,10.77587861365897,1.0004973910895487,2.73803847634138,11.935714285714283,100.0,0.0,96.1041,76.2059,100.0,96.1041,83.5787,0.0,MEDIUM,UPGRADE_OFACTOR_REQUIRED,False
2023-12-26,DMART,Consumer Services,LONG,24.0858,62.5765,38.4907,88.1419,ENTERABLE_TIER_B,TRIGGERED,98.5,FULL,,TRANSITION,UPWARD,LOW,4023.45,57.30658925671953,-60.64784053156152,3.784263943188274,0.800698836485967,1.0457360337003574,90.74999999999991,100.0,0.0,94.4867,87.6143,88.446,94.4867,93.4986,11.554,HIGH,RESEARCH_ONLY_NO_STANDARD_TRADE,False
2023-12-26,ECLERX,OTHER,LONG,24.1683,56.7713,32.603,75.4464,ENTERABLE_TIER_B,TRIGGERED,97.2931,FULL,,,UPWARD,LOW,2615.85,61.528992550364414,-13.621533442088184,13.882751526522291,1.361074561234369,2.3171413200178854,90.89285714285712,100.0,0.0,61.7718,68.8644,84.5866,61.7718,88.976,15.4133,LOW,RESEARCH_ONLY_NO_STANDARD_TRADE,False
2023-12-26,ERIS,OTHER,LONG,19.1023,55.4369,36.3346,77.8542,ENTERABLE_TIER_B,TRIGGERED,97.2931,FULL,,,UPWARD,LOW,907.7,54.66675363998112,-23.35443037974675,3.377417816678669,1.657301422702474,-0.4951200308431425,28.310714285714287,100.0,0.0,77.2348,70.6825,84.5866,77.2348,91.0988,15.4133,MEDIUM,RESEARCH_ONLY_NO_STANDARD_TRADE,False
2023-12-26,GRASIM,Construction Materials,LONG,33.4161,65.2086,31.7925,87.8432,ENTERABLE_TIER_B,TRIGGERED,98.5,FULL,,UPWARD,UPWARD,LOW,2069.55,55.1615661873068,-66.32653061224484,4.220994246151683,0.937453813230829,1.397021201329001,44.65357142857142,100.0,0.0,93.8601,81.5916,97.0994,93.8601,87.9517,2.9006,HIGH,UPGRADE_OFACTOR_REQUIRED,False
2023-12-26,INDIGO,Services,LONG,53.6224,75.39,21.7676,75.164,ENTERABLE_TIER_B,TRIGGERED,98.5,FULL,,UPWARD,UPWARD,LOW,2921.1,61.54547348745292,-46.3974663499605,8.670929568811358,0.8950000724635434,2.6177660839341006,75.21071428571427,100.0,0.0,50.6985,69.632,100.0,50.6985,90.8524,0.0,MEDIUM,WAIT_FOR_XFACTOR,False
2023-12-26,MOTHERSON,Automobile and Auto Components,LONG,34.3001,65.4471,31.147,79.4528,ENTERABLE_TIER_B,TRIGGERED,98.5,FULL,,UPWARD,UPWARD,LOW,96.1,55.63532325724725,-39.17525773195887,2.724832340087277,0.8781557119840219,0.982915688893904,2.6892857142857145,100.0,0.0,62.8774,73.9708,79.8869,62.8774,93.3068,20.1131,HIGH,UPGRADE_OFACTOR_REQUIRED,False
2023-12-26,NAVINFLUOR,OTHER,LONG,13.2159,53.5627,40.3468,84.2699,ENTERABLE_TIER_B,TRIGGERED,97.2931,FULL,,,UPWARD,LOW,3797.85,54.29375441559655,-60.68504594820382,-0.7640453757459917,0.8949182433814279,0.6484446790525367,92.49642857142862,100.0,0.0,88.3473,81.9452,84.5866,88.3473,83.9345,15.4133,MEDIUM,RESEARCH_ONLY_NO_STANDARD_TRADE,False
2023-12-26,OLECTRA,OTHER,LONG,25.3831,58.788,33.4049,82.1423,ENTERABLE_TIER_B,TRIGGERED,97.2931,FULL,,,UPWARD,LOW,1254.05,54.931830898521824,-54.47251114413081,4.298860258259711,0.920830262650033,1.0390717154752778,53.98928571428569,100.0,0.0,73.1922,79.2551,84.5866,73.1922,92.6282,15.4133,MEDIUM,RESEARCH_ONLY_NO_STANDARD_TRADE,False
2023-12-26,SAREGAMA,OTHER,LONG,27.5827,61.0985,33.5158,79.4148,ENTERABLE_TIER_B,TRIGGERED,97.2931,FULL,,,UPWARD,LOW,369.7,53.230684466982645,-44.299287410926425,1.574895314504722,2.394815538876205,0.1366975225758806,11.807142857142852,100.0,0.0,97.7132,61.8875,84.5866,97.7132,88.1428,15.4133,LOW,RESEARCH_ONLY_NO_STANDARD_TRADE,False
2023-12-26,UBL,Fast Moving Consumer Goods,LONG,35.5596,69.0614,33.5018,82.2128,ENTERABLE_TIER_B,TRIGGERED,97.2931,FULL,,,UPWARD,LOW,1708.95,58.64088668825279,-56.99578848853525,4.476255302773733,1.3313366525082164,1.2535373689079834,38.68928571428574,100.0,0.0,79.3009,79.2191,87.13,79.3009,94.7789,12.87,HIGH,UPGRADE_OFACTOR_REQUIRED,False
2023-12-26,ZENTEC,OTHER,LONG,25.5293,56.2458,30.7165,72.7943,ENTERABLE_TIER_B,TRIGGERED,97.2931,FULL,,,UPWARD,LOW,771.8,59.56895337882982,-26.933333333333398,19.531054995598733,0.8648703489751551,2.0609061752914597,23.239285714285725,100.0,0.0,59.7879,57.3137,84.5866,59.7879,82.4435,15.4133,LOW,RESEARCH_ONLY_NO_STANDARD_TRADE,False
2023-12-27,AMBER,OTHER,LONG,8.5422,52.102,43.5598,83.8197,ENTERABLE_TIER_B,TRIGGERED,97.2931,FULL,,,UPWARD,NORMAL,3130.3,50.4900130783516,-68.77502001601279,2.509170231872125,1.2568377547765646,-0.2421611186696262,104.9285714285714,100.0,0.0,90.2807,79.9101,81.975,90.2807,81.0538,18.025,MEDIUM,RESEARCH_ONLY_NO_STANDARD_TRADE,False
2023-12-27,CHOICEIN,OTHER,LONG,15.2672,51.9507,36.6835,79.8789,ENTERABLE_TIER_B,TRIGGERED,97.2931,FULL,,,UPWARD,NORMAL,445.15,56.83984051259354,-45.56737588652492,3.946795087955379,0.8751208080853093,0.4945830181051348,11.27142857142856,100.0,0.0,82.3743,79.5944,81.975,82.3743,83.853,18.025,MEDIUM,RESEARCH_ONLY_NO_STANDARD_TRADE,False
2023-12-27,DMART,Consumer Services,LONG,18.2602,59.7701,41.5099,88.1332,ENTERABLE_TIER_B,TRIGGERED,98.5,FULL,,TRANSITION,UPWARD,NORMAL,4027.45,57.71325928892869,-59.31893687707648,3.757330176145843,0.947021208013484,1.005621824534497,85.55714285714281,100.0,0.0,95.5274,87.1665,87.1317,95.5274,83.2393,12.8683,HIGH,RESEARCH_ONLY_NO_STANDARD_TRADE,False
2023-12-27,ICICIBANK,Financial Services,LONG,31.5936,63.9793,32.3857,86.0081,ENTERABLE_TIER_B,TRIGGERED,98.5,FULL,,UPWARD,UPWARD,NORMAL,1002.25,56.69005623445085,-74.61746174617461,3.3052487508106587,0.7737430269039861,1.409713244733081,16.464285714285715,100.0,0.0,90.1504,75.0976,82.7386,90.1504,93.5618,17.2614,HIGH,RESEARCH_ONLY_NO_STANDARD_TRADE,False
2023-12-27,M&MFIN,Financial Services,LONG,24.119,58.2492,34.1302,82.9677,ENTERABLE_TIER_B,TRIGGERED,97.2931,FULL,,,UPWARD,NORMAL,276.8,52.52773229975642,-56.30498533724333,-0.1111083534799527,0.962525306721627,-0.0024201369293747,8.317857142857147,100.0,0.0,83.6296,72.1082,82.7386,83.6296,87.0159,17.2614,HIGH,RESEARCH_ONLY_NO_STANDARD_TRADE,False
2023-12-27,NAVINFLUOR,OTHER,LONG,22.1371,57.4398,35.3027,73.1033,ENTERABLE_TIER_B,TRIGGERED,97.2931,FULL,,,UPWARD,NORMAL,3851.0,59.58618441048546,-42.92397660818708,0.6044633561535142,1.1475963956239643,0.7219830343873155,96.63928571428576,100.0,0.0,57.6415,66.8872,81.975,57.6415,87.5827,18.025,MEDIUM,RESEARCH_ONLY_NO_STANDARD_TRADE,False
2023-12-27,NBCC,OTHER,LONG,46.7798,70.522,23.7422,85.3006,ENTERABLE_TIER_B,TRIGGERED,97.2931,FULL,,,UPWARD,NORMAL,79.95,58.975349864121554,-44.40298507462686,14.16488988807388,0.826446681190091,3.2056493101994183,3.835714285714287,100.0,0.0,79.0999,86.9646,81.975,79.0999,84.879,18.025,LOW,UPGRADE_OFACTOR_REQUIRED,False
2023-12-27,NYKAA,Consumer Services,LONG,26.8382,62.0096,35.1714,84.5414,ENTERABLE_TIER_B,TRIGGERED,97.2931,FULL,,,UPWARD,NORMAL,173.6,56.99190632836011,-37.12121212121215,7.9702212234466,0.8306263194658959,1.5339840735506098,7.457142857142862,100.0,0.0,86.4336,81.7625,87.1317,86.4336,94.3678,12.8683,MEDIUM,RESEARCH_ONLY_NO_STANDARD_TRADE,False
2023-12-27,SUNDARMFIN,Financial Services,LONG,51.5192,67.9368,16.4176,69.6004,ENTERABLE_TIER_B,TRIGGERED,97.2931,FULL,,,UPWARD,NORMAL,3596.6,59.25032715920766,-33.40998685939553,9.845510520590818,0.8555270661828651,2.422117827554382,153.85,100.0,0.0,48.9048,67.6048,82.7386,48.9048,81.5665,17.2614,MEDIUM,UPGRADE_OFACTOR_REQUIRED,False
2023-12-27,TRITURBINE,OTHER,LONG,12.7083,49.6329,36.9246,81.5708,ENTERABLE_TIER_B,TRIGGERED,97.2931,FULL,,,UPWARD,NORMAL,414.5,54.40967493106783,-33.99433427762039,2.767976143773824,0.7740870335814098,0.1325468064236103,11.792857142857136,100.0,0.0,98.4878,68.7947,81.975,98.4878,91.5203,18.025,LOW,RESEARCH_ONLY_NO_STANDARD_TRADE,False
2023-12-28,BANKINDIA,Financial Services,LONG,41.119,71.6042,30.4852,82.1944,ENTERABLE_TIER_B,TRIGGERED,97.2931,FULL,,,UPWARD,NORMAL,113.5,56.56746027196804,-48.05194805194808,7.294352467397181,0.8270764641660505,1.237888609507701,4.560714285714286,100.0,0.0,73.4691,72.8113,80.1171,73.4691,94.7377,19.883,MEDIUM,UPGRADE_OFACTOR_REQUIRED,False
2023-12-28,DABUR,Fast Moving Consumer Goods,LONG,19.6038,62.1017,42.4979,80.617,ENTERABLE_TIER_B,TRIGGERED,97.2931,FULL,,,UPWARD,NORMAL,543.1,53.25921771224744,-44.20168067226883,0.2476800992685015,1.423376716624549,-0.2094010992337787,8.546428571428578,100.0,0.0,94.1496,59.0472,85.9879,94.1496,87.5972,14.0122,MEDIUM,RESEARCH_ONLY_NO_STANDARD_TRADE,False
2023-12-28,JUBLFOOD,Consumer Services,LONG,21.5384,58.7705,37.2321,80.8841,ENTERABLE_TIER_B,TRIGGERED,97.2931,FULL,,,UPWARD,NORMAL,570.15,59.75749531179877,-48.9795918367348,5.402630368410496,0.9302290084566848,1.603683511693247,13.767857142857158,100.0,0.0,68.2473,80.5344,85.8983,68.2473,81.5512,14.1017,HIGH,RESEARCH_ONLY_NO_STANDARD_TRADE,False
2023-12-28,MEDANTA,Healthcare,LONG,32.3801,64.7315,32.3514,75.3185,ENTERABLE_TIER_B,TRIGGERED,97.2931,FULL,,,UPWARD,NORMAL,962.75,60.90326946650556,-21.44906743185084,10.592974804773725,1.228385399576686,1.9132691375203463,29.514285714285705,100.0,0.0,68.4503,55.6147,78.4797,68.4503,90.1742,21.5203,MEDIUM,RESEARCH_ONLY_NO_STANDARD_TRADE,False
2023-12-28,NH,OTHER,LONG,8.5982,50.4338,41.8356,80.9081,ENTERABLE_TIER_B,TRIGGERED,97.2931,FULL,,,UPWARD,NORMAL,1198.15,56.5159138143351,-24.918300653594752,5.3963851932409055,1.369057995188791,0.6312191201423247,26.93571428571433,100.0,0.0,75.3054,82.8481,82.1581,75.3054,77.3535,17.842,MEDIUM,RESEARCH_ONLY_NO_STANDARD_TRADE,False
2023-12-28,RBLBANK,OTHER,LONG,47.3398,77.539,30.1992,85.9253,ENTERABLE_TIER_B,TRIGGERED,97.2931,FULL,,,UPWARD,NORMAL,268.9,54.47379113445157,-67.75956284153014,7.779683005174926,1.0665210229992812,2.5842218527267606,12.664285714285716,100.0,0.0,84.4181,82.9442,82.1581,84.4181,96.3677,17.842,LOW,QUALIFIED_FOR_INTRADAY_REVALIDATION,True
2023-12-28,UPL,Chemicals,LONG,17.4048,58.0322,40.6274,85.5549,ENTERABLE_TIER_B,TRIGGERED,97.2931,FULL,,,UPWARD,NORMAL,589.45,53.40019085352033,-51.5800203873598,0.4675645686006267,0.7970350623245426,0.526096476453162,13.842857142857149,100.0,0.0,95.6897,78.4727,71.748,95.6897,95.5212,28.252,MEDIUM,RESEARCH_ONLY_NO_STANDARD_TRADE,False
2023-12-28,ZEEL,OTHER,LONG,34.5931,68.0427,33.4496,85.6872,ENTERABLE_TIER_B,TRIGGERED,97.2931,FULL,,,UPWARD,NORMAL,271.3,53.35466381353895,-55.09214354995148,3.819125794429519,0.7763697700636446,0.7802075053084857,14.478571428571426,100.0,0.0,90.9176,71.9586,82.1581,90.9176,95.5797,17.842,LOW,UPGRADE_OFACTOR_REQUIRED,False
2023-12-29,AAVAS,OTHER,LONG,31.5844,62.1651,30.5807,75.4646,ENTERABLE_TIER_B,TRIGGERED,97.2931,FULL,,,UPWARD,LOW,1532.25,55.08003864803026,-45.7831325301205,0.3268042932597897,0.7721250287073227,-0.0387125561009814,45.06785714285717,100.0,0.0,61.2658,70.2227,87.2665,61.2658,94.8966,12.7335,HIGH,RESEARCH_ONLY_NO_STANDARD_TRADE,False
2023-12-29,ANANDRATHI,OTHER,LONG,44.2799,71.7533,27.4734,77.1448,ENTERABLE_TIER_B,TRIGGERED,97.2931,FULL,,,UPWARD,LOW,2593.7,60.988147152830535,-34.27972253589291,16.5645994143838,1.6885646582034426,2.6995536900192767,105.5464285714285,100.0,0.0,78.0002,73.9451,87.2665,78.0002,97.2713,12.7335,LOW,UPGRADE_OFACTOR_REQUIRED,False
2023-12-29,APOLLOTYRE,Automobile and Auto Components,LONG,51.454,75.7775,24.3235,79.3358,ENTERABLE_TIER_B,TRIGGERED,97.2931,FULL,,,UPWARD,LOW,454.05,61.70502458662594,-47.07224334600759,7.64991853246394,1.0324282378998464,0.97056376180717,15.757142857142854,100.0,0.0,68.2895,61.922,87.16,68.2895,97.2076,12.8401,MEDIUM,QUALIFIED_FOR_INTRADAY_REVALIDATION,True
2023-12-29,BATAINDIA,OTHER,LONG,20.9163,58.2474,37.3311,83.0119,ENTERABLE_TIER_B,TRIGGERED,97.2931,FULL,,,UPWARD,LOW,1651.4,55.91745210324771,-49.13996627318712,1.4789505627772066,0.9566078013064502,0.3921400630924715,40.26428571428572,100.0,0.0,88.5051,77.449,87.2665,88.5051,91.2081,12.7335,HIGH,RESEARCH_ONLY_NO_STANDARD_TRADE,False
2023-12-29,CCL,OTHER,LONG,16.6149,55.7837,39.1688,78.7593,ENTERABLE_TIER_B,TRIGGERED,97.2931,FULL,,,UPWARD,LOW,643.75,52.51326129945306,-41.19138149556396,0.9740446685645746,1.8541675777028324,-0.2538215302220212,17.414285714285718,100.0,0.0,98.8802,54.9795,87.2665,98.8802,85.644,12.7335,MEDIUM,RESEARCH_ONLY_NO_STANDARD_TRADE,False
2023-12-29,HINDZINC,Metals & Mining,LONG,36.3457,68.2926,31.9469,80.9391,ENTERABLE_TIER_B,TRIGGERED,98.5,FULL,,UPWARD,UPWARD,LOW,318.05,58.15232440771676,-36.30705394190868,2.295088542708443,1.6181725457044571,0.3681084771332973,5.2928571428571445,100.0,0.0,81.453,67.1255,100.0,81.453,69.7706,0.0,MEDIUM,UPGRADE_OFACTOR_REQUIRED,False
2023-12-29,IPCALAB,Healthcare,LONG,20.8705,54.5081,33.6376,79.3441,ENTERABLE_TIER_B,TRIGGERED,97.2931,FULL,,,UPWARD,LOW,1113.15,58.11204338596448,-22.41935483870958,6.9297293142147485,0.8784615064609017,0.378077809467305,30.378571428571476,100.0,0.0,80.4522,69.5838,82.337,80.4522,96.1157,17.663,MEDIUM,RESEARCH_ONLY_NO_STANDARD_TRADE,False
2023-12-29,IRCON,OTHER,LONG,28.5948,63.642,35.0472,84.2086,ENTERABLE_TIER_B,TRIGGERED,97.2931,FULL,,,UPWARD,LOW,171.4,55.88514675744173,-44.15584415584412,9.870601235849987,0.7609187435280717,1.5800890545530937,7.360714285714282,100.0,0.0,76.2478,80.165,87.2665,76.2478,86.4144,12.7335,MEDIUM,RESEARCH_ONLY_NO_STANDARD_TRADE,False
2023-12-29,JPPOWER,OTHER,LONG,48.327,72.6592,24.3322,81.9228,ENTERABLE_TIER_B,TRIGGERED,97.2931,FULL,,,UPWARD,LOW,13.95,55.11534185720324,-42.372881355932215,12.408211944361328,0.864544553399083,1.3067789010106772,0.7035714285714285,100.0,0.0,82.9442,65.8883,87.2665,82.9442,94.3147,12.7335,LOW,UPGRADE_OFACTOR_REQUIRED,False
2023-12-29,M&MFIN,Financial Services,LONG,12.3731,57.6956,45.3225,85.9995,ENTERABLE_TIER_B,TRIGGERED,97.2931,FULL,,,UPWARD,LOW,276.7,52.35708380468874,-56.59824046920821,-0.0990339759467949,1.3477707402895414,0.0515095232977742,8.703571428571435,100.0,0.0,85.5232,83.2253,86.3511,85.5232,77.7103,13.6488,HIGH,RESEARCH_ONLY_NO_STANDARD_TRADE,False
2023-12-29,MOTILALOFS,Financial Services,LONG,45.3115,67.2772,21.9657,81.4966,ENTERABLE_TIER_B,TRIGGERED,97.2931,FULL,,,UPWARD,LOW,1240.85,56.15427895825306,-48.26287149434916,11.267199413202826,0.911613950445945,2.3766535280299936,51.61428571428576,100.0,0.0,82.7212,81.7492,86.3511,82.7212,98.1788,13.6488,MEDIUM,UPGRADE_OFACTOR_REQUIRED,False
2023-12-29,MSUMI,OTHER,LONG,15.5805,60.153,44.5725,81.0677,ENTERABLE_TIER_B,TRIGGERED,97.2931,FULL,,,UPWARD,LOW,61.75,55.27082932494266,-41.11111111111114,1.3855619485207844,2.065095132098292,0.2269454104467322,1.6607142857142867,100.0,0.0,73.7061,81.9355,87.2665,73.7061,55.4409,12.7335,LOW,RESEARCH_ONLY_NO_STANDARD_TRADE,False
2023-12-29,NAM-INDIA,Financial Services,LONG,48.3529,67.3848,19.0319,80.9835,ENTERABLE_TIER_B,TRIGGERED,97.2931,FULL,,,UPWARD,LOW,447.85,56.80558652947455,-72.511013215859,9.981005492715626,0.7739781095632299,1.967508091833372,16.557142857142853,100.0,0.0,89.2695,65.0906,86.3511,89.2695,97.2217,13.6488,MEDIUM,UPGRADE_OFACTOR_REQUIRED,False
2023-12-29,NYKAA,Consumer Services,LONG,30.7471,63.9088,33.1617,82.7058,ENTERABLE_TIER_B,TRIGGERED,97.2931,FULL,,,UPWARD,LOW,173.95,57.08763775207925,-35.795454545454604,7.6597157971456,0.9556516620045268,1.486437012263732,7.464285714285721,100.0,0.0,82.5391,74.5455,91.1859,82.5391,92.7656,8.814,MEDIUM,RESEARCH_ONLY_NO_STANDARD_TRADE,False
2023-12-29,OFSS,Information Technology,LONG,19.3691,60.3594,40.9903,83.1456,ENTERABLE_TIER_B,TRIGGERED,97.2931,FULL,,,UPWARD,LOW,4212.8,54.24299136825505,-52.307474518686256,2.540390621472175,1.3079072606618305,0.852180557071204,109.62857142857136,100.0,0.0,77.9437,86.2627,90.2973,77.9437,83.7086,9.7027,HIGH,RESEARCH_ONLY_NO_STANDARD_TRADE,False
2023-12-29,RPOWER,OTHER,LONG,51.4166,77.5105,26.0939,80.869,ENTERABLE_TIER_B,TRIGGERED,97.2931,FULL,,,UPWARD,LOW,23.3,56.45253861472274,-41.30434782608695,10.57847575316612,0.9977919646689096,1.7348456514306982,1.2607142857142857,100.0,0.0,79.6412,65.0992,87.2665,79.6412,96.8272,12.7335,LOW,QUALIFIED_FOR_INTRADAY_REVALIDATION,True
2023-12-29,SAPPHIRE,OTHER,LONG,17.9188,55.0502,37.1314,80.7738,ENTERABLE_TIER_B,TRIGGERED,97.2931,FULL,,,UPWARD,LOW,1421.1,54.87744514272926,-39.60990247561899,1.76003830125649,0.8348426775965683,0.5142655062437761,33.496428571428574,100.0,0.0,93.1834,71.2208,87.2665,93.1834,84.5954,12.7335,HIGH,RESEARCH_ONLY_NO_STANDARD_TRADE,False
2023-12-29,SHRIRAMFIN,Financial Services,LONG,20.3195,60.6176,40.2981,88.0987,ENTERABLE_TIER_B,TRIGGERED,98.5,FULL,,TRANSITION,UPWARD,LOW,2053.3,54.20228201373615,-48.54430379746824,3.9328103316101584,0.790620429280978,0.7738731919200013,58.36428571428577,100.0,0.0,89.754,89.4799,86.3511,89.754,89.9253,13.6488,HIGH,RESEARCH_ONLY_NO_STANDARD_TRADE,False
2023-12-29,TORNTPOWER,Power,LONG,32.1054,62.8614,30.756,83.5597,ENTERABLE_TIER_B,TRIGGERED,97.2931,FULL,,,UPWARD,LOW,933.85,57.99841224047616,-37.85337805462385,11.31753869361124,1.3319223073993771,1.9008737756887648,34.60000000000001,100.0,0.0,94.422,60.9827,100.0,94.422,92.948,0.0,MEDIUM,RESEARCH_ONLY_NO_STANDARD_TRADE,False
2023-12-29,YESBANK,Financial Services,LONG,46.7171,73.9785,27.2614,78.6008,ENTERABLE_TIER_B,TRIGGERED,97.2931,FULL,,,UPWARD,LOW,21.45,59.13748692642972,-51.61290322580648,10.619545462140064,0.8114688248456784,2.5088750494105763,0.978571428571429,100.0,0.0,56.0584,69.3431,86.3511,56.0584,85.6934,13.6488,LOW,UPGRADE_OFACTOR_REQUIRED,False
2024-01-01,AWL,Fast Moving Consumer Goods,LONG,40.0551,69.1914,29.1363,85.7595,ENTERABLE_TIER_B,TRIGGERED,97.2931,FULL,,,UPWARD,LOW,367.0,56.98838146621198,-28.801843317972367,4.935679100019109,0.7761173591855248,1.405858147004078,11.532142857142851,100.0,0.0,99.6531,58.5506,90.9394,99.6531,70.1703,9.0605,MEDIUM,UPGRADE_OFACTOR_REQUIRED,False
2024-01-01,JKCEMENT,Construction Materials,LONG,35.7718,67.9198,32.148,85.7153,ENTERABLE_TIER_B,TRIGGERED,97.2931,FULL,,,UPWARD,LOW,3827.2,60.64676455213905,-60.156806842480485,7.153114520343321,1.024532137794422,1.6838675813169248,98.01428571428563,100.0,0.0,95.0568,79.3091,98.9108,95.0568,84.5737,1.0892,HIGH,UPGRADE_OFACTOR_REQUIRED,False
2024-01-01,PFC,Financial Services,LONG,56.0698,77.6774,21.6076,84.5591,ENTERABLE_TIER_B,TRIGGERED,98.5,FULL,,UPWARD,UPWARD,LOW,395.05,62.87754586101919,-55.79470198675497,18.678997892804496,0.8634884158837068,4.078598696241345,16.66071428571428,100.0,0.0,88.4859,66.268,84.7392,88.4859,88.1158,15.2607,LOW,QUALIFIED_FOR_INTRADAY_REVALIDATION,True
2024-01-01,SCI,OTHER,LONG,48.7877,70.4541,21.6664,82.3349,ENTERABLE_TIER_B,TRIGGERED,97.2931,FULL,,,UPWARD,LOW,163.9,60.61063449270753,-54.27872860635698,10.521949242033196,0.8308519115208852,3.2424845368777118,7.54285714285714,100.0,0.0,76.291,76.6667,86.7604,76.291,89.3939,13.2396,LOW,UPGRADE_OFACTOR_REQUIRED,False
2024-01-01,SUMICHEM,OTHER,LONG,23.5648,63.1994,39.6346,81.6843,ENTERABLE_TIER_B,TRIGGERED,97.2931,FULL,,,UPWARD,LOW,410.15,55.256610272377294,-34.14211438474875,1.384502133236032,1.7871660314673397,0.5033353359748168,10.69285714285714,100.0,0.0,88.9334,77.7422,86.7604,88.9334,95.324,13.2396,MEDIUM,RESEARCH_ONLY_NO_STANDARD_TRADE,False
2024-01-01,UPL,Chemicals,LONG,16.0509,58.604,42.5531,86.3334,ENTERABLE_TIER_B,TRIGGERED,97.2931,FULL,,,UPWARD,LOW,592.7,55.16170089160765,-44.95412844036692,0.9853086478393998,1.0040640547489632,0.5222997696565607,12.689285714285711,100.0,0.0,87.1939,82.6625,81.3706,87.1939,77.3037,18.6294,HIGH,RESEARCH_ONLY_NO_STANDARD_TRADE,False
2024-01-02,ANANDRATHI,OTHER,LONG,20.1152,55.7169,35.6017,79.4953,ENTERABLE_TIER_B,TRIGGERED,97.2931,FULL,,,UPWARD,LOW,2578.6,59.060500298238026,-39.15147604452331,14.746938666385438,1.0160722045587411,2.4598425805583104,108.13214285714282,100.0,0.0,84.1799,74.6421,89.2531,84.1799,80.6163,10.747,LOW,RESEARCH_ONLY_NO_STANDARD_TRADE,False
2024-01-02,BAJFINANCE,Financial Services,LONG,25.7663,63.9086,38.1423,78.9611,ENTERABLE_TIER_B,TRIGGERED,98.5,FULL,,SIDEWAYS,UPWARD,LOW,7430.05,53.75705432645937,-48.19463392451111,0.5550293305858378,1.076241414045009,-0.1226746421151191,148.80357142857142,100.0,0.0,73.4885,59.6784,84.0682,73.4885,95.9544,15.9318,MEDIUM,RESEARCH_ONLY_NO_STANDARD_TRADE,False
2024-01-02,UPL,Chemicals,LONG,12.8892,57.8913,45.0021,85.2032,ENTERABLE_TIER_B,TRIGGERED,97.2931,FULL,,,UPWARD,LOW,594.45,56.16610727005946,-41.386340468909225,1.2415603288484431,1.202351733694183,0.5677079840377638,12.964285714285714,100.0,0.0,82.4646,83.3388,81.4379,82.4646,71.1515,18.5621,HIGH,RESEARCH_ONLY_NO_STANDARD_TRADE,False
2024-01-03,ABB,Capital Goods,LONG,32.5846,67.4533,34.8687,84.0834,ENTERABLE_TIER_B,TRIGGERED,98.5,FULL,,TRANSITION,TRANSITION,LOW,4775.55,59.06826600594484,-42.404767469034816,6.303292404298872,1.315281997867736,1.4384614426450315,132.1464285714284,83.4573,16.5427,84.5954,76.859,81.7968,84.5954,83.5486,18.2032,HIGH,UPGRADE_OFACTOR_REQUIRED,False
2024-01-03,AUBANK,Financial Services,LONG,27.8576,61.7111,33.8535,77.9053,ENTERABLE_TIER_B,TRIGGERED,97.2931,FULL,,,TRANSITION,LOW,770.35,56.60936446833895,-41.42441860465112,4.183802362330162,1.01332631003215,1.664914062281316,22.182142857142853,83.4573,16.5427,68.0073,70.5168,75.4308,68.0073,93.1476,24.5692,HIGH,RESEARCH_ONLY_NO_STANDARD_TRADE,False
2024-01-03,BAYERCROP,OTHER,LONG,33.004,63.9774,30.9734,83.4597,ENTERABLE_TIER_B,TRIGGERED,97.2931,FULL,,,TRANSITION,LOW,5513.8,54.43679987011129,-63.37659245148226,3.380395427741494,2.4442409746617835,0.9763804999148218,131.41428571428565,83.4573,16.5427,87.2097,86.866,85.5647,87.2097,89.0118,14.4354,LOW,RESEARCH_ONLY_NO_STANDARD_TRADE,False
2024-01-03,INDHOTEL,Consumer Services,LONG,45.9475,77.894,31.9465,70.0205,ENTERABLE_TIER_B,TRIGGERED,98.5,FULL,,TRANSITION,TRANSITION,LOW,451.45,63.71502922825391,-9.317585301837294,6.664305535823428,2.208851695089392,1.0969725589032056,11.696428571428568,83.4573,16.5427,24.9913,54.0031,82.6961,24.9913,87.8595,17.3039,LOW,WAIT_FOR_XFACTOR,False
2024-01-03,INDIACEM,OTHER,LONG,28.7189,66.0053,37.2864,88.544,ENTERABLE_TIER_B,TRIGGERED,97.2931,FULL,,,TRANSITION,LOW,262.95,59.22996112280194,-35.65088757396452,8.341303799573751,1.3774125094114358,2.139706016962498,11.242857142857146,83.4573,16.5427,92.5731,88.9708,85.5647,92.5731,76.6963,14.4354,MEDIUM,UPGRADE_OFACTOR_REQUIRED,False
2024-01-03,IOB,OTHER,LONG,28.048,63.3961,35.3481,85.7177,ENTERABLE_TIER_B,TRIGGERED,97.2931,FULL,,,TRANSITION,LOW,43.95,56.45076805142269,-52.59259259259255,6.689001239771146,1.0102401787024742,1.3266308637639894,1.9,83.4573,16.5427,85.7895,87.3684,85.5647,85.7895,80.0,14.4354,MEDIUM,RESEARCH_ONLY_NO_STANDARD_TRADE,False
2024-01-03,KOTAKBANK,Financial Services,LONG,23.6363,60.2176,36.5813,84.9065,ENTERABLE_TIER_B,TRIGGERED,98.5,FULL,,TRANSITION,TRANSITION,LOW,1865.9,56.06468750463375,-49.87654320987647,2.9274302338223515,1.061897675928985,1.4800290766136546,31.985714285714295,83.4573,16.5427,85.3789,77.1773,75.4308,85.3789,94.8727,24.5692,HIGH,RESEARCH_ONLY_NO_STANDARD_TRADE,False
2024-01-03,M&MFIN,Financial Services,LONG,2.4132,54.8046,52.3914,87.7724,ENTERABLE_TIER_B,TRIGGERED,97.2931,FULL,,,TRANSITION,LOW,275.65,51.35551949476885,-59.67741935483873,-0.4179732338122097,1.6373527790990812,0.095842821502055,9.328571428571426,83.4573,16.5427,95.462,84.3492,75.4308,95.462,78.3461,24.5692,MEDIUM,RESEARCH_ONLY_NO_STANDARD_TRADE,False
2024-01-03,NCC,OTHER,LONG,30.5582,66.3796,35.8214,83.3653,ENTERABLE_TIER_B,TRIGGERED,97.2931,FULL,,,TRANSITION,LOW,170.65,56.97695804560049,-39.27893738140416,4.957134715137622,1.3839235748000338,0.4375515440739129,5.94285714285714,83.4573,16.5427,85.3045,72.0673,85.5647,85.3045,89.5673,14.4354,HIGH,UPGRADE_OFACTOR_REQUIRED,False
2024-01-03,PNBHOUSING,OTHER,LONG,4.8898,45.6192,40.7294,85.5584,ENTERABLE_TIER_B,TRIGGERED,97.2931,FULL,,,TRANSITION,LOW,788.15,52.46376190264489,-67.29182295573898,3.757930240643786,1.1177928726219135,0.2392104293175074,22.41428571428572,83.4573,16.5427,95.0552,94.557,85.5647,95.0552,71.8037,14.4354,LOW,RESEARCH_ONLY_NO_STANDARD_TRADE,False
2024-01-03,SBFC,OTHER,LONG,36.3156,65.3641,29.0485,76.0019,ENTERABLE_TIER_B,TRIGGERED,97.2931,FULL,,,TRANSITION,LOW,91.35,55.00887625622325,-47.080291970802925,3.2019551422570425,1.0749712693820923,0.3339500687475482,3.392857142857146,83.4573,16.5427,79.0737,58.1474,85.5647,79.0737,88.8,14.4354,MEDIUM,UPGRADE_OFACTOR_REQUIRED,False
2024-01-03,TVSMOTOR,Automobile and Auto Components,LONG,38.6932,67.0326,28.3394,77.1827,ENTERABLE_TIER_B,TRIGGERED,98.5,FULL,,TRANSITION,TRANSITION,LOW,1997.9,61.45329774960573,-45.29147982062775,11.124191900910205,0.9153394628963988,2.647629104301885,47.396428571428565,83.4573,16.5427,69.7903,68.3098,75.7885,69.7903,84.809,24.2115,MEDIUM,UPGRADE_OFACTOR_REQUIRED,False
2024-01-04,BAJAJFINSV,Financial Services,LONG,23.5416,66.5755,43.0339,85.3463,ENTERABLE_TIER_B,TRIGGERED,98.5,FULL,,SIDEWAYS,TRANSITION,LOW,1701.95,57.4014120147674,-37.56613756613751,3.568389735990784,1.8397116985285813,0.4947135756260526,31.410714285714285,82.1065,17.8935,79.9962,84.7823,82.9582,79.9962,71.9841,17.0418,MEDIUM,UPGRADE_OFACTOR_REQUIRED,False
2024-01-04,CDSL,OTHER,LONG,30.2517,65.0312,34.7795,82.9032,ENTERABLE_TIER_B,TRIGGERED,97.2931,FULL,,,TRANSITION,LOW,1885.05,58.63807145005415,-32.857142857142875,10.473925449181936,1.3285161439989877,0.920315577130943,57.74285714285715,82.1065,17.8935,78.3841,68.7927,90.9615,78.3841,83.5824,9.0385,MEDIUM,UPGRADE_OFACTOR_REQUIRED,False
2024-01-04,FEDERALBNK,Financial Services,LONG,24.881,64.8384,39.9574,84.5368,ENTERABLE_TIER_B,TRIGGERED,97.2931,FULL,,,TRANSITION,LOW,154.85,54.64380819502412,-44.72361809045236,3.202666922595285,1.25238857669541,0.6047781437023704,3.664285714285713,82.1065,17.8935,91.4945,73.8012,82.9582,91.4945,95.6335,17.0418,HIGH,RESEARCH_ONLY_NO_STANDARD_TRADE,False
2024-01-04,GICRE,Financial Services,LONG,34.3004,67.2265,32.9261,82.3093,ENTERABLE_TIER_B,TRIGGERED,97.2931,FULL,,,TRANSITION,LOW,316.6,60.898609694514725,-50.11848341232224,14.071319488545411,1.384384279469183,2.6557268299119947,12.55714285714285,82.1065,17.8935,77.171,83.595,82.9582,77.171,73.8794,17.0418,LOW,UPGRADE_OFACTOR_REQUIRED,False
2024-01-04,INDIANB,Financial Services,LONG,38.2777,68.9072,30.6295,82.5092,ENTERABLE_TIER_B,TRIGGERED,97.2931,FULL,,,TRANSITION,LOW,432.4,54.82373414179586,-38.20895522388063,3.501517238716879,0.8098175066109928,-0.0547696804587551,14.524999999999991,82.1065,17.8935,81.6408,71.3597,82.9582,81.6408,95.043,17.0418,HIGH,UPGRADE_OFACTOR_REQUIRED,False
2024-01-04,JIOFIN,Financial Services,LONG,27.8026,65.7794,37.9768,79.3274,ENTERABLE_TIER_B,TRIGGERED,98.5,FULL,,SIDEWAYS,TRANSITION,LOW,241.4,59.98131282151813,-35.4166666666666,3.613503285328466,2.007508778882913,0.5956010130058667,5.760714285714282,82.1065,17.8935,61.6078,68.0595,82.9582,61.6078,87.1544,17.0418,LOW,UPGRADE_OFACTOR_REQUIRED,False
2024-01-04,LT,Construction,LONG,34.5313,65.4731,30.9418,87.0381,ENTERABLE_TIER_B,TRIGGERED,98.5,FULL,,TRANSITION,TRANSITION,LOW,3458.7,59.4994104574889,-44.61335095836091,7.53661228937479,0.9304093922216984,2.140452584970213,63.71071428571421,82.1065,17.8935,92.7275,77.5862,85.5095,92.7275,86.5643,14.4906,HIGH,UPGRADE_OFACTOR_REQUIRED,False
2024-01-04,NIACL,Financial Services,LONG,34.6239,65.7701,31.1462,72.399,ENTERABLE_TIER_B,TRIGGERED,97.2931,FULL,,,TRANSITION,LOW,227.95,61.1705935579189,-29.345794392523448,19.715483416486705,1.8186803542108811,2.4479674346310034,9.546428571428573,82.1065,17.8935,60.4739,58.309,82.9582,60.4739,85.1253,17.0418,LOW,UPGRADE_OFACTOR_REQUIRED,False
2024-01-04,RKFORGE,OTHER,LONG,26.1789,58.1759,31.997,79.9294,ENTERABLE_TIER_B,TRIGGERED,97.2931,FULL,,,TRANSITION,LOW,735.8,52.16933852305496,-47.02738810955248,3.809013482563453,1.155036428936122,-0.646648978112465,24.75714285714286,82.1065,17.8935,90.7569,61.5465,90.9615,90.7569,91.5984,9.0385,MEDIUM,RESEARCH_ONLY_NO_STANDARD_TRADE,False
2024-01-04,TATACOMM,Telecommunication,LONG,29.8315,62.0315,32.2,82.3191,ENTERABLE_TIER_B,TRIGGERED,97.2931,FULL,,,TRANSITION,LOW,1766.4,54.12176604016371,-49.106852874309766,1.8366305660219748,0.7910943263948479,0.6469124044556906,47.95714285714285,82.1065,17.8935,74.5849,81.7337,91.0532,74.5849,93.7861,8.9467,HIGH,RESEARCH_ONLY_NO_STANDARD_TRADE,False
2024-01-04,TTML,OTHER,LONG,13.1105,55.5252,42.4147,87.3146,ENTERABLE_TIER_B,TRIGGERED,97.2931,FULL,,,TRANSITION,LOW,91.8,51.171331095247126,-58.55855855855859,1.135809968518259,1.3525539979050638,0.0504733419315837,3.510714285714285,82.1065,17.8935,97.0092,92.0244,90.9615,97.0092,72.0855,9.0385,MEDIUM,RESEARCH_ONLY_NO_STANDARD_TRADE,False
2024-01-05,AIAENG,Capital Goods,LONG,13.1334,51.0052,37.8718,81.1962,ENTERABLE_TIER_B,TRIGGERED,97.2931,FULL,,,TRANSITION,LOW,3624.35,51.52161747132953,-38.53438556933496,1.212938455445154,0.7686612073157228,0.186119043660469,71.87857142857138,80.7699,19.2301,93.2803,75.3195,82.5335,93.2803,99.36,17.4665,MEDIUM,RESEARCH_ONLY_NO_STANDARD_TRADE,False
2024-01-05,CARBORUNIV,OTHER,LONG,20.0202,51.8494,31.8292,81.1364,ENTERABLE_TIER_B,TRIGGERED,97.2931,FULL,,,TRANSITION,LOW,1145.5,52.91104774547637,-49.57692307692311,0.6119293879832625,0.7676098929676418,-0.6936934454021768,33.24285714285715,80.7699,19.2301,97.5433,65.7069,90.385,97.5433,94.6455,9.6151,MEDIUM,RESEARCH_ONLY_NO_STANDARD_TRADE,False
2024-01-05,HINDZINC,Metals & Mining,LONG,12.0546,48.3932,36.3386,78.6653,ENTERABLE_TIER_B,TRIGGERED,98.5,FULL,,SIDEWAYS,TRANSITION,LOW,318.5,57.99188696339423,-18.3462532299742,2.0757256759309253,0.779797917665389,0.6133144256326483,5.246428571428571,80.7699,19.2301,74.5224,78.6521,90.385,74.5224,88.5636,9.6151,LOW,RESEARCH_ONLY_NO_STANDARD_TRADE,False
2024-01-05,INFY,Information Technology,LONG,35.9065,67.9333,32.0268,85.5357,ENTERABLE_TIER_B,TRIGGERED,98.5,FULL,,TRANSITION,TRANSITION,LOW,1532.55,54.28605856742752,-57.57142857142861,3.72775811143136,1.289500881104519,1.1117266485079844,31.967857142857174,80.7699,19.2301,92.6072,67.0919,85.3567,92.6072,91.0535,14.6433,MEDIUM,UPGRADE_OFACTOR_REQUIRED,False
2024-01-05,NAVINFLUOR,OTHER,LONG,28.581,60.9298,32.3488,85.7756,ENTERABLE_TIER_B,TRIGGERED,97.2931,FULL,,,TRANSITION,LOW,3822.65,53.3544646104537,-40.81844619858741,-0.2083443195668747,0.9836680519905836,0.6839406378073233,87.0964285714286,80.7699,19.2301,98.6662,81.6066,90.385,98.6662,96.6704,9.6151,HIGH,RESEARCH_ONLY_NO_STANDARD_TRADE,False
2024-01-05,NYKAA,Consumer Services,LONG,29.6229,66.0757,36.4528,83.5923,ENTERABLE_TIER_B,TRIGGERED,97.2931,FULL,,,TRANSITION,LOW,173.4,55.84573310391541,-37.87878787878787,6.426636088386995,2.14992973879677,0.8796988691196063,6.785714285714287,80.7699,19.2301,78.3614,80.2526,78.6115,78.3614,78.7789,21.3884,LOW,UPGRADE_OFACTOR_REQUIRED,False
2024-01-05,SBILIFE,Financial Services,LONG,25.1674,61.7206,36.5532,76.0333,ENTERABLE_TIER_B,TRIGGERED,98.5,FULL,,SIDEWAYS,TRANSITION,LOW,1454.15,59.199918119902414,-15.729699034639314,4.117562171045566,1.0125052786618465,0.4421624458701692,25.410714285714302,80.7699,19.2301,54.7369,67.8089,80.8982,54.7369,78.1982,19.1018,MEDIUM,RESEARCH_ONLY_NO_STANDARD_TRADE,False
2024-01-05,TIINDIA,Automobile and Auto Components,LONG,64.5778,82.1296,17.5518,66.4667,ENTERABLE_TIER_B,TRIGGERED,97.2931,FULL,,,TRANSITION,LOW,3751.05,62.23026706188737,-17.195050088391238,10.265864260236734,1.5806986534956404,1.453472173983757,119.14642857142849,80.7699,19.2301,38.7728,35.7429,86.4026,38.7728,75.5091,13.5975,LOW,WAIT_FOR_XFACTOR,False
2024-01-08,360ONE,Financial Services,LONG,35.9956,66.4916,30.496,82.1305,ENTERABLE_TIER_B,TRIGGERED,97.2931,FULL,,,TRANSITION,LOW,672.45,57.1900219913115,-48.78462408140188,10.84726135581564,1.3539384612894476,2.819544964854323,25.35357142857143,74.3946,25.6054,88.9496,73.1004,75.0889,88.9496,81.3833,24.9111,MEDIUM,UPGRADE_OFACTOR_REQUIRED,False
2024-01-08,KAJARIACER,OTHER,LONG,25.4612,61.7517,36.2905,78.8207,ENTERABLE_TIER_B,TRIGGERED,97.2931,FULL,,,TRANSITION,LOW,1371.95,57.149486505270026,-43.932267168391306,2.967750744728196,1.7637368123581805,-0.1385675719485416,42.23928571428571,74.3946,25.6054,65.4903,77.3197,85.4557,65.4903,79.8766,14.5443,MEDIUM,RESEARCH_ONLY_NO_STANDARD_TRADE,False
2024-01-08,POLYMED,OTHER,LONG,16.8866,53.7206,36.834,76.554,ENTERABLE_TIER_B,TRIGGERED,97.2931,FULL,,,TRANSITION,LOW,1520.15,53.24288135057397,-24.874999999999925,3.082128299290998,1.4686770662637356,-0.8679891566845696,48.58214285714288,74.3946,25.6054,78.0784,60.3558,85.4557,78.0784,77.2344,14.5443,MEDIUM,RESEARCH_ONLY_NO_STANDARD_TRADE,False
2024-01-09,COCHINSHIP,Capital Goods,LONG,45.8722,72.1648,26.2926,82.4811,ENTERABLE_TIER_B,TRIGGERED,97.2931,FULL,,,TRANSITION,LOW,1338.0,57.8270304023492,-33.92386880536267,13.169196818897792,1.3346183544848769,3.223916954068442,63.34999999999999,72.8686,27.1314,75.4696,76.6377,79.2304,75.4696,78.6898,20.7696,LOW,UPGRADE_OFACTOR_REQUIRED,False
2024-01-09,KAYNES,OTHER,LONG,53.6662,71.9259,18.2597,80.435,ENTERABLE_TIER_B,TRIGGERED,97.2931,FULL,,,TRANSITION,LOW,2635.35,56.457196651552735,-65.7086223984143,6.970027514084054,0.7872777320443066,1.0006552649335128,131.6571428571428,72.8686,27.1314,84.8508,66.4735,85.9947,84.8508,94.0299,14.0053,LOW,UPGRADE_OFACTOR_REQUIRED,False
2024-01-09,SBILIFE,Financial Services,LONG,18.9791,60.3724,41.3933,74.7838,ENTERABLE_TIER_B,TRIGGERED,98.5,FULL,,SIDEWAYS,TRANSITION,LOW,1449.35,55.9500246913344,-21.40430351075889,3.5912560968510783,1.492712594630682,0.4247590115198957,28.428571428571427,72.8686,27.1314,64.3023,60.1106,75.0273,64.3023,73.407,24.9727,MEDIUM,RESEARCH_ONLY_NO_STANDARD_TRADE,False
2024-01-10,AUBANK,Financial Services,LONG,14.0321,61.8767,47.8446,88.1212,ENTERABLE_TIER_B,TRIGGERED,97.2931,FULL,,,TRANSITION,LOW,772.45,52.61828905296205,-58.58369098712439,3.40896271713381,1.2356267214174226,1.6521386107570202,24.421428571428574,74.6701,25.3299,96.5604,86.8149,70.2566,96.5604,85.2588,29.7434,MEDIUM,RESEARCH_ONLY_NO_STANDARD_TRADE,False
2024-01-10,BERGEPAINT,Consumer Durables,LONG,29.6831,60.8478,31.1647,77.2873,ENTERABLE_TIER_B,TRIGGERED,97.2931,FULL,,,TRANSITION,LOW,592.65,52.71883811790606,-36.05292171995593,-0.0161045425303089,0.9373339097887357,0.5118837624919982,11.721428571428572,74.6701,25.3299,81.2452,65.8745,79.3572,81.2452,95.2224,20.6428,MEDIUM,RESEARCH_ONLY_NO_STANDARD_TRADE,False
2024-01-10,DATAPATTNS,OTHER,LONG,15.3692,50.9799,35.6107,73.3313,ENTERABLE_TIER_B,TRIGGERED,97.2931,FULL,,,TRANSITION,LOW,1978.1,55.33869039471917,-16.70416197975256,0.9406859486933384,0.903010799937296,-0.372329543109754,58.875,74.6701,25.3299,50.7488,70.0722,84.0841,50.7488,84.3737,15.9159,MEDIUM,RESEARCH_ONLY_NO_STANDARD_TRADE,False
2024-01-10,HEG,OTHER,LONG,39.5732,65.7164,26.1432,79.7667,ENTERABLE_TIER_B,TRIGGERED,97.2931,FULL,,,TRANSITION,LOW,1845.45,55.370621113869305,-44.29517850570478,5.670886103657547,1.0480746358886706,2.1347160774274974,65.20357142857145,74.6701,25.3299,83.2678,59.6034,84.0841,83.2678,79.541,15.9159,MEDIUM,UPGRADE_OFACTOR_REQUIRED,False
2024-01-10,SUNDARMFIN,Financial Services,LONG,41.7173,65.076,23.3587,69.7782,ENTERABLE_TIER_B,TRIGGERED,97.2931,FULL,,,TRANSITION,LOW,3671.25,60.50467265335329,-46.35167464114833,9.071461170529233,0.8268342158133478,2.0319439659725487,134.3928571428571,74.6701,25.3299,61.1301,63.51,70.2566,61.1301,91.443,29.7434,MEDIUM,UPGRADE_OFACTOR_REQUIRED,False
2024-01-11,ABFRL,OTHER,LONG,34.0198,63.9737,29.9539,77.3493,ENTERABLE_TIER_B,TRIGGERED,97.2931,FULL,,,TRANSITION,LOW,233.95,53.96394901838134,-49.19614147909972,3.3943014550860227,1.1424941412700478,0.8077148643163685,7.664285714285713,79.5284,20.4716,57.8565,65.0326,89.7462,57.8565,89.562,10.2538,MEDIUM,RESEARCH_ONLY_NO_STANDARD_TRADE,False
2024-01-11,ASAHIINDIA,OTHER,LONG,26.8116,58.4707,31.6591,82.5029,ENTERABLE_TIER_B,TRIGGERED,97.2931,FULL,,,TRANSITION,LOW,565.15,49.9377392554406,-60.55408970976269,-0.1136227980677438,1.2850286474140613,-0.0619627496073485,15.032142857142851,79.5284,20.4716,97.5164,76.1844,89.7462,97.5164,83.2359,10.2538,HIGH,RESEARCH_ONLY_NO_STANDARD_TRADE,False
2024-01-11,COLPAL,Fast Moving Consumer Goods,LONG,28.8051,67.1664,38.3613,78.1638,ENTERABLE_TIER_B,TRIGGERED,97.2931,FULL,,,TRANSITION,LOW,2455.4,56.367860843736615,-53.518574448806895,7.332044381789464,2.232687342987022,1.9330184580853245,54.09642857142857,79.5284,20.4716,92.4117,56.8918,51.215,92.4117,67.7613,48.785,LOW,UPGRADE_OFACTOR_REQUIRED,False
2024-01-11,DALBHARAT,Construction Materials,LONG,1.5029,49.4687,47.9658,84.0317,ENTERABLE_TIER_B,TRIGGERED,97.2931,FULL,,,TRANSITION,LOW,2307.3,50.97384840438055,-50.41562759767239,2.1837117255282044,0.8114248385458943,0.6516576797122292,73.47857142857141,79.5284,20.4716,99.6303,74.2782,61.0551,99.6303,96.271,38.9449,LOW,RESEARCH_ONLY_NO_STANDARD_TRADE,False
2024-01-11,HOMEFIRST,OTHER,LONG,23.4066,53.2454,29.8388,78.4292,ENTERABLE_TIER_B,TRIGGERED,97.2931,FULL,,,TRANSITION,LOW,971.65,54.1374382470369,-45.31672983216027,3.633002272915565,0.8322784542256855,-0.3073270908798149,31.08571428571428,79.5284,20.4716,92.1722,52.9688,89.7462,92.1722,84.3658,10.2538,MEDIUM,RESEARCH_ONLY_NO_STANDARD_TRADE,False
2024-01-11,M&MFIN,Financial Services,LONG,30.123,66.2849,36.1619,83.0061,ENTERABLE_TIER_B,TRIGGERED,97.2931,FULL,,,TRANSITION,LOW,277.65,53.332592464314295,-33.97790055248633,0.4100461561825873,1.5169886917094253,0.0589600140876715,7.599999999999999,79.5284,20.4716,84.8904,66.0526,73.6079,84.8904,89.4737,26.3921,MEDIUM,UPGRADE_OFACTOR_REQUIRED,False
2024-01-11,MANAPPURAM,OTHER,LONG,49.1003,72.3818,23.2815,80.5401,ENTERABLE_TIER_B,TRIGGERED,97.2931,FULL,,,TRANSITION,LOW,174.25,55.49809410042541,-42.32804232804232,8.427649095742417,1.1236985313712788,2.047003612705625,6.242857142857143,79.5284,20.4716,82.0061,67.0023,89.7462,82.0061,83.9817,10.2538,MEDIUM,UPGRADE_OFACTOR_REQUIRED,False
2024-01-12,BANKBARODA,Financial Services,LONG,32.2718,64.6788,32.407,83.0659,ENTERABLE_TIER_B,TRIGGERED,98.5,FULL,,TRANSITION,TRANSITION,LOW,229.9,58.3335733456212,-49.39467312348661,6.921832699584666,1.005941855524585,1.7740052700301254,6.450000000000003,88.5559,11.4441,80.5685,71.1628,74.8233,80.5685,85.4264,25.1767,MEDIUM,RESEARCH_ONLY_NO_STANDARD_TRADE,False
2024-01-12,CHOLAFIN,Financial Services,LONG,31.0794,64.2576,33.1782,85.5308,ENTERABLE_TIER_B,TRIGGERED,98.5,FULL,,UPWARD,TRANSITION,LOW,1246.5,55.25686833525669,-60.2150537634409,4.273568566993406,0.8826918378236132,1.1480206950893983,34.925000000000004,88.5559,11.4441,92.5078,74.9749,74.8233,92.5078,93.7008,25.1767,MEDIUM,RESEARCH_ONLY_NO_STANDARD_TRADE,False
2024-01-12,CYIENT,OTHER,LONG,60.7041,85.4265,24.7224,83.0516,ENTERABLE_TIER_B,TRIGGERED,97.2931,FULL,,,TRANSITION,LOW,2275.4,57.96740470105413,-42.3416198877305,12.652942359453778,2.0880242246738514,2.4735293838106,79.6214285714285,88.5559,11.4441,94.7899,51.2694,90.9477,94.7899,88.1439,9.0523,LOW,QUALIFIED_FOR_INTRADAY_REVALIDATION,True
2024-01-12,ICICIBANK,Financial Services,LONG,10.2626,53.8848,43.6222,82.1044,ENTERABLE_TIER_B,TRIGGERED,98.5,FULL,,SIDEWAYS,TRANSITION,LOW,1003.5,56.76584876427784,-21.92513368983964,2.703501748665622,0.8674441063929625,0.2707800355257808,14.496428571428584,88.5559,11.4441,78.2705,67.5782,74.8233,78.2705,85.6516,25.1767,MEDIUM,RESEARCH_ONLY_NO_STANDARD_TRADE,False
2024-01-12,IDBI,OTHER,LONG,38.6546,70.4997,31.8451,69.9585,ENTERABLE_TIER_B,TRIGGERED,97.2931,FULL,,,TRANSITION,LOW,68.75,58.84296861660389,-33.333333333333336,4.51930844394924,1.2741637514752395,0.9951329893627148,1.6928571428571442,88.5559,11.4441,43.3896,59.8312,90.9477,43.3896,83.4599,9.0523,MEDIUM,UPGRADE_OFACTOR_REQUIRED,False
2024-01-12,IOB,OTHER,LONG,29.0692,66.4023,37.3331,82.4637,ENTERABLE_TIER_B,TRIGGERED,97.2931,FULL,,,TRANSITION,LOW,43.95,56.08464621777816,-39.58333333333318,5.536379179596253,1.2590731678051523,0.714139734791476,1.067857142857143,88.5559,11.4441,79.0858,68.1605,90.9477,79.0858,73.7793,9.0523,MEDIUM,UPGRADE_OFACTOR_REQUIRED,False
2024-01-12,ITC,Fast Moving Consumer Goods,LONG,17.1826,56.0973,38.9147,77.4609,ENTERABLE_TIER_B,TRIGGERED,98.5,FULL,,SIDEWAYS,TRANSITION,LOW,466.7,57.04932868297815,-53.24909747292421,2.8756052610522342,0.8581262265100088,0.964543975527568,7.317857142857126,88.5559,11.4441,62.6712,65.2904,54.7668,62.6712,94.5339,45.2332,LOW,RESEARCH_ONLY_NO_STANDARD_TRADE,False
2024-01-12,JMFINANCIL,OTHER,LONG,56.7444,77.9569,21.2125,77.8007,ENTERABLE_TIER_B,TRIGGERED,97.2931,FULL,,,TRANSITION,LOW,101.25,61.82892770689839,-36.20689655172419,10.415906365507585,0.8335067799777687,2.491356062102223,3.5642857142857145,88.5559,11.4441,66.66,75.3106,90.9477,66.66,81.483,9.0523,MEDIUM,QUALIFIED_FOR_INTRADAY_REVALIDATION,True
2024-01-12,JUBLINGREA,OTHER,LONG,49.8351,68.0508,18.2157,74.7903,ENTERABLE_TIER_B,TRIGGERED,97.2931,FULL,,,TRANSITION,LOW,499.1,61.550876159136735,-37.33468972533064,6.599315481999575,0.8308036366829471,1.8009265005075032,15.989285714285716,88.5559,11.4441,77.2452,69.9799,90.9477,77.2452,95.2468,9.0523,MEDIUM,UPGRADE_OFACTOR_REQUIRED,False
2024-01-12,MPHASIS,Information Technology,LONG,51.8929,80.4523,28.5594,80.1766,ENTERABLE_TIER_B,TRIGGERED,97.2931,FULL,,,TRANSITION,LOW,2679.6,60.248071332508026,-40.25878003696861,7.986811480784076,2.565621644174996,1.3643494651064374,76.23928571428564,88.5559,11.4441,79.3785,64.1655,94.278,79.3785,69.3596,5.7221,LOW,QUALIFIED_FOR_INTRADAY_REVALIDATION,True
2024-01-12,PNBHOUSING,OTHER,LONG,37.413,63.9094,26.4964,70.1412,ENTERABLE_TIER_B,TRIGGERED,97.2931,FULL,,,TRANSITION,LOW,799.45,56.10993093968032,-20.05312084993349,4.371365892190982,1.327336717364343,0.314808102195326,18.28928571428572,88.5559,11.4441,60.1588,53.7434,90.9477,60.1588,83.4876,9.0523,MEDIUM,RESEARCH_ONLY_NO_STANDARD_TRADE,False
2024-01-12,WIPRO,Information Technology,LONG,58.5173,82.8147,24.2974,76.0325,ENTERABLE_TIER_B,TRIGGERED,98.5,FULL,,UPWARD,TRANSITION,LOW,465.45,62.08949729991578,-49.04891304347828,8.307205007645912,1.6475241939526508,1.917471884010933,12.957142857142856,88.5559,11.4441,51.5068,67.7398,94.278,51.5068,89.0408,5.7221,MEDIUM,QUALIFIED_FOR_INTRADAY_REVALIDATION,True
2024-01-15,BRITANNIA,Fast Moving Consumer Goods,LONG,14.7843,60.3288,45.5445,85.4782,ENTERABLE_TIER_B,TRIGGERED,98.5,FULL,,TRANSITION,TRANSITION,LOW,5177.35,56.06739645482718,-62.38230458825279,4.686914999701685,1.1128513413317782,1.2600667401410786,114.62857142857123,85.9865,14.0135,95.3546,79.6386,53.4936,95.3546,82.3255,46.5064,LOW,RESEARCH_ONLY_NO_STANDARD_TRADE,False
2024-01-15,COLPAL,Fast Moving Consumer Goods,LONG,29.3048,67.0335,37.7287,75.5474,ENTERABLE_TIER_B,TRIGGERED,97.2931,FULL,,,TRANSITION,LOW,2486.9,59.76081224719455,-36.16212792906895,8.163527918240895,1.8510388191583569,1.7121741865967588,55.39285714285711,85.9865,14.0135,65.3656,74.3288,53.4936,65.3656,79.2392,46.5064,LOW,UPGRADE_OFACTOR_REQUIRED,False
2024-01-15,CUB,OTHER,LONG,15.1685,51.9975,36.829,81.2831,ENTERABLE_TIER_B,TRIGGERED,97.2931,FULL,,,TRANSITION,LOW,151.9,52.630301813111046,-28.03738317757005,3.2759889480353173,0.89852283721838,-0.2534990778101639,3.5035714285714272,85.9865,14.0135,91.247,59.4699,87.3091,91.247,82.3038,12.6909,MEDIUM,RESEARCH_ONLY_NO_STANDARD_TRADE,False
2024-01-15,DRREDDY,Healthcare,LONG,33.0802,66.8018,33.7216,82.5369,ENTERABLE_TIER_B,TRIGGERED,98.5,FULL,,TRANSITION,TRANSITION,LOW,5783.25,54.24090588196405,-50.650935720097664,2.320157897395839,0.9173529492353992,0.5514935972103513,113.86785714285712,85.9865,14.0135,75.0895,71.4581,92.9933,75.0895,94.4673,7.0068,HIGH,UPGRADE_OFACTOR_REQUIRED,False
2024-01-15,LAURUSLABS,Healthcare,LONG,37.2227,66.6736,29.4509,84.6026,ENTERABLE_TIER_B,TRIGGERED,97.2931,FULL,,,TRANSITION,LOW,420.9,55.85510128188891,-74.37500000000003,5.409258384101062,0.754709552610368,1.916635757550028,11.164285714285707,85.9865,14.0135,95.1333,70.6206,92.9933,95.1333,74.5617,7.0068,HIGH,UPGRADE_OFACTOR_REQUIRED,False
2024-01-15,MCX,Financial Services,LONG,18.9233,61.4335,42.5102,82.5941,ENTERABLE_TIER_B,TRIGGERED,97.2931,FULL,,,TRANSITION,LOW,3158.95,53.41531131473982,-32.725799918995605,9.654255787712936,1.3874202364764776,0.6273124050734576,95.20714285714288,85.9865,14.0135,99.3593,56.3898,71.8296,99.3593,85.5893,28.1704,MEDIUM,RESEARCH_ONLY_NO_STANDARD_TRADE,False
2024-01-15,SBIN,Financial Services,LONG,20.5249,61.6272,41.1023,87.4628,ENTERABLE_TIER_B,TRIGGERED,98.5,FULL,,TRANSITION,TRANSITION,LOW,640.1,58.71801820856114,-37.60683760683751,4.736297259171288,1.100208447932134,0.8651039417536214,11.492857142857142,85.9865,14.0135,93.0102,86.0783,71.8296,93.0102,81.2057,28.1704,MEDIUM,RESEARCH_ONLY_NO_STANDARD_TRADE,False
2024-01-16,ABB,Capital Goods,LONG,17.4477,57.8309,40.3832,80.915,ENTERABLE_TIER_B,TRIGGERED,98.5,FULL,,SIDEWAYS,TRANSITION,LOW,4809.3,54.98524631125556,-46.340212793231615,5.034716147317328,0.9212571413239502,1.299700232326564,112.65357142857134,72.3571,27.6429,75.6495,78.9621,74.0427,75.6495,88.2827,25.9573,MEDIUM,RESEARCH_ONLY_NO_STANDARD_TRADE,False
2024-01-16,ABFRL,OTHER,LONG,9.954,55.1293,45.1753,83.7587,ENTERABLE_TIER_B,TRIGGERED,97.2931,FULL,,,TRANSITION,LOW,231.8,51.83291356249829,-56.74796747967476,2.207096105463761,1.4642213882087736,0.658919597929158,7.900000000000001,72.3571,27.6429,77.4262,84.557,81.178,77.4262,85.0633,18.8221,MEDIUM,RESEARCH_ONLY_NO_STANDARD_TRADE,False
2024-01-16,ELGIEQUIP,OTHER,LONG,29.5672,60.7813,31.2141,74.9774,ENTERABLE_TIER_B,TRIGGERED,97.2931,FULL,,,TRANSITION,LOW,543.05,56.053788279224406,-53.05555555555562,3.283236819615404,1.3233691986562557,0.6203194022096402,12.885714285714284,72.3571,27.6429,63.5126,73.7694,81.178,63.5126,81.5299,18.8221,MEDIUM,RESEARCH_ONLY_NO_STANDARD_TRADE,False
2024-01-16,FACT,OTHER,LONG,24.6658,57.2602,32.5944,85.4612,ENTERABLE_TIER_B,TRIGGERED,97.2931,FULL,,,TRANSITION,LOW,805.85,54.81974230325058,-73.49498327759191,8.535311964252177,1.0284874698266873,1.4860558322741275,24.953571428571426,72.3571,27.6429,98.8445,79.8025,81.178,98.8445,75.5546,18.8221,MEDIUM,RESEARCH_ONLY_NO_STANDARD_TRADE,False
2024-01-16,HDFCBANK,Financial Services,LONG,23.0838,61.9948,38.911,84.461,ENTERABLE_TIER_B,TRIGGERED,98.5,FULL,,SIDEWAYS,TRANSITION,LOW,1679.15,58.16829536316301,-48.12072892938487,3.7160980611510808,0.9392295538080818,0.7456731170179209,24.71071428571432,72.3571,27.6429,91.8929,65.9257,72.5474,91.8929,92.7157,27.4526,MEDIUM,RESEARCH_ONLY_NO_STANDARD_TRADE,False
2024-01-16,IDFCFIRSTB,Financial Services,LONG,14.9774,59.7448,44.7674,79.1714,ENTERABLE_TIER_B,TRIGGERED,97.2931,FULL,,,TRANSITION,LOW,88.3,55.383395289502296,-21.917808219178166,1.3062331239870308,1.695822398271302,-0.235878144359193,2.035714285714288,72.3571,27.6429,66.3509,64.6316,72.5474,66.3509,74.4561,27.4526,MEDIUM,RESEARCH_ONLY_NO_STANDARD_TRADE,False
2024-01-16,MANAPPURAM,OTHER,LONG,31.9765,63.1251,31.1486,83.3059,ENTERABLE_TIER_B,TRIGGERED,97.2931,FULL,,,TRANSITION,LOW,174.7,55.60512712173768,-39.94708994708999,7.941031046607824,1.0306649638785683,1.6113601878586263,5.928571428571431,72.3571,27.6429,77.6787,79.0843,81.178,77.6787,75.7108,18.8221,MEDIUM,RESEARCH_ONLY_NO_STANDARD_TRADE,False
2024-01-16,NIACL,Financial Services,LONG,31.5839,61.1185,29.5346,72.658,ENTERABLE_TIER_B,TRIGGERED,97.2931,FULL,,,TRANSITION,LOW,223.6,56.9568490818742,-42.031872509960216,13.4293785604016,2.407219306512054,1.3629338689041526,8.05,72.3571,27.6429,52.4845,68.9441,72.5474,52.4845,73.1677,27.4526,LOW,RESEARCH_ONLY_NO_STANDARD_TRADE,False
2024-01-16,NMDC,Metals & Mining,LONG,50.8269,73.3977,22.5708,76.5982,ENTERABLE_TIER_B,TRIGGERED,97.2931,FULL,,,TRANSITION,LOW,212.75,60.7260251574124,-55.747126436781606,13.842914665953886,1.0167866163337875,3.318531377890483,6.985714285714288,72.3571,27.6429,57.3654,57.9141,77.6671,57.3654,92.8425,22.333,LOW,UPGRADE_OFACTOR_REQUIRED,False
2024-01-17,CGPOWER,Capital Goods,LONG,31.0855,67.9553,36.8698,76.7277,ENTERABLE_TIER_B,TRIGGERED,98.5,FULL,,SIDEWAYS,SIDEWAYS,NORMAL,463.1,55.0674759074386,-57.906976744186,4.796592643946818,2.137954335531844,0.9272720091174512,12.978571428571412,55.9644,44.0356,82.5867,52.6912,63.3505,82.5867,63.9406,36.6495,LOW,UPGRADE_OFACTOR_REQUIRED,False
2024-01-17,FACT,OTHER,LONG,13.1682,53.4046,40.2364,84.0598,ENTERABLE_TIER_B,TRIGGERED,97.2931,FULL,,,SIDEWAYS,NORMAL,805.7,54.75402907959517,-73.74581939799322,8.21785549587389,0.9128283647482148,1.3634797131619314,23.42142857142856,55.9644,44.0356,98.9255,74.8094,71.0786,98.9255,76.4318,28.9214,LOW,RESEARCH_ONLY_NO_STANDARD_TRADE,False
2024-01-17,GILLETTE,OTHER,LONG,20.2806,56.0542,35.7736,83.7323,ENTERABLE_TIER_B,TRIGGERED,97.2931,FULL,,,SIDEWAYS,NORMAL,6568.95,50.95295469960983,-77.86127754646085,3.1389209369232645,1.1097568829691702,1.8182744943294185,246.192857142857,55.9644,44.0356,92.8978,90.4709,71.0786,92.8978,80.3406,28.9214,LOW,RESEARCH_ONLY_NO_STANDARD_TRADE,False
2024-01-17,GLAND,OTHER,LONG,41.218,69.3776,28.1596,78.667,ENTERABLE_TIER_B,TRIGGERED,97.2931,FULL,,,SIDEWAYS,NORMAL,1953.9,57.82721505693583,-60.44884873214797,8.499545679883319,0.8738752929993848,2.0670438491590963,64.31785714285715,55.9644,44.0356,75.7869,72.6981,71.0786,75.7869,94.0607,28.9214,LOW,UPGRADE_OFACTOR_REQUIRED,False
2024-01-17,KEI,Capital Goods,LONG,35.2496,65.8614,30.6118,82.4498,ENTERABLE_TIER_B,TRIGGERED,97.2931,FULL,,,SIDEWAYS,NORMAL,3149.95,54.39092754173536,-45.08718980549967,7.269096306614662,0.895522659020057,1.0800651930628251,130.15714285714282,55.9644,44.0356,98.0703,60.0637,63.3505,98.0703,95.6821,36.6495,LOW,UPGRADE_OFACTOR_REQUIRED,False
2024-01-17,MANAPPURAM,OTHER,LONG,15.5458,58.306,42.7602,86.9756,ENTERABLE_TIER_B,TRIGGERED,97.2931,FULL,,,SIDEWAYS,NORMAL,173.15,53.61741766613284,-48.1481481481481,6.742881497056431,0.8421653753488142,1.5083351529401898,6.164285714285717,55.9644,44.0356,95.5118,86.6976,71.0786,95.5118,74.6929,28.9214,LOW,RESEARCH_ONLY_NO_STANDARD_TRADE,False
2024-01-17,PHOENIXLTD,Realty,LONG,26.1225,62.4733,36.3508,79.6023,ENTERABLE_TIER_B,TRIGGERED,97.2931,FULL,,,SIDEWAYS,NORMAL,2418.35,53.75497210202586,-56.10691203855845,8.219687579324615,1.2298331981772803,2.6839367628337323,110.1035714285714,55.9644,44.0356,70.8123,67.4307,77.9822,70.8123,93.4789,22.0178,LOW,RESEARCH_ONLY_NO_STANDARD_TRADE,False
2024-01-17,POWERGRID,Power,LONG,23.7803,64.0397,40.2594,84.6826,ENTERABLE_TIER_B,TRIGGERED,98.5,FULL,,TRANSITION,SIDEWAYS,NORMAL,239.2,57.77547682459532,-56.80751173708928,4.943394761825246,0.9761853469958764,1.668843161169205,4.289285714285711,55.9644,44.0356,77.8129,86.0117,76.3057,77.8129,81.3489,23.6943,LOW,RESEARCH_ONLY_NO_STANDARD_TRADE,False
2024-01-17,ZENTEC,OTHER,LONG,7.1556,45.1352,37.9796,80.161,ENTERABLE_TIER_B,TRIGGERED,97.2931,FULL,,,SIDEWAYS,NORMAL,767.3,54.1402610540169,-55.87719298245618,12.642411320179292,0.8088199470736631,1.5847850881764498,26.18571428571429,55.9644,44.0356,82.2804,88.8489,71.0786,82.2804,76.323,28.9214,LOW,RESEARCH_ONLY_NO_STANDARD_TRADE,False
2024-01-18,NATCOPHARM,OTHER,LONG,34.0585,61.0397,26.9812,75.0642,ENTERABLE_TIER_B,TRIGGERED,97.2931,FULL,,,SIDEWAYS,LOW,827.6,53.84097034570995,-60.28119507908606,2.3671393571545667,0.8039295096029226,1.4550314679403291,18.189285714285703,50.3554,49.6446,92.8621,50.3004,69.2174,92.8621,94.9421,30.7826,LOW,RESEARCH_ONLY_NO_STANDARD_TRADE,False
2024-01-18,RECLTD,Financial Services,LONG,7.8411,51.6457,43.8046,84.1911,ENTERABLE_TIER_B,TRIGGERED,98.5,FULL,,SIDEWAYS,SIDEWAYS,LOW,424.3,54.57558707773989,-63.34231805929915,11.917523716064276,0.8398570203778801,2.424432457594172,15.371428571428568,50.3554,49.6446,97.5387,66.9517,64.2898,97.5387,86.4684,35.7102,LOW,RESEARCH_ONLY_NO_STANDARD_TRADE,False
2024-01-19,AIAENG,Capital Goods,LONG,39.2061,63.589,24.3829,76.4403,ENTERABLE_TIER_B,TRIGGERED,97.2931,FULL,,,SIDEWAYS,LOW,3713.35,55.53653271371913,-41.63944625913828,2.7658904826435697,0.7828622671311024,0.7227220226340779,104.8642857142856,68.607,31.393,66.2468,74.3287,83.9211,66.2468,91.7417,16.0789,MEDIUM,RESEARCH_ONLY_NO_STANDARD_TRADE,False
2024-01-19,AXISBANK,Financial Services,LONG,31.3977,66.5088,35.1111,84.3992,ENTERABLE_TIER_B,TRIGGERED,98.5,FULL,,SIDEWAYS,SIDEWAYS,LOW,1116.55,54.10618069918559,-36.81250000000006,3.6759578989460593,1.4068211323315878,0.4805837171071133,23.510714285714307,68.607,31.393,77.9604,80.3494,84.3035,77.9604,83.4118,15.6965,MEDIUM,UPGRADE_OFACTOR_REQUIRED,False
2024-01-19,COALINDIA,Oil Gas & Consumable Fuels,LONG,45.461,76.3213,30.8603,84.0039,ENTERABLE_TIER_B,TRIGGERED,98.5,FULL,,UPWARD,SIDEWAYS,LOW,383.25,59.007392053323045,-45.24236983842015,9.157159958721776,1.2977917567307258,1.84545707873746,8.97142857142857,68.607,31.393,75.1805,81.4968,84.3035,75.1805,92.6433,15.6965,MEDIUM,QUALIFIED_FOR_INTRADAY_REVALIDATION,True
2024-01-19,GLENMARK,Healthcare,LONG,41.7711,70.1714,28.4003,84.0674,ENTERABLE_TIER_B,TRIGGERED,97.2931,FULL,,,SIDEWAYS,LOW,879.15,55.7032039334188,-54.06976744186048,6.096288455231113,0.780479252432959,1.8539387892612005,26.800000000000004,68.607,31.393,87.1144,82.3134,84.3035,87.1144,86.4925,15.6965,MEDIUM,UPGRADE_OFACTOR_REQUIRED,False
2024-01-19,GODREJCP,Fast Moving Consumer Goods,LONG,41.1014,68.0462,26.9448,79.6647,ENTERABLE_TIER_B,TRIGGERED,98.5,FULL,,UPWARD,SIDEWAYS,LOW,1149.25,57.88769443779068,-52.29922279792743,6.7953549034874365,0.9717501071633904,1.5077314926883614,35.46071428571429,68.607,31.393,83.4371,59.6737,45.9625,83.4371,94.1344,54.0375,LOW,UPGRADE_OFACTOR_REQUIRED,False
2024-01-19,JUBLPHARMA,OTHER,LONG,59.2297,76.158,16.9283,75.4004,ENTERABLE_TIER_B,TRIGGERED,97.2931,FULL,,,SIDEWAYS,LOW,572.9,62.11099282946199,-45.87488667271084,14.81772620510111,0.8268827741595057,3.461168886688812,18.45714285714285,68.607,31.393,61.0268,72.2601,84.3035,61.0268,85.6966,15.6965,LOW,WAIT_FOR_XFACTOR,False
2024-01-19,M&M,Automobile and Auto Components,LONG,32.4395,68.431,35.9915,83.7493,ENTERABLE_TIER_B,TRIGGERED,98.5,FULL,,SIDEWAYS,SIDEWAYS,LOW,1655.55,53.32603097778543,-39.766787293928495,2.311517810120925,1.2820230847900953,-0.3178423471156826,32.92142857142859,68.607,31.393,89.2775,59.54,84.3035,89.2775,95.8082,15.6965,MEDIUM,UPGRADE_OFACTOR_REQUIRED,False
2024-01-19,RKFORGE,OTHER,LONG,48.1439,72.5458,24.4019,73.6123,ENTERABLE_TIER_B,TRIGGERED,97.2931,FULL,,,SIDEWAYS,LOW,768.8,55.18345123540604,-35.769230769230816,5.56702379608443,1.993043452792432,1.2395370477070389,29.45357142857143,68.607,31.393,55.0592,70.5299,84.3035,55.0592,88.3885,15.6965,MEDIUM,UPGRADE_OFACTOR_REQUIRED,False
2024-01-19,TEJASNET,OTHER,LONG,29.4448,65.0762,35.6314,78.4966,ENTERABLE_TIER_B,TRIGGERED,97.2931,FULL,,,SIDEWAYS,LOW,861.85,55.63204553707155,-36.372745490981934,1.9129505522913868,1.5254748615771476,0.4885799090039268,17.667857142857137,68.607,31.393,93.8966,62.7572,84.3035,93.8966,83.8124,15.6965,MEDIUM,UPGRADE_OFACTOR_REQUIRED,False
2024-01-19,ULTRACEMCO,Construction Materials,LONG,34.9517,71.4827,36.531,79.5614,ENTERABLE_TIER_B,TRIGGERED,98.5,FULL,,SIDEWAYS,SIDEWAYS,LOW,10093.7,58.40931893937763,-51.40447615958468,6.518548736058498,1.913418242526342,0.8445461721743238,194.4678571428571,68.607,31.393,89.6067,48.845,68.9022,89.6067,92.8009,31.0979,LOW,UPGRADE_OFACTOR_REQUIRED,False
2024-01-20,ATGL,Oil Gas & Consumable Fuels,LONG,47.0157,73.1394,26.1237,74.5942,ENTERABLE_TIER_B,TRIGGERED,97.2931,FULL,,,SIDEWAYS,LOW,1048.1,57.99567837786316,-59.62103015745935,17.02028982552963,0.9379826700381112,2.4324055774066475,39.2214285714286,62.4186,37.5814,76.5349,31.0581,81.2093,76.5349,88.0168,18.7907,LOW,UPGRADE_OFACTOR_REQUIRED,False
2024-01-20,NMDC,Metals & Mining,LONG,38.6061,70.0747,31.4686,86.948,ENTERABLE_TIER_B,TRIGGERED,97.2931,FULL,,,SIDEWAYS,LOW,212.85,58.48209985975432,-47.06840390879482,12.296946938124774,0.9032607032678014,2.236644895969524,7.314285714285717,62.4186,37.5814,89.1992,86.875,74.0949,89.1992,73.2031,25.9052,LOW,UPGRADE_OFACTOR_REQUIRED,False
2024-01-20,SHREECEM,Construction Materials,LONG,12.4198,54.4494,42.0296,76.7924,ENTERABLE_TIER_B,TRIGGERED,98.5,FULL,,SIDEWAYS,SIDEWAYS,LOW,27593.8,52.99158101359321,-31.748595505618,1.8500116278847687,1.4836148422372957,-0.905853605512438,673.5428571428567,62.4186,37.5814,94.0882,38.5251,62.6726,94.0882,75.8768,37.3274,LOW,RESEARCH_ONLY_NO_STANDARD_TRADE,False
2024-01-23,BAJAJ-AUTO,Automobile and Auto Components,LONG,40.8838,72.4868,31.603,79.4366,ENTERABLE_TIER_B,TRIGGERED,98.5,FULL,,UPWARD,SIDEWAYS,LOW,7095.9,62.516215153367575,-60.733082706766986,11.519819792973532,1.4894801049717623,3.0860312262527394,169.8642857142856,45.6829,54.3171,70.1919,62.4759,69.1937,70.1919,73.1315,30.8063,LOW,UPGRADE_OFACTOR_REQUIRED,False
2024-01-24,BBTC,OTHER,LONG,51.563,72.1915,20.6285,74.5371,ENTERABLE_TIER_B,TRIGGERED,97.2931,FULL,,,SIDEWAYS,LOW,1606.75,57.08366276140563,-54.86751152073736,9.948601149554982,1.025690817307488,2.5598851216747947,70.23214285714282,50.4897,49.5103,77.152,64.8879,71.1938,77.152,89.7198,28.8062,LOW,UPGRADE_OFACTOR_REQUIRED,False
2024-01-24,COFORGE,Information Technology,LONG,36.5272,65.7883,29.2611,78.9851,ENTERABLE_TIER_B,TRIGGERED,97.2931,FULL,,,SIDEWAYS,LOW,6369.2,55.89193602917239,-50.28147083483056,7.305042149579909,0.8366960516325624,1.7552239594865626,219.90357142857133,50.4897,49.5103,70.5591,62.1289,74.6496,70.5591,90.2321,25.3504,LOW,UPGRADE_OFACTOR_REQUIRED,False
2024-01-24,EIDPARRY,OTHER,LONG,45.9016,70.4945,24.5929,66.0988,ENTERABLE_TIER_B,TRIGGERED,97.2931,FULL,,,SIDEWAYS,LOW,591.7,63.73384722774616,-34.61210571184989,8.100337459982535,2.816491228489741,1.3447750012982511,15.45714285714283,50.4897,49.5103,21.773,53.0638,71.1938,21.773,47.4677,28.8062,LOW,UPGRADE_OFACTOR_REQUIRED,False
2024-01-24,GESHIP,OTHER,LONG,19.9806,52.9535,32.9729,80.2343,ENTERABLE_TIER_B,TRIGGERED,97.2931,FULL,,,SIDEWAYS,LOW,973.3,56.540732008976406,-32.83582089552244,6.778543541316762,0.8512005360053428,1.1724641245733476,26.78571428571431,50.4897,49.5103,91.1333,69.8347,71.1938,91.1333,91.488,28.8062,LOW,RESEARCH_ONLY_NO_STANDARD_TRADE,False
2024-01-24,GRANULES,OTHER,LONG,37.7203,62.5661,24.8458,79.3007,ENTERABLE_TIER_B,TRIGGERED,97.2931,FULL,,,SIDEWAYS,LOW,417.0,55.755067830873045,-51.97740112994347,6.852205990390633,0.8750353282883301,1.663531499264736,12.946428571428564,50.4897,49.5103,86.3798,69.1034,71.1938,86.3798,88.4138,28.8062,LOW,RESEARCH_ONLY_NO_STANDARD_TRADE,False
2024-01-24,J&KBANK,OTHER,LONG,36.3636,64.1024,27.7388,82.3679,ENTERABLE_TIER_B,TRIGGERED,97.2931,FULL,,,SIDEWAYS,LOW,130.7,53.82763141282967,-65.57377049180334,8.246966620494808,1.1057015107481942,2.1304286786834936,5.9642857142857135,50.4897,49.5103,82.5629,84.5749,71.1938,82.5629,86.2515,28.8062,LOW,RESEARCH_ONLY_NO_STANDARD_TRADE,False
2024-01-24,JINDALSAW,OTHER,LONG,51.2252,70.0117,18.7865,73.6331,ENTERABLE_TIER_B,TRIGGERED,97.2931,FULL,,,SIDEWAYS,LOW,490.65,56.78270761123413,-50.0,9.272699483583096,0.7852659187055923,3.0314036297797906,23.38214285714285,50.4897,49.5103,52.1857,66.3846,71.1938,52.1857,88.7093,28.8062,LOW,UPGRADE_OFACTOR_REQUIRED,False
2024-01-24,NIACL,Financial Services,LONG,60.4312,78.7313,18.3001,63.6517,ENTERABLE_TIER_B,TRIGGERED,97.2931,FULL,,,SIDEWAYS,LOW,235.55,59.21367501195975,-47.98657718120805,15.852983786666458,1.4338015981370975,2.4068992235238422,12.092857142857143,50.4897,49.5103,27.3676,53.5263,74.9771,27.3676,87.0998,25.0229,LOW,WAIT_FOR_XFACTOR,False
2024-01-24,RELIANCE,Oil Gas & Consumable Fuels,LONG,41.3097,74.5886,33.2789,81.1364,ENTERABLE_TIER_B,TRIGGERED,98.5,FULL,,TRANSITION,SIDEWAYS,LOW,2687.75,57.90637371922662,-46.95244474212992,5.599023449852376,1.95532924375534,1.964706045307974,56.77142857142859,50.4897,49.5103,70.2873,71.8873,75.2448,70.2873,92.0735,24.7552,LOW,QUALIFIED_FOR_INTRADAY_REVALIDATION,True
2024-01-24,SHREECEM,Construction Materials,LONG,7.5121,55.0382,47.5261,81.3358,ENTERABLE_TIER_B,TRIGGERED,98.5,FULL,,TRANSITION,SIDEWAYS,LOW,27635.15,53.40374416050835,-23.649545201053748,1.889716531309008,1.754184057424063,-0.5257148430924182,720.2535714285711,50.4897,49.5103,80.8202,76.8582,58.7143,80.8202,87.5238,41.2857,LOW,RESEARCH_ONLY_NO_STANDARD_TRADE,False
2024-01-24,TITAN,Consumer Durables,LONG,25.8587,59.9145,34.0558,77.0335,ENTERABLE_TIER_B,TRIGGERED,98.5,FULL,,TRANSITION,SIDEWAYS,LOW,3767.85,58.12948116495428,-43.853898384453295,5.666391072821126,0.7764327144690475,1.3772049274694274,79.13928571428573,50.4897,49.5103,71.3606,71.6449,51.1296,71.3606,93.8589,48.8704,LOW,RESEARCH_ONLY_NO_STANDARD_TRADE,False
2024-01-29,DLF,Realty,LONG,38.5643,68.2518,29.6875,87.1897,ENTERABLE_TIER_B,TRIGGERED,98.5,FULL,,UPWARD,SIDEWAYS,NORMAL,767.35,56.99025612388079,-57.99880167765124,10.424650361417234,0.874201855403552,2.1583443865063034,22.692857142857147,48.4274,51.5726,97.3119,78.6717,70.2206,97.3119,92.3324,29.7795,LOW,UPGRADE_OFACTOR_REQUIRED,False
2024-01-29,GRASIM,Construction Materials,LONG,15.037,55.7873,40.7503,78.7321,ENTERABLE_TIER_B,TRIGGERED,98.5,FULL,,SIDEWAYS,SIDEWAYS,NORMAL,2104.5,55.8098833566317,-18.90272014753342,3.209665051813717,1.1574410948780876,0.1816467529593736,41.64285714285717,48.4274,51.5726,64.6358,74.3053,69.5901,64.6358,80.3087,30.41,LOW,RESEARCH_ONLY_NO_STANDARD_TRADE,False
2024-01-29,INDIACEM,OTHER,LONG,32.5078,65.3825,32.8747,80.5917,ENTERABLE_TIER_B,TRIGGERED,97.2931,FULL,,,SIDEWAYS,NORMAL,258.35,53.80757504842944,-15.745393634840822,4.30897751170605,1.005019186546996,-0.4704597288637248,8.957142857142852,48.4274,51.5726,84.1467,64.9442,72.7263,84.1467,94.1946,27.2736,LOW,UPGRADE_OFACTOR_REQUIRED,False
2024-01-29,JINDALSTEL,Metals & Mining,LONG,16.0453,57.6086,41.5633,80.266,ENTERABLE_TIER_B,TRIGGERED,98.5,FULL,,SIDEWAYS,SIDEWAYS,NORMAL,730.75,53.30918404989174,-37.88864786695591,3.563409710688533,1.2994630732294528,0.1288196385396187,20.960714285714296,48.4274,51.5726,94.1319,69.9438,51.9051,94.1319,94.0842,48.0949,LOW,RESEARCH_ONLY_NO_STANDARD_TRADE,False
2024-01-29,JIOFIN,Financial Services,LONG,49.9008,78.4345,28.5337,71.1171,ENTERABLE_TIER_B,TRIGGERED,98.5,FULL,,UPWARD,SIDEWAYS,NORMAL,251.0,57.86886635628045,-57.36196319018402,5.300997797457393,1.558440054803431,0.8424702216941288,8.485714285714286,48.4274,51.5726,47.6178,48.1481,74.2137,47.6178,83.9731,25.7863,LOW,WAIT_FOR_XFACTOR,False
2024-01-29,MAXHEALTH,Healthcare,LONG,31.7939,65.0897,33.2958,84.1049,ENTERABLE_TIER_B,TRIGGERED,98.5,FULL,,UPWARD,SIDEWAYS,NORMAL,725.15,52.89022814497122,-72.37141556668182,7.1525873188438105,1.2302941906943057,2.296608242670508,32.00714285714286,48.4274,51.5726,97.5214,62.071,70.8662,97.5214,92.2517,29.1339,LOW,UPGRADE_OFACTOR_REQUIRED,False
2024-01-29,NAVA,OTHER,LONG,48.3902,72.8479,24.4577,75.36,ENTERABLE_TIER_B,TRIGGERED,97.2931,FULL,,,SIDEWAYS,NORMAL,470.8,56.931967986200384,-49.29311969839768,7.215854241391025,1.1939118946319351,1.3293797531979274,18.335714285714285,48.4274,51.5726,70.5675,69.6767,72.7263,70.5675,83.8566,27.2736,LOW,UPGRADE_OFACTOR_REQUIRED,False
2024-01-29,TATASTEEL,Metals & Mining,LONG,5.5209,50.2491,44.7282,85.2069,ENTERABLE_TIER_B,TRIGGERED,98.5,FULL,,SIDEWAYS,SIDEWAYS,NORMAL,135.0,52.91276240970875,-33.98058252427181,2.9847290465080003,0.7699041298736697,0.2144446714780938,3.471428571428571,48.4274,51.5726,90.0617,82.716,51.9051,90.0617,95.3909,48.0949,LOW,RESEARCH_ONLY_NO_STANDARD_TRADE,False
2024-01-30,ANANTRAJ,OTHER,LONG,43.4329,66.4814,23.0485,84.222,ENTERABLE_TIER_B,TRIGGERED,97.2931,FULL,,,SIDEWAYS,NORMAL,316.95,57.67634614888384,-50.33333333333341,9.83280707472762,0.8506610870967287,1.8101430518992525,9.932142857142852,41.974,58.026,98.5233,83.488,68.3322,98.5233,87.7166,31.6678,LOW,UPGRADE_OFACTOR_REQUIRED,False
2024-01-30,CAMS,OTHER,LONG,23.2966,60.2976,37.001,84.6284,ENTERABLE_TIER_B,TRIGGERED,97.2931,FULL,,,SIDEWAYS,NORMAL,2771.5,53.65459829291106,-47.54020813623461,2.890590604632078,1.1523989682929785,0.4578354509922094,65.69642857142854,41.974,58.026,95.0403,82.6475,68.3322,95.0403,61.3373,31.6678,LOW,RESEARCH_ONLY_NO_STANDARD_TRADE,False
2024-01-30,CAPLIPOINT,OTHER,LONG,42.0727,67.0084,24.9357,76.423,ENTERABLE_TIER_B,TRIGGERED,97.2931,FULL,,,SIDEWAYS,NORMAL,1448.45,55.81295591443861,-63.46874999999998,9.760115013770577,1.1967571809858857,2.352215293541034,55.9321428571429,41.974,58.026,91.8681,58.1993,68.3322,91.8681,91.0248,31.6678,LOW,UPGRADE_OFACTOR_REQUIRED,False
2024-01-30,GILLETTE,OTHER,LONG,25.3391,62.7367,37.3976,80.0532,ENTERABLE_TIER_B,TRIGGERED,97.2931,FULL,,,SIDEWAYS,NORMAL,6689.05,56.241150670696456,-72.0981087470449,4.297503156838287,1.939312311251242,0.5471067461278651,220.5928571428572,41.974,58.026,91.7714,60.9416,68.3322,91.7714,0.0,31.6678,LOW,RESEARCH_ONLY_NO_STANDARD_TRADE,False
2024-01-30,M&MFIN,Financial Services,LONG,20.2631,58.3196,38.0565,80.906,ENTERABLE_TIER_B,TRIGGERED,97.2931,FULL,,,SIDEWAYS,NORMAL,279.55,53.538297545487055,-32.01058201058201,0.9415709008307565,1.2141537646302,0.1308576705951586,7.935714285714279,41.974,58.026,77.9898,82.6103,70.987,77.9898,69.505,29.013,LOW,RESEARCH_ONLY_NO_STANDARD_TRADE,False
2024-01-30,MAXHEALTH,Healthcare,LONG,38.0316,66.1458,28.1142,83.166,ENTERABLE_TIER_B,TRIGGERED,98.5,FULL,,UPWARD,SIDEWAYS,NORMAL,736.4,55.352794925275525,-62.13017751479288,8.506414245244157,0.9260985095274792,2.149700499384738,33.09285714285715,41.974,58.026,79.769,84.9514,65.7002,79.769,76.7926,34.2997,LOW,UPGRADE_OFACTOR_REQUIRED,False
2024-01-30,MPHASIS,Information Technology,LONG,7.3446,58.591,51.2464,86.1793,ENTERABLE_TIER_B,TRIGGERED,97.2931,FULL,,,SIDEWAYS,NORMAL,2603.5,52.66800909442456,-56.457041629760816,3.762576923724966,1.8144020010663064,0.0844590897892007,90.55357142857144,41.974,58.026,88.4047,87.4108,66.9999,88.4047,84.4733,33.0001,LOW,RESEARCH_ONLY_NO_STANDARD_TRADE,False
2024-01-30,MSUMI,OTHER,LONG,29.1215,67.1257,38.0042,78.4117,ENTERABLE_TIER_B,TRIGGERED,97.2931,FULL,,,SIDEWAYS,NORMAL,63.5,56.72706529571303,-42.47787610619475,2.8227386236580565,1.9013883254896613,0.1143252511150507,1.8000000000000018,41.974,58.026,71.4815,66.6667,68.3322,71.4815,55.5556,31.6678,LOW,UPGRADE_OFACTOR_REQUIRED,False
2024-01-30,NH,OTHER,LONG,23.6852,65.98,42.2948,81.5721,ENTERABLE_TIER_B,TRIGGERED,97.2931,FULL,,,SIDEWAYS,NORMAL,1250.5,56.00990006110009,-59.91501416430594,5.053562511617411,1.8869657131337008,1.167776555812103,37.089285714285744,41.974,58.026,82.6904,78.8618,68.3322,82.6904,62.1454,31.6678,LOW,UPGRADE_OFACTOR_REQUIRED,False
2024-01-30,REDINGTON,OTHER,LONG,16.4201,52.4454,36.0253,84.1392,ENTERABLE_TIER_B,TRIGGERED,97.2931,FULL,,,SIDEWAYS,NORMAL,177.45,53.80710203118672,-49.30232558139546,3.9482943413109113,1.144413717482363,0.6069654221641338,4.9357142857142815,41.974,58.026,99.1896,88.2489,68.3322,99.1896,59.0738,31.6678,LOW,RESEARCH_ONLY_NO_STANDARD_TRADE,False
2024-01-30,SAPPHIRE,OTHER,LONG,20.6804,56.4269,35.7465,79.6205,ENTERABLE_TIER_B,TRIGGERED,97.2931,FULL,,,SIDEWAYS,NORMAL,1434.35,52.86381149544825,-56.29188384214457,1.7049053295315333,1.1823344738474586,0.4443262043072669,47.00357142857144,41.974,58.026,84.3132,80.9802,68.3322,84.3132,82.7673,31.6678,LOW,RESEARCH_ONLY_NO_STANDARD_TRADE,False
2024-01-30,TIMKEN,OTHER,LONG,22.0218,54.8303,32.8085,80.3888,ENTERABLE_TIER_B,TRIGGERED,97.2931,FULL,,,SIDEWAYS,NORMAL,3321.85,53.95837667815503,-53.17709192936128,3.684772640792616,0.9330946544883733,1.2415372652400498,116.7035714285714,41.974,58.026,86.52,85.9987,68.3322,86.52,72.2031,31.6678,LOW,RESEARCH_ONLY_NO_STANDARD_TRADE,False
2024-01-31,CGPOWER,Capital Goods,LONG,39.7459,67.3314,27.5855,74.7039,ENTERABLE_TIER_B,TRIGGERED,98.5,FULL,,TRANSITION,SIDEWAYS,NORMAL,468.55,57.88736079020677,-13.476874003189778,5.060125481826105,0.8237535940229405,0.5609309646090327,18.075,49.3791,50.6209,69.7741,72.1162,67.0027,69.7741,96.7911,32.9973,LOW,UPGRADE_OFACTOR_REQUIRED,False
2024-01-31,CIPLA,Healthcare,LONG,49.7873,73.34,23.5527,74.3093,ENTERABLE_TIER_B,TRIGGERED,98.5,FULL,,UPWARD,SIDEWAYS,NORMAL,1351.0,56.99810299332357,-47.10375556970085,6.411968824496596,0.9160587063965506,1.9777102033510168,38.4821428571429,49.3791,50.6209,53.6798,59.4617,71.8953,53.6798,98.0251,28.1047,LOW,UPGRADE_OFACTOR_REQUIRED,False
2024-01-31,CONCOR,Services,LONG,45.6051,74.938,29.3329,80.6043,ENTERABLE_TIER_B,TRIGGERED,97.2931,FULL,,,SIDEWAYS,NORMAL,887.5,56.92132608981827,-28.265107212475627,7.4743465365793345,1.2869729306549476,0.4406403504245504,35.2607142857143,49.3791,50.6209,71.1766,74.4758,69.9214,71.1766,94.8952,30.0786,LOW,QUALIFIED_FOR_INTRADAY_REVALIDATION,True
2024-01-31,GPIL,OTHER,LONG,30.8578,59.351,28.4932,78.2328,ENTERABLE_TIER_B,TRIGGERED,97.2931,FULL,,,SIDEWAYS,NORMAL,761.6,55.68761107918017,-26.6230223677032,7.460110659647176,0.8670352640556475,0.6730149719767696,29.042857142857144,49.3791,50.6209,83.312,73.0054,73.7468,83.312,95.3173,26.2532,LOW,RESEARCH_ONLY_NO_STANDARD_TRADE,False
2024-01-31,HINDALCO,Metals & Mining,LONG,15.9252,58.252,42.3268,78.6081,ENTERABLE_TIER_B,TRIGGERED,98.5,FULL,,DOWNWARD,SIDEWAYS,NORMAL,579.35,56.47257331859904,-15.485829959514133,6.061252439312733,1.12056117780493,0.2872910468350831,14.43571428571428,49.3791,50.6209,66.2758,69.2429,52.6491,66.2758,96.5364,47.3509,LOW,RESEARCH_ONLY_NO_STANDARD_TRADE,False
2024-01-31,IPCALAB,Healthcare,LONG,24.6974,55.9547,31.2573,79.2949,ENTERABLE_TIER_B,TRIGGERED,97.2931,FULL,,,SIDEWAYS,NORMAL,1120.25,53.57456883784777,-37.65139547130067,3.996112016848655,0.7918093521797382,0.3325093730512227,32.678571428571395,49.3791,50.6209,82.1188,78.7628,71.8953,82.1188,89.0448,28.1047,LOW,RESEARCH_ONLY_NO_STANDARD_TRADE,False
2024-01-31,J&KBANK,OTHER,LONG,57.8617,79.288,21.4263,73.6606,ENTERABLE_TIER_B,TRIGGERED,97.2931,FULL,,,SIDEWAYS,NORMAL,134.45,58.23580215249071,-46.610169491525454,10.097616308313484,1.228127202006956,1.7231769674296036,6.196428571428568,49.3791,50.6209,59.2238,69.3372,73.7468,59.2238,96.4496,26.2532,LOW,WAIT_FOR_XFACTOR,False
2024-01-31,JUBLPHARMA,OTHER,LONG,30.5414,59.2546,28.7132,80.9166,ENTERABLE_TIER_B,TRIGGERED,97.2931,FULL,,,SIDEWAYS,NORMAL,571.45,56.54599857201073,-34.28093645484946,11.515565335351456,0.9137951900291512,2.230940067084209,22.399999999999995,49.3791,50.6209,86.5923,84.9107,73.7468,86.5923,94.1071,26.2532,LOW,RESEARCH_ONLY_NO_STANDARD_TRADE,False
2024-01-31,PARADEEP,OTHER,LONG,44.3713,70.0149,25.6436,81.3828,ENTERABLE_TIER_B,TRIGGERED,97.2931,FULL,,,SIDEWAYS,NORMAL,79.75,57.87279640198504,-37.878787878787854,9.534607109603469,1.025808409108766,2.628395372937611,3.417857142857144,49.3791,50.6209,78.154,85.371,73.7468,78.154,76.5935,26.2532,LOW,UPGRADE_OFACTOR_REQUIRED,False
2024-01-31,REDINGTON,OTHER,LONG,31.8864,61.2598,29.3734,73.7806,ENTERABLE_TIER_B,TRIGGERED,97.2931,FULL,,,SIDEWAYS,NORMAL,179.85,57.86564939495826,-26.976744186046563,5.172538886636798,0.9133981761399488,0.6909360018322441,4.971428571428567,49.3791,50.6209,69.09,77.4713,73.7468,69.09,83.5057,26.2532,LOW,RESEARCH_ONLY_NO_STANDARD_TRADE,False
2024-01-31,SIEMENS,Capital Goods,LONG,20.054,64.4783,44.4243,85.9411,ENTERABLE_TIER_B,TRIGGERED,98.5,FULL,,TRANSITION,SIDEWAYS,NORMAL,4140.4,54.01866638169759,-52.594594594594696,5.013668225878502,1.8616655026061144,1.4781959662363675,115.61785714285718,49.3791,50.6209,95.8412,81.3005,67.0027,95.8412,74.9347,32.9973,LOW,RESEARCH_ONLY_NO_STANDARD_TRADE,False
2024-01-31,SONACOMS,OTHER,LONG,32.1506,67.0711,34.9205,70.4899,ENTERABLE_TIER_B,TRIGGERED,97.2931,FULL,,,SIDEWAYS,NORMAL,618.2,60.25412873937578,-10.096153846153776,5.064581571986404,1.7762740803313493,0.0240500750031694,16.142857142857142,49.3791,50.6209,48.5221,37.9292,73.7468,48.5221,95.292,26.2532,LOW,UPGRADE_OFACTOR_REQUIRED,False
2024-01-31,TCS,Information Technology,LONG,20.8187,60.314,39.4953,87.2706,ENTERABLE_TIER_B,TRIGGERED,98.5,FULL,,SIDEWAYS,SIDEWAYS,NORMAL,3815.95,52.9296344549187,-57.77131782945744,3.1312476702050724,1.06750940320869,0.8093790294180448,75.74285714285718,49.3791,50.6209,89.4776,89.702,71.9468,89.4776,90.4677,28.0532,LOW,RESEARCH_ONLY_NO_STANDARD_TRADE,False
2024-01-31,TIINDIA,Automobile and Auto Components,LONG,32.0838,63.272,31.1882,85.571,ENTERABLE_TIER_B,TRIGGERED,97.2931,FULL,,,SIDEWAYS,NORMAL,3898.05,54.07724679956706,-49.88460270359378,7.501862881022796,1.1760210809628897,2.46543256472702,195.15357142857133,49.3791,50.6209,91.8739,90.3666,68.9044,91.8739,89.7722,31.0955,LOW,RESEARCH_ONLY_NO_STANDARD_TRADE,False
2024-01-31,WOCKPHARMA,OTHER,LONG,29.7297,59.7973,30.0676,82.1585,ENTERABLE_TIER_B,TRIGGERED,97.2931,FULL,,,SIDEWAYS,NORMAL,460.25,56.458841383707785,-23.505976095617516,16.721640448663283,0.8952829924711794,2.220058855167284,23.532142857142848,49.3791,50.6209,94.851,74.5879,73.7468,94.851,83.2569,26.2532,LOW,RESEARCH_ONLY_NO_STANDARD_TRADE,False
2024-02-01,GESHIP,OTHER,LONG,22.8029,58.7591,35.9562,77.9141,ENTERABLE_TIER_B,TRIGGERED,97.2931,FULL,,,SIDEWAYS,LOW,987.7,55.44663477692372,-51.630684428112055,6.771685146038355,1.2488965580647395,1.5720457941158232,32.87500000000002,51.2174,48.7826,74.7579,67.5133,73.9419,74.7579,82.6008,26.0581,LOW,RESEARCH_ONLY_NO_STANDARD_TRADE,False
2024-02-01,MPHASIS,Information Technology,LONG,8.8012,53.1416,44.3404,84.7075,ENTERABLE_TIER_B,TRIGGERED,97.2931,FULL,,,SIDEWAYS,LOW,2600.15,52.33963829881592,-57.6439326837909,3.3930123453314787,0.980008751347002,0.187269497812375,92.29285714285716,51.2174,48.7826,89.1144,81.7321,72.8787,89.1144,87.0629,27.1212,LOW,RESEARCH_ONLY_NO_STANDARD_TRADE,False
2024-02-01,RKFORGE,OTHER,LONG,45.4651,68.546,23.0809,75.1131,ENTERABLE_TIER_B,TRIGGERED,97.2931,FULL,,,SIDEWAYS,LOW,769.85,56.290318583767466,-35.33783783783781,4.991719142846911,0.7989310778884547,0.3695231327063856,27.385714285714275,51.2174,48.7826,80.5251,67.1362,73.9419,80.5251,92.6239,26.0581,LOW,UPGRADE_OFACTOR_REQUIRED,False
2024-02-01,TCS,Information Technology,LONG,24.5244,62.9851,38.4607,80.1841,ENTERABLE_TIER_B,TRIGGERED,98.5,FULL,,SIDEWAYS,SIDEWAYS,LOW,3854.15,56.959907473020905,-59.50080515297896,4.023938662120481,1.0134132659910755,0.8005952283785498,78.16071428571432,51.2174,48.7826,64.1465,74.8723,72.8787,64.1465,74.0279,27.1212,LOW,RESEARCH_ONLY_NO_STANDARD_TRADE,False
2024-02-02,ANANTRAJ,OTHER,LONG,41.2191,67.4171,26.198,74.6767,ENTERABLE_TIER_B,TRIGGERED,97.2931,FULL,,,SIDEWAYS,LOW,322.95,61.397498810427685,-29.391891891891888,10.829729477367128,0.9685362105812734,1.6222864458576074,10.274999999999991,63.0302,36.9698,70.1054,76.837,79.7538,70.1054,76.837,20.2462,MEDIUM,UPGRADE_OFACTOR_REQUIRED,False
2024-02-02,BDL,Capital Goods,LONG,57.7197,79.7933,22.0736,76.7576,ENTERABLE_TIER_B,TRIGGERED,97.2931,FULL,,,SIDEWAYS,LOW,1759.4,64.13628513344726,-37.18098805900252,16.409917947955407,2.435457127079942,2.3835641196900594,75.0714285714286,63.0302,36.9698,65.4973,72.0799,75.0915,65.4973,62.3825,24.9085,LOW,QUALIFIED_FOR_INTRADAY_REVALIDATION,True
2024-02-02,BIOCON,Healthcare,LONG,16.0405,54.4043,38.3638,86.1692,ENTERABLE_TIER_B,TRIGGERED,97.2931,FULL,,,SIDEWAYS,LOW,274.7,56.656756355573386,-44.29223744292238,5.7456516953640016,1.067418871911438,0.6546809676687252,9.364285714285712,63.0302,36.9698,98.0066,82.4867,70.1757,98.0066,73.9436,29.8243,MEDIUM,RESEARCH_ONLY_NO_STANDARD_TRADE,False
2024-02-02,CIEINDIA,OTHER,LONG,13.1186,52.179,39.0604,83.2583,ENTERABLE_TIER_B,TRIGGERED,97.2931,FULL,,,SIDEWAYS,LOW,486.75,52.02725402834973,-53.82059800664455,0.6381853324518357,1.1890331082346517,0.0206885924338609,11.785714285714274,63.0302,36.9698,94.1596,85.9152,79.7538,94.1596,86.7636,20.2462,MEDIUM,RESEARCH_ONLY_NO_STANDARD_TRADE,False
2024-02-02,COFORGE,Information Technology,LONG,53.1738,77.6626,24.4888,78.1504,ENTERABLE_TIER_B,TRIGGERED,97.2931,FULL,,,SIDEWAYS,LOW,6425.35,57.506101025720746,-52.9831718510963,7.202486522529624,1.1378554454676693,0.8303511426058836,212.8571428571428,63.0302,36.9698,65.9349,62.8483,81.5151,65.9349,91.7973,18.4849,MEDIUM,QUALIFIED_FOR_INTRADAY_REVALIDATION,True
2024-02-02,DIXON,Consumer Durables,LONG,15.3988,56.0215,40.6227,81.7294,ENTERABLE_TIER_B,TRIGGERED,97.2931,FULL,,,SIDEWAYS,LOW,6237.8,54.828609259446615,-38.23649199022534,4.511487922151244,1.1340445889198365,-0.8118495902466344,209.6571428571427,63.0302,36.9698,82.2059,71.8016,54.2373,82.2059,91.033,45.7627,LOW,RESEARCH_ONLY_NO_STANDARD_TRADE,False
2024-02-02,GMDCLTD,OTHER,LONG,54.5065,80.0575,25.551,77.9828,ENTERABLE_TIER_B,TRIGGERED,97.2931,FULL,,,SIDEWAYS,LOW,472.7,58.85310023883481,-18.167701863354026,12.508935596264305,1.3873793068740483,1.8267121176856185,21.43928571428571,63.0302,36.9698,67.8705,66.9765,79.7538,67.8705,78.1709,20.2462,LOW,QUALIFIED_FOR_INTRADAY_REVALIDATION,True
2024-02-02,GPIL,OTHER,LONG,14.1992,52.3783,38.1791,83.661,ENTERABLE_TIER_B,TRIGGERED,97.2931,FULL,,,SIDEWAYS,LOW,753.05,53.18025756493167,-35.951991271140265,5.879596673078232,0.776455278508599,0.6426534543192448,30.142857142857142,63.0302,36.9698,95.2615,89.6493,79.7538,95.2615,82.2844,20.2462,MEDIUM,RESEARCH_ONLY_NO_STANDARD_TRADE,False
2024-02-02,GRANULES,OTHER,LONG,28.9201,61.447,32.5269,79.4962,ENTERABLE_TIER_B,TRIGGERED,97.2931,FULL,,,SIDEWAYS,LOW,420.0,57.0150009929836,-53.47222222222223,6.480656927834003,0.8354077450820185,0.9576293597004336,13.099999999999994,63.0302,36.9698,74.0712,81.5267,79.7538,74.0712,88.0916,20.2462,MEDIUM,RESEARCH_ONLY_NO_STANDARD_TRADE,False
2024-02-02,NAUKRI,Consumer Services,LONG,25.432,60.2644,34.8324,79.7721,ENTERABLE_TIER_B,TRIGGERED,98.5,FULL,,SIDEWAYS,SIDEWAYS,LOW,5177.15,56.91653973567063,-41.91257838436003,5.392206978971298,0.7681731719144478,0.0885698452239816,159.26428571428576,63.0302,36.9698,75.2633,78.6142,55.0229,75.2633,90.4938,44.9771,LOW,RESEARCH_ONLY_NO_STANDARD_TRADE,False
2024-02-02,PHOENIXLTD,Realty,LONG,53.7628,81.4618,27.699,79.6298,ENTERABLE_TIER_B,TRIGGERED,97.2931,FULL,,,SIDEWAYS,LOW,2478.9,55.54397768545091,-33.076923076923016,8.313814340584287,1.55919189927766,0.6706928799475147,130.89642857142863,63.0302,36.9698,87.974,62.3366,75.0587,87.974,90.4963,24.9414,LOW,QUALIFIED_FOR_INTRADAY_REVALIDATION,True
2024-02-02,SIEMENS,Capital Goods,LONG,28.7733,66.2118,37.4385,85.6082,ENTERABLE_TIER_B,TRIGGERED,98.5,FULL,,SIDEWAYS,SIDEWAYS,LOW,4162.3,55.17204419730232,-46.67567567567563,5.245116920730819,1.8432925706485164,1.2169115620169508,134.33928571428584,63.0302,36.9698,87.8641,85.0528,75.0915,87.8641,61.9918,24.9085,MEDIUM,UPGRADE_OFACTOR_REQUIRED,False
2024-02-02,TATASTEEL,Metals & Mining,LONG,40.0742,74.3819,34.3077,67.9507,ENTERABLE_TIER_B,TRIGGERED,98.5,FULL,,SIDEWAYS,SIDEWAYS,LOW,138.7,59.31186224954335,-7.894736842105309,5.314005171327237,1.7164307471391351,0.554262131534807,3.749999999999996,63.0302,36.9698,20.6667,52.4,66.3566,20.6667,90.4,33.6434,LOW,WAIT_FOR_XFACTOR,False
2024-02-05,CYIENT,OTHER,LONG,24.6859,57.3694,32.6835,80.9277,ENTERABLE_TIER_B,TRIGGERED,97.2931,FULL,,,SIDEWAYS,NORMAL,2169.45,52.99743190509948,-33.590431477755445,5.452867088256122,0.914508102619406,-1.495894215313713,125.6642857142857,54.3516,45.6484,91.6099,66.4344,73.7078,91.6099,95.6869,26.2923,LOW,RESEARCH_ONLY_NO_STANDARD_TRADE,False
2024-02-05,FINCABLES,OTHER,LONG,32.7799,60.1962,27.4163,79.7757,ENTERABLE_TIER_B,TRIGGERED,97.2931,FULL,,,SIDEWAYS,NORMAL,1078.8,52.89958332621911,-49.23747276688461,3.1465725019748385,0.9542272704112628,0.990820081270983,33.38928571428572,54.3516,45.6484,83.0035,82.2698,73.7078,83.0035,84.8454,26.2923,LOW,RESEARCH_ONLY_NO_STANDARD_TRADE,False
2024-02-05,SUNDARMFIN,Financial Services,LONG,38.1993,69.3179,31.1186,71.8852,ENTERABLE_TIER_B,TRIGGERED,97.2931,FULL,,,SIDEWAYS,NORMAL,3698.05,60.69865402093646,-26.464174454828605,6.702535305380053,2.111250041067008,0.4452773086034439,109.67857142857144,54.3516,45.6484,49.5906,68.1615,77.1758,49.5906,69.0186,22.8242,LOW,UPGRADE_OFACTOR_REQUIRED,False
2024-02-06,BLS,OTHER,LONG,52.9548,73.876,20.9212,74.8271,ENTERABLE_TIER_B,TRIGGERED,97.2931,FULL,,,SIDEWAYS,NORMAL,404.5,64.7888042588789,-46.31483166515013,18.934332152341547,1.1648430118573896,5.079162294133101,16.885714285714283,58.3906,41.6094,49.3161,68.1387,77.2043,49.3161,81.1675,22.7957,LOW,UPGRADE_OFACTOR_REQUIRED,False
2024-02-06,CCL,OTHER,LONG,30.1665,59.0513,28.8848,78.8898,ENTERABLE_TIER_B,TRIGGERED,97.2931,FULL,,,SIDEWAYS,NORMAL,645.15,50.66511621505147,-66.05363984674332,0.7598447825661079,2.514058270673718,0.6459958533429386,17.26785714285716,58.3906,41.6094,93.0314,57.9566,77.2043,93.0314,52.9762,22.7957,LOW,RESEARCH_ONLY_NO_STANDARD_TRADE,False
2024-02-06,JUBLPHARMA,OTHER,LONG,22.6674,55.6502,32.9828,77.9284,ENTERABLE_TIER_B,TRIGGERED,97.2931,FULL,,,SIDEWAYS,NORMAL,580.95,57.63945447054624,-42.28267297457123,11.485616231237422,1.0412797210822724,2.307445688186004,26.685714285714287,58.3906,41.6094,68.8098,80.9636,77.2043,68.8098,92.4304,22.7957,LOW,RESEARCH_ONLY_NO_STANDARD_TRADE,False
2024-02-06,MPHASIS,Information Technology,LONG,28.0344,66.5897,38.5553,81.5276,ENTERABLE_TIER_B,TRIGGERED,97.2931,FULL,,,SIDEWAYS,NORMAL,2578.65,50.63165364584198,-37.74080560420317,2.41641615686859,1.246578412310091,-0.1110155787290086,87.13928571428573,58.3906,41.6094,98.1677,51.0439,79.1953,98.1677,93.6883,20.8047,LOW,UPGRADE_OFACTOR_REQUIRED,False
2024-02-06,ULTRACEMCO,Construction Materials,LONG,21.0537,61.0984,40.0447,82.8482,ENTERABLE_TIER_B,TRIGGERED,98.5,FULL,,SIDEWAYS,SIDEWAYS,NORMAL,10048.75,52.49063603212958,-46.33583874274004,4.238020225091782,0.7876491637879812,0.5351505383865269,262.41428571428565,58.3906,41.6094,79.3348,80.4203,60.767,79.3348,95.9987,39.233,LOW,RESEARCH_ONLY_NO_STANDARD_TRADE,False
2024-02-06,WOCKPHARMA,OTHER,LONG,20.3406,58.9514,38.6108,81.7541,ENTERABLE_TIER_B,TRIGGERED,97.2931,FULL,,,SIDEWAYS,NORMAL,458.1,55.42951501189874,-23.30567081604421,14.25608083431282,1.962829134831363,1.55244708737163,24.489285714285707,58.3906,41.6094,81.5838,79.9096,77.2043,81.5838,72.4778,22.7957,LOW,RESEARCH_ONLY_NO_STANDARD_TRADE,False
2024-02-07,HOMEFIRST,OTHER,LONG,41.342,66.5786,25.2366,76.6022,ENTERABLE_TIER_B,TRIGGERED,97.2931,FULL,,,SIDEWAYS,NORMAL,995.3,55.81885970312893,-60.27522935779821,4.02391883061259,0.8726508662498973,0.5292251273900433,38.525,66.1724,33.8276,69.907,73.7313,83.0862,69.907,83.6989,16.9138,MEDIUM,UPGRADE_OFACTOR_REQUIRED,False
2024-02-07,IDEA,Telecommunication,LONG,2.0202,53.4596,51.4394,82.6953,ENTERABLE_TIER_B,TRIGGERED,97.2931,FULL,,,SIDEWAYS,NORMAL,15.0,52.80015315288774,-24.32432432432429,5.772374988529668,2.0156709878236185,-1.1353792141417074,0.6785714285714285,66.1724,33.8276,96.3158,55.7895,52.0272,96.3158,73.4737,47.9728,LOW,RESEARCH_ONLY_NO_STANDARD_TRADE,False
2024-02-07,MANKIND,Healthcare,LONG,44.8247,72.5841,27.7594,84.0374,ENTERABLE_TIER_B,TRIGGERED,97.2931,FULL,,,SIDEWAYS,NORMAL,2128.3,55.82302602286546,-34.235033259423425,6.045879574635043,1.2500566185001534,0.4606170189935393,74.44999999999995,66.1724,33.8276,92.608,71.3902,83.0862,92.608,83.9624,16.9138,MEDIUM,UPGRADE_OFACTOR_REQUIRED,False
2024-02-07,PIDILITIND,Chemicals,LONG,14.8668,56.4042,41.5374,72.5314,ENTERABLE_TIER_B,TRIGGERED,98.5,FULL,,SIDEWAYS,SIDEWAYS,NORMAL,2695.85,57.82037575852405,-20.75147816135803,3.4320862325150228,1.1532868977114927,-0.7516395229083831,73.53928571428575,66.1724,33.8276,50.3327,66.3853,41.1779,50.3327,84.6885,58.8221,LOW,RESEARCH_ONLY_NO_STANDARD_TRADE,False
2024-02-07,SOLARINDS,Chemicals,LONG,32.8644,65.6375,32.7731,71.86,ENTERABLE_TIER_B,TRIGGERED,98.5,FULL,,TRANSITION,SIDEWAYS,NORMAL,6908.45,57.2892417526304,-18.26451612903228,6.997106456253146,1.2869869522805215,-0.3152354187615871,199.70714285714297,66.1724,33.8276,55.4372,58.4492,41.1779,55.4372,96.6851,58.8221,LOW,UPGRADE_OFACTOR_REQUIRED,False
2024-02-09,KALYANKJIL,Consumer Durables,LONG,0.6044,49.0502,48.4458,83.4525,ENTERABLE_TIER_B,TRIGGERED,97.2931,FULL,,,SIDEWAYS,NORMAL,357.95,52.852664776785545,-37.11790393013101,6.00180304783964,1.3710992890830809,-0.5917723528107258,18.15,56.314,43.686,95.1056,71.4601,47.7871,95.1056,91.0744,52.2129,LOW,RESEARCH_ONLY_NO_STANDARD_TRADE,False
2024-02-12,GRANULES,OTHER,LONG,20.0032,59.0561,39.0529,83.934,ENTERABLE_TIER_B,TRIGGERED,97.2931,FULL,,,SIDEWAYS,NORMAL,422.15,54.296545988105294,-55.31609195402306,5.4976654377967975,1.260836474733849,1.2302958388691925,13.074999999999992,48.8008,51.1992,91.2301,86.6922,55.1646,91.2301,76.1377,44.8354,LOW,RESEARCH_ONLY_NO_STANDARD_TRADE,False
2024-02-13,FORTIS,Healthcare,LONG,29.2136,62.6988,33.4852,81.0941,ENTERABLE_TIER_B,TRIGGERED,97.2931,FULL,,,SIDEWAYS,NORMAL,435.2,54.70126482069266,-64.24581005586593,6.682556912436101,1.1969408900511165,1.5637594448476306,14.37857142857142,44.2413,55.7587,76.203,84.4213,70.4375,76.203,90.8197,29.5624,LOW,RESEARCH_ONLY_NO_STANDARD_TRADE,False
2024-02-13,ICICIBANK,Financial Services,LONG,30.4748,62.2699,31.7951,81.9196,ENTERABLE_TIER_B,TRIGGERED,98.5,FULL,,SIDEWAYS,SIDEWAYS,NORMAL,1019.8,54.03979996616948,-46.64092664092672,2.558654406657892,0.9281966819754208,0.3807265499543996,26.075000000000014,44.2413,55.7587,77.7309,70.0863,67.6897,77.7309,88.8782,32.3103,LOW,RESEARCH_ONLY_NO_STANDARD_TRADE,False
2024-02-13,MSUMI,OTHER,LONG,30.6475,60.2009,29.5534,75.5592,ENTERABLE_TIER_B,TRIGGERED,97.2931,FULL,,,SIDEWAYS,NORMAL,67.5,54.39101529542601,-50.17182130584192,5.674161753019321,0.7561848644365001,2.731661783857025,3.467857142857143,44.2413,55.7587,64.7717,66.5499,53.9147,64.7717,78.0844,46.0853,LOW,RESEARCH_ONLY_NO_STANDARD_TRADE,False
2024-02-13,NTPC,Power,LONG,31.1303,63.2934,32.1631,83.3254,ENTERABLE_TIER_B,TRIGGERED,98.5,FULL,,TRANSITION,SIDEWAYS,NORMAL,321.55,53.438042192463286,-45.56074766355139,7.316442658655089,0.7724662836824434,1.738411170304185,9.828571428571422,44.2413,55.7587,79.1255,77.0058,70.3246,79.1255,90.2326,29.6754,LOW,RESEARCH_ONLY_NO_STANDARD_TRADE,False
2024-02-13,TATASTEEL,Metals & Mining,LONG,16.0826,55.8444,39.7618,80.5476,ENTERABLE_TIER_B,TRIGGERED,98.5,FULL,,SIDEWAYS,SIDEWAYS,NORMAL,137.85,51.61090411515361,-55.20231213872835,3.1103634995450653,0.8754917838786672,1.3402376092457082,3.9499999999999966,44.2413,55.7587,83.1646,62.0253,45.5183,83.1646,95.9494,54.4817,LOW,RESEARCH_ONLY_NO_STANDARD_TRADE,False
2024-02-14,GODREJCP,Fast Moving Consumer Goods,LONG,29.0651,61.6479,32.5828,78.3074,ENTERABLE_TIER_B,TRIGGERED,98.5,FULL,,UPWARD,SIDEWAYS,NORMAL,1200.6,55.85749903243562,-58.59314609636695,6.420991653799363,0.7906074170165245,1.9589195683187608,36.46785714285716,40.293,59.707,67.268,71.9205,48.0346,67.268,94.0221,51.9654,LOW,RESEARCH_ONLY_NO_STANDARD_TRADE,False
2024-02-14,ICICIBANK,Financial Services,LONG,17.0769,57.9761,40.8992,81.3781,ENTERABLE_TIER_B,TRIGGERED,98.5,FULL,,SIDEWAYS,SIDEWAYS,NORMAL,1022.7,54.91145259233079,-42.16216216216209,2.755820920474339,0.8733233592144404,0.4354428345333318,25.278571428571443,40.293,59.707,71.1811,76.0271,66.6355,71.1811,79.4292,33.3644,LOW,RESEARCH_ONLY_NO_STANDARD_TRADE,False
2024-02-14,IPCALAB,Healthcare,LONG,9.8894,54.8217,44.9323,80.3709,ENTERABLE_TIER_B,TRIGGERED,97.2931,FULL,,,SIDEWAYS,NORMAL,1154.7,53.32793129393627,-59.1339648173207,4.69925892269932,2.002790479768114,1.692139543783284,41.38214285714287,40.293,59.707,69.2379,80.0397,65.6796,69.2379,48.9635,34.3203,LOW,RESEARCH_ONLY_NO_STANDARD_TRADE,False
2024-02-14,NAVA,OTHER,LONG,37.6962,61.9425,24.2463,75.4855,ENTERABLE_TIER_B,TRIGGERED,97.2931,FULL,,,SIDEWAYS,NORMAL,484.5,54.305691815750144,-57.797581158497785,6.397939387888309,0.8211192608446969,1.6798627154278405,21.371428571428563,40.293,59.707,81.9775,56.1096,58.9252,81.9775,91.2968,41.0748,LOW,RESEARCH_ONLY_NO_STANDARD_TRADE,False
2024-02-14,PFIZER,OTHER,LONG,40.7834,61.2412,20.4578,68.5377,ENTERABLE_TIER_B,TRIGGERED,97.2931,FULL,,,SIDEWAYS,NORMAL,4506.0,55.98570567216096,-51.13357843137256,5.236129040848035,0.7778353422776657,1.1026431022795482,162.17857142857136,40.293,59.707,58.6536,53.9397,58.9252,58.6536,95.3385,41.0748,LOW,RESEARCH_ONLY_NO_STANDARD_TRADE,False
2024-02-14,SONACOMS,OTHER,LONG,28.099,61.0712,32.9722,75.934,ENTERABLE_TIER_B,TRIGGERED,97.2931,FULL,,,SIDEWAYS,NORMAL,606.3,50.1740974946152,-59.35672514619888,1.7328806810380053,0.9755742097356236,0.2802057502758283,22.45357142857143,40.293,59.707,89.8828,53.1478,58.9252,89.8828,87.1735,41.0748,LOW,RESEARCH_ONLY_NO_STANDARD_TRADE,False
2024-02-14,WOCKPHARMA,OTHER,LONG,19.078,60.9842,41.9062,78.3162,ENTERABLE_TIER_B,TRIGGERED,97.2931,FULL,,,SIDEWAYS,NORMAL,448.55,51.40675392177594,-59.2142857142857,9.493352526724491,1.908793443414246,0.8100589712753079,25.46071428571428,40.293,59.707,99.0705,56.7176,58.9252,99.0705,85.1536,41.0748,LOW,RESEARCH_ONLY_NO_STANDARD_TRADE,False
2024-02-15,BANKINDIA,Financial Services,LONG,52.5634,76.9417,24.3783,77.0247,ENTERABLE_TIER_B,TRIGGERED,97.2931,FULL,,,SIDEWAYS,NORMAL,142.95,59.05341913600342,-41.82389937106922,15.29949807276894,0.960194578729623,2.421134914198147,8.385714285714283,45.4026,54.5974,52.8365,69.4719,70.5225,52.8365,97.615,29.4775,LOW,QUALIFIED_FOR_INTRADAY_REVALIDATION,True
2024-02-15,BEL,Capital Goods,LONG,24.0437,60.4497,36.406,85.426,ENTERABLE_TIER_B,TRIGGERED,98.5,FULL,,SIDEWAYS,SIDEWAYS,NORMAL,185.95,55.055941700106224,-35.30751708428248,7.085366846923975,0.8301767234845784,0.0693363262169867,5.946428571428569,45.4026,54.5974,90.9189,77.4655,64.9514,90.9189,97.6456,35.0487,LOW,RESEARCH_ONLY_NO_STANDARD_TRADE,False
2024-02-15,CHOICEIN,OTHER,LONG,24.0499,55.128,31.0781,82.8029,ENTERABLE_TIER_B,TRIGGERED,97.2931,FULL,,,SIDEWAYS,NORMAL,546.95,59.01232294322328,-59.203296703296616,9.34249939543808,0.8314482736332678,2.374765704631013,13.857142857142849,45.4026,54.5974,94.8522,92.3505,66.2518,94.8522,73.8763,33.7482,LOW,RESEARCH_ONLY_NO_STANDARD_TRADE,False
2024-02-15,IGL,OTHER,LONG,29.2033,62.3525,33.1492,74.9489,ENTERABLE_TIER_B,TRIGGERED,97.2931,FULL,,,SIDEWAYS,NORMAL,444.7,56.487230158158425,-26.1904761904762,4.143335057550567,0.7890753560066598,0.9865285308560748,13.671428571428567,45.4026,54.5974,59.9774,75.5695,66.2518,59.9774,78.9342,33.7482,LOW,RESEARCH_ONLY_NO_STANDARD_TRADE,False
2024-02-15,JINDALSAW,OTHER,LONG,19.5213,57.3765,37.8552,80.7699,ENTERABLE_TIER_B,TRIGGERED,97.2931,FULL,,,SIDEWAYS,NORMAL,514.45,55.34122247736226,-40.72164948453602,8.769796261546338,0.8703749928600214,1.6267200317569148,24.50714285714285,45.4026,54.5974,79.591,79.5978,66.2518,79.591,84.0047,33.7482,LOW,RESEARCH_ONLY_NO_STANDARD_TRADE,False
2024-02-15,KARURVYSYA,OTHER,LONG,43.19,72.3458,29.1558,82.8172,ENTERABLE_TIER_B,TRIGGERED,97.2931,FULL,,,SIDEWAYS,NORMAL,185.95,57.096356835682734,-57.59878419452892,8.917445954700954,1.194419636779205,1.6599644681544103,8.292857142857143,45.4026,54.5974,83.8616,82.8768,66.2518,83.8616,94.4531,33.7482,LOW,UPGRADE_OFACTOR_REQUIRED,False
2024-02-15,NAUKRI,Consumer Services,LONG,7.6966,52.3847,44.6881,85.0809,ENTERABLE_TIER_B,TRIGGERED,98.5,FULL,,SIDEWAYS,SIDEWAYS,NORMAL,5163.35,49.05090321587943,-56.70876671619608,2.9184034406412103,0.7867955876005711,1.1564641532437645,163.22500000000005,45.4026,54.5974,99.7723,76.1434,57.2434,99.7723,96.4466,42.7566,LOW,RESEARCH_ONLY_NO_STANDARD_TRADE,False
2024-02-15,TATAPOWER,Power,LONG,32.7192,63.8027,31.0835,85.9932,ENTERABLE_TIER_B,TRIGGERED,98.5,FULL,,UPWARD,SIDEWAYS,NORMAL,378.85,55.91845680790575,-58.40480274442535,11.28550607570552,0.7646673053462332,2.5503606763560054,14.882142857142854,45.4026,54.5974,83.3693,88.9801,72.7013,83.3693,90.5928,27.2987,LOW,RESEARCH_ONLY_NO_STANDARD_TRADE,False
2024-02-15,UNIONBANK,Financial Services,LONG,53.8996,74.8808,20.9812,78.1153,ENTERABLE_TIER_B,TRIGGERED,97.2931,FULL,,,SIDEWAYS,NORMAL,145.75,59.11422275529697,-42.197802197802176,13.260457291259886,1.1332567507772369,2.606929720950278,7.192857142857142,45.4026,54.5974,68.719,68.858,70.5225,68.719,95.8292,29.4775,LOW,QUALIFIED_FOR_INTRADAY_REVALIDATION,True
2024-02-16,BRIGADE,OTHER,LONG,39.5513,64.5499,24.9986,78.4164,ENTERABLE_TIER_B,TRIGGERED,97.2931,FULL,,,SIDEWAYS,NORMAL,1015.6,56.96729007919298,-55.27968890218367,11.828017761803611,0.905676223930228,1.6082699815637076,52.16785714285715,68.108,31.892,76.0261,76.0005,77.9064,76.0261,85.0866,22.0936,LOW,RESEARCH_ONLY_NO_STANDARD_TRADE,False
2024-02-16,GLAND,OTHER,LONG,45.1391,69.192,24.0529,79.5777,ENTERABLE_TIER_B,TRIGGERED,97.2931,FULL,,,SIDEWAYS,NORMAL,2001.15,53.994256582710165,-58.61702127659572,6.117955493622548,2.795016011659956,0.804998834072219,89.56785714285716,68.108,31.892,75.5083,58.4226,77.9064,75.5083,73.7183,22.0936,LOW,UPGRADE_OFACTOR_REQUIRED,False
2024-02-16,GRAPHITE,OTHER,LONG,41.6717,69.5843,27.9126,76.9153,ENTERABLE_TIER_B,TRIGGERED,97.2931,FULL,,,SIDEWAYS,NORMAL,576.1,56.5326541303275,-50.04975124378105,7.253558161280864,1.613517964232959,1.070949226224866,30.15000000000001,68.108,31.892,57.1587,66.6998,77.9064,57.1587,70.2819,22.0936,LOW,UPGRADE_OFACTOR_REQUIRED,False
2024-02-16,MCX,Financial Services,LONG,55.427,74.7231,19.2961,79.0285,ENTERABLE_TIER_B,TRIGGERED,97.2931,FULL,,,SIDEWAYS,NORMAL,3584.75,56.21929157889401,-58.05873925501432,12.213518040895254,0.9843336015146656,2.573210514343512,180.1071428571429,68.108,31.892,60.9196,66.8975,84.054,60.9196,90.8277,15.946,LOW,QUALIFIED_FOR_INTRADAY_REVALIDATION,True
2024-02-16,MINDACORP,OTHER,LONG,26.7236,61.6987,34.9751,85.2232,ENTERABLE_TIER_B,TRIGGERED,97.2931,FULL,,,SIDEWAYS,NORMAL,406.25,54.53438721198064,-53.99543378995434,5.030935804025184,2.832927339462296,0.990777891918221,15.274999999999991,68.108,31.892,97.1522,83.6334,77.9064,97.1522,38.0687,22.0936,LOW,RESEARCH_ONLY_NO_STANDARD_TRADE,False
2024-02-16,TATACONSUM,Fast Moving Consumer Goods,LONG,24.6074,62.8226,38.2152,83.2466,ENTERABLE_TIER_B,TRIGGERED,98.5,FULL,,SIDEWAYS,SIDEWAYS,NORMAL,1147.45,57.09847090033799,-28.970588235294077,7.10516130065253,0.8714391147303882,1.0643128157537127,28.42500000000002,68.108,31.892,88.3495,78.8215,60.1673,88.3495,97.2559,39.8327,MEDIUM,RESEARCH_ONLY_NO_STANDARD_TRADE,False
2024-02-16,TRIDENT,OTHER,LONG,35.7774,68.5871,32.8097,85.6591,ENTERABLE_TIER_B,TRIGGERED,97.2931,FULL,,,SIDEWAYS,NORMAL,45.15,54.08380038467269,-47.90419161676646,7.570404847503799,1.3335534131602185,0.5960093466589673,2.335714285714286,68.108,31.892,98.0734,70.0306,77.9064,98.0734,81.1621,22.0936,LOW,UPGRADE_OFACTOR_REQUIRED,False
2024-02-19,APOLLOTYRE,Automobile and Auto Components,LONG,34.623,66.2776,31.6546,84.5321,ENTERABLE_TIER_B,TRIGGERED,97.2931,FULL,,,TRANSITION,NORMAL,531.8,59.87775144017514,-44.96124031007759,10.134552423178764,0.7859211273825277,2.100575883999425,14.95357142857145,75.6264,24.3736,86.1572,87.294,74.9533,86.1572,85.5553,25.0467,MEDIUM,UPGRADE_OFACTOR_REQUIRED,False
2024-02-19,FACT,OTHER,LONG,45.4336,74.9314,29.4978,73.8911,ENTERABLE_TIER_B,TRIGGERED,97.2931,FULL,,,TRANSITION,NORMAL,831.15,56.69275540920713,-30.08029647930825,7.173943243610316,1.4456030962603823,-0.7732159239587841,39.11071428571428,75.6264,24.3736,62.1502,53.2098,82.537,62.1502,87.9828,17.4631,LOW,WAIT_FOR_XFACTOR,False
2024-02-19,JWL,OTHER,LONG,35.9276,67.5209,31.5933,85.7892,ENTERABLE_TIER_B,TRIGGERED,97.2931,FULL,,,TRANSITION,NORMAL,386.15,55.97802586090542,-35.86626139817629,8.544941417765514,1.1869806110362198,0.2779618884938969,21.83571428571429,75.6264,24.3736,92.5962,85.9863,82.537,92.5962,81.8646,17.4631,LOW,UPGRADE_OFACTOR_REQUIRED,False
2024-02-19,NAM-INDIA,Financial Services,LONG,34.4072,62.6835,28.2763,78.4583,ENTERABLE_TIER_B,TRIGGERED,97.2931,FULL,,,TRANSITION,NORMAL,510.7,57.64863525172608,-40.33485540334861,9.184613622009806,1.1500413329116252,0.5766355061716971,19.42142857142859,75.6264,24.3736,63.8973,78.1684,87.8132,63.8973,82.0816,12.1868,MEDIUM,RESEARCH_ONLY_NO_STANDARD_TRADE,False
2024-02-20,FORTIS,Healthcare,LONG,45.471,74.3812,28.9102,75.9239,ENTERABLE_TIER_B,TRIGGERED,97.2931,FULL,,,TRANSITION,NORMAL,443.25,58.58977051392521,-47.48653500897665,7.614147684098493,1.310525808488913,1.0902024351639985,13.924999999999992,72.1433,27.8567,53.3214,71.1311,85.9001,53.3214,86.3555,14.0998,MEDIUM,WAIT_FOR_XFACTOR,False
2024-02-20,FSL,OTHER,LONG,20.2455,54.8168,34.5713,81.8929,ENTERABLE_TIER_B,TRIGGERED,97.2931,FULL,,,TRANSITION,NORMAL,203.45,54.14779985498115,-58.22580645161294,6.5677943377495485,0.9042809161726524,0.9372800636631216,9.017857142857142,72.1433,27.8567,82.664,78.2653,74.0805,82.664,80.2614,25.9195,MEDIUM,RESEARCH_ONLY_NO_STANDARD_TRADE,False
2024-02-20,LEMONTREE,OTHER,LONG,28.3841,60.8801,32.496,84.3058,ENTERABLE_TIER_B,TRIGGERED,97.2931,FULL,,,TRANSITION,NORMAL,138.5,55.51752073652579,-39.552238805970106,6.921951603279834,0.761654041138789,0.9628834359288552,5.753571428571427,72.1433,27.8567,90.18,84.3575,74.0805,90.18,73.9292,25.9195,MEDIUM,RESEARCH_ONLY_NO_STANDARD_TRADE,False
2024-02-21,BRIGADE,OTHER,LONG,32.1216,63.764,31.6424,82.722,ENTERABLE_TIER_B,TRIGGERED,97.2931,FULL,,,SIDEWAYS,NORMAL,1005.0,54.48375801431029,-61.62129823511817,9.674045836310803,1.1543817505793708,1.291337482350141,46.41071428571429,68.6683,31.3317,96.6459,81.3405,64.6923,96.6459,88.4509,35.3077,LOW,RESEARCH_ONLY_NO_STANDARD_TRADE,False
2024-02-21,GODREJPROP,Realty,LONG,24.6986,61.912,37.2134,80.5494,ENTERABLE_TIER_B,TRIGGERED,97.2931,FULL,,,SIDEWAYS,NORMAL,2343.35,58.5597547037545,-29.530201342281902,8.818671015266283,1.0598529214681236,1.0510161538274436,70.92499999999998,68.6683,31.3317,71.3735,76.313,62.3573,71.3735,85.534,37.6427,MEDIUM,RESEARCH_ONLY_NO_STANDARD_TRADE,False
2024-02-22,BDL,Capital Goods,LONG,43.057,71.7866,28.7296,82.8448,ENTERABLE_TIER_B,TRIGGERED,97.2931,FULL,,,TRANSITION,NORMAL,1746.5,53.8481961720907,-50.29407920533263,9.837499404304404,0.8406222557563731,0.885957044502378,100.72857142857144,88.3987,11.6013,82.5736,67.2188,82.6094,82.5736,92.4351,17.3907,LOW,UPGRADE_OFACTOR_REQUIRED,False
2024-02-22,BHEL,Capital Goods,LONG,54.9692,77.8677,22.8985,85.0984,ENTERABLE_TIER_B,TRIGGERED,97.2931,FULL,,,TRANSITION,NORMAL,228.5,57.4592544260817,-35.20286396181384,13.94999200550042,0.8430658290742264,2.3490611245201083,11.360714285714293,88.3987,11.6013,88.4397,73.4172,82.6094,88.4397,96.8312,17.3907,LOW,QUALIFIED_FOR_INTRADAY_REVALIDATION,True
2024-02-22,COALINDIA,Oil Gas & Consumable Fuels,LONG,53.5213,75.0284,21.5071,84.122,ENTERABLE_TIER_B,TRIGGERED,98.5,FULL,,UPWARD,TRANSITION,NORMAL,445.15,55.44058642337064,-60.21276595744688,12.183939798168366,1.0943454521113416,3.7103876991670353,21.517857142857142,88.3987,11.6013,82.2318,68.0266,94.1994,82.2318,94.7021,5.8007,LOW,QUALIFIED_FOR_INTRADAY_REVALIDATION,True
2024-02-22,KAYNES,OTHER,LONG,39.8213,66.6378,26.8165,81.4985,ENTERABLE_TIER_B,TRIGGERED,97.2931,FULL,,,TRANSITION,NORMAL,2865.35,55.07208211451454,-26.662721893491145,6.501168704204896,0.8868467556002146,0.9866105131680092,131.39642857142866,88.3987,11.6013,94.0295,77.5489,84.1462,94.0295,92.496,15.8539,LOW,UPGRADE_OFACTOR_REQUIRED,False
2024-02-22,NH,OTHER,LONG,47.4645,71.3024,23.8379,77.3379,ENTERABLE_TIER_B,TRIGGERED,97.2931,FULL,,,TRANSITION,NORMAL,1370.35,59.55895147822457,-61.4591920857379,8.346276427019355,0.7965031938955258,2.1071284759737203,46.36071428571433,88.3987,11.6013,66.8541,68.5941,84.1462,66.8541,92.9682,15.8539,MEDIUM,UPGRADE_OFACTOR_REQUIRED,False
2024-02-22,NMDC,Metals & Mining,LONG,62.7293,78.7068,15.9775,80.8588,ENTERABLE_TIER_B,TRIGGERED,97.2931,FULL,,,TRANSITION,NORMAL,239.0,56.95728330942542,-46.04810996563576,12.522576060088474,0.9015128817259226,2.980420854275696,10.496428571428568,88.3987,11.6013,73.1655,70.6567,94.1994,73.1655,97.7135,5.8007,LOW,QUALIFIED_FOR_INTRADAY_REVALIDATION,True
2024-02-22,TECHM,Information Technology,LONG,18.2055,56.8111,38.6056,80.8769,ENTERABLE_TIER_B,TRIGGERED,98.5,FULL,,TRANSITION,TRANSITION,NORMAL,1328.1,53.42282531326704,-43.00940438871496,3.102882916032663,0.9743942352820392,0.1168428767598956,28.164285714285743,88.3987,11.6013,75.9625,59.1681,81.6809,75.9625,96.5914,18.319,MEDIUM,RESEARCH_ONLY_NO_STANDARD_TRADE,False
2024-02-22,TORNTPHARM,Healthcare,LONG,34.1547,65.67,31.5153,81.0193,ENTERABLE_TIER_B,TRIGGERED,98.5,FULL,,TRANSITION,TRANSITION,NORMAL,2608.0,58.003837311093015,-57.51797436698975,8.526116506344387,0.7546995310362246,2.080928355130193,63.44642857142857,88.3987,11.6013,75.5358,79.8885,91.4717,75.5358,90.0073,8.5283,MEDIUM,UPGRADE_OFACTOR_REQUIRED,False
2024-02-22,UNIONBANK,Financial Services,LONG,45.5503,72.21,26.6597,78.603,ENTERABLE_TIER_B,TRIGGERED,97.2931,FULL,,,TRANSITION,NORMAL,147.3,59.75135746231373,-35.38461538461531,12.450385718950894,0.8539181183917985,2.0750276550204125,7.464285714285713,88.3987,11.6013,67.5789,72.134,94.1994,67.5789,96.5167,5.8007,LOW,UPGRADE_OFACTOR_REQUIRED,False
2024-02-23,COLPAL,Fast Moving Consumer Goods,LONG,17.504,55.992,38.488,84.0483,ENTERABLE_TIER_B,TRIGGERED,97.2931,FULL,,,TRANSITION,LOW,2546.4,53.22948916347938,-56.32011967090489,4.311115366839207,0.9881909310993922,0.7678681003687945,50.2107142857143,79.472,20.528,96.1097,80.9602,66.7759,96.1097,89.1657,33.224,MEDIUM,RESEARCH_ONLY_NO_STANDARD_TRADE,False
2024-02-23,FLUOROCHEM,Chemicals,LONG,13.9924,55.2593,41.2669,77.3123,ENTERABLE_TIER_B,TRIGGERED,97.2931,FULL,,,TRANSITION,LOW,3591.65,53.6965583336706,-25.75147611379491,4.973016028967443,1.4776393963681962,0.0299833582144126,137.91071428571425,79.472,20.528,84.8815,73.8091,56.9406,84.8815,83.163,43.0594,LOW,RESEARCH_ONLY_NO_STANDARD_TRADE,False
2024-02-23,INTELLECT,OTHER,LONG,50.777,74.5488,23.7718,76.6119,ENTERABLE_TIER_B,TRIGGERED,97.2931,FULL,,,TRANSITION,LOW,952.8,57.26202160703535,-60.72150072150074,11.1317932504112,2.8099743029335698,1.3788581933966126,45.48928571428571,79.472,20.528,64.2443,53.8353,76.0966,64.2443,93.6688,23.9034,LOW,QUALIFIED_FOR_INTRADAY_REVALIDATION,True
2024-02-26,CDSL,OTHER,LONG,37.2168,70.7417,33.5249,80.7601,ENTERABLE_TIER_B,TRIGGERED,97.2931,FULL,,,TRANSITION,NORMAL,1900.0,55.508984583151474,-59.50472118296809,5.182042693878281,1.3284812572007862,0.3088041161229284,82.31071428571431,80.0295,19.9705,69.3499,71.8384,72.2129,69.3499,81.2904,27.7871,MEDIUM,UPGRADE_OFACTOR_REQUIRED,False
2024-02-26,HINDPETRO,Oil Gas & Consumable Fuels,LONG,65.3844,82.1077,16.7233,75.209,ENTERABLE_TIER_B,TRIGGERED,97.2931,FULL,,,TRANSITION,NORMAL,541.65,59.76452432651271,-49.25857275254865,19.7758348769944,1.3739684248747082,4.745497125004589,28.803571428571438,80.0295,19.9705,55.6421,57.4358,90.0147,55.6421,97.4309,9.9853,LOW,WAIT_FOR_XFACTOR,False
2024-02-26,KAYNES,OTHER,LONG,14.9524,54.4958,39.5434,86.0368,ENTERABLE_TIER_B,TRIGGERED,97.2931,FULL,,,TRANSITION,NORMAL,2874.05,55.61107881307813,-39.26596758817919,6.387990846403783,2.674265017831716,0.995874608155155,140.81428571428577,80.0295,19.9705,89.4258,87.9274,72.2129,89.4258,41.4974,27.7871,LOW,RESEARCH_ONLY_NO_STANDARD_TRADE,False
2024-02-26,PTCIL,OTHER,LONG,54.0133,72.4298,18.4165,72.4414,ENTERABLE_TIER_B,TRIGGERED,97.2931,FULL,,,TRANSITION,NORMAL,8631.9,65.17508232270569,-61.31253797852948,18.673507051239334,1.045924730393955,3.6831856532484295,433.4535714285713,80.0295,19.9705,56.7551,69.3716,72.2129,56.7551,83.7537,27.7871,LOW,UPGRADE_OFACTOR_REQUIRED,False
2024-02-27,BSE,Financial Services,LONG,53.9703,79.8654,25.8951,79.6598,ENTERABLE_TIER_B,TRIGGERED,97.2931,FULL,,,SIDEWAYS,NORMAL,2396.1,56.69135912131146,-42.539219263042696,7.05807873554414,1.481417769165822,-0.1589536061162512,97.53928571428573,67.6633,32.3367,84.3619,52.3884,78.7113,84.3619,94.6688,21.2888,MEDIUM,QUALIFIED_FOR_INTRADAY_REVALIDATION,True
2024-02-27,FEDERALBNK,Financial Services,LONG,41.7125,69.9137,28.2012,79.8429,ENTERABLE_TIER_B,TRIGGERED,97.2931,FULL,,,SIDEWAYS,NORMAL,154.2,54.45860371366864,-52.82608695652176,2.605923977074185,0.867696649500597,0.9840851813544128,5.114285714285716,67.6633,32.3367,61.7086,75.3631,78.7113,61.7086,95.6983,21.2888,MEDIUM,UPGRADE_OFACTOR_REQUIRED,False
2024-02-27,KARURVYSYA,OTHER,LONG,18.0149,59.6182,41.6033,81.7204,ENTERABLE_TIER_B,TRIGGERED,97.2931,FULL,,,SIDEWAYS,NORMAL,185.2,55.379911878595664,-29.032258064516167,6.764688695317442,2.0428100218752543,0.6579943119008607,6.29285714285714,67.6633,32.3367,99.5498,51.3734,64.7439,99.5498,91.7367,35.2561,LOW,RESEARCH_ONLY_NO_STANDARD_TRADE,False
2024-02-27,MAXHEALTH,Healthcare,LONG,56.2862,79.0706,22.7844,83.9,ENTERABLE_TIER_B,TRIGGERED,98.5,FULL,,UPWARD,SIDEWAYS,NORMAL,849.9,57.39962619785416,-69.88372093023258,11.89161585982068,1.4207366038279965,3.1528020335029248,30.32857142857143,67.6633,32.3367,86.1846,65.8408,82.4229,86.1846,84.1733,17.5771,MEDIUM,QUALIFIED_FOR_INTRADAY_REVALIDATION,True
2024-02-27,NAUKRI,Consumer Services,LONG,36.4986,66.4093,29.9107,78.2596,ENTERABLE_TIER_B,TRIGGERED,98.5,FULL,,UPWARD,SIDEWAYS,NORMAL,5345.45,55.635353614943945,-38.84941107758208,5.15133518196047,0.80127623569318,0.9377088684601812,157.66785714285703,67.6633,32.3367,73.2962,70.736,75.8587,73.2962,79.0446,24.1413,MEDIUM,UPGRADE_OFACTOR_REQUIRED,False
2024-02-27,TORNTPOWER,Power,LONG,52.1347,78.0254,25.8907,83.1987,ENTERABLE_TIER_B,TRIGGERED,97.2931,FULL,,,SIDEWAYS,NORMAL,1151.15,58.4112984304094,-47.66666666666664,12.422134565531366,1.198434138063159,2.585864238511648,63.88571428571429,67.6633,32.3367,83.1731,77.0528,73.965,83.1731,90.076,26.035,LOW,QUALIFIED_FOR_INTRADAY_REVALIDATION,True
2024-02-27,UTIAMC,OTHER,LONG,38.8571,68.7738,29.9167,78.1469,ENTERABLE_TIER_B,TRIGGERED,97.2931,FULL,,,SIDEWAYS,NORMAL,925.8,57.82455460870986,-42.37492465340575,5.536040969472123,2.150303764455465,1.072342845059202,28.78928571428572,67.6633,32.3367,81.0404,70.8919,64.7439,81.0404,84.4387,35.2561,LOW,UPGRADE_OFACTOR_REQUIRED,False
2024-02-28,MFSL,Financial Services,LONG,35.6914,71.4462,35.7548,77.8093,ENTERABLE_TIER_B,TRIGGERED,97.2931,FULL,,,SIDEWAYS,NORMAL,964.35,54.81422740180511,-44.32989690721647,2.6285951112059505,2.30044381551602,0.5143007268641079,30.885714285714307,66.6128,33.3872,63.6725,70.407,66.4862,63.6725,79.7965,33.5138,LOW,UPGRADE_OFACTOR_REQUIRED,False
2024-02-28,PFIZER,OTHER,LONG,32.6268,61.8734,29.2466,71.1406,ENTERABLE_TIER_B,TRIGGERED,97.2931,FULL,,,SIDEWAYS,NORMAL,4560.75,56.63583064419495,-34.42307692307692,4.956832725989818,1.1298068208458507,0.6250671500459766,144.2821428571427,66.6128,33.3872,83.828,48.975,55.8185,83.828,87.1086,44.1814,LOW,RESEARCH_ONLY_NO_STANDARD_TRADE,False
2024-02-29,ACC,Construction Materials,LONG,27.487,60.9207,33.4337,75.8413,ENTERABLE_TIER_B,TRIGGERED,97.2931,FULL,,,SIDEWAYS,NORMAL,2629.3,57.66644336287016,-61.566771819137614,9.419857275636993,0.9567021712696384,2.535919731927095,70.24285714285712,59.8616,40.1384,87.2419,58.373,45.2951,87.2419,81.3789,54.7049,LOW,RESEARCH_ONLY_NO_STANDARD_TRADE,False
2024-02-29,APARINDS,Capital Goods,LONG,9.6663,58.3682,48.7019,82.8865,ENTERABLE_TIER_B,TRIGGERED,97.2931,FULL,,,SIDEWAYS,NORMAL,6253.65,56.12392229749285,-31.385899406984468,6.697499489451067,1.607870952726628,1.848627152697588,239.2214285714286,59.8616,40.1384,86.8065,83.5132,66.0141,86.8065,68.8322,33.9859,LOW,RESEARCH_ONLY_NO_STANDARD_TRADE,False
2024-02-29,CANBK,Financial Services,LONG,46.1571,70.616,24.4589,80.1966,ENTERABLE_TIER_B,TRIGGERED,98.5,FULL,,UPWARD,SIDEWAYS,NORMAL,564.45,59.15755369680651,-53.50467289719618,13.480759503524611,0.8642562392135889,3.7432161979224943,20.521428571428583,59.8616,40.1384,88.4105,60.6265,60.3884,88.4105,93.1779,39.6116,LOW,UPGRADE_OFACTOR_REQUIRED,False
2024-02-29,CONCOR,Services,LONG,52.4194,78.4519,26.0325,76.8382,ENTERABLE_TIER_B,TRIGGERED,97.2931,FULL,,,SIDEWAYS,NORMAL,977.4,57.389094244835256,-37.598204264870986,9.241795633875448,1.4199456088950386,2.600418511516249,34.69999999999999,59.8616,40.1384,69.6302,62.6513,79.9308,69.6302,90.4899,20.0692,LOW,QUALIFIED_FOR_INTRADAY_REVALIDATION,True
2024-02-29,DIXON,Consumer Durables,LONG,55.1441,74.9873,19.8432,71.344,ENTERABLE_TIER_B,TRIGGERED,97.2931,FULL,,,SIDEWAYS,NORMAL,6683.85,58.21302694919752,-39.71101417666299,7.129516070284192,1.013903496728132,2.196490108524443,208.40357142857147,59.8616,40.1384,42.3306,59.3385,78.5515,42.3306,94.9809,21.4485,LOW,WAIT_FOR_XFACTOR,False
2024-02-29,GODREJCP,Fast Moving Consumer Goods,LONG,40.3361,69.3473,29.0112,68.6934,ENTERABLE_TIER_B,TRIGGERED,98.5,FULL,,UPWARD,SIDEWAYS,NORMAL,1257.7,60.71103542866144,-20.01934235976792,8.096423053846587,1.15367496096157,1.8577656895871333,28.782142857142908,59.8616,40.1384,41.4683,56.0144,58.3915,41.4683,91.453,41.6085,LOW,UPGRADE_OFACTOR_REQUIRED,False
2024-02-29,HINDCOPPER,OTHER,LONG,14.756,55.2648,40.5088,79.5876,ENTERABLE_TIER_B,TRIGGERED,97.2931,FULL,,,SIDEWAYS,NORMAL,269.8,54.08936502180459,-10.611735330836453,9.743335746395816,2.397667397352412,-0.5404395553604201,15.346428571428572,59.8616,40.1384,85.7947,51.1287,48.977,85.7947,94.5264,51.023,LOW,RESEARCH_ONLY_NO_STANDARD_TRADE,False
2024-02-29,J&KBANK,OTHER,LONG,39.7803,68.6897,28.9094,75.4467,ENTERABLE_TIER_B,TRIGGERED,97.2931,FULL,,,SIDEWAYS,NORMAL,143.15,55.36816593311806,-30.3703703703704,8.614775338543948,1.1762115048222266,1.4720414109471955,6.79285714285714,59.8616,40.1384,85.6958,63.7855,48.977,85.6958,96.7613,51.023,LOW,UPGRADE_OFACTOR_REQUIRED,False
2024-02-29,JSWENERGY,Power,LONG,22.3457,63.6218,41.2761,73.7173,ENTERABLE_TIER_B,TRIGGERED,98.5,FULL,,SIDEWAYS,SIDEWAYS,NORMAL,508.3,57.12372713601441,-46.364347146208,8.475391123636783,1.4875474570993306,1.9037565432340404,19.839285714285715,59.8616,40.1384,59.9784,63.5068,52.3434,59.9784,92.9433,47.6566,LOW,RESEARCH_ONLY_NO_STANDARD_TRADE,False
2024-02-29,LICHSGFIN,Financial Services,LONG,31.768,65.2974,33.5294,74.9421,ENTERABLE_TIER_B,TRIGGERED,97.2931,FULL,,,SIDEWAYS,NORMAL,647.95,60.69609658179811,-34.9374398460057,10.231638366415352,0.9857438339048954,2.181228899510132,16.917857142857162,59.8616,40.1384,74.3368,65.8349,60.3884,74.3368,90.4243,39.6116,LOW,UPGRADE_OFACTOR_REQUIRED,False
2024-02-29,LUPIN,Healthcare,LONG,43.3924,77.5965,34.2041,78.2834,ENTERABLE_TIER_B,TRIGGERED,97.2931,FULL,,,SIDEWAYS,NORMAL,1621.05,66.65155770372178,-24.38616071428583,11.187343486398332,2.2589300320074277,2.5397976527370627,36.65357142857143,59.8616,40.1384,58.7535,69.3891,71.9707,58.7535,90.2329,28.0292,LOW,QUALIFIED_FOR_INTRADAY_REVALIDATION,True
2024-02-29,MCX,Financial Services,LONG,49.5495,73.8735,24.324,73.9154,ENTERABLE_TIER_B,TRIGGERED,97.2931,FULL,,,SIDEWAYS,NORMAL,3763.8,60.89556778150072,-5.0513181726705385,13.306840174967045,0.7560504471776387,2.465474579051765,140.56785714285712,59.8616,40.1384,54.4668,64.7715,60.3884,54.4668,92.8575,39.6116,LOW,UPGRADE_OFACTOR_REQUIRED,False
2024-02-29,NTPC,Power,LONG,30.3545,62.9528,32.5983,82.6896,ENTERABLE_TIER_B,TRIGGERED,98.5,FULL,,UPWARD,SIDEWAYS,NORMAL,335.6,56.2170939304441,-37.10879284649772,7.627544629504869,0.86020186972917,1.6800326680736617,7.82142857142856,59.8616,40.1384,83.1446,74.4292,52.3434,83.1446,97.9543,47.6566,LOW,RESEARCH_ONLY_NO_STANDARD_TRADE,False
2024-02-29,REDINGTON,OTHER,LONG,35.1869,65.3012,30.1143,76.6294,ENTERABLE_TIER_B,TRIGGERED,97.2931,FULL,,,SIDEWAYS,NORMAL,206.75,58.17204694397998,-33.208020050125306,11.078465792738012,0.7839828821094058,3.248832165391274,11.35357142857143,59.8616,40.1384,67.3671,79.0374,48.977,67.3671,88.5499,51.023,LOW,UPGRADE_OFACTOR_REQUIRED,False
2024-02-29,USHAMART,OTHER,LONG,0.9065,45.1877,44.2812,76.6286,ENTERABLE_TIER_B,TRIGGERED,97.2931,FULL,,,SIDEWAYS,NORMAL,329.05,51.48266792947837,-24.48186528497405,1.5617223045585609,1.0659622448005686,-0.938525026557692,15.757142857142863,59.8616,40.1384,95.5153,46.9447,48.977,95.5153,84.8957,51.023,LOW,RESEARCH_ONLY_NO_STANDARD_TRADE,False
2024-02-29,WIPRO,Information Technology,LONG,33.9411,66.0341,32.093,84.7614,ENTERABLE_TIER_B,TRIGGERED,98.5,FULL,,UPWARD,SIDEWAYS,NORMAL,518.6,56.19440564977589,-49.726775956284094,7.958757612742784,0.8227651259812601,2.608188998588357,15.053571428571436,59.8616,40.1384,80.9237,85.6512,68.0923,80.9237,84.987,31.9076,LOW,UPGRADE_OFACTOR_REQUIRED,False
2024-03-01,APOLLOTYRE,Automobile and Auto Components,LONG,17.5383,55.7889,38.2506,78.279,ENTERABLE_TIER_B,TRIGGERED,97.2931,FULL,,,TRANSITION,NORMAL,529.8,56.81001555581481,-21.542940320233143,7.594825966109757,0.912891298832364,0.8484601581643446,12.63928571428573,74.6304,25.3696,75.4601,67.245,60.5801,75.4601,91.1387,39.4198,MEDIUM,RESEARCH_ONLY_NO_STANDARD_TRADE,False
2024-03-01,BHARTIARTL,Telecommunication,LONG,10.5533,53.8464,43.2931,88.2953,ENTERABLE_TIER_B,TRIGGERED,98.5,FULL,,SIDEWAYS,TRANSITION,NORMAL,1128.7,53.01061590650605,-49.512195121951294,4.041966230994526,1.0177527980308017,0.4751715623280629,24.635714285714325,74.6304,25.3696,95.8191,81.6527,86.6684,95.8191,80.4349,13.3316,MEDIUM,RESEARCH_ONLY_NO_STANDARD_TRADE,False
2024-03-01,HONAUT,Capital Goods,LONG,16.6203,58.6726,42.0523,81.9965,ENTERABLE_TIER_B,TRIGGERED,97.2931,FULL,,,TRANSITION,NORMAL,38179.8,53.32262630277094,-30.26329758997758,1.213682043524864,1.4069170575885726,0.1893679617684531,755.6071428571429,74.6304,25.3696,89.834,79.9711,76.5264,89.834,97.3267,23.4736,MEDIUM,RESEARCH_ONLY_NO_STANDARD_TRADE,False
2024-03-01,VEDL,Metals & Mining,LONG,27.6424,64.538,36.8956,83.067,ENTERABLE_TIER_B,TRIGGERED,98.5,FULL,,SIDEWAYS,TRANSITION,NORMAL,271.8,53.631042820651096,-52.36051502145915,3.3112234410597514,0.8667033993830326,0.0126582714413436,8.58214285714284,74.6304,25.3696,96.116,61.7811,78.3417,96.116,94.8731,21.6583,MEDIUM,RESEARCH_ONLY_NO_STANDARD_TRADE,False
2024-03-04,APOLLOTYRE,Automobile and Auto Components,LONG,13.4063,54.8676,41.4613,66.5643,ENTERABLE_TIER_B,TRIGGERED,97.2931,FULL,,,TRANSITION,LOW,535.1,59.13639594990323,-8.527131782945736,8.10290225691214,1.120572916864793,1.0348436048137295,11.896428571428585,74.2631,25.7369,35.2046,54.9445,57.3588,35.2046,90.7535,42.6412,LOW,RESEARCH_ONLY_NO_STANDARD_TRADE,False
2024-03-04,BAJAJ-AUTO,Automobile and Auto Components,LONG,38.0501,67.3037,29.2536,82.0456,ENTERABLE_TIER_B,TRIGGERED,98.5,FULL,,UPWARD,TRANSITION,LOW,8207.3,58.22120226787347,-58.25000000000009,11.028357796048883,0.910669130929744,2.21246265624708,228.13571428571444,74.2631,25.7369,80.2376,71.8326,57.3588,80.2376,96.8966,42.6412,LOW,UPGRADE_OFACTOR_REQUIRED,False
2024-03-04,BIOCON,Healthcare,LONG,0.6625,53.5248,52.8623,85.1707,ENTERABLE_TIER_B,TRIGGERED,97.2931,FULL,,,TRANSITION,LOW,278.9,53.384389267944506,-67.88218793828898,3.7581384499241888,2.094370548912911,0.3368721749217334,9.817857142857148,74.2631,25.7369,84.0936,86.9625,61.2867,84.0936,66.1841,38.7133,LOW,RESEARCH_ONLY_NO_STANDARD_TRADE,False
2024-03-04,COALINDIA,Oil Gas & Consumable Fuels,LONG,41.3014,71.3212,30.0198,84.122,ENTERABLE_TIER_B,TRIGGERED,98.5,FULL,,TRANSITION,TRANSITION,LOW,455.4,59.303598394924336,-53.98155909471924,11.709861217466718,0.7631940933957159,1.9068554760945629,13.935714285714289,74.2631,25.7369,76.7384,78.9031,87.1316,76.7384,92.5372,12.8684,MEDIUM,UPGRADE_OFACTOR_REQUIRED,False
2024-03-04,DRREDDY,Healthcare,LONG,22.7687,59.0377,36.269,83.3428,ENTERABLE_TIER_B,TRIGGERED,98.5,FULL,,TRANSITION,TRANSITION,LOW,6335.1,57.000885968428925,-51.1683642899939,5.151246542488302,1.1504583447985564,1.4551402341881057,133.69642857142844,74.2631,25.7369,93.7483,71.2483,61.2867,93.7483,68.8099,38.7133,MEDIUM,RESEARCH_ONLY_NO_STANDARD_TRADE,False
2024-03-04,ENGINERSIN,OTHER,LONG,4.7325,51.0847,46.3522,78.8749,ENTERABLE_TIER_B,TRIGGERED,97.2931,FULL,,,TRANSITION,LOW,222.3,52.89146889281171,-40.29411764705879,8.290806545418341,1.2713518853878445,-0.3684255783344239,9.192857142857138,74.2631,25.7369,75.8146,59.5338,53.8312,75.8146,81.7249,46.1688,LOW,RESEARCH_ONLY_NO_STANDARD_TRADE,False
2024-03-04,HONAUT,Capital Goods,LONG,22.4986,58.3387,35.8401,74.9853,ENTERABLE_TIER_B,TRIGGERED,97.2931,FULL,,,TRANSITION,LOW,38454.05,56.3429704765969,-21.92969518190736,1.856776544740436,1.3885967584993564,0.2407506574521963,780.1321428571422,74.2631,25.7369,65.217,61.9039,83.2548,65.217,77.1295,16.7452,MEDIUM,RESEARCH_ONLY_NO_STANDARD_TRADE,False
2024-03-05,BAJAJ-AUTO,Automobile and Auto Components,LONG,41.855,73.3297,31.4747,71.9409,ENTERABLE_TIER_B,TRIGGERED,98.5,FULL,,UPWARD,SIDEWAYS,LOW,8351.75,61.891607327847765,-39.24342105263158,12.51129187186782,1.300339736341261,2.197382060781257,236.45000000000013,66.2225,33.7775,49.3663,67.5703,53.6186,49.3663,93.8676,46.3814,LOW,UPGRADE_OFACTOR_REQUIRED,False
2024-03-05,CHENNPETRO,OTHER,LONG,20.3126,61.2127,40.9001,81.7322,ENTERABLE_TIER_B,TRIGGERED,97.2931,FULL,,,SIDEWAYS,LOW,921.85,54.04522303744996,-69.40570042449966,11.581207047254372,1.274486161602117,1.6316101694333642,42.28571428571428,66.2225,33.7775,94.9747,59.9865,42.941,94.9747,89.5,57.059,LOW,RESEARCH_ONLY_NO_STANDARD_TRADE,False
2024-03-05,IDBI,OTHER,LONG,5.4109,49.0685,43.6576,81.2564,ENTERABLE_TIER_B,TRIGGERED,97.2931,FULL,,,SIDEWAYS,LOW,89.1,55.78338290006264,-48.29268292682929,10.681870880914191,0.8672248438642984,1.8810486679143232,3.2357142857142853,66.2225,33.7775,90.3679,67.2406,42.941,90.3679,90.1104,57.059,LOW,RESEARCH_ONLY_NO_STANDARD_TRADE,False
2024-03-05,INDIANB,Financial Services,LONG,8.0669,52.8063,44.7394,84.1041,ENTERABLE_TIER_B,TRIGGERED,97.2931,FULL,,,SIDEWAYS,LOW,530.25,56.55801660038651,-52.28365384615382,8.91970146893576,1.1632831358248512,1.9518796162085563,17.80000000000001,66.2225,33.7775,88.5019,81.236,59.5336,88.5019,88.427,40.4664,LOW,RESEARCH_ONLY_NO_STANDARD_TRADE,False
2024-03-05,JUBLPHARMA,OTHER,LONG,23.6883,58.4833,34.795,70.578,ENTERABLE_TIER_B,TRIGGERED,97.2931,FULL,,,SIDEWAYS,LOW,588.95,55.49059129931938,-47.35547355473551,6.937007739230731,0.8260888516992239,0.2625642820943701,20.38214285714285,66.2225,33.7775,76.6462,54.4699,42.941,76.6462,80.2769,57.059,LOW,RESEARCH_ONLY_NO_STANDARD_TRADE,False
2024-03-05,JWL,OTHER,LONG,9.461,53.1178,43.6568,75.6026,ENTERABLE_TIER_B,TRIGGERED,97.2931,FULL,,,SIDEWAYS,LOW,378.25,53.0548448076582,-39.21370967741936,4.688786283720094,1.4285332046769694,-0.1058163651999906,16.810714285714283,66.2225,33.7775,66.4599,70.376,42.941,66.4599,83.9388,57.059,LOW,RESEARCH_ONLY_NO_STANDARD_TRADE,False
2024-03-05,M&MFIN,Financial Services,LONG,8.7543,56.3643,47.61,81.4681,ENTERABLE_TIER_B,TRIGGERED,97.2931,FULL,,,SIDEWAYS,LOW,290.8,55.61402108071517,-33.423180592991834,2.5806250992805824,2.262861815174737,0.4493398096673874,6.696428571428563,66.2225,33.7775,73.344,82.976,59.5336,73.344,66.5493,40.4664,LOW,RESEARCH_ONLY_NO_STANDARD_TRADE,False
2024-03-05,POLYMED,OTHER,LONG,4.2834,54.9356,50.6522,78.4297,ENTERABLE_TIER_B,TRIGGERED,97.2931,FULL,,,SIDEWAYS,LOW,1600.05,55.459908275700606,-60.625293841090745,4.79315615048995,1.6436310523470243,1.6048347820982063,72.42500000000003,66.2225,33.7775,80.1887,82.6303,42.941,80.1887,94.5047,57.059,LOW,RESEARCH_ONLY_NO_STANDARD_TRADE,False
2024-03-06,FEDERALBNK,Financial Services,LONG,28.5997,68.3753,39.7756,70.7841,ENTERABLE_TIER_B,TRIGGERED,97.2931,FULL,,,SIDEWAYS,LOW,157.25,59.54078877758209,-49.863013698630105,4.192648579955833,1.6342966325967845,0.815236524880402,4.103571428571428,70.6543,29.3457,37.4529,55.6484,50.0455,37.4529,87.3281,49.9544,LOW,UPGRADE_OFACTOR_REQUIRED,False
2024-03-06,ICICIGI,Financial Services,LONG,13.5838,53.6793,40.0955,84.8163,ENTERABLE_TIER_B,TRIGGERED,98.5,FULL,,SIDEWAYS,SIDEWAYS,LOW,1655.8,58.38748153163945,-69.44688323090436,6.876946089198348,0.8765772497239114,2.0232195810537776,39.31428571428577,70.6543,29.3457,99.4023,76.8532,50.0455,99.4023,84.891,49.9544,LOW,RESEARCH_ONLY_NO_STANDARD_TRADE,False
2024-03-06,INDIANB,Financial Services,LONG,15.4564,57.3744,41.918,70.7231,ENTERABLE_TIER_B,TRIGGERED,97.2931,FULL,,,SIDEWAYS,LOW,538.65,59.71180542149879,-32.09134615384619,10.266515335158829,1.7137991299442763,1.9444992189058288,18.110714285714295,70.6543,29.3457,55.3579,52.2934,50.0455,55.3579,74.932,49.9544,LOW,RESEARCH_ONLY_NO_STANDARD_TRADE,False
2024-03-06,TORNTPOWER,Power,LONG,20.7992,58.5466,37.7474,79.9663,ENTERABLE_TIER_B,TRIGGERED,97.2931,FULL,,,SIDEWAYS,LOW,1161.75,58.10158245496312,-42.62536873156342,11.057794878946478,0.7836302290989273,1.6767994085171096,52.80357142857143,70.6543,29.3457,73.6192,83.2208,45.0498,73.6192,90.7203,54.9502,LOW,RESEARCH_ONLY_NO_STANDARD_TRADE,False
2024-03-07,BBTC,OTHER,LONG,12.9642,56.7175,43.7533,75.1296,ENTERABLE_TIER_B,TRIGGERED,97.2931,FULL,,,TRANSITION,LOW,1745.25,54.243151531701976,-46.53465346534657,7.141555016937084,1.986144174491172,0.8442185325183827,67.9178571428572,79.7603,20.2397,85.6714,64.3393,46.7411,85.6714,59.5099,53.2589,LOW,RESEARCH_ONLY_NO_STANDARD_TRADE,False
2024-03-07,ICICIGI,Financial Services,LONG,21.9933,62.0606,40.0673,82.1442,ENTERABLE_TIER_B,TRIGGERED,98.5,FULL,,TRANSITION,TRANSITION,LOW,1666.15,60.38345222790198,-60.35996488147493,7.283892269327252,0.9221368422848868,1.9031539037598264,40.453571428571486,79.7603,20.2397,84.6491,73.5005,53.9597,84.6491,96.1932,46.0403,LOW,RESEARCH_ONLY_NO_STANDARD_TRADE,False
2024-03-11,CAMS,OTHER,LONG,23.6106,56.7477,33.1371,80.699,ENTERABLE_TIER_B,TRIGGERED,97.2931,FULL,,,TRANSITION,LOW,3006.45,52.98631945023502,-62.23249669749014,4.751445899680337,0.9164293168924932,1.2952054351708369,116.93214285714284,71.0471,28.9529,93.9395,64.2699,41.029,93.9395,95.7411,58.971,LOW,RESEARCH_ONLY_NO_STANDARD_TRADE,False
2024-03-11,DRREDDY,Healthcare,LONG,23.8439,62.3859,38.542,78.4327,ENTERABLE_TIER_B,TRIGGERED,98.5,FULL,,TRANSITION,TRANSITION,LOW,6387.45,59.83758139727037,-35.485320551228305,5.356551666271508,0.863002846501266,1.115951526755276,129.4321428571428,71.0471,28.9529,79.4654,76.0647,55.4537,79.4654,88.8281,44.5463,LOW,RESEARCH_ONLY_NO_STANDARD_TRADE,False
2024-03-11,PIIND,Chemicals,LONG,22.1509,59.7838,37.6329,84.8936,ENTERABLE_TIER_B,TRIGGERED,97.2931,FULL,,,TRANSITION,LOW,3652.1,57.53054320583875,-60.96423017107316,3.0594168729818145,1.388542741111899,1.3104655689028686,75.36785714285705,71.0471,28.9529,83.3439,83.282,77.8807,83.3439,37.5861,22.1194,MEDIUM,RESEARCH_ONLY_NO_STANDARD_TRADE,False
2024-03-12,ICICIGI,Financial Services,LONG,18.428,60.4744,42.0464,86.0789,ENTERABLE_TIER_B,TRIGGERED,98.5,FULL,,TRANSITION,TRANSITION,LOW,1661.1,58.448751098243065,-64.79367866549616,6.502739973445375,1.2578340270834814,1.6309296404468336,44.953571428571486,77.7437,22.2563,98.8284,71.6152,65.5881,98.8284,70.3694,34.4119,MEDIUM,RESEARCH_ONLY_NO_STANDARD_TRADE,False
2024-03-12,JSWENERGY,Power,LONG,26.5045,60.5295,34.025,77.5001,ENTERABLE_TIER_B,TRIGGERED,98.5,FULL,,SIDEWAYS,TRANSITION,LOW,509.3,55.06963612830485,-51.9492293744334,6.50708531600366,0.9859952050773028,1.4704019640197628,19.049999999999997,77.7437,22.2563,77.2003,61.8898,73.5363,77.2003,90.2362,26.4637,MEDIUM,RESEARCH_ONLY_NO_STANDARD_TRADE,False
2024-03-12,M&M,Automobile and Auto Components,LONG,40.3318,68.9897,28.6579,87.3369,ENTERABLE_TIER_B,TRIGGERED,98.5,FULL,,UPWARD,TRANSITION,LOW,1895.15,56.54454717333915,-67.40139211136882,7.54308041025943,0.7614310993459443,2.811175164613339,48.2071428571429,77.7437,22.2563,94.6274,84.6496,67.6753,94.6274,97.3448,32.3247,MEDIUM,UPGRADE_OFACTOR_REQUIRED,False
2024-03-12,POWERGRID,Power,LONG,24.0727,60.254,36.1813,89.2898,ENTERABLE_TIER_B,TRIGGERED,98.5,FULL,,UPWARD,TRANSITION,LOW,285.15,54.917293872322816,-53.60623781676418,8.197267470000678,0.8414857018126439,2.4247956445580026,8.407142857142848,77.7437,22.2563,99.8811,88.5811,73.5363,99.8811,83.3475,26.4637,MEDIUM,RESEARCH_ONLY_NO_STANDARD_TRADE,False
2024-03-12,TORNTPOWER,Power,LONG,48.9722,77.9861,29.0139,70.7062,ENTERABLE_TIER_B,TRIGGERED,97.2931,FULL,,,TRANSITION,LOW,1198.7,62.43377419925384,-39.82062780269057,13.351542415542694,2.0011248716049623,1.849407141833064,58.32857142857144,77.7437,22.2563,38.4093,62.4884,73.5363,38.4093,91.085,26.4637,LOW,WAIT_FOR_XFACTOR,False
2024-03-13,THERMAX,Capital Goods,LONG,33.1379,65.7637,32.6258,81.7513,ENTERABLE_TIER_B,TRIGGERED,97.2931,FULL,,,SIDEWAYS,LOW,3629.05,59.32421094873959,-57.38642494874279,8.966343706097009,1.6693244974741086,2.420229966143121,132.89999999999995,59.7521,40.2479,92.8656,74.0557,59.8999,92.8656,59.985,40.1001,LOW,UPGRADE_OFACTOR_REQUIRED,False
2024-03-14,HAL,Capital Goods,LONG,45.2975,72.0102,26.7127,76.0581,ENTERABLE_TIER_B,TRIGGERED,98.5,FULL,,UPWARD,SIDEWAYS,LOW,3165.95,53.35425591202329,-63.25126719768286,5.998926388294321,1.3604629421244376,2.011443432277622,105.61071428571428,61.6987,38.3013,76.1356,43.6042,65.118,76.1356,95.4739,34.882,LOW,UPGRADE_OFACTOR_REQUIRED,False
2024-03-14,SUNPHARMA,Healthcare,LONG,24.6127,63.1166,38.5039,82.7052,ENTERABLE_TIER_B,TRIGGERED,98.5,FULL,,TRANSITION,SIDEWAYS,LOW,1570.2,59.494935341478445,-55.14563106796112,8.441017899580286,1.5253499941838535,2.040095107827029,32.29642857142854,61.6987,38.3013,87.7644,70.3373,46.7521,87.7644,94.922,53.2479,LOW,RESEARCH_ONLY_NO_STANDARD_TRADE,False
2024-03-14,TATACONSUM,Fast Moving Consumer Goods,LONG,34.1468,67.758,33.6112,78.1224,ENTERABLE_TIER_B,TRIGGERED,98.5,FULL,,UPWARD,SIDEWAYS,LOW,1198.35,54.47201165277537,-59.096612296110514,6.223407579908256,1.3870973762418086,1.5994061310196932,33.4607142857143,61.6987,38.3013,79.6727,54.215,54.9237,79.6727,91.9906,45.0763,LOW,UPGRADE_OFACTOR_REQUIRED,False
2024-03-15,INDIGO,Services,LONG,31.3984,70.6014,39.203,76.6502,ENTERABLE_TIER_B,TRIGGERED,98.5,FULL,,UPWARD,SIDEWAYS,LOW,3203.1,56.19038921886216,-38.35016835016838,5.400092913262582,1.6101227534627085,0.9557637088619856,99.12499999999996,54.2825,45.7175,65.5687,72.5195,52.9317,65.5687,94.8348,47.0683,LOW,UPGRADE_OFACTOR_REQUIRED,False
2024-03-15,NAUKRI,Consumer Services,LONG,13.5785,56.704,43.1255,83.5142,ENTERABLE_TIER_B,TRIGGERED,98.5,FULL,,SIDEWAYS,SIDEWAYS,LOW,5241.2,52.95316922419335,-40.75245365321709,2.4910363836583738,1.0466027635012498,-0.268070646715471,159.0607142857141,54.2825,45.7175,91.7987,79.907,53.8486,91.7987,90.2427,46.1514,LOW,RESEARCH_ONLY_NO_STANDARD_TRADE,False
2024-03-15,TATACONSUM,Fast Moving Consumer Goods,LONG,35.9678,71.127,35.1592,72.6399,ENTERABLE_TIER_B,TRIGGERED,98.5,FULL,,UPWARD,SIDEWAYS,LOW,1212.15,57.35148268084364,-48.01520270270259,7.189174478487536,1.6970546741823809,1.5395317508050073,34.21785714285716,54.2825,45.7175,59.5387,57.6245,53.1135,59.5387,90.9989,46.8865,LOW,UPGRADE_OFACTOR_REQUIRED,False
2024-03-18,TATAPOWER,Power,LONG,34.4765,68.5513,34.0748,78.9865,ENTERABLE_TIER_B,TRIGGERED,98.5,FULL,,TRANSITION,SIDEWAYS,LOW,392.75,53.82666799504376,-57.72241992882564,7.9494688767178365,1.6486125488870151,1.2342591812514063,16.882142857142863,50.5671,49.4329,70.5705,66.355,51.3786,70.5705,95.9721,48.6214,LOW,UPGRADE_OFACTOR_REQUIRED,False
2024-03-21,SAIL,Metals & Mining,LONG,14.4759,58.1354,43.6595,87.6141,ENTERABLE_TIER_B,TRIGGERED,97.2931,FULL,,,SIDEWAYS,LOW,129.0,51.741959709249954,-57.86618444846292,5.342387091650835,1.718517382194911,-0.3621600666729591,6.960714285714287,48.3715,51.6285,99.1141,88.5069,48.338,99.1141,82.1857,51.662,LOW,RESEARCH_ONLY_NO_STANDARD_TRADE,False
2024-03-21,TATAPOWER,Power,LONG,36.3027,68.3118,32.0091,83.0591,ENTERABLE_TIER_B,TRIGGERED,98.5,FULL,,TRANSITION,SIDEWAYS,LOW,392.15,53.48988296650937,-60.73800738007385,7.194669649772922,0.7737137623246512,0.8397150976321398,17.660714285714295,48.3715,51.6285,78.4739,81.541,57.4767,78.4739,95.0172,42.5233,LOW,UPGRADE_OFACTOR_REQUIRED,False
2024-03-21,TATASTEEL,Metals & Mining,LONG,34.9184,69.1291,34.2107,82.4454,ENTERABLE_TIER_B,TRIGGERED,98.5,FULL,,TRANSITION,SIDEWAYS,LOW,150.1,55.01252226520592,-43.509615384615415,6.003725683733146,1.286896207057464,1.0219872643289478,5.796428571428572,48.3715,51.6285,76.336,84.1282,48.338,76.336,92.4091,51.662,LOW,UPGRADE_OFACTOR_REQUIRED,False
2024-03-21,VOLTAS,Consumer Durables,LONG,14.6365,54.7806,40.1441,79.0289,ENTERABLE_TIER_B,TRIGGERED,97.2931,FULL,,,SIDEWAYS,LOW,1083.95,53.72402175517693,-48.1193255512321,4.489482138206801,1.0128082376797776,-0.1983852916010462,35.24642857142861,48.3715,51.6285,92.0134,61.4713,47.8765,92.0134,94.4392,52.1235,LOW,RESEARCH_ONLY_NO_STANDARD_TRADE,False
2024-03-22,HAL,Capital Goods,LONG,36.55,69.5298,32.9798,84.8585,ENTERABLE_TIER_B,TRIGGERED,98.5,FULL,,UPWARD,SIDEWAYS,LOW,3170.8,53.81699616723132,-49.99999999999996,5.491778804989084,1.073974883632601,0.6400856321640969,130.85,45.4728,54.5272,89.9236,73.7715,67.4303,89.9236,88.0474,32.5697,LOW,UPGRADE_OFACTOR_REQUIRED,False
2024-03-22,TATASTEEL,Metals & Mining,LONG,31.5022,65.9642,34.462,77.7855,ENTERABLE_TIER_B,TRIGGERED,98.5,FULL,,TRANSITION,SIDEWAYS,LOW,151.8,56.897240852988894,-35.33653846153842,6.955739140850675,1.0118842037093954,1.1418041877732583,5.664285714285716,45.4728,54.5272,59.5124,75.6368,46.5643,59.5124,93.2913,53.4357,LOW,UPGRADE_OFACTOR_REQUIRED,False
2024-03-26,TITAN,Consumer Durables,LONG,6.4382,56.3791,49.9409,84.3056,ENTERABLE_TIER_B,TRIGGERED,98.5,FULL,,SIDEWAYS,SIDEWAYS,LOW,3698.2,53.26201122757027,-45.47258297258307,1.5954387935958114,1.3328111289149294,-0.1570075645789114,72.57142857142854,42.1967,57.8033,86.395,81.7008,51.4742,86.395,82.5,48.5258,LOW,RESEARCH_ONLY_NO_STANDARD_TRADE,False
2024-03-27,BDL,Capital Goods,LONG,9.0588,52.3497,43.2909,84.6011,ENTERABLE_TIER_B,TRIGGERED,97.2931,FULL,,,SIDEWAYS,LOW,1755.0,53.74359977711372,-36.15481434864696,5.208116125693066,0.945515625522373,-0.8240993333456675,79.45000000000003,50.0603,49.9397,83.8683,88.3952,71.1927,83.8683,92.4481,28.8072,LOW,RESEARCH_ONLY_NO_STANDARD_TRADE,False
2024-03-27,JSWINFRA,Services,LONG,13.8011,57.8489,44.0478,82.8359,ENTERABLE_TIER_B,TRIGGERED,97.2931,FULL,,,SIDEWAYS,LOW,247.55,54.8403213274212,-21.94860813704496,7.512694645808316,1.5570445385818474,0.5879610121612058,13.728571428571437,50.0603,49.9397,87.0465,77.7107,44.1033,87.0465,90.8221,55.8967,LOW,RESEARCH_ONLY_NO_STANDARD_TRADE,False
2024-03-28,ADANIENT,Metals & Mining,LONG,17.5561,59.5446,41.9885,77.7901,ENTERABLE_TIER_B,TRIGGERED,98.5,FULL,,TRANSITION,SIDEWAYS,LOW,3197.1,54.34014628935645,-15.758164380235549,3.988341426699162,1.513950275380437,-0.5442243038422161,109.78571428571422,54.8258,45.1742,80.5136,63.4379,60.674,80.5136,85.4626,39.326,LOW,RESEARCH_ONLY_NO_STANDARD_TRADE,False
2024-03-28,BERGEPAINT,Consumer Durables,LONG,19.9778,59.2076,39.2298,79.1073,ENTERABLE_TIER_B,TRIGGERED,97.2931,FULL,,,SIDEWAYS,LOW,573.05,54.78538275934456,-29.600000000000104,0.3597477564157889,1.1723316393768302,-0.3952558909205555,12.910714285714286,54.8258,45.1742,79.526,62.6667,69.3031,79.526,59.8783,30.6969,LOW,RESEARCH_ONLY_NO_STANDARD_TRADE,False
2024-03-28,CANBK,Financial Services,LONG,29.3128,68.0807,38.7679,77.4642,ENTERABLE_TIER_B,TRIGGERED,98.5,FULL,,SIDEWAYS,SIDEWAYS,LOW,581.05,58.10350608186344,-32.00261780104719,9.45768615617283,1.4370623801072393,0.8041877865893914,18.564285714285703,54.8258,45.1742,62.9396,72.097,43.9014,62.9396,85.4559,56.0986,LOW,UPGRADE_OFACTOR_REQUIRED,False
2024-03-28,HAVELLS,Consumer Durables,LONG,35.0115,66.751,31.7395,82.7495,ENTERABLE_TIER_B,TRIGGERED,98.5,FULL,,TRANSITION,SIDEWAYS,LOW,1515.0,57.00318412500948,-37.41682974559684,5.562086315997293,1.028653944069914,0.9019817374999896,43.75714285714287,54.8258,45.1742,89.4455,68.5537,69.3031,89.4455,90.8586,30.6969,LOW,UPGRADE_OFACTOR_REQUIRED,False
2024-03-28,INDIANB,Financial Services,LONG,12.3752,54.5246,42.1494,80.2483,ENTERABLE_TIER_B,TRIGGERED,97.2931,FULL,,,SIDEWAYS,LOW,520.7,53.74256061257108,-44.11302982731552,5.32681533196133,1.3679906190556992,-0.6805262577636049,24.42142857142857,54.8258,45.1742,78.1408,74.203,43.9014,78.1408,82.7201,56.0986,LOW,RESEARCH_ONLY_NO_STANDARD_TRADE,False
2024-03-28,JSWENERGY,Power,LONG,41.9935,74.1958,32.2023,68.0033,ENTERABLE_TIER_B,TRIGGERED,98.5,FULL,,SIDEWAYS,SIDEWAYS,LOW,528.9,60.82328458227875,-5.658056580565833,9.088145276000144,1.3003453077912692,1.0275814299975337,21.692857142857147,54.8258,45.1742,22.0634,53.2381,67.1299,22.0634,91.5179,32.8702,LOW,WAIT_FOR_XFACTOR,False
2024-03-28,NTPC,Power,LONG,17.5691,57.3393,39.7702,85.2961,ENTERABLE_TIER_B,TRIGGERED,98.5,FULL,,SIDEWAYS,SIDEWAYS,LOW,335.8,54.71733783569247,-37.59086188992725,4.498276815070585,1.095560367331642,-0.4149118582151973,10.353571428571424,54.8258,45.1742,88.7156,78.7513,67.1299,88.7156,83.7737,32.8702,LOW,RESEARCH_ONLY_NO_STANDARD_TRADE,False
2024-04-01,ADANIENSOL,Power,LONG,49.2381,76.7878,27.5497,68.4567,ENTERABLE_TIER_B,TRIGGERED,98.5,FULL,,TRANSITION,SIDEWAYS,LOW,1112.0,59.30439074285153,-6.199332379589889,6.838438989977724,1.4345994667019797,-0.4813150820395243,59.10714285714285,69.3934,30.6066,20.3057,48.6695,84.6967,20.3057,91.2024,15.3033,LOW,WAIT_FOR_XFACTOR,False
2024-04-01,JSWINFRA,Services,LONG,25.6223,68.3873,42.765,85.9431,ENTERABLE_TIER_B,TRIGGERED,97.2931,FULL,,,SIDEWAYS,LOW,247.05,54.419992531438986,-23.01927194860813,6.8254664653009,1.636651171260998,0.8157365354703654,13.828571428571436,69.3934,30.6066,86.8991,86.405,68.5117,86.8991,94.5041,31.4883,LOW,UPGRADE_OFACTOR_REQUIRED,False
2024-04-02,BPCL,Oil Gas & Consumable Fuels,LONG,31.5886,66.5014,34.9128,80.0663,ENTERABLE_TIER_B,TRIGGERED,98.5,FULL,,SIDEWAYS,SIDEWAYS,LOW,615.8,56.21725097439144,-24.762507916402857,8.747868501539408,1.1523357416731288,0.1583805281346365,21.71071428571429,67.8359,32.1641,69.8766,70.8899,61.1063,69.8766,91.7092,38.8936,MEDIUM,UPGRADE_OFACTOR_REQUIRED,False
2024-04-02,COALINDIA,Oil Gas & Consumable Fuels,LONG,16.6724,59.4085,42.7361,82.3691,ENTERABLE_TIER_B,TRIGGERED,98.5,FULL,,SIDEWAYS,SIDEWAYS,LOW,443.2,54.67165895403528,-23.07692307692311,5.518582222830582,1.0156181948861025,-0.0194802660072867,14.275000000000006,67.8359,32.1641,75.0379,79.965,61.1063,75.0379,85.7093,38.8936,MEDIUM,RESEARCH_ONLY_NO_STANDARD_TRADE,False
2024-04-02,GAIL,Oil Gas & Consumable Fuels,LONG,22.4785,62.4895,40.011,79.2408,ENTERABLE_TIER_B,TRIGGERED,98.5,FULL,,SIDEWAYS,SIDEWAYS,LOW,183.3,56.334113160549805,-6.824146981627213,6.338550580439453,0.9659335389653178,0.3337399039504717,6.414285714285711,67.8359,32.1641,70.6904,63.8307,61.1063,70.6904,93.7639,38.8936,LOW,RESEARCH_ONLY_NO_STANDARD_TRADE,False
2024-04-02,IRCON,OTHER,LONG,29.5759,67.8524,38.2765,69.6183,ENTERABLE_TIER_B,TRIGGERED,97.2931,FULL,,,SIDEWAYS,LOW,232.15,57.69786236660955,-5.950413223140487,9.350924161868104,1.3029396315908497,0.5625063353307438,13.349999999999996,67.8359,32.1641,29.9126,57.9476,50.3847,29.9126,89.2135,49.6153,LOW,UPGRADE_OFACTOR_REQUIRED,False
2024-04-02,NAVA,OTHER,LONG,8.8545,49.9804,41.1259,78.9076,ENTERABLE_TIER_B,TRIGGERED,97.2931,FULL,,,SIDEWAYS,LOW,501.1,52.79563419408716,-17.369414726242866,3.7893012290923416,0.8801512295406256,-0.1992869825809437,27.039285714285707,67.8359,32.1641,83.8322,85.1327,50.3847,83.8322,82.396,49.6153,LOW,RESEARCH_ONLY_NO_STANDARD_TRADE,False
2024-04-02,SBIN,Financial Services,LONG,30.8552,66.1177,35.2625,76.0748,ENTERABLE_TIER_B,TRIGGERED,98.5,FULL,,SIDEWAYS,SIDEWAYS,LOW,766.4,60.37996024694075,-19.58584987057811,7.547846762904871,0.8525466268104933,0.7302144645647538,16.239285714285717,67.8359,32.1641,50.5828,67.8557,65.9735,50.5828,94.2116,34.0266,MEDIUM,UPGRADE_OFACTOR_REQUIRED,False
2024-04-03,CYIENT,OTHER,LONG,23.5446,64.682,41.1374,65.5618,ENTERABLE_TIER_B,TRIGGERED,97.2931,FULL,,,SIDEWAYS,LOW,2067.1,58.1750204921425,-12.925631035066942,2.0180794830884223,2.088981225850631,-0.4292663752685987,75.03928571428575,53.5775,46.4225,20.2707,52.1624,50.4052,20.2707,79.664,49.5948,LOW,RESEARCH_ONLY_NO_STANDARD_TRADE,False
2024-04-04,TRENT,Consumer Services,LONG,38.6347,70.4017,31.767,80.9353,ENTERABLE_TIER_B,TRIGGERED,98.5,FULL,,SIDEWAYS,SIDEWAYS,LOW,4003.2,58.072520662809445,-46.95364238410602,9.465844023298567,1.0419073638733267,0.94158191625347,110.7785714285714,55.0737,44.9263,71.9185,68.1707,75.1279,71.9185,90.7022,24.872,LOW,UPGRADE_OFACTOR_REQUIRED,False
2024-04-05,TATACHEM,OTHER,LONG,40.4624,70.5135,30.0511,79.4022,ENTERABLE_TIER_B,TRIGGERED,97.2931,FULL,,,SIDEWAYS,LOW,1132.55,57.89202038759209,-19.60714285714289,7.305634378071791,1.1664863275056967,1.380832881148126,45.121428571428574,54.0206,45.9794,75.662,60.5952,54.7747,75.662,75.6657,45.2253,LOW,UPGRADE_OFACTOR_REQUIRED,False
2024-04-08,TVSMOTOR,Automobile and Auto Components,LONG,16.6333,58.2013,41.568,80.4401,ENTERABLE_TIER_B,TRIGGERED,98.5,FULL,,DOWNWARD,SIDEWAYS,LOW,2132.95,52.28190345391096,-32.79598308668085,2.932228262350794,0.9846027357996804,-0.2501195881049546,58.05000000000003,61.5553,38.4447,84.4531,54.0741,70.1815,84.4531,95.8312,29.8185,MEDIUM,RESEARCH_ONLY_NO_STANDARD_TRADE,False
2024-04-10,CAMS,OTHER,LONG,36.3438,67.48,31.1362,78.4831,ENTERABLE_TIER_B,TRIGGERED,97.2931,FULL,,,SIDEWAYS,LOW,3050.15,52.392551093202826,-42.46508803885851,3.970370993367001,1.218333805800807,1.1570268413747469,117.60357142857136,59.6417,40.3583,64.2414,74.5586,68.1973,64.2414,93.2485,31.8027,LOW,UPGRADE_OFACTOR_REQUIRED,False
2024-04-10,NETWEB,OTHER,LONG,11.0508,50.0654,39.0146,71.9312,ENTERABLE_TIER_B,TRIGGERED,97.2931,FULL,,,SIDEWAYS,LOW,1626.7,52.694409962193134,-43.81283836040217,8.789478846632887,0.9484472983362816,1.617346169825555,69.19642857142858,59.6417,40.3583,64.449,63.8421,68.1973,64.449,88.2653,31.8027,LOW,RESEARCH_ONLY_NO_STANDARD_TRADE,False
2024-04-10,TRENT,Consumer Services,LONG,35.5656,69.3534,33.7878,76.1896,ENTERABLE_TIER_B,TRIGGERED,98.5,FULL,,SIDEWAYS,SIDEWAYS,LOW,4021.15,58.16944710421909,-34.103939337895376,8.891802016543181,1.55626765611165,0.7690532130750019,100.17857142857144,59.6417,40.3583,60.5538,53.2834,79.8209,60.5538,63.1857,20.1791,LOW,UPGRADE_OFACTOR_REQUIRED,False
2024-04-12,HAVELLS,Consumer Durables,LONG,9.5044,56.2488,46.7444,84.472,ENTERABLE_TIER_B,TRIGGERED,98.5,FULL,,SIDEWAYS,SIDEWAYS,LOW,1510.65,52.2697171796579,-53.64661654135332,3.561509681039704,1.384076851189236,0.9553788815374814,35.49285714285717,56.9685,43.0315,88.5846,74.8682,71.8437,88.5846,69.684,28.1563,LOW,RESEARCH_ONLY_NO_STANDARD_TRADE,False
2024-04-12,KPRMILL,Textiles,LONG,38.2732,64.0176,25.7444,75.2924,ENTERABLE_TIER_B,TRIGGERED,97.2931,FULL,,,SIDEWAYS,LOW,825.65,56.39298090866362,-54.28410372040588,3.996548682785937,1.191357819023347,1.5677056861469454,27.217857142857135,56.9685,43.0315,67.0131,72.7385,65.7018,67.0131,86.259,34.2981,LOW,RESEARCH_ONLY_NO_STANDARD_TRADE,False
2024-04-12,NATCOPHARM,OTHER,LONG,16.8319,58.8162,41.9843,82.0753,ENTERABLE_TIER_B,TRIGGERED,97.2931,FULL,,,SIDEWAYS,LOW,974.25,50.593431530821,-68.42957366432815,3.6589479965184415,1.358364597436523,0.61105692485301,29.692857142857147,56.9685,43.0315,88.7683,70.0265,74.4207,88.7683,76.7621,25.5793,LOW,RESEARCH_ONLY_NO_STANDARD_TRADE,False
2024-04-12,SAPPHIRE,OTHER,LONG,45.8491,70.1446,24.2955,74.3611,ENTERABLE_TIER_B,TRIGGERED,97.2931,FULL,,,SIDEWAYS,LOW,1563.55,57.21292323074177,-53.75028848372951,5.653737272137736,0.8037728658666955,1.0520931802766549,64.38928571428573,56.9685,43.0315,58.6267,69.467,74.4207,58.6267,88.7559,25.5793,LOW,UPGRADE_OFACTOR_REQUIRED,False
2024-04-15,CAMS,OTHER,LONG,12.6096,50.7042,38.0946,84.5995,ENTERABLE_TIER_B,TRIGGERED,97.2931,FULL,,,SIDEWAYS,LOW,3028.7,50.66761046777804,-59.66565349544079,2.9325469682338565,0.7959580184496473,1.096108823500112,125.09285714285704,47.642,52.358,90.7389,86.2022,70.4465,90.7389,85.6427,29.5535,LOW,RESEARCH_ONLY_NO_STANDARD_TRADE,False
2024-04-15,NATCOPHARM,OTHER,LONG,30.3102,61.6972,31.387,75.2739,ENTERABLE_TIER_B,TRIGGERED,97.2931,FULL,,,SIDEWAYS,LOW,982.45,52.63294741212304,-59.57906098219103,4.378841940454327,1.035973156524281,0.5919408524431735,30.325000000000014,47.642,52.358,76.3616,57.9225,70.4465,76.3616,92.7453,29.5535,LOW,RESEARCH_ONLY_NO_STANDARD_TRADE,False
2024-04-15,OIL,Oil Gas & Consumable Fuels,LONG,32.1258,66.9582,34.8324,73.4226,ENTERABLE_TIER_B,TRIGGERED,97.2931,FULL,,,SIDEWAYS,LOW,621.85,57.09792909951734,-52.506887052341575,14.05013012405812,1.5316571397654877,2.658283107177651,29.750000000000007,47.642,52.358,50.381,64.5714,52.4667,50.381,80.3697,47.5333,LOW,UPGRADE_OFACTOR_REQUIRED,False
2024-04-16,APLAPOLLO,Capital Goods,LONG,18.2937,56.3735,38.0798,84.2432,ENTERABLE_TIER_B,TRIGGERED,97.2931,FULL,,,SIDEWAYS,LOW,1546.05,51.55318536836296,-45.629318113547626,1.2918120346145212,0.9397534450042088,0.9312404235310128,50.3035714285714,55.69,44.31,89.0697,82.4665,77.845,89.0697,84.1363,22.155,LOW,RESEARCH_ONLY_NO_STANDARD_TRADE,False
2024-04-16,COLPAL,Fast Moving Consumer Goods,LONG,24.0762,60.2706,36.1944,84.6347,ENTERABLE_TIER_B,TRIGGERED,97.2931,FULL,,,SIDEWAYS,LOW,2701.75,53.929152912011865,-49.5765472312704,4.363935211033382,0.8399875492450948,0.7515506908193408,78.85000000000001,55.69,44.31,98.0342,74.2803,58.8098,98.0342,89.8034,41.1902,LOW,RESEARCH_ONLY_NO_STANDARD_TRADE,False
2024-04-16,MARUTI,Automobile and Auto Components,LONG,45.6094,71.4737,25.8643,79.1774,ENTERABLE_TIER_B,TRIGGERED,98.5,FULL,,UPWARD,SIDEWAYS,LOW,12502.7,58.28752137167352,-50.69535554972448,7.68410157087416,0.9691048601566744,2.2255230673626056,307.88214285714304,55.69,44.31,60.7095,70.4627,77.845,60.7095,93.8678,22.155,LOW,UPGRADE_OFACTOR_REQUIRED,False
2024-04-16,NATCOPHARM,OTHER,LONG,32.096,60.7939,28.6979,78.2901,ENTERABLE_TIER_B,TRIGGERED,97.2931,FULL,,,SIDEWAYS,LOW,986.9,53.74877346327731,-54.7760388559094,4.687784523580584,0.7853365712724839,0.6075945807307623,31.00357142857144,55.69,44.31,68.3316,78.1961,77.845,68.3316,86.9692,22.155,LOW,RESEARCH_ONLY_NO_STANDARD_TRADE,False
2024-04-16,NETWEB,OTHER,LONG,46.2319,68.2387,22.0068,78.6268,ENTERABLE_TIER_B,TRIGGERED,97.2931,FULL,,,SIDEWAYS,LOW,1616.1,51.49500562435513,-62.73417721518992,7.358282593782579,1.232246181160778,0.9499234247805828,66.4464285714286,55.69,44.31,92.0563,61.4426,77.845,92.0563,77.0341,22.155,LOW,UPGRADE_OFACTOR_REQUIRED,False
2024-04-16,TRENT,Consumer Services,LONG,23.0635,61.1905,38.127,83.1623,ENTERABLE_TIER_B,TRIGGERED,98.5,FULL,,SIDEWAYS,SIDEWAYS,LOW,3988.2,54.480499224719104,-46.41077689610633,7.15610938000746,0.8496530853159281,0.8586642025632193,101.87499999999996,55.69,44.31,82.0368,70.238,77.845,82.0368,82.1742,22.155,LOW,RESEARCH_ONLY_NO_STANDARD_TRADE,False
2024-04-16,TRITURBINE,OTHER,LONG,30.0676,60.6684,30.6008,85.6284,ENTERABLE_TIER_B,TRIGGERED,97.2931,FULL,,,SIDEWAYS,LOW,533.1,54.63133019282409,-55.534941249226925,9.825173338968751,0.7557508532866409,3.4925704068775225,25.303571428571427,55.69,44.31,91.3714,87.5907,77.845,91.3714,54.3938,22.155,LOW,RESEARCH_ONLY_NO_STANDARD_TRADE,False
2024-04-18,BAJAJ-AUTO,Automobile and Auto Components,LONG,35.4732,70.4868,35.0136,85.5296,ENTERABLE_TIER_B,TRIGGERED,98.5,FULL,,UPWARD,SIDEWAYS,LOW,9021.3,57.90008120482014,-58.66515639975625,8.799802942915802,1.415155817164646,1.742483665645442,217.82500000000024,44.3257,55.6743,83.3245,86.9069,69.9615,83.3245,80.2227,30.0386,LOW,UPGRADE_OFACTOR_REQUIRED,False
2024-04-18,DIXON,Consumer Durables,LONG,28.6527,60.9146,32.2619,86.0061,ENTERABLE_TIER_B,TRIGGERED,97.2931,FULL,,,SIDEWAYS,LOW,7498.35,54.50816009512754,-66.57280219780215,7.590593579769231,0.8524951828183162,2.635631199635472,209.92857142857144,44.3257,55.6743,92.4466,84.8806,65.4947,92.4466,61.5774,34.5053,LOW,RESEARCH_ONLY_NO_STANDARD_TRADE,False
2024-04-19,BHEL,Capital Goods,LONG,45.8751,70.2455,24.3704,74.7522,ENTERABLE_TIER_B,TRIGGERED,97.2931,FULL,,,SIDEWAYS,LOW,254.55,56.88944361330757,-62.0762711864406,9.385071853941476,0.8408431110059067,2.344590832276715,8.46785714285714,54.6787,45.3213,53.727,60.7929,77.3393,53.727,91.4973,22.6607,LOW,UPGRADE_OFACTOR_REQUIRED,False
2024-04-19,GESHIP,OTHER,LONG,11.9381,53.4797,41.5416,81.0369,ENTERABLE_TIER_B,TRIGGERED,97.2931,FULL,,,SIDEWAYS,LOW,1008.9,53.846010771659344,-41.782637508283656,3.574601944287761,1.007092262168354,0.4693962394322901,41.642857142857146,54.6787,45.3213,78.2115,84.7273,77.3393,78.2115,75.458,22.6607,LOW,RESEARCH_ONLY_NO_STANDARD_TRADE,False
2024-04-19,INDIGO,Services,LONG,37.1363,66.2126,29.0763,78.7476,ENTERABLE_TIER_B,TRIGGERED,98.5,FULL,,UPWARD,SIDEWAYS,LOW,3560.2,57.36483513093712,-69.401643554186,8.552945613038267,0.9444670637367392,2.882295125093888,107.38928571428566,54.6787,45.3213,70.0932,55.6194,74.0376,70.0932,85.9204,25.9625,LOW,UPGRADE_OFACTOR_REQUIRED,False
2024-04-19,IRCTC,Consumer Services,LONG,33.092,64.4415,31.3495,82.5399,ENTERABLE_TIER_B,TRIGGERED,97.2931,FULL,,,SIDEWAYS,LOW,992.0,53.480657707051854,-53.40751043115437,5.1197962465597,1.0016469585768737,2.1485009450776418,33.682142857142864,54.6787,45.3213,74.9274,74.4672,77.1507,74.9274,83.1958,22.8493,LOW,RESEARCH_ONLY_NO_STANDARD_TRADE,False
2024-04-19,JYOTICNC,OTHER,LONG,44.1123,70.2749,26.1626,83.5377,ENTERABLE_TIER_B,TRIGGERED,97.2931,FULL,,,SIDEWAYS,LOW,738.8,54.70788120179969,-77.68115942028989,14.73594406299484,1.2529946599766038,3.793808315140773,43.98928571428572,54.6787,45.3213,98.905,72.0841,77.3393,98.905,94.4532,22.6607,LOW,UPGRADE_OFACTOR_REQUIRED,False
2024-04-19,MRPL,OTHER,LONG,36.6213,66.3966,29.7753,79.2978,ENTERABLE_TIER_B,TRIGGERED,97.2931,FULL,,,SIDEWAYS,LOW,227.0,52.12325438673409,-50.0,8.120964956875811,0.852548507527319,0.6404037807528882,10.453571428571427,54.6787,45.3213,94.2125,56.9525,77.3393,94.2125,92.3471,22.6607,LOW,UPGRADE_OFACTOR_REQUIRED,False
2024-04-19,NYKAA,Consumer Services,LONG,36.1264,66.6705,30.5441,81.7943,ENTERABLE_TIER_B,TRIGGERED,97.2931,FULL,,,SIDEWAYS,LOW,168.2,52.826702042836615,-68.48249027237358,3.0476446327142974,1.2838637004397264,2.408085820747257,7.110714285714293,54.6787,45.3213,88.7025,58.6539,77.1507,88.7025,87.6243,22.8493,LOW,UPGRADE_OFACTOR_REQUIRED,False
2024-04-19,PNB,Financial Services,LONG,29.4118,61.4643,32.0525,86.6165,ENTERABLE_TIER_B,TRIGGERED,98.5,FULL,,UPWARD,SIDEWAYS,LOW,128.25,50.373939531438864,-65.25974025974031,6.123690588513592,0.833660363000742,1.7157815251312678,4.192857142857143,54.6787,45.3213,98.3702,71.3799,74.1549,98.3702,89.506,25.8451,LOW,RESEARCH_ONLY_NO_STANDARD_TRADE,False
2024-04-19,RVNL,Construction,LONG,24.3831,59.3579,34.9748,82.5111,ENTERABLE_TIER_B,TRIGGERED,97.2931,FULL,,,SIDEWAYS,LOW,258.45,52.15372490371111,-47.66536964980547,4.500808603979266,0.7982924286623957,0.8341504987727436,8.471428571428573,54.6787,45.3213,89.1793,68.6003,61.6521,89.1793,81.3491,38.3479,LOW,RESEARCH_ONLY_NO_STANDARD_TRADE,False
2024-04-19,TATASTEEL,Metals & Mining,LONG,45.4118,69.7571,24.3453,72.9517,ENTERABLE_TIER_B,TRIGGERED,98.5,FULL,,UPWARD,SIDEWAYS,LOW,162.1,59.99004846310186,-45.02923976608191,8.090190909033879,0.9503848698799218,2.241932696468941,4.499999999999998,54.6787,45.3213,52.7778,57.3333,77.3393,52.7778,96.4444,22.6607,LOW,UPGRADE_OFACTOR_REQUIRED,False
2024-04-19,ZENTEC,OTHER,LONG,44.3951,66.142,21.7469,79.1827,ENTERABLE_TIER_B,TRIGGERED,97.2931,FULL,,,SIDEWAYS,LOW,983.8,55.9976122720485,-62.775238886580816,11.14010222226874,0.9425990230019144,3.1815102134709243,44.92500000000001,54.6787,45.3213,80.1261,73.734,77.3393,80.1261,87.8464,22.6607,LOW,UPGRADE_OFACTOR_REQUIRED,False
2024-04-22,ACE,OTHER,LONG,60.5378,79.9732,19.4354,79.14,ENTERABLE_TIER_B,TRIGGERED,97.2931,FULL,,,SIDEWAYS,LOW,1510.05,58.05019179990825,-52.9639175257732,17.51425089627532,0.9296621498949422,2.796157284579066,85.66428571428571,60.6057,39.3943,73.9351,64.0223,80.3029,73.9351,93.0193,19.6972,LOW,QUALIFIED_FOR_INTRADAY_REVALIDATION,True
2024-04-22,ASHOKLEY,Capital Goods,LONG,30.9386,63.7146,32.776,87.5467,ENTERABLE_TIER_B,TRIGGERED,97.2931,FULL,,,SIDEWAYS,LOW,172.7,50.62783352671974,-56.85618729096994,0.2099597281531485,0.8399828435383223,0.4859313155678456,4.332142857142856,60.6057,39.3943,97.8456,77.3784,80.3029,97.8456,93.5367,19.6972,MEDIUM,RESEARCH_ONLY_NO_STANDARD_TRADE,False
2024-04-22,BANKINDIA,Financial Services,LONG,45.1486,69.3825,24.2339,82.4213,ENTERABLE_TIER_B,TRIGGERED,97.2931,FULL,,,SIDEWAYS,LOW,141.25,52.75328209103103,-55.52486187845303,4.292102824776804,0.7929576569836023,0.4639564129180562,5.489285714285714,60.6057,39.3943,80.72,72.674,80.2385,80.72,95.2635,19.7615,MEDIUM,UPGRADE_OFACTOR_REQUIRED,False
2024-04-22,FEDERALBNK,Financial Services,LONG,27.2136,61.7288,34.5152,86.4254,ENTERABLE_TIER_B,TRIGGERED,97.2931,FULL,,,SIDEWAYS,LOW,153.5,51.673463507615885,-57.264957264957225,1.0939603908755884,0.8828154648100024,0.3661049231281797,3.760714285714288,60.6057,39.3943,86.2172,88.3001,80.2385,86.2172,87.2365,19.7615,MEDIUM,RESEARCH_ONLY_NO_STANDARD_TRADE,False
2024-04-22,KEC,OTHER,LONG,56.5771,72.6749,16.0978,73.6144,ENTERABLE_TIER_B,TRIGGERED,97.2931,FULL,,,SIDEWAYS,LOW,737.05,56.26451232554194,-68.50605652759089,6.715697054335838,0.8119172862459655,1.0327313828512996,31.66428571428572,60.6057,39.3943,54.9229,53.1965,80.3029,54.9229,96.2734,19.6972,MEDIUM,UPGRADE_OFACTOR_REQUIRED,False
2024-04-22,RELIANCE,Oil Gas & Consumable Fuels,LONG,27.0817,64.5367,37.455,81.9922,ENTERABLE_TIER_B,TRIGGERED,98.5,FULL,,TRANSITION,SIDEWAYS,LOW,2959.7,54.82329134380462,-27.75870524767065,2.990898420883563,0.8590612629691098,0.2497210830504002,46.671428571428514,60.6057,39.3943,68.6603,79.345,77.5309,68.6603,94.9005,22.469,MEDIUM,RESEARCH_ONLY_NO_STANDARD_TRADE,False
2024-04-22,WELCORP,OTHER,LONG,34.2736,64.0668,29.7932,82.825,ENTERABLE_TIER_B,TRIGGERED,97.2931,FULL,,,SIDEWAYS,LOW,550.4,50.911764740243655,-55.87846763540297,1.3256080413621685,1.6958533839344996,0.4954161477729804,23.49285714285714,60.6057,39.3943,93.6931,71.8212,80.3029,93.6931,82.0371,19.6972,MEDIUM,RESEARCH_ONLY_NO_STANDARD_TRADE,False
2024-04-23,BALRAMCHIN,OTHER,LONG,27.4495,61.9188,34.4693,80.6301,ENTERABLE_TIER_B,TRIGGERED,97.2931,FULL,,,TRANSITION,LOW,379.05,52.71674291608104,-51.36363636363633,-0.1646128923567078,1.063619836181248,0.0622410320874647,10.453571428571436,71.0287,28.9713,79.1937,73.7889,85.5144,79.1937,83.9289,14.4856,MEDIUM,RESEARCH_ONLY_NO_STANDARD_TRADE,False
2024-04-23,ENDURANCE,Automobile and Auto Components,LONG,28.7231,66.4806,37.7575,81.5103,ENTERABLE_TIER_B,TRIGGERED,97.2931,FULL,,,TRANSITION,LOW,1866.45,51.8228300905305,-49.43786982248518,0.851625393689721,1.8776282061792564,0.432955166082811,60.539285714285725,71.0287,28.9713,89.9349,72.6459,85.5144,89.9349,88.4042,14.4856,MEDIUM,UPGRADE_OFACTOR_REQUIRED,False
2024-04-23,HUDCO,Financial Services,LONG,39.8595,69.7787,29.9192,88.4363,ENTERABLE_TIER_B,TRIGGERED,97.2931,FULL,,,TRANSITION,LOW,197.65,52.23269315387295,-70.38917089678509,8.221642865033743,0.7553766993167621,1.142384549520202,8.239285714285712,71.0287,28.9713,98.0176,84.9502,85.5144,98.0176,90.5332,14.4856,MEDIUM,UPGRADE_OFACTOR_REQUIRED,False
2024-04-23,ICICIGI,Financial Services,LONG,30.4174,63.5227,33.1053,83.0958,ENTERABLE_TIER_B,TRIGGERED,98.5,FULL,,SIDEWAYS,TRANSITION,LOW,1695.8,54.50997331199902,-37.78597785977863,4.263111444126167,0.7464984963062111,0.5697278514756091,51.63214285714288,71.0287,28.9713,79.6961,81.5619,85.5144,79.6961,92.8727,14.4856,MEDIUM,RESEARCH_ONLY_NO_STANDARD_TRADE,False
2024-04-23,IGL,OTHER,LONG,42.5712,68.1676,25.5964,84.7494,ENTERABLE_TIER_B,TRIGGERED,97.2931,FULL,,,TRANSITION,LOW,448.5,52.58523926555645,-71.24010554089706,2.800232925793757,0.849631270991842,1.1463694284429948,17.164285714285715,71.0287,28.9713,87.6391,76.9288,85.5144,87.6391,93.5913,14.4856,MEDIUM,UPGRADE_OFACTOR_REQUIRED,False
2024-04-23,IRCON,OTHER,LONG,42.1248,71.5257,29.4009,83.628,ENTERABLE_TIER_B,TRIGGERED,97.2931,FULL,,,TRANSITION,LOW,227.85,53.91908845685065,-42.46823956442836,4.982070871380393,1.0544483305028551,0.2605779221244175,8.035714285714283,71.0287,28.9713,78.8652,76.3556,85.5144,78.8652,90.2933,14.4856,MEDIUM,UPGRADE_OFACTOR_REQUIRED,False
2024-04-23,ITC,Fast Moving Consumer Goods,LONG,19.9511,60.5041,40.553,82.7145,ENTERABLE_TIER_B,TRIGGERED,98.5,FULL,,TRANSITION,TRANSITION,LOW,429.2,54.857066833470384,-39.44954128440375,0.5881087298751273,0.8095191103271171,0.3870902382548012,7.267857142857143,71.0287,28.9713,77.2056,77.4349,65.541,77.2056,92.8452,34.459,MEDIUM,RESEARCH_ONLY_NO_STANDARD_TRADE,False
2024-04-24,AUBANK,Financial Services,LONG,40.3368,72.7744,32.4376,79.1805,ENTERABLE_TIER_B,TRIGGERED,97.2931,FULL,,,TRANSITION,LOW,618.95,55.92737655364687,-38.56209150326789,-0.2582310493160957,1.2789012886917213,1.142999016033317,18.735714285714295,71.4943,28.5057,59.6759,70.9645,85.7472,59.6759,93.3816,14.2529,MEDIUM,UPGRADE_OFACTOR_REQUIRED,False
2024-04-24,DLF,Realty,LONG,33.933,69.5269,35.5939,89.6667,ENTERABLE_TIER_B,TRIGGERED,98.5,FULL,,UPWARD,TRANSITION,LOW,893.5,53.179838697685085,-40.5,4.860565888847433,1.0279586672058754,0.1119787190719,24.88928571428572,71.4943,28.5057,99.1094,87.1431,85.7472,99.1094,92.4465,14.2529,MEDIUM,UPGRADE_OFACTOR_REQUIRED,False
2024-04-24,ENGINERSIN,OTHER,LONG,46.0742,73.9764,27.9022,83.7251,ENTERABLE_TIER_B,TRIGGERED,97.2931,FULL,,,TRANSITION,LOW,214.1,52.35054257002821,-58.208955223880594,2.963139622242628,0.9541964842491388,0.1674709677581913,8.282142857142858,71.4943,28.5057,87.785,68.3657,85.7472,87.785,87.4429,14.2529,MEDIUM,UPGRADE_OFACTOR_REQUIRED,False
2024-04-24,MAXHEALTH,Healthcare,LONG,47.896,73.0299,25.1339,77.6606,ENTERABLE_TIER_B,TRIGGERED,98.5,FULL,,UPWARD,TRANSITION,LOW,811.0,52.92202576478863,-57.25999316706527,3.878303799841881,1.4453002428033257,0.0606914085456957,30.221428571428586,71.4943,28.5057,90.9226,33.2924,80.6918,90.9226,92.4557,19.3082,LOW,UPGRADE_OFACTOR_REQUIRED,False
2024-04-24,SHRIRAMFIN,Financial Services,LONG,36.2625,70.0054,33.7429,84.8946,ENTERABLE_TIER_B,TRIGGERED,98.5,FULL,,UPWARD,TRANSITION,LOW,2461.05,53.85091253415752,-51.54161468543925,3.773922382945838,0.9011171874977112,0.3704654490686414,65.34285714285718,71.4943,28.5057,84.6961,73.6467,85.7472,84.6961,87.359,14.2529,MEDIUM,UPGRADE_OFACTOR_REQUIRED,False
2024-04-24,SOLARINDS,Chemicals,LONG,43.7736,71.1924,27.4188,82.1174,ENTERABLE_TIER_B,TRIGGERED,98.5,FULL,,TRANSITION,TRANSITION,LOW,8794.35,60.894910460294014,-13.315611406476483,11.6211522202215,0.8377980455915237,1.9068362699194723,242.6035714285716,71.4943,28.5057,82.1925,67.956,85.7472,82.1925,95.0701,14.2529,MEDIUM,UPGRADE_OFACTOR_REQUIRED,False
2024-04-25,AUROPHARMA,Healthcare,LONG,40.3662,68.1261,27.7599,83.6416,ENTERABLE_TIER_B,TRIGGERED,97.2931,FULL,,,TRANSITION,LOW,1103.4,54.41996459856415,-53.094910591471645,3.220682256283085,0.9789979345288368,0.8049192580556994,28.02500000000006,71.14,28.86,93.8269,65.3167,79.2439,93.8269,94.9331,20.7561,MEDIUM,UPGRADE_OFACTOR_REQUIRED,False
2024-04-25,BAJAJFINSV,Financial Services,LONG,32.6225,66.0703,33.4478,79.188,ENTERABLE_TIER_B,TRIGGERED,98.5,FULL,,TRANSITION,TRANSITION,LOW,1655.55,54.99691676798028,-43.34637964774955,1.9654241544490625,1.074921472618658,0.3813292288794928,35.782142857142844,71.14,28.86,82.5844,55.3967,85.57,82.5844,81.6109,14.43,MEDIUM,UPGRADE_OFACTOR_REQUIRED,False
2024-04-25,FEDERALBNK,Financial Services,LONG,37.5962,71.679,34.0828,76.9541,ENTERABLE_TIER_B,TRIGGERED,97.2931,FULL,,,TRANSITION,LOW,155.95,57.5031783641356,-36.32478632478636,2.541836481666412,1.2752022452741467,0.4318068727316516,3.653571428571427,71.14,28.86,55.9791,73.1769,85.57,55.9791,92.8837,14.43,MEDIUM,UPGRADE_OFACTOR_REQUIRED,False
2024-04-25,HUDCO,Financial Services,LONG,53.9462,76.5459,22.5997,81.0535,ENTERABLE_TIER_B,TRIGGERED,97.2931,FULL,,,TRANSITION,LOW,203.05,57.23159683966196,-52.11505922165816,10.479437036666557,0.781733733212638,1.1720246594062194,8.189285714285713,71.14,28.86,68.821,75.8221,85.57,68.821,89.01,14.43,MEDIUM,QUALIFIED_FOR_INTRADAY_REVALIDATION,True
2024-04-25,LEMONTREE,OTHER,LONG,28.4168,64.0415,35.6247,77.7292,ENTERABLE_TIER_B,TRIGGERED,97.2931,FULL,,,TRANSITION,LOW,138.2,53.65990011230105,-51.02880658436226,2.475215449453977,1.421924348462426,0.1351544503244988,3.7928571428571423,71.14,28.86,83.9171,60.9793,85.57,83.9171,81.5443,14.43,MEDIUM,RESEARCH_ONLY_NO_STANDARD_TRADE,False
2024-04-25,NTPC,Power,LONG,54.6709,78.5409,23.87,71.0381,ENTERABLE_TIER_B,TRIGGERED,98.5,FULL,,UPWARD,TRANSITION,LOW,359.2,60.91569501605851,-46.93251533742332,7.098713024405936,1.0621479007587873,1.2721716546570114,9.732142857142849,71.14,28.86,43.0581,58.4881,85.57,43.0581,94.2459,14.43,MEDIUM,WAIT_FOR_XFACTOR,False
2024-04-25,POLICYBZR,Financial Services,LONG,62.3804,83.0744,20.694,75.4671,ENTERABLE_TIER_B,TRIGGERED,97.2931,FULL,,,TRANSITION,LOW,1262.95,60.957442748461,-61.794468180796,14.363788313313329,0.9845914260805566,2.420998708002557,57.02857142857147,71.14,28.86,47.1142,64.509,85.57,47.1142,91.6182,14.43,LOW,WAIT_FOR_XFACTOR,False
2024-04-25,SHRIRAMFIN,Financial Services,LONG,47.8453,77.6036,29.7583,75.0143,ENTERABLE_TIER_B,TRIGGERED,98.5,FULL,,UPWARD,TRANSITION,LOW,2491.85,56.77970535447193,-40.563179468900415,4.900997695967048,1.4887549588263629,0.5168494386636137,63.48928571428577,71.14,28.86,60.3686,56.1501,85.57,60.3686,92.1562,14.43,MEDIUM,WAIT_FOR_XFACTOR,False
2024-04-26,ADANIENSOL,Power,LONG,29.3931,69.4537,40.0606,87.5222,ENTERABLE_TIER_B,TRIGGERED,98.5,FULL,,TRANSITION,SIDEWAYS,LOW,1062.85,52.09751268066408,-51.62200282087455,1.24354977399557,1.5463949692888612,-0.1408224459956345,30.84642857142861,62.1888,37.8112,99.2003,78.7982,81.0944,99.2003,88.848,18.9056,MEDIUM,UPGRADE_OFACTOR_REQUIRED,False
2024-04-26,AJANTPHARM,Healthcare,LONG,30.5906,65.1873,34.5967,70.7145,ENTERABLE_TIER_B,TRIGGERED,97.2931,FULL,,,SIDEWAYS,LOW,2193.5,58.36042985947648,-39.70681963033773,3.119644595166491,1.966322328102951,-0.1666996686221355,63.035714285714185,62.1888,37.8112,60.176,53.3598,77.4963,60.176,40.7003,22.5037,MEDIUM,UPGRADE_OFACTOR_REQUIRED,False
2024-04-26,CHOLAFIN,Financial Services,LONG,35.9246,66.1728,30.2482,84.7025,ENTERABLE_TIER_B,TRIGGERED,98.5,FULL,,UPWARD,SIDEWAYS,LOW,1171.7,56.02650366203297,-47.45387453874535,2.354292544809106,0.9523818469789268,0.7395757490625839,30.696428571428605,62.1888,37.8112,93.9732,72.3095,81.0944,93.9732,83.0599,18.9056,MEDIUM,UPGRADE_OFACTOR_REQUIRED,False
2024-04-26,DLF,Realty,LONG,41.2818,72.1858,30.904,80.9309,ENTERABLE_TIER_B,TRIGGERED,98.5,FULL,,TRANSITION,SIDEWAYS,LOW,908.0,57.02338925943781,-23.435075012933247,6.1752461799993,1.003632552207354,0.3743499324299379,22.607142857142858,62.1888,37.8112,65.4755,74.7867,81.0944,65.4755,93.6303,18.9056,MEDIUM,UPGRADE_OFACTOR_REQUIRED,False
2024-04-26,EIHOTEL,OTHER,LONG,55.6898,76.1941,20.5043,81.5953,ENTERABLE_TIER_B,TRIGGERED,97.2931,FULL,,,SIDEWAYS,LOW,474.9,58.34310401266655,-40.74626865671643,14.49102753105884,1.2049646547485209,2.2538650956074,25.20714285714285,62.1888,37.8112,81.4404,81.1958,81.0944,81.4404,83.9728,18.9056,LOW,QUALIFIED_FOR_INTRADAY_REVALIDATION,True
2024-04-26,LAURUSLABS,Healthcare,LONG,58.2576,82.1749,23.9173,75.6985,ENTERABLE_TIER_B,TRIGGERED,97.2931,FULL,,,SIDEWAYS,LOW,436.95,55.33942296891969,-60.37234042553195,5.17522652018952,2.73101153417765,1.440218920762177,16.278571428571418,62.1888,37.8112,77.8646,45.0812,77.4963,77.8646,83.0452,22.5037,LOW,WAIT_FOR_XFACTOR,False
2024-04-26,TIINDIA,Automobile and Auto Components,LONG,12.725,52.304,39.579,78.3016,ENTERABLE_TIER_B,TRIGGERED,97.2931,FULL,,,SIDEWAYS,LOW,3624.0,52.93508027581736,-17.343904856293346,0.7142656263594767,0.8974096648712928,-0.3533594165802999,80.2642857142857,62.1888,37.8112,81.727,55.6465,81.0944,81.727,82.5576,18.9056,MEDIUM,RESEARCH_ONLY_NO_STANDARD_TRADE,False
2024-04-29,BALKRISIND,Automobile and Auto Components,LONG,29.3114,62.5977,33.2863,78.37,ENTERABLE_TIER_B,TRIGGERED,97.2931,FULL,,,TRANSITION,LOW,2396.0,56.549439942348286,-36.8599033816426,1.2055262822410626,0.8775224466009087,0.5834771136588819,57.44999999999998,74.188,25.812,65.0305,76.3969,87.094,65.0305,90.2524,12.906,MEDIUM,RESEARCH_ONLY_NO_STANDARD_TRADE,False
2024-04-30,ABB,Capital Goods,LONG,35.6751,69.0307,33.3556,85.5,ENTERABLE_TIER_B,TRIGGERED,98.5,FULL,,TRANSITION,SIDEWAYS,LOW,6540.75,59.025931158111206,-43.997348986934334,12.008072122274456,1.1530230214422754,2.202792394471392,174.43928571428577,68.1254,31.8746,86.598,80.1077,84.0627,86.598,76.6681,15.9373,LOW,UPGRADE_OFACTOR_REQUIRED,False
2024-04-30,ADANIPOWER,Power,LONG,59.0485,83.4754,24.4269,78.8826,ENTERABLE_TIER_B,TRIGGERED,98.5,FULL,,UPWARD,SIDEWAYS,LOW,612.45,64.63614709933717,-30.6666666666666,19.212455241968208,1.773405696460369,3.3647116421643783,19.71428571428572,68.1254,31.8746,66.2935,63.0725,84.0627,66.2935,79.0,15.9373,LOW,QUALIFIED_FOR_INTRADAY_REVALIDATION,True
2024-04-30,CRAFTSMAN,OTHER,LONG,18.7025,54.416,35.7135,83.1239,ENTERABLE_TIER_B,TRIGGERED,97.2931,FULL,,,SIDEWAYS,LOW,4426.4,52.57799138167236,-65.04854368932044,0.9042552319208236,0.9787204835365056,1.5187995697657632,163.62499999999994,68.1254,31.8746,94.7675,83.7922,84.0627,94.7675,90.466,15.9373,MEDIUM,RESEARCH_ONLY_NO_STANDARD_TRADE,False
2024-04-30,HOMEFIRST,OTHER,LONG,28.9629,57.6296,28.6667,75.6372,ENTERABLE_TIER_B,TRIGGERED,97.2931,FULL,,,SIDEWAYS,LOW,912.55,55.44352476995053,-45.76192681797135,0.9159203593912552,1.1333993953062214,-0.5164306553354832,28.021428571428597,68.1254,31.8746,79.1767,53.3928,84.0627,79.1767,94.3615,15.9373,MEDIUM,RESEARCH_ONLY_NO_STANDARD_TRADE,False
2024-04-30,IDFCFIRSTB,Financial Services,LONG,31.6991,65.8343,34.1352,87.2003,ENTERABLE_TIER_B,TRIGGERED,97.2931,FULL,,,SIDEWAYS,LOW,82.15,51.37601909392064,-64.75409836065562,0.2801682213082629,1.664837278719026,0.9419025399384356,2.021428571428568,68.1254,31.8746,96.2898,74.2756,84.0627,96.2898,91.0954,15.9373,MEDIUM,UPGRADE_OFACTOR_REQUIRED,False
2024-04-30,JSL,Metals & Mining,LONG,24.5926,59.1842,34.5916,85.9091,ENTERABLE_TIER_B,TRIGGERED,97.2931,FULL,,,SIDEWAYS,LOW,706.95,53.71462307211923,-42.91688447464711,6.3487114276377365,1.0469284264707974,1.3314364913109915,26.20714285714284,68.1254,31.8746,93.7485,85.4238,84.0627,93.7485,82.6765,15.9373,MEDIUM,RESEARCH_ONLY_NO_STANDARD_TRADE,False
2024-04-30,SBICARD,Financial Services,LONG,21.4771,57.2994,35.8223,88.6726,ENTERABLE_TIER_B,TRIGGERED,97.2931,FULL,,,SIDEWAYS,LOW,728.3,50.44337598659008,-69.904761904762,0.2062394595542947,1.0502783015072537,1.0333101163679406,18.810714285714287,68.1254,31.8746,99.7253,90.8563,84.0627,99.7253,85.7528,15.9373,MEDIUM,RESEARCH_ONLY_NO_STANDARD_TRADE,False
2024-04-30,THERMAX,Capital Goods,LONG,57.3747,80.0429,22.6682,72.6634,ENTERABLE_TIER_B,TRIGGERED,97.2931,FULL,,,SIDEWAYS,LOW,4669.6,63.96632644253918,-43.02406454305181,17.20254055579607,1.5083285810389464,3.137576270105622,205.1464285714285,68.1254,31.8746,53.8444,63.0313,84.0627,53.8444,90.4946,15.9373,LOW,WAIT_FOR_XFACTOR,False
2024-05-02,ADANIPORTS,Services,LONG,20.4064,60.7595,40.3531,84.3772,ENTERABLE_TIER_B,TRIGGERED,98.5,FULL,,SIDEWAYS,SIDEWAYS,LOW,1338.8,54.85820104686235,-23.4705228031147,4.561483701773185,1.7888592110307917,0.2627700793142011,26.375000000000032,61.9923,38.0077,99.3239,51.09,80.9962,99.3239,84.9858,19.0038,MEDIUM,RESEARCH_ONLY_NO_STANDARD_TRADE,False
2024-05-02,CANFINHOME,OTHER,LONG,27.6148,64.9979,37.3831,85.6216,ENTERABLE_TIER_B,TRIGGERED,97.2931,FULL,,,SIDEWAYS,LOW,775.95,54.96344985037393,-52.58192651439917,0.7533582095086254,1.6422847651819297,-0.5725293278465992,22.432142857142853,61.9923,38.0077,94.97,78.513,80.9962,94.97,71.3804,19.0038,MEDIUM,RESEARCH_ONLY_NO_STANDARD_TRADE,False
2024-05-02,DLF,Realty,LONG,17.0045,56.7906,39.7861,86.0222,ENTERABLE_TIER_B,TRIGGERED,98.5,FULL,,SIDEWAYS,SIDEWAYS,LOW,896.45,53.2028416849301,-28.953356086461817,4.408444807499574,0.8167318843118346,0.3749198428467947,23.003571428571437,61.9923,38.0077,92.1027,74.8735,80.9962,92.1027,92.0882,19.0038,MEDIUM,RESEARCH_ONLY_NO_STANDARD_TRADE,False
2024-05-02,KPRMILL,Textiles,LONG,38.917,63.8073,24.8903,72.2191,ENTERABLE_TIER_B,TRIGGERED,97.2931,FULL,,,SIDEWAYS,LOW,862.9,59.62131024758828,-32.747982914095864,6.1422662980343015,2.934279665641573,1.739472210257785,31.003571428571437,61.9923,38.0077,58.2306,72.3903,63.4071,58.2306,67.6166,36.5929,LOW,RESEARCH_ONLY_NO_STANDARD_TRADE,False
2024-05-02,MFSL,Financial Services,LONG,28.2799,60.705,32.4251,86.9811,ENTERABLE_TIER_B,TRIGGERED,97.2931,FULL,,,SIDEWAYS,LOW,1023.85,53.46431482479728,-55.42903619357459,3.606486413610519,0.8956821239017482,0.6358134639068196,36.85357142857142,61.9923,38.0077,96.3866,87.1383,80.9962,96.3866,84.262,19.0038,MEDIUM,RESEARCH_ONLY_NO_STANDARD_TRADE,False
2024-05-02,OIL,Oil Gas & Consumable Fuels,LONG,45.4573,74.2598,28.8025,75.2607,ENTERABLE_TIER_B,TRIGGERED,97.2931,FULL,,,SIDEWAYS,LOW,630.45,58.83018053226615,-29.570345408593003,11.43420251388443,0.8994243196325439,1.346361901846037,23.910714285714285,61.9923,38.0077,66.598,57.4249,79.4971,66.598,97.407,20.5029,MEDIUM,WAIT_FOR_XFACTOR,False
2024-05-02,TATATECH,OTHER,LONG,35.2246,67.9943,32.7697,80.6788,ENTERABLE_TIER_B,TRIGGERED,97.2931,FULL,,,SIDEWAYS,LOW,1090.2,54.226587132363946,-32.7251324308416,-0.4435741822631852,1.0763872632756526,-0.1011115837560136,22.903571428571468,61.9923,38.0077,82.4409,55.2035,80.9962,82.4409,91.617,19.0038,MEDIUM,UPGRADE_OFACTOR_REQUIRED,False
2024-05-03,HOMEFIRST,OTHER,LONG,11.5048,48.3338,36.829,81.0443,ENTERABLE_TIER_B,TRIGGERED,97.2931,FULL,,,SIDEWAYS,LOW,901.6,52.260616683336615,-27.878787878787843,-0.2374055365707389,0.8408539686676391,-0.30595646463123,27.085714285714307,50.5138,49.4862,96.388,74.0823,72.9167,96.388,91.3608,27.0834,LOW,RESEARCH_ONLY_NO_STANDARD_TRADE,False
2024-05-06,HDFCBANK,Financial Services,LONG,13.348,57.804,44.456,88.6095,ENTERABLE_TIER_B,TRIGGERED,98.5,FULL,,TRANSITION,SIDEWAYS,NORMAL,1522.65,55.92793872284863,-45.04212572909911,1.7815470001574265,0.8149580067195509,0.8304257893088675,27.32857142857145,49.6066,50.3934,97.6459,91.9498,61.7899,97.6459,82.6555,38.2101,LOW,RESEARCH_ONLY_NO_STANDARD_TRADE,False
2024-05-06,HEG,OTHER,LONG,58.5479,76.5125,17.9646,73.5524,ENTERABLE_TIER_B,TRIGGERED,97.2931,FULL,,,SIDEWAYS,NORMAL,2412.2,64.4061380672251,-49.263950701814494,16.677072083606877,0.7987833184518273,4.472437749264577,103.10714285714288,49.6066,50.3934,61.5255,64.2314,69.322,61.5255,85.8012,30.678,LOW,WAIT_FOR_XFACTOR,False
2024-05-06,OBEROIRLTY,Realty,LONG,18.5663,58.1772,39.6109,82.1094,ENTERABLE_TIER_B,TRIGGERED,97.2931,FULL,,,SIDEWAYS,NORMAL,1498.7,54.63849903976086,-24.92597577388961,4.529183448952678,1.2095857662011371,0.9614851472870904,52.25714285714287,49.6066,50.3934,81.3646,79.1799,70.3227,81.3646,87.6763,29.6773,LOW,RESEARCH_ONLY_NO_STANDARD_TRADE,False
2024-05-08,APLAPOLLO,Capital Goods,LONG,18.8722,56.9526,38.0804,84.119,ENTERABLE_TIER_B,TRIGGERED,97.2931,FULL,,,SIDEWAYS,NORMAL,1562.85,52.11121854514801,-52.70625328428801,1.537115106516985,0.8366537010378592,0.5058086531705009,38.05357142857146,42.1477,57.8523,99.273,75.1403,71.0738,99.273,87.2285,28.9261,LOW,RESEARCH_ONLY_NO_STANDARD_TRADE,False
2024-05-08,BOSCHLTD,Automobile and Auto Components,LONG,12.6287,50.7765,38.1478,80.0711,ENTERABLE_TIER_B,TRIGGERED,98.5,FULL,,SIDEWAYS,SIDEWAYS,NORMAL,30047.6,54.256708234353816,-36.10046377670962,5.140302507794623,0.7954109444232527,0.2786149386087101,781.2750000000004,42.1477,57.8523,72.2641,77.4855,69.7006,72.2641,74.3855,30.2994,LOW,RESEARCH_ONLY_NO_STANDARD_TRADE,False
2024-05-08,CHAMBLFERT,OTHER,LONG,49.22,71.2832,22.0632,67.9706,ENTERABLE_TIER_B,TRIGGERED,97.2931,FULL,,,SIDEWAYS,NORMAL,404.7,57.902174330928375,-40.83333333333334,8.278780574262964,1.2158152451249278,2.8444215762232896,15.410714285714286,42.1477,57.8523,43.7729,47.5689,57.7035,43.7729,95.1981,42.2965,LOW,UPGRADE_OFACTOR_REQUIRED,False
2024-05-08,EIDPARRY,OTHER,LONG,28.4945,62.6435,34.149,80.9464,ENTERABLE_TIER_B,TRIGGERED,97.2931,FULL,,,SIDEWAYS,NORMAL,618.45,56.06249250464616,-50.86206896551711,3.4390256155404604,1.4693615324678415,1.0852391881215977,19.02857142857143,42.1477,57.8523,88.7012,80.5556,57.7035,88.7012,77.9279,42.2965,LOW,RESEARCH_ONLY_NO_STANDARD_TRADE,False
2024-05-08,HINDALCO,Metals & Mining,LONG,49.5535,72.423,22.8695,74.0714,ENTERABLE_TIER_B,TRIGGERED,98.5,FULL,,UPWARD,SIDEWAYS,NORMAL,633.5,60.86446671419858,-46.1412151067324,8.676352198893039,0.7570910726615981,2.9930875202895098,18.44642857142856,42.1477,57.8523,61.0132,60.1007,71.0738,61.0132,97.94,28.9261,LOW,UPGRADE_OFACTOR_REQUIRED,False
2024-05-08,THERMAX,Capital Goods,LONG,38.6172,66.3102,27.693,78.3086,ENTERABLE_TIER_B,TRIGGERED,97.2931,FULL,,,SIDEWAYS,NORMAL,4693.95,60.57776247922258,-39.63694533314786,14.815521573147588,0.8358802417855906,2.948363917009216,207.6785714285713,42.1477,57.8523,67.786,74.5954,71.0738,67.786,84.7264,28.9261,LOW,UPGRADE_OFACTOR_REQUIRED,False
2024-05-16,AXISBANK,Financial Services,LONG,34.4717,68.267,33.7953,65.8719,ENTERABLE_TIER_B,TRIGGERED,98.5,FULL,,UPWARD,SIDEWAYS,NORMAL,1139.3,60.245128443191646,-56.00513808606302,4.262121688552612,0.9037146811905032,1.3416425697559216,24.632142857142885,54.9145,45.0855,28.5216,54.531,52.2202,28.5216,92.4489,47.7798,LOW,UPGRADE_OFACTOR_REQUIRED,False
2024-05-16,DATAPATTNS,OTHER,LONG,48.7976,72.3117,23.5141,77.7632,ENTERABLE_TIER_B,TRIGGERED,97.2931,FULL,,,SIDEWAYS,NORMAL,2966.25,57.18882169270821,-40.42376893939393,12.68412816842459,0.7550812017899678,1.7352180214029864,133.95357142857145,54.9145,45.0855,66.5419,70.6764,69.5183,66.5419,97.2677,30.4817,LOW,UPGRADE_OFACTOR_REQUIRED,False
2024-05-16,ELECON,OTHER,LONG,63.2424,79.432,16.1896,72.0127,ENTERABLE_TIER_B,TRIGGERED,97.2931,FULL,,,SIDEWAYS,NORMAL,1144.55,61.0208057813935,-13.303726588144444,11.532606292101612,1.030110488973147,1.4176926686047793,55.87500000000004,54.9145,45.0855,45.2796,66.1029,69.5183,45.2796,96.2774,30.4817,LOW,WAIT_FOR_XFACTOR,False
2024-05-16,FORTIS,Healthcare,LONG,30.706,62.9923,32.2863,79.8969,ENTERABLE_TIER_B,TRIGGERED,97.2931,FULL,,,SIDEWAYS,NORMAL,448.85,54.9112196772899,-59.31506849315062,4.189081815361793,1.2252852355373471,1.1265522677307418,12.796428571428574,54.9145,45.0855,85.2954,67.4909,65.8523,85.2954,91.7164,34.1477,LOW,RESEARCH_ONLY_NO_STANDARD_TRADE,False
2024-05-16,GLAXO,Healthcare,LONG,25.8408,60.5183,34.6775,81.7857,ENTERABLE_TIER_B,TRIGGERED,97.2931,FULL,,,SIDEWAYS,NORMAL,2022.5,51.78275866098804,-71.30738522954093,0.3723063227666426,0.967739393833278,0.1202919437303268,63.2892857142857,54.9145,45.0855,98.2936,73.2024,65.8523,98.2936,85.7796,34.1477,LOW,RESEARCH_ONLY_NO_STANDARD_TRADE,False
2024-05-16,INDIANB,Financial Services,LONG,27.7588,62.7814,35.0226,74.8457,ENTERABLE_TIER_B,TRIGGERED,97.2931,FULL,,,SIDEWAYS,NORMAL,539.9,56.00404262825431,-39.55623565416988,4.74478735933022,0.8789021905193752,0.2997053416898156,21.82857142857144,54.9145,45.0855,60.6174,74.2539,52.2202,60.6174,91.6623,47.7798,LOW,RESEARCH_ONLY_NO_STANDARD_TRADE,False
2024-05-16,KPIL,OTHER,LONG,32.4001,64.3032,31.9031,84.6941,ENTERABLE_TIER_B,TRIGGERED,97.2931,FULL,,,SIDEWAYS,NORMAL,1199.25,55.45230192538892,-65.66622691292878,10.280120829639612,0.8708271422535775,1.3668912195704228,52.60000000000001,54.9145,45.0855,95.1838,92.0532,69.5183,95.1838,93.7262,30.4817,LOW,RESEARCH_ONLY_NO_STANDARD_TRADE,False
2024-05-16,MSUMI,OTHER,LONG,21.1482,61.2369,40.0887,77.325,ENTERABLE_TIER_B,TRIGGERED,97.2931,FULL,,,SIDEWAYS,NORMAL,69.5,54.75800694588735,-31.632653061224488,2.3415985691685743,1.9054920412712744,-0.0077418139227961,1.5678571428571462,54.9145,45.0855,84.4799,57.9043,69.5183,84.4799,64.2825,30.4817,LOW,RESEARCH_ONLY_NO_STANDARD_TRADE,False
2024-05-16,NAM-INDIA,Financial Services,LONG,40.619,67.067,26.448,76.2438,ENTERABLE_TIER_B,TRIGGERED,97.2931,FULL,,,SIDEWAYS,NORMAL,579.65,59.21478546302455,-48.04526748971196,9.089283931098556,0.7761139339381075,1.9860130024903668,16.517857142857167,54.9145,45.0855,83.6641,50.2357,52.2202,83.6641,82.2011,47.7798,LOW,UPGRADE_OFACTOR_REQUIRED,False
2024-05-16,NYKAA,Consumer Services,LONG,13.5686,53.4523,39.8837,82.2078,ENTERABLE_TIER_B,TRIGGERED,97.2931,FULL,,,SIDEWAYS,NORMAL,172.5,54.23798930131153,-54.54545454545455,3.1490258874288366,0.9943663514595548,0.3501679297327744,5.375000000000004,54.9145,45.0855,94.2946,71.7209,59.8368,94.2946,92.5581,40.1632,LOW,RESEARCH_ONLY_NO_STANDARD_TRADE,False
2024-05-16,ONGC,Oil Gas & Consumable Fuels,LONG,13.928,58.4586,44.5306,86.0933,ENTERABLE_TIER_B,TRIGGERED,98.5,FULL,,SIDEWAYS,SIDEWAYS,NORMAL,277.65,53.13933330123864,-49.51456310679619,3.842863205314126,1.5648807638588802,0.0521374004533924,7.989285714285716,54.9145,45.0855,95.0559,80.7242,54.6782,95.0559,91.4886,45.3218,LOW,RESEARCH_ONLY_NO_STANDARD_TRADE,False
2024-05-17,CESC,OTHER,LONG,48.9805,74.029,25.0485,72.9954,ENTERABLE_TIER_B,TRIGGERED,97.2931,FULL,,,SIDEWAYS,NORMAL,147.15,59.278419644810505,-47.40406320541759,8.321233710834475,1.0703164080340146,1.3061963001617003,6.117857142857141,61.9725,38.0275,66.4098,55.8669,73.4841,66.4098,92.8079,26.5158,MEDIUM,WAIT_FOR_XFACTOR,False
2024-05-17,GRAVITA,OTHER,LONG,19.5279,56.6017,37.0738,75.0966,ENTERABLE_TIER_B,TRIGGERED,97.2931,FULL,,,SIDEWAYS,NORMAL,960.8,53.25454231784082,-30.88503649635038,1.0498358933631904,1.9223926359201304,-0.7371525464490605,33.007142857142874,61.9725,38.0275,71.3951,72.309,73.4841,71.3951,65.8256,26.5158,MEDIUM,RESEARCH_ONLY_NO_STANDARD_TRADE,False
2024-05-17,HEG,OTHER,LONG,33.0419,64.7095,31.6676,83.1915,ENTERABLE_TIER_B,TRIGGERED,97.2931,FULL,,,SIDEWAYS,NORMAL,2412.75,61.49968931714592,-20.74223245109329,12.2417053032011,0.8855757892297562,2.491330781575555,77.72142857142863,61.9725,38.0275,92.13,75.9912,73.4841,92.13,93.6954,26.5158,LOW,RESEARCH_ONLY_NO_STANDARD_TRADE,False
2024-05-17,HINDCOPPER,OTHER,LONG,47.4814,75.6234,28.142,83.1149,ENTERABLE_TIER_B,TRIGGERED,97.2931,FULL,,,SIDEWAYS,NORMAL,383.95,60.672789985469045,-37.49999999999999,16.671494980400254,0.7937118007961221,3.216007043626232,15.574999999999998,61.9725,38.0275,73.7935,81.7657,73.4841,73.7935,94.2215,26.5158,LOW,QUALIFIED_FOR_INTRADAY_REVALIDATION,True
2024-05-17,IEX,OTHER,LONG,34.0601,65.572,31.5119,82.8316,ENTERABLE_TIER_B,TRIGGERED,97.2931,FULL,,,SIDEWAYS,NORMAL,151.4,55.27284385472659,-48.30097087378637,2.908951495343283,0.8461313927180054,0.0332427675829457,5.0428571428571445,61.9725,38.0275,94.0179,61.1331,73.4841,94.0179,96.4306,26.5158,MEDIUM,UPGRADE_OFACTOR_REQUIRED,False
2024-05-17,IREDA,Financial Services,LONG,42.1026,71.8542,29.7516,80.9856,ENTERABLE_TIER_B,TRIGGERED,97.2931,FULL,,,SIDEWAYS,NORMAL,174.95,57.35466521265857,-51.492537313432834,10.581000896396953,0.9608835336396307,1.7912829176412213,8.62857142857143,61.9725,38.0275,69.1142,80.298,57.0181,69.1142,83.543,42.9819,LOW,UPGRADE_OFACTOR_REQUIRED,False
2024-05-17,LLOYDSME,Metals & Mining,LONG,40.5493,67.8231,27.2738,80.6502,ENTERABLE_TIER_B,TRIGGERED,97.2931,FULL,,,SIDEWAYS,NORMAL,711.3,57.71698170121852,-40.6940063091483,8.868188800296334,1.2812878627676203,1.282712763882646,30.33214285714288,61.9725,38.0275,92.3953,71.9769,80.9862,92.3953,83.2521,19.0138,MEDIUM,UPGRADE_OFACTOR_REQUIRED,False
2024-05-17,MEDANTA,Healthcare,LONG,26.8887,59.1305,32.2418,81.9762,ENTERABLE_TIER_B,TRIGGERED,97.2931,FULL,,,SIDEWAYS,NORMAL,1421.2,56.09876911779395,-57.01587301587299,6.606666206704411,0.906909276991568,0.8825356482241754,46.892857142857125,61.9725,38.0275,93.6167,80.0396,69.2847,93.6167,92.4935,30.7154,MEDIUM,RESEARCH_ONLY_NO_STANDARD_TRADE,False
2024-05-17,MOTHERSON,Automobile and Auto Components,LONG,34.7759,66.1156,31.3397,82.7649,ENTERABLE_TIER_B,TRIGGERED,98.5,FULL,,TRANSITION,SIDEWAYS,NORMAL,129.35,57.7205588123871,-36.98630136986311,6.668318193442414,0.858280925599958,1.15734360236314,3.660714285714287,61.9725,38.0275,76.6894,80.3317,80.9862,76.6894,91.8049,19.0138,MEDIUM,UPGRADE_OFACTOR_REQUIRED,False
2024-05-17,SUNDARMFIN,Financial Services,LONG,37.0115,73.433,36.4215,74.8825,ENTERABLE_TIER_B,TRIGGERED,97.2931,FULL,,,SIDEWAYS,NORMAL,4766.4,58.63221812674934,-33.712585331699685,9.70116041618275,1.967785231733092,1.5704234994130415,185.72857142857129,61.9725,38.0275,66.145,72.7775,57.0181,66.145,88.9947,42.9819,LOW,UPGRADE_OFACTOR_REQUIRED,False
2024-05-17,TIINDIA,Automobile and Auto Components,LONG,35.3743,65.2191,29.8448,84.8021,ENTERABLE_TIER_B,TRIGGERED,97.2931,FULL,,,SIDEWAYS,NORMAL,3804.85,52.26124961076821,-64.97411209010812,2.8975408535527483,1.074014826040758,1.5104793911834822,148.0892857142857,61.9725,38.0275,88.4709,83.7801,80.9862,88.4709,93.8416,19.0138,MEDIUM,UPGRADE_OFACTOR_REQUIRED,False
2024-05-17,UNOMINDA,Automobile and Auto Components,LONG,43.1139,71.3644,28.2505,65.3062,ENTERABLE_TIER_B,TRIGGERED,97.2931,FULL,,,SIDEWAYS,NORMAL,749.45,63.61249577850007,-18.627450980392062,6.749255317340218,1.740944653498374,1.1876757295978022,18.839285714285705,61.9725,38.0275,27.9431,46.1763,80.9862,27.9431,81.8464,19.0138,LOW,UPGRADE_OFACTOR_REQUIRED,False
2024-05-21,AAVAS,OTHER,LONG,43.5509,68.5428,24.9919,73.6574,ENTERABLE_TIER_B,TRIGGERED,97.2931,FULL,,,SIDEWAYS,HIGH,1611.5,57.94243031804161,-14.397905759162317,5.447223634718709,0.8558223738744453,1.1994537255373603,50.02857142857143,64.3755,35.6245,77.1564,60.1828,79.0258,77.1564,97.2416,20.9742,MEDIUM,UPGRADE_OFACTOR_REQUIRED,False
2024-05-21,BANKBARODA,Financial Services,LONG,18.591,61.1112,42.5202,86.524,ENTERABLE_TIER_B,TRIGGERED,98.5,FULL,,TRANSITION,SIDEWAYS,HIGH,265.5,51.62335423493443,-51.758087201125136,1.8098614361131788,0.8150876398702102,-0.2508456104804388,8.724999999999996,64.3755,35.6245,98.4909,75.9312,61.5901,98.4909,94.0401,38.4099,MEDIUM,RESEARCH_ONLY_NO_STANDARD_TRADE,False
2024-05-21,HSCL,OTHER,LONG,31.0573,62.2539,31.1966,67.3601,ENTERABLE_TIER_B,TRIGGERED,97.2931,FULL,,,SIDEWAYS,HIGH,363.95,58.065825693811256,-33.43137254901963,14.640680257952502,1.4673226184168753,2.177873101246097,13.97142857142857,64.3755,35.6245,36.6445,51.4724,79.0258,36.6445,93.9877,20.9742,LOW,RESEARCH_ONLY_NO_STANDARD_TRADE,False
2024-05-21,IDBI,OTHER,LONG,39.1998,70.6249,31.4251,78.6348,ENTERABLE_TIER_B,TRIGGERED,97.2931,FULL,,,SIDEWAYS,HIGH,88.2,56.32908091663536,-41.22137404580148,4.340683146820211,1.343790412479844,-0.2562218157318737,3.135714285714287,64.3755,35.6245,66.0364,74.4875,79.0258,66.0364,77.6765,20.9742,MEDIUM,UPGRADE_OFACTOR_REQUIRED,False
2024-05-21,JSWENERGY,Power,LONG,14.3046,56.2258,41.9212,86.5585,ENTERABLE_TIER_B,TRIGGERED,98.5,FULL,,TRANSITION,SIDEWAYS,HIGH,603.9,54.67026970372023,-33.65041617122478,7.696379490664423,0.9961319055571928,0.740030887922492,33.1357142857143,64.3755,35.6245,87.8832,85.333,81.712,87.8832,83.0394,18.288,LOW,RESEARCH_ONLY_NO_STANDARD_TRADE,False
2024-05-21,LICHSGFIN,Financial Services,LONG,21.2251,62.6963,41.4712,83.8906,ENTERABLE_TIER_B,TRIGGERED,97.2931,FULL,,,SIDEWAYS,HIGH,651.65,54.34990629388536,-42.945205479452085,3.420039359198274,1.1333359632985482,0.1629328767183421,23.117857142857133,64.3755,35.6245,89.7554,76.4684,61.5901,89.7554,96.1069,38.4099,MEDIUM,RESEARCH_ONLY_NO_STANDARD_TRADE,False
2024-05-21,LLOYDSME,Metals & Mining,LONG,24.1115,56.4459,32.3344,79.9099,ENTERABLE_TIER_B,TRIGGERED,97.2931,FULL,,,SIDEWAYS,HIGH,715.25,58.29901049762214,-36.54048370136697,8.870668829058802,1.1083305844562044,1.381804035013627,29.757142857142878,64.3755,35.6245,79.6463,79.6351,82.1877,79.6463,81.517,17.8122,MEDIUM,RESEARCH_ONLY_NO_STANDARD_TRADE,False
2024-05-21,MAHABANK,Financial Services,LONG,49.7854,75.5481,25.7627,69.7254,ENTERABLE_TIER_B,TRIGGERED,97.2931,FULL,,,SIDEWAYS,HIGH,67.45,58.65247144208171,-34.054054054053985,8.117401232597016,0.9827178423185824,0.4935627747126766,2.2749999999999995,64.3755,35.6245,53.7729,45.4945,61.5901,53.7729,92.0879,38.4099,LOW,WAIT_FOR_XFACTOR,False
2024-05-22,CESC,OTHER,LONG,39.9932,66.8946,26.9014,76.2072,ENTERABLE_TIER_B,TRIGGERED,97.2931,FULL,,,SIDEWAYS,HIGH,148.4,60.90551332692696,-41.76072234762979,8.360851681904359,0.8134903480105385,1.595466290080329,5.657142857142854,59.7524,40.2476,58.4007,72.7778,74.194,58.4007,92.5758,25.806,LOW,UPGRADE_OFACTOR_REQUIRED,False
2024-05-22,HONASA,OTHER,LONG,24.5067,59.4102,34.9035,80.8108,ENTERABLE_TIER_B,TRIGGERED,97.2931,FULL,,,SIDEWAYS,HIGH,426.4,56.281659294444125,-20.02820874471093,3.0441160254372623,1.3345506386035275,0.5101666506993,13.253571428571425,59.7524,40.2476,81.112,86.8715,74.194,81.112,80.0808,25.806,LOW,RESEARCH_ONLY_NO_STANDARD_TRADE,False
2024-05-22,JINDALSAW,OTHER,LONG,43.2416,69.1828,25.9412,81.7611,ENTERABLE_TIER_B,TRIGGERED,97.2931,FULL,,,SIDEWAYS,HIGH,552.55,57.24770335601599,-55.02421307506057,8.354767687030913,0.8548584722619444,2.1770853872822764,25.696428571428573,59.7524,40.2476,91.912,66.2988,74.194,91.912,80.6199,25.806,LOW,UPGRADE_OFACTOR_REQUIRED,False
2024-05-22,JSL,Metals & Mining,LONG,15.0906,56.1933,41.1027,86.6857,ENTERABLE_TIER_B,TRIGGERED,97.2931,FULL,,,SIDEWAYS,HIGH,707.0,52.62888922978174,-29.40163581575548,4.1452542212533485,1.2739569724883582,0.163406139837037,30.553571428571427,59.7524,40.2476,96.0997,82.9807,79.8762,96.0997,78.2677,20.1238,LOW,RESEARCH_ONLY_NO_STANDARD_TRADE,False
2024-05-22,NAVA,OTHER,LONG,33.8384,60.5962,26.7578,80.2909,ENTERABLE_TIER_B,TRIGGERED,97.2931,FULL,,,SIDEWAYS,HIGH,510.45,52.13516565198873,-59.09486510008703,2.6797119064823334,0.9679344664376508,0.5831375734630294,23.399999999999988,59.7524,40.2476,88.4402,76.6667,74.194,88.4402,92.5641,25.806,LOW,RESEARCH_ONLY_NO_STANDARD_TRADE,False
2024-05-22,POLICYBZR,Financial Services,LONG,28.9596,66.4776,37.518,81.8615,ENTERABLE_TIER_B,TRIGGERED,97.2931,FULL,,,SIDEWAYS,HIGH,1293.65,55.04222205290821,-39.08124009956999,9.56731133373057,1.1782458495023636,2.109458038585646,70.88928571428573,59.7524,40.2476,77.6106,79.7713,53.7418,77.6106,82.9876,46.2582,LOW,UPGRADE_OFACTOR_REQUIRED,False
2024-05-22,ZENTEC,OTHER,LONG,33.227,62.5579,29.3309,75.641,ENTERABLE_TIER_B,TRIGGERED,97.2931,FULL,,,SIDEWAYS,HIGH,1009.8,55.35698795234375,-43.55982612674448,7.665544434804802,1.0995643642366484,-0.4552676908913729,45.40714285714285,59.7524,40.2476,73.2494,53.4875,74.194,73.2494,96.8727,25.806,LOW,RESEARCH_ONLY_NO_STANDARD_TRADE,False
2024-05-23,BANKBARODA,Financial Services,LONG,21.8135,62.8943,41.0808,81.9803,ENTERABLE_TIER_B,TRIGGERED,98.5,FULL,,TRANSITION,TRANSITION,HIGH,269.25,55.255695323712594,-24.41229656419529,3.108109785149532,1.124097502050561,-0.0372807286049729,8.79285714285714,72.3403,27.6597,75.1313,78.8465,56.9261,75.1313,87.4898,43.0739,LOW,RESEARCH_ONLY_NO_STANDARD_TRADE,False
2024-05-23,CHENNPETRO,OTHER,LONG,29.2371,64.7403,35.5032,84.3931,ENTERABLE_TIER_B,TRIGGERED,97.2931,FULL,,,TRANSITION,HIGH,939.15,53.25467787940761,-43.97468354430381,3.732953371203026,1.1817792162874703,-1.2062640009970609,45.3142857142857,72.3403,27.6597,99.8639,63.6759,72.8113,99.8639,94.3947,27.1887,LOW,RESEARCH_ONLY_NO_STANDARD_TRADE,False
2024-05-23,ICICIBANK,Financial Services,LONG,25.8912,63.5279,37.6367,76.0313,ENTERABLE_TIER_B,TRIGGERED,98.5,FULL,,TRANSITION,TRANSITION,HIGH,1134.5,57.18663888646044,-39.685169842584905,3.719376386052029,0.9116956166186616,0.6304936448463193,19.33214285714289,72.3403,27.6597,80.9299,52.204,56.9261,80.9299,94.8273,43.0739,LOW,RESEARCH_ONLY_NO_STANDARD_TRADE,False
2024-05-23,JIOFIN,Financial Services,LONG,7.0234,55.5295,48.5061,78.1363,ENTERABLE_TIER_B,TRIGGERED,98.5,FULL,,DOWNWARD,TRANSITION,HIGH,367.75,55.879928693886576,-25.632183908045924,6.806424125911418,2.080026681828009,-0.1051365393096466,10.449999999999989,72.3403,27.6597,68.8357,60.3828,56.9261,68.8357,68.4211,43.0739,LOW,RESEARCH_ONLY_NO_STANDARD_TRADE,False
2024-05-23,PETRONET,Oil Gas & Consumable Fuels,LONG,25.6631,64.7511,39.088,85.8977,ENTERABLE_TIER_B,TRIGGERED,97.2931,FULL,,,TRANSITION,HIGH,308.35,55.08734824498715,-41.1458333333332,6.374846145374295,1.9116399453060064,1.4962971618863576,9.317857142857134,72.3403,27.6597,90.5558,75.3162,79.0386,90.5558,80.4676,20.9614,MEDIUM,RESEARCH_ONLY_NO_STANDARD_TRADE,False
2024-05-23,PPLPHARMA,OTHER,LONG,26.1615,62.5515,36.39,86.2133,ENTERABLE_TIER_B,TRIGGERED,97.2931,FULL,,,TRANSITION,HIGH,149.55,56.05929619488987,-76.391982182628,6.431806263994505,1.129955688300875,1.7256330869032734,7.107142857142851,72.3403,27.6597,89.4238,92.1206,72.8113,89.4238,59.7588,27.1887,LOW,RESEARCH_ONLY_NO_STANDARD_TRADE,False
2024-05-23,TORNTPOWER,Power,LONG,34.2199,66.3111,32.0912,81.2862,ENTERABLE_TIER_B,TRIGGERED,97.2931,FULL,,,TRANSITION,HIGH,1426.45,53.485450027284685,-34.88894434739201,6.523500891154604,2.3721074727721088,-0.6244584699091903,62.04285714285714,72.3403,27.6597,81.5799,57.1586,85.1465,81.5799,84.8492,14.8535,LOW,UPGRADE_OFACTOR_REQUIRED,False
2024-05-24,ASTRAL,Capital Goods,LONG,37.2764,67.2006,29.9242,85.6561,ENTERABLE_TIER_B,TRIGGERED,97.2931,FULL,,,SIDEWAYS,HIGH,2149.0,53.72633967545814,-63.249727371864765,4.498322528659003,1.1779966236418036,1.4907414318371814,78.58571428571432,70.6339,29.3661,87.7437,81.3452,85.3169,87.7437,91.7033,14.683,MEDIUM,UPGRADE_OFACTOR_REQUIRED,False
2024-05-24,BALRAMCHIN,OTHER,LONG,24.1867,62.0455,37.8588,69.1846,ENTERABLE_TIER_B,TRIGGERED,97.2931,FULL,,,SIDEWAYS,HIGH,388.45,56.865442409598174,-14.200000000000044,1.9312145741236613,1.392182572899225,0.0493398296252143,8.08928571428571,70.6339,29.3661,53.9308,43.8764,66.1608,53.9308,82.4459,33.8392,LOW,RESEARCH_ONLY_NO_STANDARD_TRADE,False
2024-05-24,CHAMBLFERT,OTHER,LONG,24.8601,63.1402,38.2801,81.3601,ENTERABLE_TIER_B,TRIGGERED,97.2931,FULL,,,SIDEWAYS,HIGH,405.95,56.9319985245889,-22.96416938110754,6.287414950052395,1.732936547437984,1.214280702522981,14.057142857142852,70.6339,29.3661,88.9262,61.0163,66.1608,88.9262,81.3618,33.8392,MEDIUM,RESEARCH_ONLY_NO_STANDARD_TRADE,False
2024-05-24,CHENNPETRO,OTHER,LONG,14.8607,58.1226,43.2619,73.3741,ENTERABLE_TIER_B,TRIGGERED,97.2931,FULL,,,SIDEWAYS,HIGH,974.2,58.42969586740607,-14.041297935103218,7.341059021670008,1.8403076842230195,-0.5448124141404578,45.88571428571428,70.6339,29.3661,41.5323,63.213,66.1608,41.5323,79.2528,33.8392,LOW,RESEARCH_ONLY_NO_STANDARD_TRADE,False
2024-05-24,CRAFTSMAN,OTHER,LONG,15.0128,56.1468,41.134,71.642,ENTERABLE_TIER_B,TRIGGERED,97.2931,FULL,,,SIDEWAYS,HIGH,4429.15,54.63855186113389,-25.77433628318584,1.2186861434638878,1.3886874207450317,0.1429146010385902,100.72499999999998,70.6339,29.3661,69.0444,42.755,66.1608,69.0444,86.1603,33.8392,LOW,RESEARCH_ONLY_NO_STANDARD_TRADE,False
2024-05-24,GLENMARK,Healthcare,LONG,10.0399,54.9796,44.9397,78.25,ENTERABLE_TIER_B,TRIGGERED,97.2931,FULL,,,SIDEWAYS,HIGH,1036.0,53.74955483420703,-25.07374631268438,4.381063832663065,1.9419465055099,0.299155294350987,30.189285714285727,70.6339,29.3661,93.4248,52.301,65.3454,93.4248,91.2552,34.6546,MEDIUM,RESEARCH_ONLY_NO_STANDARD_TRADE,False
2024-05-24,POLICYBZR,Financial Services,LONG,21.5539,61.5794,40.0255,85.5749,ENTERABLE_TIER_B,TRIGGERED,97.2931,FULL,,,SIDEWAYS,HIGH,1275.65,52.43482899535336,-47.227879610771616,7.522709517025494,1.307648651741467,1.670340678225553,70.04642857142859,70.6339,29.3661,96.8711,74.6168,54.732,96.8711,91.8625,45.2679,LOW,RESEARCH_ONLY_NO_STANDARD_TRADE,False
2024-05-24,VOLTAS,Consumer Durables,LONG,19.6836,57.542,37.8584,81.8351,ENTERABLE_TIER_B,TRIGGERED,97.2931,FULL,,,SIDEWAYS,HIGH,1371.55,58.970456632158765,-44.3658536585366,9.666411539944834,0.8830433782888398,0.5066124152508643,45.14642857142855,70.6339,29.3661,84.1848,63.9839,64.7479,84.1848,90.3425,35.2521,MEDIUM,RESEARCH_ONLY_NO_STANDARD_TRADE,False
2024-05-27,ABSLAMC,OTHER,LONG,11.5318,48.0755,36.5437,78.7246,ENTERABLE_TIER_B,TRIGGERED,97.2931,FULL,,,SIDEWAYS,HIGH,538.3,54.64123761564521,-43.72918978912334,4.9919288771426285,0.8676207740786829,0.8284122952358878,16.400000000000002,63.3693,36.6307,89.8984,71.3415,63.1117,89.8984,93.4146,36.8883,LOW,RESEARCH_ONLY_NO_STANDARD_TRADE,False
2024-05-27,ASTRAL,Capital Goods,LONG,39.9849,71.5601,31.5752,82.9913,ENTERABLE_TIER_B,TRIGGERED,97.2931,FULL,,,SIDEWAYS,HIGH,2174.25,55.97336690401915,-58.92590750870212,5.531210178774981,1.8445335465888333,1.466605160578626,75.88571428571433,63.3693,36.6307,71.0332,82.052,81.6847,71.0332,85.1883,18.3153,MEDIUM,UPGRADE_OFACTOR_REQUIRED,False
2024-05-27,AUBANK,Financial Services,LONG,25.0455,65.7196,40.6741,76.48,ENTERABLE_TIER_B,TRIGGERED,97.2931,FULL,,,SIDEWAYS,HIGH,634.6,56.33248721173094,-29.5760082730092,1.809275725830367,1.6774622420455425,0.2420599566640917,15.817857142857148,63.3693,36.6307,74.9439,65.6085,50.8755,74.9439,81.9192,49.1245,LOW,UPGRADE_OFACTOR_REQUIRED,False
2024-05-27,GODREJIND,Diversified,LONG,15.6815,51.724,36.0425,81.0727,ENTERABLE_TIER_B,TRIGGERED,97.2931,FULL,,,SIDEWAYS,HIGH,846.7,53.180137798383385,-30.142030510257715,2.958717990198459,0.7760866579661577,-0.3596903913412764,26.35,63.3693,36.6307,96.4769,72.5996,55.4694,96.4769,92.4099,44.5306,LOW,RESEARCH_ONLY_NO_STANDARD_TRADE,False
2024-05-27,MUTHOOTFIN,Financial Services,LONG,22.4309,67.2358,44.8049,78.0973,ENTERABLE_TIER_B,TRIGGERED,97.2931,FULL,,,SIDEWAYS,HIGH,1708.25,58.54536084028117,-6.586685485768056,7.402852401755287,1.969132440780057,1.531720079599837,50.47857142857145,63.3693,36.6307,73.3253,79.1991,50.8755,73.3253,89.8967,49.1245,LOW,UPGRADE_OFACTOR_REQUIRED,False
2024-05-28,BLUESTARCO,Consumer Durables,LONG,32.789,61.2153,28.4263,78.2211,ENTERABLE_TIER_B,TRIGGERED,97.2931,FULL,,,SIDEWAYS,HIGH,1516.75,56.82075449653379,-45.60077519379848,9.112550921518975,0.8336721897015135,2.1139244791095093,60.86785714285713,67.4027,32.5973,71.4792,79.1351,59.661,71.4792,95.8927,40.339,LOW,RESEARCH_ONLY_NO_STANDARD_TRADE,False
2024-05-28,LAURUSLABS,Healthcare,LONG,27.0046,63.324,36.3194,79.3395,ENTERABLE_TIER_B,TRIGGERED,97.2931,FULL,,,SIDEWAYS,HIGH,446.75,54.85503341065111,-38.42917251051893,4.204714424971112,1.5781333865375038,0.9235631367660564,11.503571428571425,67.4027,32.5973,70.5019,81.2232,61.8724,70.5019,92.3502,38.1276,MEDIUM,RESEARCH_ONLY_NO_STANDARD_TRADE,False
2024-05-28,NUVAMA,OTHER,LONG,18.6834,54.8542,36.1708,81.847,ENTERABLE_TIER_B,TRIGGERED,97.2931,FULL,,,SIDEWAYS,HIGH,5044.35,53.009588583632265,-38.79128137384407,6.728087571092408,2.4168858907645494,-0.7677726603635694,236.1107142857143,67.4027,32.5973,90.8835,75.376,57.0837,90.8835,91.4193,42.9163,LOW,RESEARCH_ONLY_NO_STANDARD_TRADE,False
2024-05-28,TORNTPHARM,Healthcare,LONG,8.3846,50.901,42.5164,81.6227,ENTERABLE_TIER_B,TRIGGERED,98.5,FULL,,SIDEWAYS,SIDEWAYS,HIGH,2666.7,52.45209827580722,-46.64606435193605,2.325758287013781,0.8819257458913973,0.4395754477817022,68.11071428571427,67.4027,32.5973,86.5073,81.1483,61.8724,86.5073,95.7129,38.1276,MEDIUM,RESEARCH_ONLY_NO_STANDARD_TRADE,False
2024-05-29,BALRAMCHIN,OTHER,LONG,0.4263,45.9889,45.5626,75.8254,ENTERABLE_TIER_B,TRIGGERED,97.2931,FULL,,,SIDEWAYS,HIGH,383.65,52.68767426445884,-34.96093750000015,0.6581227746517585,1.2554309843393026,0.1081861594226441,7.7571428571428545,52.256,47.744,74.6255,66.7403,54.2152,74.6255,93.0387,45.7848,LOW,RESEARCH_ONLY_NO_STANDARD_TRADE,False
2024-05-29,JUBLPHARMA,OTHER,LONG,21.4935,58.1986,36.7051,79.6669,ENTERABLE_TIER_B,TRIGGERED,97.2931,FULL,,,SIDEWAYS,HIGH,706.1,56.19122825252407,-53.69230769230766,8.243827966061854,1.8781652510268367,1.8205780379170464,25.67500000000001,52.256,47.744,84.8685,74.9172,54.2152,84.8685,57.001,45.7848,LOW,RESEARCH_ONLY_NO_STANDARD_TRADE,False
2024-05-29,NHPC,Power,LONG,39.5986,67.3358,27.7372,79.5232,ENTERABLE_TIER_B,TRIGGERED,97.2931,FULL,,,SIDEWAYS,HIGH,101.6,57.003662285007344,-38.797814207650326,8.998619335416059,0.8167431087731086,2.516955491751572,4.275,52.256,47.744,66.6667,72.3977,59.2362,66.6667,93.4503,40.7638,LOW,UPGRADE_OFACTOR_REQUIRED,False
2024-05-29,NTPC,Power,LONG,14.4055,59.2672,44.8617,83.4982,ENTERABLE_TIER_B,TRIGGERED,98.5,FULL,,SIDEWAYS,SIDEWAYS,HIGH,364.6,53.164844349335006,-46.76470588235287,4.131342336276924,1.358860625952374,1.257536376760785,8.103571428571428,52.256,47.744,83.1144,77.294,59.2362,83.1144,91.3618,40.7638,LOW,RESEARCH_ONLY_NO_STANDARD_TRADE,False
2024-05-29,PHOENIXLTD,Realty,LONG,26.6212,64.0869,37.4657,83.9495,ENTERABLE_TIER_B,TRIGGERED,97.2931,FULL,,,SIDEWAYS,HIGH,3101.4,53.24402910143263,-39.77304179352335,5.722657846940463,1.4345314541263032,1.5520552913604564,141.20357142857145,52.256,47.744,78.9193,80.9353,74.59,78.9193,95.1559,25.4099,LOW,RESEARCH_ONLY_NO_STANDARD_TRADE,False
2024-05-29,RITES,OTHER,LONG,22.8406,57.0877,34.2471,68.5036,ENTERABLE_TIER_B,TRIGGERED,97.2931,FULL,,,SIDEWAYS,HIGH,715.45,55.03914774877255,-35.903532608695606,4.854165633310188,1.0259653977085998,1.9431907814135576,29.942857142857147,52.256,47.744,47.8451,55.3149,54.2152,47.8451,88.1107,45.7848,LOW,RESEARCH_ONLY_NO_STANDARD_TRADE,False
2024-05-30,BLUESTARCO,Consumer Durables,LONG,9.7833,51.0845,41.3012,82.4637,ENTERABLE_TIER_B,TRIGGERED,97.2931,FULL,,,SIDEWAYS,HIGH,1500.35,53.73855846686183,-55.88909735251203,7.354941656087476,0.8315640955625941,1.809455205854467,58.7,45.7163,54.2837,91.8569,88.1772,45.6692,91.8569,94.2419,54.3308,LOW,RESEARCH_ONLY_NO_STANDARD_TRADE,False
2024-05-30,INDUSTOWER,Telecommunication,LONG,18.4624,61.052,42.5896,83.049,ENTERABLE_TIER_B,TRIGGERED,97.2931,FULL,,,SIDEWAYS,HIGH,343.75,56.93019210454597,-36.07954545454543,9.887071611863783,1.159348655723996,1.2659686566276915,9.03571428571428,45.7163,54.2837,77.4598,77.6443,69.7805,77.4598,88.2688,30.2195,LOW,RESEARCH_ONLY_NO_STANDARD_TRADE,False
2024-05-30,ITI,OTHER,LONG,6.8062,55.5077,48.7015,80.8933,ENTERABLE_TIER_B,TRIGGERED,97.2931,FULL,,,SIDEWAYS,HIGH,303.45,53.514538275157136,-47.01670644391408,4.084782434712515,1.6621445184661838,1.74783283577574,15.900000000000002,45.7163,54.2837,82.3166,68.6792,47.0997,82.3166,78.6164,52.9003,LOW,RESEARCH_ONLY_NO_STANDARD_TRADE,False
2024-05-30,JSWENERGY,Power,LONG,5.9462,54.7585,48.8123,79.9442,ENTERABLE_TIER_B,TRIGGERED,98.5,FULL,,TRANSITION,SIDEWAYS,HIGH,609.0,53.80263207571047,-31.81818181818184,6.660507415460553,1.1406177336975305,1.1418613776916158,23.90357142857144,45.7163,54.2837,66.3788,79.25,51.2245,66.3788,76.5725,48.7755,LOW,RESEARCH_ONLY_NO_STANDARD_TRADE,False
2024-05-30,TRITURBINE,OTHER,LONG,41.7848,69.9232,28.1384,73.8017,ENTERABLE_TIER_B,TRIGGERED,97.2931,FULL,,,SIDEWAYS,HIGH,594.1,56.78210015363149,-53.19805910895452,10.162382133415926,1.393970410754262,1.7721215133906674,27.678571428571427,45.7163,54.2837,67.8632,53.6103,47.0997,67.8632,86.7045,52.9003,LOW,UPGRADE_OFACTOR_REQUIRED,False
2024-05-31,AAVAS,OTHER,LONG,14.9713,60.1748,45.2035,78.7729,ENTERABLE_TIER_B,TRIGGERED,97.2931,FULL,,,SIDEWAYS,HIGH,1596.8,53.342701989415055,-64.15304606240717,3.4116656528661964,2.106051961505084,0.6915410756666898,40.7428571428572,45.6766,54.3234,87.4334,66.5217,48.5032,87.4334,68.7307,51.4968,LOW,RESEARCH_ONLY_NO_STANDARD_TRADE,False
2024-05-31,ACC,Construction Materials,LONG,14.6751,54.2528,39.5777,73.1982,ENTERABLE_TIER_B,TRIGGERED,97.2931,FULL,,,SIDEWAYS,HIGH,2546.4,53.47322891047817,-40.444753300903415,1.9161153485882372,1.2888632071639154,0.6293283591877344,62.82857142857146,45.6766,54.3234,52.0706,69.2178,44.9556,52.0706,84.9113,55.0444,LOW,RESEARCH_ONLY_NO_STANDARD_TRADE,False
2024-05-31,APARINDS,Capital Goods,LONG,21.9638,59.3353,37.3715,81.6228,ENTERABLE_TIER_B,TRIGGERED,97.2931,FULL,,,SIDEWAYS,HIGH,7907.65,55.16301037718529,-54.83816964285718,8.195510063104782,0.9216511542907222,1.48050034082579,302.09642857142853,45.6766,54.3234,97.2641,64.7728,72.8383,97.2641,89.0962,27.1617,LOW,RESEARCH_ONLY_NO_STANDARD_TRADE,False
2024-05-31,BANDHANBNK,OTHER,LONG,3.2957,49.1094,45.8137,76.6237,ENTERABLE_TIER_B,TRIGGERED,97.2931,FULL,,,SIDEWAYS,HIGH,188.3,52.89442329591306,-33.04843304843298,-0.9502312437802186,0.8228539138773949,0.4908593766499091,5.346428571428571,45.6766,54.3234,69.2006,75.6847,48.5032,69.2006,94.0147,51.4968,LOW,RESEARCH_ONLY_NO_STANDARD_TRADE,False
2024-05-31,BHEL,Capital Goods,LONG,41.1059,71.313,30.2071,78.7112,ENTERABLE_TIER_B,TRIGGERED,97.2931,FULL,,,SIDEWAYS,HIGH,298.9,56.47104165144535,-58.27160493827166,11.273347932469678,0.9840765642168984,2.430079632669491,10.34285714285714,45.6766,54.3234,67.2238,59.9724,72.8383,67.2238,93.4254,27.1617,LOW,UPGRADE_OFACTOR_REQUIRED,False
2024-05-31,CENTRALBK,OTHER,LONG,10.0086,53.1002,43.0916,72.3545,ENTERABLE_TIER_B,TRIGGERED,97.2931,FULL,,,SIDEWAYS,HIGH,64.65,52.63942808754887,-46.66666666666664,3.4528144676740222,1.1775409249309223,0.9029100814992868,2.349999999999999,45.6766,54.3234,54.4681,63.4043,48.5032,54.4681,88.0851,51.4968,LOW,RESEARCH_ONLY_NO_STANDARD_TRADE,False
2024-05-31,CESC,OTHER,LONG,19.4807,56.4951,37.0144,75.7012,ENTERABLE_TIER_B,TRIGGERED,97.2931,FULL,,,SIDEWAYS,HIGH,147.05,55.782182680892085,-34.85477178423224,6.10503966533331,2.5310334821182767,0.9276038310872148,5.374999999999996,45.6766,54.3234,65.7054,62.7907,48.5032,65.7054,84.0,51.4968,LOW,RESEARCH_ONLY_NO_STANDARD_TRADE,False
2024-05-31,CONCOR,Services,LONG,34.4042,67.988,33.5838,75.2265,ENTERABLE_TIER_B,TRIGGERED,97.2931,FULL,,,SIDEWAYS,HIGH,1074.85,57.29426339756429,-37.15463917525785,7.867295615784035,1.201274166666177,2.489227135701212,35.30714285714288,45.6766,54.3234,65.5169,67.9385,68.7982,65.5169,93.4291,31.2018,LOW,UPGRADE_OFACTOR_REQUIRED,False
2024-05-31,NATIONALUM,Metals & Mining,LONG,35.7015,66.5393,30.8378,81.5185,ENTERABLE_TIER_B,TRIGGERED,97.2931,FULL,,,SIDEWAYS,HIGH,191.65,54.99178240093246,-50.69204152249136,8.955382107307448,1.0605228711921346,2.028992308734176,7.989285714285714,45.6766,54.3234,72.484,76.7188,72.7715,72.484,89.7363,27.2285,LOW,UPGRADE_OFACTOR_REQUIRED,False
2024-05-31,RAILTEL,OTHER,LONG,20.6871,56.0774,35.3903,70.2934,ENTERABLE_TIER_B,TRIGGERED,97.2931,FULL,,,SIDEWAYS,HIGH,413.95,54.98834170846409,-38.760964912280734,5.704018264545237,0.7669006564301533,2.252795261944144,18.728571428571428,45.6766,54.3234,50.8861,58.7796,48.5032,50.8861,94.8741,51.4968,LOW,RESEARCH_ONLY_NO_STANDARD_TRADE,False
2024-05-31,TATAPOWER,Power,LONG,18.6297,61.2233,42.5936,81.2718,ENTERABLE_TIER_B,TRIGGERED,98.5,FULL,,TRANSITION,SIDEWAYS,HIGH,436.75,52.14446828516863,-40.19851116625306,4.534114717100467,1.149714181403645,0.6379917418650449,9.964285714285706,45.6766,54.3234,86.5687,54.4373,63.9479,86.5687,92.172,36.0521,LOW,RESEARCH_ONLY_NO_STANDARD_TRADE,False
2024-05-31,UCOBANK,OTHER,LONG,20.4099,58.5326,38.1227,69.09,ENTERABLE_TIER_B,TRIGGERED,97.2931,FULL,,,SIDEWAYS,HIGH,56.95,54.10992173680064,-48.05825242718444,4.9141893751639945,1.239094132713502,1.481824335953493,2.307142857142857,45.6766,54.3234,39.7523,59.257,48.5032,39.7523,91.3313,51.4968,LOW,RESEARCH_ONLY_NO_STANDARD_TRADE,False
2024-05-31,VEDL,Metals & Mining,LONG,52.6073,81.5793,28.972,81.417,ENTERABLE_TIER_B,TRIGGERED,98.5,FULL,,UPWARD,SIDEWAYS,HIGH,450.0,59.38547829542082,-61.886586695747006,18.55317839672052,2.1435494000165747,4.735870365886386,19.54999999999999,45.6766,54.3234,67.0759,79.5396,72.7715,67.0759,88.0307,27.2285,LOW,QUALIFIED_FOR_INTRADAY_REVALIDATION,True
2024-06-03,CUMMINSIND,Capital Goods,LONG,53.9552,76.8572,22.902,81.7107,ENTERABLE_TIER_B,TRIGGERED,97.2931,FULL,,,TRANSITION,HIGH,3712.25,58.61145667073165,-42.694712905059696,14.067611960101702,1.2581853681781507,3.192891396843513,134.99642857142857,79.2184,20.7816,71.1103,71.4659,89.6092,71.1103,96.2369,10.3908,LOW,QUALIFIED_FOR_INTRADAY_REVALIDATION,True
2024-06-03,FACT,OTHER,LONG,13.8906,53.1684,39.2778,74.8397,ENTERABLE_TIER_B,TRIGGERED,97.2931,FULL,,,TRANSITION,HIGH,701.75,53.46235895927848,-48.473684210526265,0.6501373119905705,1.066029687683996,0.2993038461700331,30.875000000000007,79.2184,20.7816,64.5074,74.5425,65.1531,64.5074,86.7206,34.8469,MEDIUM,RESEARCH_ONLY_NO_STANDARD_TRADE,False
2024-06-03,KPIL,OTHER,LONG,11.9371,55.1468,43.2097,78.0253,ENTERABLE_TIER_B,TRIGGERED,97.2931,FULL,,,TRANSITION,HIGH,1222.9,56.8659444157476,-66.05960264900659,8.373547793841018,2.1029205596388483,0.9809103863960292,44.45714285714286,79.2184,20.7816,69.9411,79.3959,65.1531,69.9411,63.1555,34.8469,LOW,RESEARCH_ONLY_NO_STANDARD_TRADE,False
2024-06-03,NAVA,OTHER,LONG,11.8652,50.9987,39.1335,76.2646,ENTERABLE_TIER_B,TRIGGERED,97.2931,FULL,,,TRANSITION,HIGH,510.65,53.17180666874083,-50.8550855085509,2.513372177991518,1.3647583855598848,-0.1029943664128533,18.371428571428563,79.2184,20.7816,78.8621,65.9253,65.1531,78.8621,86.7185,34.8469,MEDIUM,RESEARCH_ONLY_NO_STANDARD_TRADE,False
2024-06-03,TIINDIA,Automobile and Auto Components,LONG,33.8575,64.6768,30.8193,76.6894,ENTERABLE_TIER_B,TRIGGERED,97.2931,FULL,,,TRANSITION,HIGH,3835.3,54.160297424215415,-11.763157894736796,3.271255891739844,1.00835479610805,-0.016366222894785,129.40357142857147,79.2184,20.7816,90.9753,39.6307,89.6092,90.9753,86.1828,10.3908,LOW,RESEARCH_ONLY_NO_STANDARD_TRADE,False
2024-06-05,BHARATFORG,Automobile and Auto Components,LONG,58.266,79.3123,21.0463,79.1687,ENTERABLE_TIER_B,TRIGGERED,97.2931,FULL,,,SIDEWAYS,NORMAL,1501.4,55.996061802408505,-60.95609355765283,11.501133614825866,1.4728300477675065,4.103295714141926,62.539285714285775,61.8765,38.1235,98.5129,39.1423,80.9382,98.5129,91.3334,19.0617,LOW,QUALIFIED_FOR_INTRADAY_REVALIDATION,True
2024-06-05,LUPIN,Healthcare,LONG,23.7059,65.5229,41.817,81.319,ENTERABLE_TIER_B,TRIGGERED,97.2931,FULL,,,SIDEWAYS,NORMAL,1630.5,52.09090546065163,-41.54239454622922,1.8572410633370648,1.4681975585878493,-0.5472340665373143,54.0392857142857,61.8765,38.1235,95.7531,58.9188,62.2411,95.7531,89.2671,37.7589,MEDIUM,UPGRADE_OFACTOR_REQUIRED,False
2024-06-05,NATCOPHARM,OTHER,LONG,21.4797,61.3276,39.8479,78.0993,ENTERABLE_TIER_B,TRIGGERED,97.2931,FULL,,,SIDEWAYS,NORMAL,1015.2,53.05271485767657,-57.29729729729727,3.072458262744137,1.9664362627610408,0.2789726197184868,34.750000000000014,61.8765,38.1235,74.5468,65.2374,54.2707,74.5468,72.0863,45.7293,LOW,RESEARCH_ONLY_NO_STANDARD_TRADE,False
2024-06-05,SUPREMEIND,Capital Goods,LONG,42.1645,71.0598,28.8953,79.9767,ENTERABLE_TIER_B,TRIGGERED,97.2931,FULL,,,SIDEWAYS,NORMAL,5527.1,57.60239515908473,-48.57475728155337,13.369536194289312,1.044845061932639,3.162339062575406,240.9214285714285,61.8765,38.1235,82.266,70.7789,80.9382,82.266,66.8689,19.0617,LOW,UPGRADE_OFACTOR_REQUIRED,False
2024-06-05,ULTRACEMCO,Construction Materials,LONG,17.2923,58.4951,41.2028,74.5719,ENTERABLE_TIER_B,TRIGGERED,98.5,FULL,,TRANSITION,SIDEWAYS,NORMAL,10038.1,53.014047167637095,-48.911001675382,2.140466206376816,0.9386819241837624,0.971468767421228,301.03928571428577,61.8765,38.1235,68.9033,60.3906,49.5223,68.9033,95.7614,50.4777,LOW,RESEARCH_ONLY_NO_STANDARD_TRADE,False
2024-06-05,ZYDUSLIFE,Healthcare,LONG,39.1084,72.4991,33.3907,80.075,ENTERABLE_TIER_B,TRIGGERED,98.5,FULL,,UPWARD,SIDEWAYS,NORMAL,1048.65,54.830649062665536,-51.88521156263087,6.9969072770135945,1.4505282920374816,1.0719021418539068,46.74285714285715,61.8765,38.1235,79.373,63.2457,62.2411,79.373,86.6932,37.7589,MEDIUM,UPGRADE_OFACTOR_REQUIRED,False
2024-06-06,360ONE,Financial Services,LONG,32.3726,67.6985,35.3259,76.8189,ENTERABLE_TIER_B,TRIGGERED,97.2931,FULL,,,SIDEWAYS,NORMAL,791.7,53.90861539482179,-27.581227436823056,5.304730583749741,1.644820298605972,0.5274917560389987,34.3964285714286,69.3887,30.6113,80.875,74.7648,54.7373,80.875,90.3478,45.2627,LOW,UPGRADE_OFACTOR_REQUIRED,False
2024-06-06,AFFLE,OTHER,LONG,37.9412,65.5174,27.5762,82.7798,ENTERABLE_TIER_B,TRIGGERED,97.2931,FULL,,,SIDEWAYS,NORMAL,1155.9,52.332270541359314,-60.69672131147537,2.566002383613299,1.3705455994582656,0.6811081408222447,55.84999999999999,69.3887,30.6113,97.9737,67.8424,66.544,97.9737,86.3205,33.456,LOW,UPGRADE_OFACTOR_REQUIRED,False
2024-06-06,ANANTRAJ,OTHER,LONG,37.692,65.3931,27.7011,77.315,ENTERABLE_TIER_B,TRIGGERED,97.2931,FULL,,,SIDEWAYS,NORMAL,378.15,52.96852949040923,-33.89355742296919,6.427606645814389,0.92017212717258,0.6819782780633111,17.928571428571416,69.3887,30.6113,95.9469,57.3865,66.544,95.9469,92.749,33.456,LOW,UPGRADE_OFACTOR_REQUIRED,False
2024-06-06,FACT,OTHER,LONG,25.746,58.2742,32.5282,77.5628,ENTERABLE_TIER_B,TRIGGERED,97.2931,FULL,,,SIDEWAYS,NORMAL,695.45,52.18613543439038,-31.16071428571423,0.1954248985278953,0.9167765397186064,-0.4090396907525338,37.164285714285725,69.3887,30.6113,79.927,72.5543,66.544,79.927,89.2908,33.456,LOW,RESEARCH_ONLY_NO_STANDARD_TRADE,False
2024-06-06,GICRE,Financial Services,LONG,30.9925,64.1576,33.1651,77.22,ENTERABLE_TIER_B,TRIGGERED,97.2931,FULL,,,SIDEWAYS,NORMAL,360.65,55.116924738946224,-37.77777777777781,4.102253445862303,0.976860447574724,1.3389919033872026,19.3,69.3887,30.6113,68.3161,77.9275,54.7373,68.3161,77.9275,45.2627,LOW,RESEARCH_ONLY_NO_STANDARD_TRADE,False
2024-06-06,GODREJPROP,Realty,LONG,30.8605,63.8893,33.0288,85.5683,ENTERABLE_TIER_B,TRIGGERED,97.2931,FULL,,,SIDEWAYS,NORMAL,2796.4,52.819992924650656,-40.92409240924088,7.002348369469966,1.1414831349149226,0.8716525291947385,138.13571428571427,69.3887,30.6113,94.8493,69.1897,84.6944,94.8493,91.4577,15.3056,LOW,RESEARCH_ONLY_NO_STANDARD_TRADE,False
2024-06-06,GPIL,OTHER,LONG,20.527,60.1268,39.5998,82.5325,ENTERABLE_TIER_B,TRIGGERED,97.2931,FULL,,,SIDEWAYS,NORMAL,932.85,54.62833442897763,-60.35110963895329,8.476267507224485,1.434436013241542,2.1173737287535994,45.85,69.3887,30.6113,85.7325,89.3566,66.544,85.7325,73.6968,33.456,LOW,RESEARCH_ONLY_NO_STANDARD_TRADE,False
2024-06-06,HAVELLS,Consumer Durables,LONG,49.1393,75.6736,26.5343,85.3745,ENTERABLE_TIER_B,TRIGGERED,98.5,FULL,,UPWARD,SIDEWAYS,NORMAL,1839.7,58.12592974744654,-53.14608790807952,10.094987967425103,1.5081605792804935,2.7274038465440467,67.80714285714285,69.3887,30.6113,83.5637,82.4797,76.9707,83.5637,79.1762,23.0294,MEDIUM,QUALIFIED_FOR_INTRADAY_REVALIDATION,True
2024-06-06,JINDALSTEL,Metals & Mining,LONG,56.5793,77.7745,21.1952,84.004,ENTERABLE_TIER_B,TRIGGERED,98.5,FULL,,UPWARD,SIDEWAYS,NORMAL,1029.55,55.53321097126668,-30.527740189445247,9.76795432959993,1.0548620539036575,2.0846551301003213,42.76428571428574,69.3887,30.6113,87.6455,72.3601,84.6275,87.6455,94.9023,15.3725,MEDIUM,QUALIFIED_FOR_INTRADAY_REVALIDATION,True
2024-06-06,KARURVYSYA,OTHER,LONG,31.0903,66.1601,35.0698,79.8174,ENTERABLE_TIER_B,TRIGGERED,97.2931,FULL,,,SIDEWAYS,NORMAL,198.3,53.75186293817469,-17.985611510791358,4.242919657488842,1.513817507447034,0.1838349002113394,8.132142857142858,69.3887,30.6113,73.8691,84.0141,66.544,73.8691,87.9491,33.456,MEDIUM,UPGRADE_OFACTOR_REQUIRED,False
2024-06-06,KEI,Capital Goods,LONG,38.1758,67.718,29.5422,87.4745,ENTERABLE_TIER_B,TRIGGERED,97.2931,FULL,,,SIDEWAYS,NORMAL,4135.9,54.27765060907782,-21.972495894909724,7.693908638692766,0.9690380190248042,1.5961407634810718,197.67857142857133,69.3887,30.6113,99.3483,91.1068,84.6944,99.3483,88.8506,15.3056,LOW,UPGRADE_OFACTOR_REQUIRED,False
2024-06-06,LTFOODS,OTHER,LONG,34.5231,63.0136,28.4905,72.9371,ENTERABLE_TIER_B,TRIGGERED,97.2931,FULL,,,SIDEWAYS,NORMAL,219.55,56.69188954380742,-23.738532110091736,6.24591632330166,1.0714924744954324,-0.173652794811469,9.849999999999998,69.3887,30.6113,56.6667,73.401,66.544,56.6667,90.6599,33.456,MEDIUM,RESEARCH_ONLY_NO_STANDARD_TRADE,False
2024-06-06,MARUTI,Automobile and Auto Components,LONG,26.7922,63.8182,37.026,86.1299,ENTERABLE_TIER_B,TRIGGERED,98.5,FULL,,SIDEWAYS,SIDEWAYS,NORMAL,12673.5,52.130889970464864,-25.71724391302897,2.908763119895918,0.9111883709547508,-0.084510254246489,328.0821428571431,69.3887,30.6113,94.7076,74.9453,84.6944,94.7076,97.9883,15.3056,MEDIUM,RESEARCH_ONLY_NO_STANDARD_TRADE,False
2024-06-06,MOTILALOFS,Financial Services,LONG,4.966,46.276,41.31,81.4257,ENTERABLE_TIER_B,TRIGGERED,97.2931,FULL,,,SIDEWAYS,NORMAL,2294.25,52.54101076452675,-24.72370426829269,9.367680680909166,0.9296165440676212,0.5034709602281849,126.28928571428573,69.3887,30.6113,86.754,87.9483,54.7373,86.754,80.7585,45.2627,LOW,RESEARCH_ONLY_NO_STANDARD_TRADE,False
2024-06-06,NAUKRI,Consumer Services,LONG,33.4862,68.074,34.5878,83.8156,ENTERABLE_TIER_B,TRIGGERED,98.5,FULL,,SIDEWAYS,SIDEWAYS,NORMAL,6125.2,55.24026231902405,-32.41698841698843,5.543986331769347,0.93002833965194,-0.1324968582038739,270.9357142857143,69.3887,30.6113,82.7493,81.634,64.8936,82.7493,94.2053,35.1064,MEDIUM,UPGRADE_OFACTOR_REQUIRED,False
2024-06-07,AFFLE,OTHER,LONG,64.3987,83.1802,18.7815,71.2691,ENTERABLE_TIER_B,TRIGGERED,97.2931,FULL,,,UPWARD,NORMAL,1201.3,57.87868466010941,-42.09016393442624,6.3681907437421055,1.2893230345101685,0.9575313031259078,56.43214285714286,100.0,0.0,51.5495,56.6205,92.7109,51.5495,95.9597,7.2891,LOW,WAIT_FOR_XFACTOR,False
2024-06-07,HAVELLS,Consumer Durables,LONG,51.996,73.5623,21.5663,84.2883,ENTERABLE_TIER_B,TRIGGERED,98.5,FULL,,UPWARD,UPWARD,NORMAL,1855.35,59.8375728653513,-47.43753419660775,10.637834662872065,0.8312116809326653,2.595279410276224,67.86428571428571,100.0,0.0,76.4849,81.1978,97.9611,76.4849,96.1983,2.0389,MEDIUM,UPGRADE_OFACTOR_REQUIRED,False
2024-06-07,ICICIBANK,Financial Services,LONG,12.0099,57.5851,45.5752,87.9151,ENTERABLE_TIER_B,TRIGGERED,98.5,FULL,,SIDEWAYS,UPWARD,NORMAL,1121.7,51.11836198896785,-42.06642066420659,1.8842228822149,1.0440197492929262,-0.0099522913278636,33.36785714285717,100.0,0.0,99.5405,78.3025,75.7442,99.5405,92.0882,24.2558,HIGH,RESEARCH_ONLY_NO_STANDARD_TRADE,False
2024-06-07,KAJARIACER,OTHER,LONG,28.1505,59.3028,31.1523,84.6149,ENTERABLE_TIER_B,TRIGGERED,97.2931,FULL,,,UPWARD,NORMAL,1241.45,52.221863933623936,-40.7444416687484,0.6251400185088446,0.8652556276134831,-0.224691151177765,53.46785714285719,100.0,0.0,97.8741,83.2049,92.7109,97.8741,73.442,7.2891,MEDIUM,RESEARCH_ONLY_NO_STANDARD_TRADE,False
2024-06-07,KEI,Capital Goods,LONG,47.2334,70.7406,23.5072,79.815,ENTERABLE_TIER_B,TRIGGERED,97.2931,FULL,,,UPWARD,NORMAL,4220.9,58.09182310886348,-13.24917898193764,9.557076831058335,0.7840285447599904,1.6232577065426022,202.8142857142857,100.0,0.0,76.2303,84.3897,100.0,76.2303,84.5967,0.0,LOW,UPGRADE_OFACTOR_REQUIRED,False
2024-06-07,LAURUSLABS,Healthcare,LONG,26.6456,63.7132,37.0676,85.1305,ENTERABLE_TIER_B,TRIGGERED,97.2931,FULL,,,UPWARD,NORMAL,437.75,51.919077931562526,-30.26666666666665,2.230449584221685,1.459815143693915,-0.5199310061711645,16.78928571428571,100.0,0.0,94.977,76.2944,84.1738,94.977,81.1785,15.8262,MEDIUM,RESEARCH_ONLY_NO_STANDARD_TRADE,False
2024-06-07,MOTILALOFS,Financial Services,LONG,66.7405,84.2333,17.4928,69.0006,ENTERABLE_TIER_B,TRIGGERED,97.2931,FULL,,,UPWARD,NORMAL,2426.7,58.12405013545886,-4.230210602759656,15.099377266982197,2.711410489527493,0.9946423978507992,132.13571428571427,100.0,0.0,27.5606,56.5364,75.7442,27.5606,92.9466,24.2558,LOW,WAIT_FOR_XFACTOR,False
2024-06-07,SBIN,Financial Services,LONG,25.6822,60.4083,34.7261,85.7784,ENTERABLE_TIER_B,TRIGGERED,98.5,FULL,,SIDEWAYS,UPWARD,NORMAL,829.95,52.63233222501601,-45.57067481255206,5.160645932397279,0.9276387614162964,0.6923068237525838,37.08928571428572,100.0,0.0,88.3524,79.0236,75.7442,88.3524,98.3284,24.2558,MEDIUM,RESEARCH_ONLY_NO_STANDARD_TRADE,False
2024-06-10,ACC,Construction Materials,LONG,33.2389,61.5403,28.3014,84.9257,ENTERABLE_TIER_B,TRIGGERED,97.2931,FULL,,,UPWARD,NORMAL,2543.1,52.34568494597653,-28.87642482359326,1.9397232988307744,0.7887843993575111,-0.154697923247428,114.7714285714286,95.4919,4.5081,86.036,84.6652,95.1713,86.036,92.0189,4.8287,LOW,RESEARCH_ONLY_NO_STANDARD_TRADE,False
2024-06-10,POWERGRID,Power,LONG,27.9812,61.1073,33.1261,89.4526,ENTERABLE_TIER_B,TRIGGERED,98.5,FULL,,TRANSITION,UPWARD,NORMAL,315.8,53.85221375055674,-47.33812949640284,6.424326029543884,1.0013266230822448,0.7296426421420695,16.664285714285707,95.4919,4.5081,92.779,89.9186,96.8034,92.779,81.8774,3.1965,LOW,RESEARCH_ONLY_NO_STANDARD_TRADE,False
2024-06-11,CONCOR,Services,LONG,55.9399,80.7255,24.7856,85.6639,ENTERABLE_TIER_B,TRIGGERED,97.2931,FULL,,,UPWARD,LOW,1087.8,54.55945111189571,-30.805212161710678,7.921911600142134,1.1650193852625108,0.9926860599641282,64.74285714285713,93.7627,6.2373,82.2838,78.2833,95.7905,82.2838,94.6249,4.2095,LOW,QUALIFIED_FOR_INTRADAY_REVALIDATION,True
2024-06-11,HDFCAMC,Financial Services,LONG,20.4295,59.7324,39.3029,87.6821,ENTERABLE_TIER_B,TRIGGERED,97.2931,FULL,,,UPWARD,LOW,3816.85,50.91363180422613,-47.97770287788438,1.9870716881260504,1.0323660866410913,0.1402698955789341,191.9035714285713,93.7627,6.2373,99.8636,82.9393,69.689,99.8636,93.1632,30.311,LOW,RESEARCH_ONLY_NO_STANDARD_TRADE,False
2024-06-11,NAVINFLUOR,OTHER,LONG,52.3206,80.0787,27.7581,68.9017,ENTERABLE_TIER_B,TRIGGERED,97.2931,FULL,,,UPWARD,LOW,3485.05,59.54978874349738,-10.30115602680212,5.691592308447607,2.229027934931991,0.5196642017440692,132.54285714285706,93.7627,6.2373,21.4946,52.8967,96.8813,21.4946,78.8898,3.1187,LOW,WAIT_FOR_XFACTOR,False
2024-06-11,NEULANDLAB,OTHER,LONG,49.9399,73.3516,23.4117,67.2713,ENTERABLE_TIER_B,TRIGGERED,97.2931,FULL,,,UPWARD,LOW,6498.9,53.00941349987637,-4.014415857443225,0.4745050442828446,1.5086834029945506,-1.7527994249837562,261.1035714285713,93.7627,6.2373,29.5152,57.7091,96.8813,29.5152,93.8568,3.1187,LOW,UPGRADE_OFACTOR_REQUIRED,False
2024-06-12,360ONE,Financial Services,LONG,26.8696,59.8515,32.9819,83.1386,ENTERABLE_TIER_B,TRIGGERED,97.2931,FULL,,,TRANSITION,LOW,790.45,52.9652853792734,-28.48375451263533,4.475113490368133,0.9445091002150904,0.6301027500858042,32.35714285714288,91.4494,8.5506,96.8322,84.7947,70.3825,96.8322,95.6115,29.6175,MEDIUM,RESEARCH_ONLY_NO_STANDARD_TRADE,False
2024-06-12,ABB,Capital Goods,LONG,46.2569,74.99,28.7331,88.715,ENTERABLE_TIER_B,TRIGGERED,98.5,FULL,,SIDEWAYS,TRANSITION,LOW,8281.0,59.05548126931104,-27.151351957814423,14.980676957190433,0.9660829642718676,2.5148536599635056,368.7392857142858,91.4494,8.5506,94.5829,82.5351,95.7247,94.5829,95.227,4.2753,LOW,QUALIFIED_FOR_INTRADAY_REVALIDATION,True
2024-06-12,COALINDIA,Oil Gas & Consumable Fuels,LONG,43.5256,71.4671,27.9415,85.4695,ENTERABLE_TIER_B,TRIGGERED,98.5,FULL,,UPWARD,TRANSITION,LOW,488.7,55.06969204938276,-33.19039451114923,6.295022289636745,0.9813896002283644,0.8910985258403942,23.19999999999999,91.4494,8.5506,82.2486,83.8793,79.612,82.2486,90.3448,20.3879,LOW,UPGRADE_OFACTOR_REQUIRED,False
2024-06-12,CUMMINSIND,Capital Goods,LONG,44.9166,72.9062,27.9896,88.0768,ENTERABLE_TIER_B,TRIGGERED,97.2931,FULL,,,TRANSITION,LOW,3674.85,55.33204593632593,-28.219590148524173,11.099206942741231,0.8410883930021602,1.0421536308822303,188.09285714285716,91.4494,8.5506,95.2213,77.0645,95.7247,95.2213,90.4409,4.2753,LOW,UPGRADE_OFACTOR_REQUIRED,False
2024-06-12,MAHABANK,Financial Services,LONG,22.5978,59.6948,37.097,87.1513,ENTERABLE_TIER_B,TRIGGERED,97.2931,FULL,,,TRANSITION,LOW,67.27,51.98850673541487,-42.96551724137935,4.3921990051405855,0.7886960488046045,0.397852008501345,3.5707142857142857,91.4494,8.5506,96.0232,90.3661,70.3825,96.0232,87.5655,29.6175,LOW,RESEARCH_ONLY_NO_STANDARD_TRADE,False
2024-06-12,PETRONET,Oil Gas & Consumable Fuels,LONG,40.8923,72.5895,31.6972,68.8615,ENTERABLE_TIER_B,TRIGGERED,97.2931,FULL,,,TRANSITION,LOW,320.6,59.38132035748314,-7.438016528925589,8.963263356061372,1.5701993738949067,0.6754042732683774,13.975,91.4494,8.5506,21.0733,52.644,79.612,21.0733,84.5438,20.3879,LOW,UPGRADE_OFACTOR_REQUIRED,False
2024-06-12,SIEMENS,Capital Goods,LONG,49.8208,75.3952,25.5744,87.8187,ENTERABLE_TIER_B,TRIGGERED,98.5,FULL,,UPWARD,TRANSITION,LOW,7065.3,58.33312423179077,-18.33136715165813,14.45169004976128,0.9801442869707956,2.1275828611975136,305.27500000000003,91.4494,8.5506,91.3957,80.6863,95.7247,91.3957,91.0048,4.2753,LOW,QUALIFIED_FOR_INTRADAY_REVALIDATION,True
2024-06-13,HINDALCO,Metals & Mining,LONG,25.4936,64.4445,38.9509,89.9607,ENTERABLE_TIER_B,TRIGGERED,98.5,FULL,,TRANSITION,UPWARD,LOW,680.7,54.94145898272116,-28.553719008264427,7.229978093396778,0.8326267965964966,1.4932707711835458,29.24285714285714,94.982,5.018,97.8342,93.6395,79.7387,97.8342,94.597,20.2613,MEDIUM,RESEARCH_ONLY_NO_STANDARD_TRADE,False
2024-06-13,SIEMENS,Capital Goods,LONG,56.6918,80.8533,24.1615,71.7582,ENTERABLE_TIER_B,TRIGGERED,98.5,FULL,,TRANSITION,UPWARD,LOW,7396.6,64.2969444123645,-4.330422125181928,19.0573211068264,1.716218532446153,2.4163542078412097,324.6357142857143,94.982,5.018,27.4957,56.4974,97.491,27.4957,91.2024,2.509,LOW,WAIT_FOR_XFACTOR,False
2024-06-14,ADANIENT,Metals & Mining,LONG,34.4105,70.058,35.6475,88.4805,ENTERABLE_TIER_B,TRIGGERED,98.5,FULL,,UPWARD,TRANSITION,LOW,3261.75,53.489696598111486,-47.73998712807564,3.893429613985626,0.8513644061443818,1.0619044602846004,190.77857142857147,89.4928,10.5072,91.3853,91.477,81.6118,91.3853,97.2219,18.3882,LOW,UPGRADE_OFACTOR_REQUIRED,False
2024-06-14,HINDPETRO,Oil Gas & Consumable Fuels,LONG,32.2042,67.3879,35.1837,87.3735,ENTERABLE_TIER_B,TRIGGERED,97.2931,FULL,,,TRANSITION,LOW,536.3,54.65184240792242,-44.051204819277125,5.650490369642199,0.9474068275924514,0.8541111325674773,28.553571428571427,89.4928,10.5072,86.8201,91.1745,79.0847,86.8201,89.5635,20.9153,LOW,UPGRADE_OFACTOR_REQUIRED,False
2024-06-14,JINDALSTEL,Metals & Mining,LONG,37.7478,72.9841,35.2363,83.7922,ENTERABLE_TIER_B,TRIGGERED,98.5,FULL,,TRANSITION,TRANSITION,LOW,1052.45,59.29038724579111,-15.408277404921678,10.299323959147891,1.2938837734066142,1.5853153343480544,40.73214285714283,89.4928,10.5072,74.6433,83.8457,81.6118,74.6433,93.3222,18.3882,MEDIUM,UPGRADE_OFACTOR_REQUIRED,False
2024-06-14,RHIM,OTHER,LONG,48.6366,69.3966,20.76,76.2443,ENTERABLE_TIER_B,TRIGGERED,97.2931,FULL,,,TRANSITION,LOW,694.05,58.884762876712486,-54.69097376611831,6.2151961716425,0.9686569915979668,1.4493476917477253,29.957142857142877,89.4928,10.5072,65.4117,71.9599,94.7464,65.4117,77.3677,5.2536,MEDIUM,UPGRADE_OFACTOR_REQUIRED,False
2024-06-14,SIGNATURE,OTHER,LONG,54.1683,83.1402,28.9719,70.9383,ENTERABLE_TIER_B,TRIGGERED,97.2931,FULL,,,TRANSITION,LOW,1354.05,60.25494562199015,-5.973053892215583,7.3862163171089135,1.970499146171112,0.7019205784724812,74.89999999999998,89.4928,10.5072,29.1811,57.5087,94.7464,29.1811,89.3458,5.2536,LOW,WAIT_FOR_XFACTOR,False
2024-06-18,ICICIBANK,Financial Services,LONG,13.7471,59.7961,46.049,85.5833,ENTERABLE_TIER_B,TRIGGERED,98.5,FULL,,SIDEWAYS,TRANSITION,LOW,1122.85,51.83387354053509,-41.1234112341124,1.7388936865077274,1.0220890207751585,-0.0459524485962061,33.76785714285716,90.4981,9.5019,90.5828,74.3543,75.9531,90.5828,85.5484,24.0469,HIGH,RESEARCH_ONLY_NO_STANDARD_TRADE,False
2024-06-18,INDUSTOWER,Telecommunication,LONG,31.0202,63.0115,31.9913,85.7233,ENTERABLE_TIER_B,TRIGGERED,97.2931,FULL,,,TRANSITION,LOW,344.55,52.57039877901492,-32.54172015404361,6.906392686572078,1.0319338372501334,0.5649716490402271,16.97857142857143,90.4981,9.5019,90.0365,69.6088,95.249,90.0365,92.9323,4.7509,LOW,RESEARCH_ONLY_NO_STANDARD_TRADE,False
2024-06-18,KOTAKBANK,Financial Services,LONG,15.3311,56.6979,41.3668,85.7285,ENTERABLE_TIER_B,TRIGGERED,98.5,FULL,,SIDEWAYS,TRANSITION,LOW,1719.4,52.47042509373368,-31.6081871345029,0.2579475146688004,0.8573973015690132,0.5079922682966026,41.72499999999999,90.4981,9.5019,84.1941,84.5177,75.9531,84.1941,94.967,24.0469,HIGH,RESEARCH_ONLY_NO_STANDARD_TRADE,False
2024-06-18,KPITTECH,Information Technology,LONG,23.47,58.3003,34.8303,80.675,ENTERABLE_TIER_B,TRIGGERED,97.2931,FULL,,,TRANSITION,LOW,1510.75,54.692534151478974,-10.022731969415169,1.9103717649915373,0.8414856490479155,0.1070054917019097,60.35000000000001,90.4981,9.5019,71.9746,75.2444,86.1473,71.9746,97.1831,13.8526,MEDIUM,RESEARCH_ONLY_NO_STANDARD_TRADE,False
2024-06-18,MAPMYINDIA,OTHER,LONG,27.3059,61.3809,34.075,76.6367,ENTERABLE_TIER_B,TRIGGERED,97.2931,FULL,,,TRANSITION,LOW,1985.35,55.48235861704276,-34.631350069183625,2.6560968375649936,1.7190162149515302,0.4606694866381699,64.37142857142855,90.4981,9.5019,70.4476,71.8198,95.249,70.4476,90.8655,4.7509,MEDIUM,RESEARCH_ONLY_NO_STANDARD_TRADE,False
2024-06-18,OLECTRA,OTHER,LONG,45.2918,73.1605,27.8687,80.5241,ENTERABLE_TIER_B,TRIGGERED,97.2931,FULL,,,TRANSITION,LOW,1796.85,55.70315396775319,-18.98719023105475,2.828637382972487,1.0447895866670678,0.4318730199448885,91.9142857142857,90.4981,9.5019,70.2875,80.2642,95.249,70.2875,89.9254,4.7509,LOW,UPGRADE_OFACTOR_REQUIRED,False
2024-06-19,JINDALSTEL,Metals & Mining,LONG,25.4948,63.2847,37.7899,83.6092,ENTERABLE_TIER_B,TRIGGERED,98.5,FULL,,TRANSITION,TRANSITION,LOW,1046.95,57.28166365040518,-18.48434004474271,9.094941667153916,0.958421054041746,1.5433296754038432,41.61071428571427,87.5522,12.4478,83.638,82.7448,58.1824,83.638,96.1548,41.8176,LOW,RESEARCH_ONLY_NO_STANDARD_TRADE,False
2024-06-20,ASIANPAINT,Consumer Durables,LONG,24.2295,62.4453,38.2158,85.0788,ENTERABLE_TIER_B,TRIGGERED,98.5,FULL,,SIDEWAYS,TRANSITION,LOW,2915.5,53.42164870210173,-44.444444444444485,0.6533078934167539,0.8421069893265597,0.422874250343249,61.392857142857146,88.393,11.607,85.8018,71.9186,89.1636,85.8018,94.1361,10.8363,HIGH,RESEARCH_ONLY_NO_STANDARD_TRADE,False
2024-06-20,BPCL,Oil Gas & Consumable Fuels,LONG,4.1441,50.659,46.5149,85.5365,ENTERABLE_TIER_B,TRIGGERED,98.5,FULL,,TRANSITION,TRANSITION,LOW,626.25,52.70168045315577,-39.757853403141375,2.9818963299173404,0.8533525740876383,0.0478418036376508,28.853571428571424,88.393,11.607,90.7233,81.3541,58.3719,90.7233,96.4649,41.6281,LOW,RESEARCH_ONLY_NO_STANDARD_TRADE,False
2024-06-20,HINDUNILVR,Fast Moving Consumer Goods,LONG,36.3953,65.3513,28.956,84.5675,ENTERABLE_TIER_B,TRIGGERED,98.5,FULL,,UPWARD,TRANSITION,LOW,2482.2,55.67430969245199,-59.4930478651409,3.680759132446005,0.760416619066885,1.661259744831654,73.43571428571421,88.393,11.607,80.3547,80.6361,78.4582,80.3547,95.7514,21.5418,HIGH,UPGRADE_OFACTOR_REQUIRED,False
2024-06-20,RELIANCE,Oil Gas & Consumable Fuels,LONG,13.0611,57.5148,44.4537,79.4595,ENTERABLE_TIER_B,TRIGGERED,98.5,FULL,,TRANSITION,TRANSITION,LOW,2947.4,53.933769668041045,-26.2886597938144,1.8833812785795965,1.1492897007047966,0.4813733032205762,78.66071428571435,88.393,11.607,73.5785,75.9982,58.3719,73.5785,90.6942,41.6281,LOW,RESEARCH_ONLY_NO_STANDARD_TRADE,False
2024-06-20,UCOBANK,OTHER,LONG,26.5978,64.0356,37.4378,87.2449,ENTERABLE_TIER_B,TRIGGERED,97.2931,FULL,,,TRANSITION,LOW,57.42,53.61361658293779,-39.91902834008097,4.195001415630887,1.0976061318087773,0.6694040585841281,3.117142857142856,88.393,11.607,91.4024,87.1677,94.1965,91.4024,78.4418,5.8035,LOW,RESEARCH_ONLY_NO_STANDARD_TRADE,False
2024-06-20,VEDL,Metals & Mining,LONG,18.9502,60.6957,41.7455,71.6997,ENTERABLE_TIER_B,TRIGGERED,98.5,FULL,,TRANSITION,TRANSITION,LOW,469.95,61.17719810381208,-8.030168589174812,16.51383139385275,1.808950019559897,1.9353584924515332,22.76785714285714,88.393,11.607,43.0996,63.4573,55.1853,43.0996,84.1004,44.8147,LOW,RESEARCH_ONLY_NO_STANDARD_TRADE,False
2024-06-21,CARTRADE,OTHER,LONG,32.4853,58.4924,26.0071,73.9341,ENTERABLE_TIER_B,TRIGGERED,97.2931,FULL,,,TRANSITION,LOW,857.8,55.82284672920192,-37.4227441285538,6.678834466136965,0.896062187641778,-0.2294035047978661,39.75714285714288,83.3108,16.6892,56.1966,69.8167,91.6554,56.1966,93.3094,8.3446,LOW,RESEARCH_ONLY_NO_STANDARD_TRADE,False
2024-06-21,HINDALCO,Metals & Mining,LONG,4.8547,51.8636,47.0089,86.2399,ENTERABLE_TIER_B,TRIGGERED,98.5,FULL,,SIDEWAYS,TRANSITION,LOW,684.5,55.34575815228126,-25.41322314049587,6.751688190390361,1.059431758546875,1.0012566800374854,27.46428571428572,83.3108,16.6892,90.2904,89.0767,53.5187,90.2904,90.2419,46.4813,LOW,RESEARCH_ONLY_NO_STANDARD_TRADE,False
2024-06-21,INDIGO,Services,LONG,20.5838,59.4572,38.8734,84.2666,ENTERABLE_TIER_B,TRIGGERED,98.5,FULL,,SIDEWAYS,TRANSITION,LOW,4310.15,54.04391804962664,-40.40860360056645,8.074419037357893,0.9043936625780646,1.2423447321474144,159.72857142857148,83.3108,16.6892,82.3753,76.6228,76.072,82.3753,98.5976,23.928,MEDIUM,RESEARCH_ONLY_NO_STANDARD_TRADE,False
2024-06-21,IRFC,Financial Services,LONG,24.33,64.2456,39.9156,88.1433,ENTERABLE_TIER_B,TRIGGERED,98.5,FULL,,SIDEWAYS,TRANSITION,LOW,176.32,55.146802744762105,-48.524590163934434,8.55928469728625,1.4321929123335029,1.519977829739157,10.180714285714288,83.3108,16.6892,99.5023,81.4551,72.3184,99.5023,83.5768,27.6816,LOW,RESEARCH_ONLY_NO_STANDARD_TRADE,False
2024-06-21,WOCKPHARMA,OTHER,LONG,29.08,63.4741,34.3941,82.9961,ENTERABLE_TIER_B,TRIGGERED,97.2931,FULL,,,TRANSITION,LOW,577.3,56.70361915281912,-19.93569131832801,14.297461640594392,1.3755061420850712,2.62178747407111,28.450000000000014,83.3108,16.6892,92.7124,75.9578,91.6554,92.7124,76.8717,8.3446,LOW,RESEARCH_ONLY_NO_STANDARD_TRADE,False
2024-06-24,ABB,Capital Goods,LONG,26.4847,61.5554,35.0707,84.1943,ENTERABLE_TIER_B,TRIGGERED,98.5,FULL,,SIDEWAYS,SIDEWAYS,LOW,8465.3,56.33759635312773,-31.586353255980303,13.025999384820128,0.8323806623708303,2.787372208640204,442.225,70.6885,29.3115,78.1028,80.5936,79.8445,78.1028,90.9503,20.1554,LOW,RESEARCH_ONLY_NO_STANDARD_TRADE,False
2024-06-24,CGPOWER,Capital Goods,LONG,54.958,81.1404,26.1824,70.6168,ENTERABLE_TIER_B,TRIGGERED,98.5,FULL,,UPWARD,SIDEWAYS,LOW,701.75,66.71553316788547,-17.876344086021504,16.472037891895393,1.826541582303567,3.110772250596902,36.99642857142858,70.6885,29.3115,27.2047,56.3228,79.8445,27.2047,64.0506,20.1554,LOW,WAIT_FOR_XFACTOR,False
2024-06-24,TATASTEEL,Metals & Mining,LONG,8.8257,52.2199,43.3942,82.6734,ENTERABLE_TIER_B,TRIGGERED,98.5,FULL,,SIDEWAYS,SIDEWAYS,LOW,177.96,53.97382193916264,-18.21673525377226,6.050148479519986,0.8240065888801754,1.9505410376963832,6.259285714285712,70.6885,29.3115,79.2468,81.7232,48.0462,79.2468,93.6734,51.9537,LOW,RESEARCH_ONLY_NO_STANDARD_TRADE,False
2024-06-25,LALPATHLAB,OTHER,LONG,33.7327,61.3983,27.6656,85.5064,ENTERABLE_TIER_B,TRIGGERED,97.2931,FULL,,,TRANSITION,LOW,2718.95,57.72862507251813,-64.41287878787885,6.810834650846024,1.054501753362432,1.8016741874948337,84.5964285714285,77.7401,22.2599,94.6156,84.893,88.87,94.6156,75.3181,11.1299,HIGH,RESEARCH_ONLY_NO_STANDARD_TRADE,False
2024-06-26,DMART,Consumer Services,LONG,36.959,66.9894,30.0304,80.263,ENTERABLE_TIER_B,TRIGGERED,98.5,FULL,,UPWARD,TRANSITION,LOW,4801.0,53.70050459796594,-72.19967181967357,4.606156265877892,0.853464306185024,1.2335360557661572,174.8999999999999,84.0257,15.9743,61.8754,74.6141,86.2808,61.8754,94.7513,13.7192,MEDIUM,UPGRADE_OFACTOR_REQUIRED,False
2024-06-26,ZEEL,OTHER,LONG,41.7677,77.5349,35.7672,85.575,ENTERABLE_TIER_B,TRIGGERED,97.2931,FULL,,,TRANSITION,LOW,155.61,52.67792098890995,-63.543689320388246,0.6818186588831088,2.13007603415617,1.2412291066426195,5.954285714285713,84.0257,15.9743,98.3373,56.334,92.0129,98.3373,88.0422,7.9871,LOW,QUALIFIED_FOR_INTRADAY_REVALIDATION,True
2024-06-27,ABB,Capital Goods,LONG,53.0007,80.8282,27.8275,70.5758,ENTERABLE_TIER_B,TRIGGERED,98.5,FULL,,TRANSITION,UPWARD,LOW,8643.05,59.57307812483491,-41.213057441359496,13.986513335265718,1.198765299412327,2.312453372162917,299.53571428571433,92.1015,7.8985,34.823,57.8681,96.0507,34.823,93.6168,3.9493,LOW,WAIT_FOR_XFACTOR,False
2024-06-27,HINDZINC,Metals & Mining,LONG,13.1686,53.6656,40.497,78.9614,ENTERABLE_TIER_B,TRIGGERED,98.5,FULL,,DOWNWARD,UPWARD,LOW,673.25,56.06818285724409,-49.88331388564758,18.548127395776167,0.9552725029835308,2.2407130201014818,26.21428571428573,92.1015,7.8985,87.7929,58.8011,57.2944,87.7929,90.5395,42.7056,LOW,RESEARCH_ONLY_NO_STANDARD_TRADE,False
2024-06-27,INDUSINDBK,Financial Services,LONG,19.966,59.7388,39.7728,82.0635,ENTERABLE_TIER_B,TRIGGERED,97.2931,FULL,,,UPWARD,LOW,1502.75,53.44726482971308,-54.59272097053729,1.1944641092470356,1.060056207786475,0.7873112715241376,27.614285714285725,92.1015,7.8985,74.343,74.2887,71.574,74.343,96.8132,28.426,MEDIUM,RESEARCH_ONLY_NO_STANDARD_TRADE,False
2024-06-27,TATAPOWER,Power,LONG,22.4809,62.6922,40.2113,79.3897,ENTERABLE_TIER_B,TRIGGERED,98.5,FULL,,SIDEWAYS,UPWARD,LOW,439.45,50.72348841702982,-59.84496124031011,2.761272028067368,1.2359629027156596,0.1410424900995947,9.617857142857147,92.1015,7.8985,95.8931,46.1418,69.0528,95.8931,85.2358,30.9472,LOW,RESEARCH_ONLY_NO_STANDARD_TRADE,False
2024-06-28,ASIANPAINT,Consumer Durables,LONG,24.7622,62.4469,37.6847,79.2715,ENTERABLE_TIER_B,TRIGGERED,98.5,FULL,,SIDEWAYS,UPWARD,LOW,2917.05,54.353609089225465,-32.31339823829387,0.7806026341972595,0.8770623015122979,0.0936812825985439,40.61428571428571,97.9306,2.0694,72.7723,45.9796,96.3308,72.7723,85.2761,3.6692,LOW,RESEARCH_ONLY_NO_STANDARD_TRADE,False
2024-06-28,PRESTIGE,Realty,LONG,61.1135,79.9817,18.8682,82.3414,ENTERABLE_TIER_B,TRIGGERED,97.2931,FULL,,,UPWARD,LOW,1892.6,56.33315776652194,-59.30989583333338,17.497410946624846,0.9946065785892464,5.187095261949192,100.67857142857147,97.9306,2.0694,68.1379,75.2082,98.9653,68.1379,90.6832,1.0347,LOW,QUALIFIED_FOR_INTRADAY_REVALIDATION,True
2024-06-28,ZYDUSLIFE,Healthcare,LONG,21.5415,60.9435,39.402,83.1548,ENTERABLE_TIER_B,TRIGGERED,98.5,FULL,,TRANSITION,UPWARD,LOW,1073.95,53.72337001275411,-61.24595469255653,5.304272060331787,1.4117660643648993,1.0215330704051937,25.860714285714295,97.9306,2.0694,80.5883,79.1962,67.8312,80.5883,82.9084,32.1688,MEDIUM,RESEARCH_ONLY_NO_STANDARD_TRADE,False
2024-07-01,ASIANPAINT,Consumer Durables,LONG,24.3638,63.1697,38.8059,79.0857,ENTERABLE_TIER_B,TRIGGERED,98.5,FULL,,SIDEWAYS,UPWARD,LOW,2927.8,55.92529407464794,-11.795681937861865,1.114426826856061,0.8460327774389216,0.17891289011561,41.62142857142856,100.0,0.0,59.9445,61.7505,99.1951,59.9445,89.2363,0.805,MEDIUM,RESEARCH_ONLY_NO_STANDARD_TRADE,False
2024-07-01,CROMPTON,OTHER,LONG,49.8922,73.3675,23.4753,81.21,ENTERABLE_TIER_B,TRIGGERED,97.2931,FULL,,,UPWARD,LOW,416.5,57.0535371860297,-61.443932411674325,11.840041955580832,1.1360093443688222,3.008612727080058,11.739285714285716,100.0,0.0,93.2847,57.2376,100.0,93.2847,96.0815,0.0,MEDIUM,UPGRADE_OFACTOR_REQUIRED,False
2024-07-01,ESCORTS,Capital Goods,LONG,32.8138,62.9429,30.1291,87.2806,ENTERABLE_TIER_B,TRIGGERED,97.2931,FULL,,,UPWARD,LOW,4141.75,57.02711847518842,-75.73529411764703,10.623105325820546,0.8019874047420955,2.823540140300488,121.76071428571424,100.0,0.0,94.0156,89.5697,96.072,94.0156,79.4844,3.928,MEDIUM,RESEARCH_ONLY_NO_STANDARD_TRADE,False
2024-07-01,HINDUNILVR,Fast Moving Consumer Goods,LONG,37.7985,70.9074,33.1089,80.471,ENTERABLE_TIER_B,TRIGGERED,98.5,FULL,,UPWARD,UPWARD,LOW,2505.1,58.97212621126551,-47.68564768564774,4.061078190955909,1.1114941312613988,0.8199730562297131,43.48928571428561,100.0,0.0,78.9182,49.4128,87.8256,78.9182,83.5362,12.1744,LOW,UPGRADE_OFACTOR_REQUIRED,False
2024-07-02,KEI,Capital Goods,LONG,49.2886,74.3512,25.0626,80.9992,ENTERABLE_TIER_B,TRIGGERED,97.2931,FULL,,,UPWARD,LOW,4551.4,57.12900364512643,-66.10708725377383,10.114746251925226,0.8289424603206642,1.9440245344666829,170.2821428571429,100.0,0.0,66.3793,79.7043,96.9139,66.3793,90.9327,3.0861,MEDIUM,QUALIFIED_FOR_INTRADAY_REVALIDATION,True
2024-07-02,LT,Construction,LONG,10.5658,54.6279,44.0621,70.7614,ENTERABLE_TIER_B,TRIGGERED,98.5,FULL,,SIDEWAYS,UPWARD,LOW,3626.5,53.79709170444311,-43.48837209302326,1.7960528866292549,1.2277306399784509,0.0905189050978382,64.21428571428565,100.0,0.0,40.7349,43.0345,68.1603,40.7349,95.3281,31.8397,LOW,RESEARCH_ONLY_NO_STANDARD_TRADE,False
2024-07-02,SUPREMEIND,Capital Goods,LONG,54.9415,78.6719,23.7304,80.9035,ENTERABLE_TIER_B,TRIGGERED,97.2931,FULL,,,UPWARD,LOW,6022.55,58.9222729576492,-58.55699083060033,12.271442449892442,1.0610866066699791,2.245191797980423,240.2035714285714,100.0,0.0,71.1738,74.2635,96.9139,71.1738,92.09,3.0861,LOW,QUALIFIED_FOR_INTRADAY_REVALIDATION,True
2024-07-03,AUROPHARMA,Healthcare,LONG,30.6586,64.3377,33.6791,81.0456,ENTERABLE_TIER_B,TRIGGERED,97.2931,FULL,,,TRANSITION,LOW,1238.8,55.820432051590366,-33.25753268902784,4.774501237862749,0.7973251566146001,0.3129645010043727,30.050000000000004,86.6304,13.3696,90.9484,59.6672,81.1929,90.9484,93.0782,18.8071,MEDIUM,RESEARCH_ONLY_NO_STANDARD_TRADE,False
2024-07-03,DMART,Consumer Services,LONG,43.6197,72.3635,28.7438,89.1618,ENTERABLE_TIER_B,TRIGGERED,98.5,FULL,,UPWARD,TRANSITION,LOW,4792.9,52.56496105442761,-70.25556471558126,3.768735071942269,1.2129409961127529,0.7851176755608182,185.08571428571412,86.6304,13.3696,99.2625,80.0741,93.3152,99.2625,96.1099,6.6848,MEDIUM,UPGRADE_OFACTOR_REQUIRED,False
2024-07-03,HINDZINC,Metals & Mining,LONG,12.2352,52.9361,40.7009,79.008,ENTERABLE_TIER_B,TRIGGERED,98.5,FULL,,TRANSITION,TRANSITION,LOW,673.15,55.61952676697831,-33.87345679012349,16.139169115744142,1.2993388716048286,1.6733707746691082,24.207142857142863,86.6304,13.3696,81.8993,65.0516,53.5069,81.8993,82.0714,46.4931,LOW,RESEARCH_ONLY_NO_STANDARD_TRADE,False
2024-07-03,SBIN,Financial Services,LONG,3.5046,51.5338,48.0292,81.49,ENTERABLE_TIER_B,TRIGGERED,98.5,FULL,,DOWNWARD,TRANSITION,LOW,839.95,52.26764738271542,-55.99534342258424,3.551545852548095,1.067010786180396,0.5915043434609951,14.971428571428548,86.6304,13.3696,83.5353,60.0573,64.5812,83.5353,89.5802,35.4188,MEDIUM,RESEARCH_ONLY_NO_STANDARD_TRADE,False
2024-07-03,SCI,OTHER,LONG,42.0243,71.0345,29.0102,79.8461,ENTERABLE_TIER_B,TRIGGERED,97.2931,FULL,,,TRANSITION,LOW,263.3,55.92199009378061,-61.32404181184666,9.343104221966655,0.9143390290053176,1.7455924423432725,11.765714285714276,86.6304,13.3696,66.6347,68.7227,93.3152,66.6347,82.3215,6.6848,MEDIUM,UPGRADE_OFACTOR_REQUIRED,False
2024-07-03,TEGA,OTHER,LONG,56.0305,77.0806,21.0501,77.1221,ENTERABLE_TIER_B,TRIGGERED,97.2931,FULL,,,TRANSITION,LOW,1649.2,57.57770705497418,-46.589085072231136,8.886961982673919,2.835011565920274,1.633429743839704,50.2142857142857,86.6304,13.3696,68.6311,68.7738,93.3152,68.6311,75.4651,6.6848,LOW,QUALIFIED_FOR_INTRADAY_REVALIDATION,True
2024-07-03,TIINDIA,Automobile and Auto Components,LONG,53.8982,75.9374,22.0392,82.9176,ENTERABLE_TIER_B,TRIGGERED,97.2931,FULL,,,TRANSITION,LOW,4201.35,55.40700425299426,-41.83426345161623,6.945031455418299,1.0095509810556371,2.195790257464864,161.78928571428574,86.6304,13.3696,75.1055,79.0839,93.3152,75.1055,92.9167,6.6848,MEDIUM,QUALIFIED_FOR_INTRADAY_REVALIDATION,True
2024-07-03,TIMKEN,OTHER,LONG,55.0002,76.6496,21.6494,81.8067,ENTERABLE_TIER_B,TRIGGERED,97.2931,FULL,,,TRANSITION,LOW,4416.35,57.91442973103843,-59.23876963930067,13.60267472447496,1.5536335743959648,2.813740226886344,192.217857142857,86.6304,13.3696,73.9714,77.8689,93.3152,73.9714,90.6564,6.6848,LOW,QUALIFIED_FOR_INTRADAY_REVALIDATION,True
2024-07-03,TORNTPHARM,Healthcare,LONG,28.4527,62.9004,34.4477,85.6789,ENTERABLE_TIER_B,TRIGGERED,98.5,FULL,,UPWARD,TRANSITION,LOW,2837.5,57.46406188201689,-63.58768406961181,4.268425970563715,0.883075541885977,0.8208042307837806,63.52500000000003,86.6304,13.3696,97.2373,86.1157,81.1929,97.2373,90.2086,18.8071,HIGH,RESEARCH_ONLY_NO_STANDARD_TRADE,False
2024-07-04,BHARATFORG,Automobile and Auto Components,LONG,51.3267,72.7139,21.3872,87.2937,ENTERABLE_TIER_B,TRIGGERED,97.2931,FULL,,,UPWARD,LOW,1670.3,57.02741386490762,-75.60563380281693,11.07487234393785,0.9536666684229206,2.520828555600213,50.92857142857143,100.0,0.0,98.6583,66.1879,99.5249,98.6583,92.0673,0.475,MEDIUM,UPGRADE_OFACTOR_REQUIRED,False
2024-07-04,CARBORUNIV,OTHER,LONG,37.2367,64.7992,27.5625,81.9673,ENTERABLE_TIER_B,TRIGGERED,97.2931,FULL,,,UPWARD,LOW,1710.1,56.18256579819926,-73.97685577194474,9.715080821520948,0.8349124091461719,1.559740905606159,60.67142857142859,100.0,0.0,86.4241,77.4523,100.0,86.4241,87.5394,0.0,MEDIUM,RESEARCH_ONLY_NO_STANDARD_TRADE,False
2024-07-04,LICI,Financial Services,LONG,32.696,68.3489,35.6529,87.4525,ENTERABLE_TIER_B,TRIGGERED,98.5,FULL,,UPWARD,UPWARD,LOW,1010.2,52.17048486773542,-72.76264591439687,2.2229015143429143,1.3591367451196372,0.0239353063729493,28.05714285714283,100.0,0.0,96.1091,72.6273,92.7145,96.1091,79.613,7.2854,HIGH,UPGRADE_OFACTOR_REQUIRED,False
2024-07-04,TORNTPHARM,Healthcare,LONG,33.6426,67.5228,33.8802,73.4432,ENTERABLE_TIER_B,TRIGGERED,98.5,FULL,,UPWARD,UPWARD,LOW,2870.3,61.44660091311098,-48.95136099955371,5.287805686929483,1.2854176597480873,0.9035419436596231,64.74642857142862,100.0,0.0,68.145,56.4764,81.6405,68.145,94.0074,18.3595,MEDIUM,UPGRADE_OFACTOR_REQUIRED,False
2024-07-05,ABSLAMC,OTHER,LONG,55.7996,74.6665,18.8669,71.8166,ENTERABLE_TIER_B,TRIGGERED,97.2931,FULL,,,UPWARD,LOW,659.55,63.584550399141726,-35.104790419161766,13.494354193039188,0.9052214620892132,3.3481723293384023,17.589285714285722,100.0,0.0,44.2748,64.6376,100.0,44.2748,87.6061,0.0,LOW,WAIT_FOR_XFACTOR,False
2024-07-05,GLAND,OTHER,LONG,22.7692,57.7649,34.9957,81.9225,ENTERABLE_TIER_B,TRIGGERED,97.2931,FULL,,,UPWARD,LOW,1839.75,54.49765926888958,-35.60606060606061,1.408828758378708,0.8390886737860203,-0.0177533592756973,40.9857142857143,100.0,0.0,90.1226,64.1338,100.0,90.1226,71.6975,0.0,MEDIUM,RESEARCH_ONLY_NO_STANDARD_TRADE,False
2024-07-05,LEMONTREE,OTHER,LONG,31.9855,63.7666,31.7811,78.7996,ENTERABLE_TIER_B,TRIGGERED,97.2931,FULL,,,UPWARD,LOW,148.15,55.650752792949646,-47.863924050632825,3.551627337560602,1.0839192435997005,0.578732700105567,4.358571428571429,100.0,0.0,63.7037,77.6073,100.0,63.7037,80.7276,0.0,HIGH,RESEARCH_ONLY_NO_STANDARD_TRADE,False
2024-07-05,LICI,Financial Services,LONG,31.0073,64.895,33.8877,86.1458,ENTERABLE_TIER_B,TRIGGERED,98.5,FULL,,UPWARD,UPWARD,LOW,1015.65,53.43906493238082,-67.46108949416347,2.68249390746133,0.8292425339391939,0.1291452392484817,24.55714285714283,100.0,0.0,85.4896,80.6981,94.7037,85.4896,86.0733,5.2964,HIGH,RESEARCH_ONLY_NO_STANDARD_TRADE,False
2024-07-05,M&MFIN,Financial Services,LONG,40.6938,68.2284,27.5346,87.6647,ENTERABLE_TIER_B,TRIGGERED,97.2931,FULL,,,UPWARD,LOW,300.5,57.22875868059069,-57.1171171171172,5.166277552364794,0.804726567196956,2.1541084895994147,9.296428571428574,100.0,0.0,96.002,88.1675,94.7037,96.002,93.1156,5.2964,HIGH,UPGRADE_OFACTOR_REQUIRED,False
2024-07-08,EIDPARRY,OTHER,LONG,54.1707,74.8507,20.68,74.274,ENTERABLE_TIER_B,TRIGGERED,97.2931,FULL,,,UPWARD,LOW,779.05,64.03214562967037,-54.00400400400406,12.911925267459452,0.8897966980662835,2.9737324867105475,28.09285714285715,100.0,0.0,44.7368,65.97,100.0,44.7368,84.4088,0.0,LOW,WAIT_FOR_XFACTOR,False
2024-07-08,SUMICHEM,OTHER,LONG,52.1354,80.1851,28.0497,75.8731,ENTERABLE_TIER_B,TRIGGERED,97.2931,FULL,,,UPWARD,LOW,499.2,59.16742333243247,-38.26266804550165,10.815908881674993,1.7523075413160627,2.235593934723993,17.28571428571428,100.0,0.0,59.8609,74.4298,100.0,59.8609,98.4959,0.0,MEDIUM,WAIT_FOR_XFACTOR,False
2024-07-09,ACC,Construction Materials,LONG,35.0122,62.3201,27.3079,80.9534,ENTERABLE_TIER_B,TRIGGERED,97.2931,FULL,,,TRANSITION,LOW,2685.8,55.84407806207728,-48.684412986613296,4.37651151779524,0.7537125593174465,1.5918636005372353,79.60357142857131,90.8989,9.1011,70.8598,79.021,92.2692,70.8598,85.478,7.7308,HIGH,RESEARCH_ONLY_NO_STANDARD_TRADE,False
2024-07-09,EICHERMOT,Automobile and Auto Components,LONG,36.3589,69.8965,33.5376,76.9227,ENTERABLE_TIER_B,TRIGGERED,98.5,FULL,,SIDEWAYS,TRANSITION,LOW,4828.7,58.13575983133648,-29.061371841155296,4.861764669187736,0.980257963847799,0.1600863088578873,87.92857142857136,90.8989,9.1011,63.876,60.5589,88.1252,63.876,95.7693,11.8748,MEDIUM,UPGRADE_OFACTOR_REQUIRED,False
2024-07-09,LICI,Financial Services,LONG,38.7926,76.4186,37.626,74.8601,ENTERABLE_TIER_B,TRIGGERED,98.5,FULL,,TRANSITION,TRANSITION,LOW,1032.35,57.324496801852014,-21.147798742138463,4.144377964466626,2.2713324390116933,0.3822492123001417,23.635714285714275,90.8989,9.1011,45.4498,59.1296,83.1994,45.4498,83.6688,16.8006,LOW,WAIT_FOR_XFACTOR,False
2024-07-09,SUPREMEIND,Capital Goods,LONG,38.5964,66.5192,27.9228,84.9465,ENTERABLE_TIER_B,TRIGGERED,97.2931,FULL,,,TRANSITION,LOW,6028.8,56.668873021229736,-47.999670727691786,10.383648803268745,0.9698417282916788,1.807741826546803,215.02499999999995,90.8989,9.1011,93.1031,78.5885,95.4494,93.1031,89.4524,4.5506,MEDIUM,UPGRADE_OFACTOR_REQUIRED,False
2024-07-10,BALRAMCHIN,OTHER,LONG,51.9773,74.8868,22.9095,77.2636,ENTERABLE_TIER_B,TRIGGERED,97.2931,FULL,,,TRANSITION,LOW,436.55,61.01439931950008,-57.0162481536189,7.275146916062339,0.8036379998022827,1.7967137571719174,11.917857142857148,88.1659,11.8341,80.2677,59.2209,94.0829,80.2677,97.1471,5.917,MEDIUM,QUALIFIED_FOR_INTRADAY_REVALIDATION,True
2024-07-10,TORNTPOWER,Power,LONG,29.0841,68.9204,39.8363,79.1749,ENTERABLE_TIER_B,TRIGGERED,97.2931,FULL,,,TRANSITION,LOW,1545.25,56.26711168604518,-40.46875,6.40229698515856,2.3811294924934865,0.4644053047644508,47.97857142857144,88.1659,11.8341,80.2238,62.2748,75.3451,80.2238,96.0816,24.6549,LOW,UPGRADE_OFACTOR_REQUIRED,False
2024-07-11,CROMPTON,OTHER,LONG,36.512,67.4763,30.9643,84.4226,ENTERABLE_TIER_B,TRIGGERED,97.2931,FULL,,,TRANSITION,LOW,423.4,59.14629685358332,-48.81578947368424,10.600530289817122,0.8517799105475417,1.7653862092210766,12.046428571428567,87.6498,12.3502,88.406,75.4284,93.1371,88.406,94.6872,6.8628,MEDIUM,UPGRADE_OFACTOR_REQUIRED,False
2024-07-11,FINCABLES,OTHER,LONG,37.0344,62.5189,25.4845,83.3067,ENTERABLE_TIER_B,TRIGGERED,97.2931,FULL,,,TRANSITION,LOW,1618.3,59.47638725681578,-52.84605433376461,16.54558306688872,1.2678961828181825,3.691133725153069,65.88571428571431,87.6498,12.3502,88.5231,82.4241,93.1371,88.5231,65.5768,6.8628,LOW,RESEARCH_ONLY_NO_STANDARD_TRADE,False
2024-07-11,IIFL,OTHER,LONG,43.0716,67.5006,24.429,84.9263,ENTERABLE_TIER_B,TRIGGERED,97.2931,FULL,,,TRANSITION,LOW,498.35,55.997678015488525,-47.36172917991098,7.830877441031979,0.919076692939073,3.529820565956393,22.960714285714285,87.6498,12.3502,85.0106,78.3979,93.1371,85.0106,81.6208,6.8628,LOW,UPGRADE_OFACTOR_REQUIRED,False
2024-07-11,TATAPOWER,Power,LONG,1.6801,48.7741,47.094,86.6109,ENTERABLE_TIER_B,TRIGGERED,98.5,FULL,,SIDEWAYS,TRANSITION,LOW,440.4,52.184838470656935,-22.777777777777903,2.3588880265551437,0.896566418965967,-0.0002944537368849,8.93571428571428,87.6498,12.3502,91.0099,80.7514,76.7283,91.0099,81.6467,23.2717,LOW,RESEARCH_ONLY_NO_STANDARD_TRADE,False
2024-07-12,FORTIS,Healthcare,LONG,25.3753,61.6029,36.2276,81.4431,ENTERABLE_TIER_B,TRIGGERED,97.2931,FULL,,,UPWARD,LOW,480.4,56.63667749637193,-30.19108280254783,4.530172689148283,1.0750403727226283,0.1179363085072466,15.596428571428564,92.133,7.867,83.8425,71.6602,69.9193,83.8425,76.9178,30.0807,MEDIUM,RESEARCH_ONLY_NO_STANDARD_TRADE,False
2024-07-12,RKFORGE,OTHER,LONG,53.5086,71.7918,18.2832,78.6782,ENTERABLE_TIER_B,TRIGGERED,97.2931,FULL,,,UPWARD,LOW,920.4,60.00055442654181,-66.20016963528415,14.254529436658144,0.7678545296721048,4.817004390819352,42.021428571428594,92.133,7.867,68.409,63.1141,89.1342,68.409,74.6796,10.8657,LOW,UPGRADE_OFACTOR_REQUIRED,False
2024-07-12,TEJASNET,OTHER,LONG,42.5478,66.2839,23.7361,84.4738,ENTERABLE_TIER_B,TRIGGERED,97.2931,FULL,,,UPWARD,LOW,1412.4,58.81717426902212,-40.45053868756116,15.105435796152449,0.8282923716336966,2.7264996661972067,58.45000000000001,92.133,7.867,97.0972,71.1548,89.1342,97.0972,81.1121,10.8657,LOW,UPGRADE_OFACTOR_REQUIRED,False
2024-07-12,ZEEL,OTHER,LONG,27.0238,61.5158,34.492,76.9819,ENTERABLE_TIER_B,TRIGGERED,97.2931,FULL,,,UPWARD,LOW,155.5,55.078768674546666,-33.10104529616726,1.3916956255300772,2.626973387136584,-0.280324916239379,5.341428571428567,92.133,7.867,66.3636,47.5796,89.1342,66.3636,70.8692,10.8657,LOW,RESEARCH_ONLY_NO_STANDARD_TRADE,False
2024-07-15,CARBORUNIV,OTHER,LONG,16.6307,52.3525,35.7218,82.4669,ENTERABLE_TIER_B,TRIGGERED,97.2931,FULL,,,UPWARD,LOW,1717.6,57.11141784413744,-54.13084112149539,8.274525339671403,1.068759476843614,0.9118935681346932,58.99285714285715,92.3026,7.6974,86.8882,77.9295,88.9895,86.8882,72.6069,11.0106,MEDIUM,RESEARCH_ONLY_NO_STANDARD_TRADE,False
2024-07-15,DIVISLAB,Healthcare,LONG,12.3812,57.0129,44.6317,85.1811,ENTERABLE_TIER_B,TRIGGERED,98.5,FULL,,SIDEWAYS,UPWARD,LOW,4575.4,55.83705156857437,-42.04444444444461,6.519689250477247,1.228095363737287,1.2919737286878654,96.9892857142856,92.3026,7.6974,84.2646,83.792,72.0623,84.2646,88.0605,27.9377,MEDIUM,RESEARCH_ONLY_NO_STANDARD_TRADE,False
2024-07-15,IOC,Oil Gas & Consumable Fuels,LONG,15.5109,58.3081,42.7972,77.3953,ENTERABLE_TIER_B,TRIGGERED,98.5,FULL,,SIDEWAYS,UPWARD,LOW,169.7,52.33104281184178,-44.78707782672556,1.8101001483225905,1.3454094445409337,0.7179977017970945,3.254285714285712,92.3026,7.6974,72.9792,59.4381,50.6452,72.9792,92.3793,49.3548,LOW,RESEARCH_ONLY_NO_STANDARD_TRADE,False
2024-07-15,JIOFIN,Financial Services,LONG,9.25,53.2344,43.9844,86.488,ENTERABLE_TIER_B,TRIGGERED,98.5,FULL,,SIDEWAYS,UPWARD,LOW,355.4,52.20656694053416,-36.87150837988844,1.3739301627378082,0.9339835095471736,-0.410021718545925,6.69285714285713,92.3026,7.6974,90.5123,77.8869,83.0224,90.5123,92.2305,16.9776,MEDIUM,RESEARCH_ONLY_NO_STANDARD_TRADE,False
2024-07-15,NATCOPHARM,OTHER,LONG,34.7592,71.3045,36.5453,82.2496,ENTERABLE_TIER_B,TRIGGERED,97.2931,FULL,,,UPWARD,LOW,1208.1,61.38772550903363,-41.02803738317765,9.690770116345629,2.0704186609641577,2.202100915486035,39.55,92.3026,7.6974,73.2406,76.4349,88.9895,73.2406,55.6005,11.0106,LOW,UPGRADE_OFACTOR_REQUIRED,False
2024-07-15,SHRIRAMFIN,Financial Services,LONG,51.3807,76.2343,24.8536,80.942,ENTERABLE_TIER_B,TRIGGERED,98.5,FULL,,UPWARD,UPWARD,LOW,2882.3,60.396613654754965,-49.97884045704605,9.633913801995009,0.8971927321619549,1.9384524561567984,77.68928571428566,92.3026,7.6974,74.3701,61.3331,83.0224,74.3701,96.5504,16.9776,MEDIUM,QUALIFIED_FOR_INTRADAY_REVALIDATION,True
2024-07-16,JINDALSAW,OTHER,LONG,22.4151,57.7914,35.3763,78.9835,ENTERABLE_TIER_B,TRIGGERED,97.2931,FULL,,,TRANSITION,LOW,564.2,55.26328254542873,-37.17073170731698,4.2914534636522506,0.9256149302455448,0.7148230216342788,18.696428571428587,90.7476,9.2524,74.4693,77.3219,84.8529,74.4693,79.3543,15.1471,HIGH,RESEARCH_ONLY_NO_STANDARD_TRADE,False
2024-07-16,TORNTPOWER,Power,LONG,14.713,54.6171,39.9041,70.6417,ENTERABLE_TIER_B,TRIGGERED,97.2931,FULL,,,TRANSITION,LOW,1545.55,55.87224659026508,-4.402201100550364,5.758297322181807,1.3061211528956125,0.5921393459511729,40.50357142857143,90.7476,9.2524,50.9632,61.9787,76.0943,50.9632,96.8892,23.9057,LOW,RESEARCH_ONLY_NO_STANDARD_TRADE,False
2024-07-18,CIPLA,Healthcare,LONG,1.1684,53.8731,52.7047,82.8672,ENTERABLE_TIER_B,TRIGGERED,98.5,FULL,,TRANSITION,UPWARD,LOW,1506.65,52.19117571312917,-38.95304080061576,1.948742766156692,1.3426786958056545,0.3544225196324518,23.825000000000045,93.9679,6.0321,86.7156,64.659,71.0287,86.7156,89.3389,28.9713,MEDIUM,RESEARCH_ONLY_NO_STANDARD_TRADE,False
2024-07-18,COROMANDEL,Chemicals,LONG,26.981,59.0356,32.0546,81.8253,ENTERABLE_TIER_B,TRIGGERED,97.2931,FULL,,,UPWARD,LOW,1593.25,62.94107350977574,-54.84647802528595,11.926083126103254,0.8342953253944555,2.887495432089962,36.72500000000004,93.9679,6.0321,86.4034,81.8108,66.0601,86.4034,89.3805,33.9399,MEDIUM,RESEARCH_ONLY_NO_STANDARD_TRADE,False
2024-07-18,CYIENT,OTHER,LONG,1.8847,46.5699,44.6852,78.5408,ENTERABLE_TIER_B,TRIGGERED,97.2931,FULL,,,UPWARD,LOW,1849.85,53.714213452806426,-47.768395657418615,-0.1613755758162803,1.1900213856736848,-0.0749519543979279,57.22142857142858,93.9679,6.0321,81.5337,66.551,76.0186,81.5337,93.6038,23.9814,LOW,RESEARCH_ONLY_NO_STANDARD_TRADE,False
2024-07-18,KARURVYSYA,OTHER,LONG,25.3096,57.8258,32.5162,73.3098,ENTERABLE_TIER_B,TRIGGERED,97.2931,FULL,,,UPWARD,LOW,206.31,55.48863834428367,-27.53346080305925,3.890655066279365,2.8153983606129223,-0.2071070979088257,6.342142857142861,93.9679,6.0321,68.7382,50.1746,76.0186,68.7382,89.9718,23.9814,LOW,RESEARCH_ONLY_NO_STANDARD_TRADE,False
2024-07-18,PATANJALI,Fast Moving Consumer Goods,LONG,44.7126,72.0855,27.3729,81.6484,ENTERABLE_TIER_B,TRIGGERED,97.2931,FULL,,,UPWARD,LOW,1600.55,55.56011549099904,-67.87489643744826,5.7908443406644325,1.4800990104022425,2.043165800079527,60.85000000000001,93.9679,6.0321,84.3604,60.8874,75.0116,84.3604,87.8718,24.9884,MEDIUM,UPGRADE_OFACTOR_REQUIRED,False
2024-07-18,RRKABEL,OTHER,LONG,15.6047,54.4997,38.895,83.11,ENTERABLE_TIER_B,TRIGGERED,97.2931,FULL,,,UPWARD,LOW,1780.3,52.64878830037033,-59.04277848369341,3.543359314516419,1.447024693450684,0.8447955908505498,46.1607142857143,93.9679,6.0321,99.1299,79.8097,76.0186,99.1299,83.1025,23.9814,MEDIUM,RESEARCH_ONLY_NO_STANDARD_TRADE,False
2024-07-18,SIGNATURE,OTHER,LONG,37.0037,68.8947,31.891,80.8425,ENTERABLE_TIER_B,TRIGGERED,97.2931,FULL,,,UPWARD,LOW,1479.15,58.76028544446034,-42.27703039362227,8.407435099066305,1.2012404698443009,3.0110213191726323,49.5607142857143,93.9679,6.0321,73.1104,82.5668,76.0186,73.1104,84.7863,23.9814,MEDIUM,UPGRADE_OFACTOR_REQUIRED,False
2024-07-19,ANANTRAJ,OTHER,LONG,26.9266,59.5696,32.643,83.0411,ENTERABLE_TIER_B,TRIGGERED,97.2931,FULL,,,TRANSITION,LOW,480.7,55.93419926385869,-58.73146622734763,13.0690438267215,1.0929355369507168,4.12591299573979,22.507142857142863,85.9649,14.0351,92.4987,77.5182,63.789,92.4987,73.6972,36.211,LOW,RESEARCH_ONLY_NO_STANDARD_TRADE,False
2024-07-19,ASIANPAINT,Consumer Durables,LONG,10.9035,54.8261,43.9226,84.1022,ENTERABLE_TIER_B,TRIGGERED,98.5,FULL,,SIDEWAYS,TRANSITION,LOW,2946.05,52.39572055951879,-50.452380952380864,1.0636689251108284,1.3433028233364104,0.6067116491978474,60.72142857142853,85.9649,14.0351,81.5935,81.0281,65.6592,81.5935,77.6356,34.3408,MEDIUM,RESEARCH_ONLY_NO_STANDARD_TRADE,False
2024-07-22,AIAENG,Capital Goods,LONG,38.2069,66.9236,28.7167,65.7034,ENTERABLE_TIER_B,TRIGGERED,97.2931,FULL,,,TRANSITION,NORMAL,4398.1,65.41149573709276,-56.71207139502104,8.992495104948212,2.556432426472734,1.9178624445563528,147.4892857142856,83.3181,16.6819,32.2663,53.1898,54.0247,32.2663,62.3023,45.9753,LOW,UPGRADE_OFACTOR_REQUIRED,False
2024-07-22,BALRAMCHIN,OTHER,LONG,19.0858,57.038,37.9522,70.8937,ENTERABLE_TIER_B,TRIGGERED,97.2931,FULL,,,TRANSITION,NORMAL,444.5,60.1632791539758,-40.78947368421053,7.165452985987456,0.819567644444291,1.963601986365639,12.221428571428572,83.3181,16.6819,57.0018,66.9433,63.82,57.0018,84.4535,36.18,MEDIUM,RESEARCH_ONLY_NO_STANDARD_TRADE,False
2024-07-22,GRAVITA,OTHER,LONG,41.3547,68.8616,27.5069,70.6985,ENTERABLE_TIER_B,TRIGGERED,97.2931,FULL,,,TRANSITION,NORMAL,1449.0,59.66305446983154,-26.83697656044246,16.519213497331148,2.2764955618798237,2.4623130192177456,68.5214285714286,83.3181,16.6819,79.0576,31.204,63.82,79.0576,73.1471,36.18,LOW,UPGRADE_OFACTOR_REQUIRED,False
2024-07-22,HUDCO,Financial Services,LONG,45.1697,70.2358,25.0661,77.4866,ENTERABLE_TIER_B,TRIGGERED,97.2931,FULL,,,TRANSITION,NORMAL,323.6,60.64386537924608,-39.24380704041717,18.06856559247034,0.8158782100420214,4.811556445085814,18.65714285714285,83.3181,16.6819,54.7448,71.9142,66.1606,54.7448,87.5651,33.8394,LOW,UPGRADE_OFACTOR_REQUIRED,False
2024-07-22,NHPC,Power,LONG,26.8129,60.504,33.6911,79.9683,ENTERABLE_TIER_B,TRIGGERED,97.2931,FULL,,,TRANSITION,NORMAL,107.3,53.3992116254688,-56.37379380396141,5.985830079007638,0.7665341867930037,2.247478392623074,4.414285714285716,83.3181,16.6819,67.6203,72.8155,62.501,67.6203,87.767,37.499,MEDIUM,RESEARCH_ONLY_NO_STANDARD_TRADE,False
2024-07-22,PAGEIND,Textiles,LONG,5.1288,55.6397,50.5109,74.9386,ENTERABLE_TIER_B,TRIGGERED,97.2931,FULL,,,TRANSITION,NORMAL,40200.3,58.157134966933846,-37.69508196721302,5.297521897609094,1.8029721097085127,1.4611701097214147,916.8071428571426,83.3181,16.6819,62.6205,71.1455,51.7116,62.6205,70.9557,48.2884,LOW,RESEARCH_ONLY_NO_STANDARD_TRADE,False
2024-07-22,PARADEEP,OTHER,LONG,1.1809,47.0932,45.9123,81.6917,ENTERABLE_TIER_B,TRIGGERED,97.2931,FULL,,,TRANSITION,NORMAL,87.3,56.11483385348908,-66.30007855459547,10.267485452724497,1.4108899927354022,3.4897049649694694,4.645000000000002,83.3181,16.6819,85.0879,76.7492,63.82,85.0879,70.2906,36.18,LOW,RESEARCH_ONLY_NO_STANDARD_TRADE,False
2024-07-22,PATANJALI,Fast Moving Consumer Goods,LONG,38.7731,73.888,35.1149,83.667,ENTERABLE_TIER_B,TRIGGERED,97.2931,FULL,,,TRANSITION,NORMAL,1609.45,56.54474285567637,-69.37541974479514,5.983090392145084,1.6304381008647928,1.8070514060151452,54.892857142857146,83.3181,16.6819,88.1739,64.8042,74.3266,88.1739,77.7385,25.6734,MEDIUM,UPGRADE_OFACTOR_REQUIRED,False
2024-07-22,ZYDUSLIFE,Healthcare,LONG,35.6255,66.3885,30.763,72.1113,ENTERABLE_TIER_B,TRIGGERED,98.5,FULL,,UPWARD,TRANSITION,NORMAL,1154.55,57.78746135573596,-33.645833333333364,7.753003075185849,1.008828197426569,2.441593537165166,34.99642857142859,83.3181,16.6819,51.7903,64.1678,70.9211,51.7903,87.4273,29.0788,MEDIUM,UPGRADE_OFACTOR_REQUIRED,False
2024-07-23,INDHOTEL,Consumer Services,LONG,11.4497,55.5051,44.0554,71.8386,ENTERABLE_TIER_B,TRIGGERED,98.5,FULL,,SIDEWAYS,TRANSITION,LOW,623.5,58.46886053637191,-13.162251655629197,5.176780638517554,1.3704191956040004,0.0441591830490189,17.921428571428596,84.6775,15.3225,51.9105,50.004,61.6259,51.9105,94.1969,38.3741,MEDIUM,RESEARCH_ONLY_NO_STANDARD_TRADE,False
2024-07-23,KAYNES,OTHER,LONG,32.2758,63.5303,31.2545,76.3549,ENTERABLE_TIER_B,TRIGGERED,97.2931,FULL,,,TRANSITION,LOW,4051.05,55.83571518265746,-61.675411189058494,13.246332756662376,0.9998209002357776,2.754598865699924,222.87499999999997,84.6775,15.3225,98.9224,41.6624,61.4096,98.9224,94.8043,38.5904,LOW,RESEARCH_ONLY_NO_STANDARD_TRADE,False
2024-07-23,TECHM,Information Technology,LONG,42.3522,68.3265,25.9743,73.9587,ENTERABLE_TIER_B,TRIGGERED,98.5,FULL,,UPWARD,TRANSITION,LOW,1493.4,61.24233142096281,-50.07180469123976,7.603517841334221,0.7907177144237592,2.3902315917175523,33.22857142857145,84.6775,15.3225,57.5917,59.7936,92.3388,57.5917,88.8048,7.6612,MEDIUM,UPGRADE_OFACTOR_REQUIRED,False
2024-07-24,AUBANK,Financial Services,LONG,6.3654,53.9949,47.6295,82.1097,ENTERABLE_TIER_B,TRIGGERED,97.2931,FULL,,,TRANSITION,LOW,659.55,54.31722818952054,-36.88007213706047,1.924009762186373,1.7697062799105114,-0.3548654627240957,16.007142857142867,81.0015,18.9985,79.6237,69.2637,66.4671,79.6237,90.6292,33.533,MEDIUM,RESEARCH_ONLY_NO_STANDARD_TRADE,False
2024-07-24,CHOICEIN,OTHER,LONG,28.6758,61.7493,33.0735,78.9396,ENTERABLE_TIER_B,TRIGGERED,97.2931,FULL,,,TRANSITION,LOW,387.25,57.274242410437616,-32.051282051282065,5.393121909906139,1.4424592272871049,0.8202351618081322,10.678571428571423,81.0015,18.9985,96.7068,52.99,69.8282,96.7068,77.3378,30.1718,MEDIUM,RESEARCH_ONLY_NO_STANDARD_TRADE,False
2024-07-24,CIPLA,Healthcare,LONG,15.4742,62.3911,46.9169,80.3617,ENTERABLE_TIER_B,TRIGGERED,98.5,FULL,,SIDEWAYS,TRANSITION,LOW,1503.5,51.66362113118619,-43.80292532717479,1.59508153852262,1.4517035064536046,0.116296945409108,26.77500000000001,81.0015,18.9985,81.8799,72.3623,77.6649,81.8799,88.3473,22.3351,HIGH,RESEARCH_ONLY_NO_STANDARD_TRADE,False
2024-07-24,GMDCLTD,OTHER,LONG,27.2098,61.4844,34.2746,78.8258,ENTERABLE_TIER_B,TRIGGERED,97.2931,FULL,,,TRANSITION,LOW,411.1,53.72393495367853,-48.16053511705682,2.303613270223928,1.478571439552757,0.5094458555324857,18.94285714285714,81.0015,18.9985,81.5498,64.5249,69.8282,81.5498,71.81,30.1718,LOW,RESEARCH_ONLY_NO_STANDARD_TRADE,False
2024-07-24,POWERGRID,Power,LONG,21.1349,59.4458,38.3109,83.2797,ENTERABLE_TIER_B,TRIGGERED,98.5,FULL,,SIDEWAYS,TRANSITION,LOW,337.15,53.93918765483441,-41.95298372513574,5.17105231146126,0.9904911016607888,1.1903926947830008,8.014285714285705,81.0015,18.9985,99.3345,65.8111,64.0879,99.3345,91.7647,35.9121,MEDIUM,RESEARCH_ONLY_NO_STANDARD_TRADE,False
2024-07-24,SIGNATURE,OTHER,LONG,28.7989,61.6202,32.8213,82.7723,ENTERABLE_TIER_B,TRIGGERED,97.2931,FULL,,,TRANSITION,LOW,1483.65,57.61916228113949,-63.36750788643528,7.633161623006259,0.7785842828326773,2.1741748287898384,45.63571428571429,81.0015,18.9985,85.6874,85.2309,69.8282,85.6874,85.6691,30.1718,MEDIUM,RESEARCH_ONLY_NO_STANDARD_TRADE,False
2024-07-25,CGPOWER,Capital Goods,LONG,40.6176,70.9104,30.2928,80.4238,ENTERABLE_TIER_B,TRIGGERED,98.5,FULL,,UPWARD,TRANSITION,LOW,728.6,56.82920756957811,-39.74774774774774,10.177078982574,2.674698515172352,0.7713782388161514,34.49999999999999,74.0571,25.9429,84.715,65.6812,45.7198,84.715,84.4638,54.2802,LOW,UPGRADE_OFACTOR_REQUIRED,False
2024-07-25,CIPLA,Healthcare,LONG,15.8874,58.5595,42.6721,87.7844,ENTERABLE_TIER_B,TRIGGERED,98.5,FULL,,SIDEWAYS,TRANSITION,LOW,1500.05,50.425890861521296,-52.03915171288762,1.3174439110826184,1.3977431941901874,0.1031479876448794,26.55714285714287,74.0571,25.9429,93.0213,84.5616,81.2431,93.0213,86.9715,18.7569,MEDIUM,RESEARCH_ONLY_NO_STANDARD_TRADE,False
2024-07-25,COALINDIA,Oil Gas & Consumable Fuels,LONG,28.4511,62.6625,34.2114,84.3676,ENTERABLE_TIER_B,TRIGGERED,98.5,FULL,,UPWARD,TRANSITION,LOW,494.0,53.403018556199854,-45.31104921077065,3.451556740953912,1.008449349379377,0.8148099439317462,14.957142857142848,74.0571,25.9429,82.9847,73.2569,83.5787,82.9847,74.4604,16.4213,MEDIUM,RESEARCH_ONLY_NO_STANDARD_TRADE,False
2024-07-25,JINDALSAW,OTHER,LONG,8.2993,51.1629,42.8636,81.9651,ENTERABLE_TIER_B,TRIGGERED,97.2931,FULL,,,TRANSITION,LOW,556.7,51.44547954942066,-48.40103716508209,2.476638357628328,0.8168568334773257,0.2003643843302407,21.832142857142863,74.0571,25.9429,93.2057,76.7316,67.9643,93.2057,90.8392,32.0357,MEDIUM,RESEARCH_ONLY_NO_STANDARD_TRADE,False
2024-07-25,RADICO,Fast Moving Consumer Goods,LONG,19.7519,57.2523,37.5004,77.1943,ENTERABLE_TIER_B,TRIGGERED,97.2931,FULL,,,TRANSITION,LOW,1739.6,55.663182979741805,-31.025299600532705,2.1486063846349004,2.399984931203269,-0.1412417812272445,49.06428571428573,74.0571,25.9429,63.0009,68.8572,82.4315,63.0009,62.009,17.5686,LOW,RESEARCH_ONLY_NO_STANDARD_TRADE,False
2024-07-25,SIGNATURE,OTHER,LONG,21.7276,54.7869,33.0593,86.8726,ENTERABLE_TIER_B,TRIGGERED,97.2931,FULL,,,TRANSITION,LOW,1477.7,56.30316599925696,-68.05993690851734,6.953052518012919,0.8129113548781511,2.0109460482871997,45.42142857142858,74.0571,25.9429,99.8973,94.0997,67.9643,99.8973,85.6455,32.0357,MEDIUM,RESEARCH_ONLY_NO_STANDARD_TRADE,False
2024-07-25,WHIRLPOOL,OTHER,LONG,51.9952,79.6191,27.6239,79.1085,ENTERABLE_TIER_B,TRIGGERED,97.2931,FULL,,,TRANSITION,LOW,2036.95,63.192275695395445,-30.99352051835848,14.335374754508557,2.2386121212621988,3.3616070360225425,66.47142857142858,74.0571,25.9429,70.7067,70.5136,67.9643,70.7067,88.5063,32.0357,LOW,QUALIFIED_FOR_INTRADAY_REVALIDATION,True
2024-07-26,ASIANPAINT,Consumer Durables,LONG,23.909,63.0583,39.1493,84.6981,ENTERABLE_TIER_B,TRIGGERED,98.5,FULL,,TRANSITION,TRANSITION,LOW,2950.15,53.512700527461554,-48.49999999999996,1.1814450947679855,0.8140501446220445,0.1817889103160904,65.17857142857143,83.7278,16.2722,89.204,69.6526,76.7649,89.204,91.2241,23.2351,MEDIUM,RESEARCH_ONLY_NO_STANDARD_TRADE,False
2024-07-26,BSOFT,OTHER,LONG,40.8549,70.3438,29.4889,75.4207,ENTERABLE_TIER_B,TRIGGERED,97.2931,FULL,,,TRANSITION,LOW,727.85,56.81145864600797,-41.29195693476885,5.0522952418565215,0.8294115862727262,1.5547884116466149,24.5107142857143,83.7278,16.2722,65.8585,66.79,72.1778,65.8585,95.9202,27.8222,MEDIUM,UPGRADE_OFACTOR_REQUIRED,False
2024-07-26,CHOLAHLDNG,OTHER,LONG,52.85,77.7194,24.8694,75.8599,ENTERABLE_TIER_B,TRIGGERED,97.2931,FULL,,,TRANSITION,LOW,1524.25,67.17044679306628,-47.638888888888886,15.458645691776264,1.0731462965666574,3.5180412853934206,55.40714285714286,83.7278,16.2722,57.0633,68.3434,72.1778,57.0633,78.4504,27.8222,LOW,WAIT_FOR_XFACTOR,False
2024-07-26,ESCORTS,Capital Goods,LONG,15.5323,55.3366,39.8043,72.4324,ENTERABLE_TIER_B,TRIGGERED,97.2931,FULL,,,TRANSITION,LOW,4145.55,55.75775939438234,-13.335257612931114,6.715321548477924,1.0481516856378703,0.3087988492101758,131.1178571428571,83.7278,16.2722,61.4227,71.1405,52.9195,61.4227,97.4069,47.0805,LOW,RESEARCH_ONLY_NO_STANDARD_TRADE,False
2024-07-26,HFCL,OTHER,LONG,50.3416,76.2098,25.8682,79.6792,ENTERABLE_TIER_B,TRIGGERED,97.2931,FULL,,,TRANSITION,LOW,123.25,56.41930170121994,-40.500000000000014,10.35823650577331,0.8856311859503702,1.3061172018745335,6.317857142857142,83.7278,16.2722,69.5044,63.9118,72.1778,69.5044,91.4528,27.8222,LOW,QUALIFIED_FOR_INTRADAY_REVALIDATION,True
2024-07-26,LATENTVIEW,OTHER,LONG,35.3664,64.8179,29.4515,80.1339,ENTERABLE_TIER_B,TRIGGERED,97.2931,FULL,,,TRANSITION,LOW,542.85,56.43426099504497,-30.78027764480611,7.141592108599724,1.1223762105522317,1.4951980101729418,26.349999999999994,83.7278,16.2722,79.9051,80.4934,72.1778,79.9051,84.6679,27.8222,LOW,RESEARCH_ONLY_NO_STANDARD_TRADE,False
2024-07-26,MANAPPURAM,OTHER,LONG,47.2517,77.2062,29.9545,84.836,ENTERABLE_TIER_B,TRIGGERED,97.2931,FULL,,,TRANSITION,LOW,212.99,54.454170259740174,-58.22742474916385,7.8716500525025,2.0477686258249337,2.152705566901372,8.83357142857143,83.7278,16.2722,95.9548,62.9595,72.1778,95.9548,95.2001,27.8222,LOW,QUALIFIED_FOR_INTRADAY_REVALIDATION,True
2024-07-26,PNBHOUSING,OTHER,LONG,14.5002,59.684,45.1838,87.1959,ENTERABLE_TIER_B,TRIGGERED,97.2931,FULL,,,TRANSITION,LOW,793.85,51.84295795708128,-35.26153846153844,2.032299196714493,1.6813491817568185,-0.1030169761145224,26.010714285714283,83.7278,16.2722,97.4177,89.3121,72.1778,97.4177,85.9289,27.8222,MEDIUM,RESEARCH_ONLY_NO_STANDARD_TRADE,False
2024-07-26,SIGNATURE,OTHER,LONG,44.048,70.7981,26.7501,75.5124,ENTERABLE_TIER_B,TRIGGERED,97.2931,FULL,,,TRANSITION,LOW,1508.0,61.16720171710567,-44.16403785488961,8.825034862831108,0.9663011874175816,1.976331647155763,44.70714285714286,83.7278,16.2722,62.9254,72.2639,72.1778,62.9254,91.0529,27.8222,MEDIUM,UPGRADE_OFACTOR_REQUIRED,False
2024-07-26,UTIAMC,OTHER,LONG,37.5487,71.0421,33.4934,77.1273,ENTERABLE_TIER_B,TRIGGERED,97.2931,FULL,,,TRANSITION,LOW,1051.4,56.63689164573921,-35.35589264877475,6.486218849486644,2.0019119077676346,0.6493970336943685,36.621428571428574,83.7278,16.2722,68.6568,71.1644,72.1778,68.6568,83.9984,27.8222,LOW,UPGRADE_OFACTOR_REQUIRED,False
2024-07-29,BEL,Capital Goods,LONG,34.5014,68.546,34.0446,80.8174,ENTERABLE_TIER_B,TRIGGERED,98.5,FULL,,UPWARD,TRANSITION,LOW,321.35,57.083495637806855,-32.23905723905721,10.625127631436348,1.257717168472649,0.7223320932567966,12.72142857142857,77.4352,22.5648,83.8724,66.9848,56.6402,83.8724,86.6367,43.3598,LOW,UPGRADE_OFACTOR_REQUIRED,False
2024-07-29,CRISIL,Financial Services,LONG,31.8951,63.633,31.7379,81.8569,ENTERABLE_TIER_B,TRIGGERED,97.2931,FULL,,,TRANSITION,LOW,4327.8,52.94994558018077,-58.729160113243154,0.3508839718788634,0.9044601682915788,0.2094986627544308,130.4857142857143,77.4352,22.5648,95.5806,75.5376,75.1575,95.5806,91.6772,24.8425,HIGH,RESEARCH_ONLY_NO_STANDARD_TRADE,False
2024-07-29,GODREJIND,Diversified,LONG,30.842,60.3621,29.5201,79.0139,ENTERABLE_TIER_B,TRIGGERED,97.2931,FULL,,,TRANSITION,LOW,903.9,61.80412237900743,-33.79790940766551,5.4200404213819695,0.7791337670632866,1.332491788397925,21.55357142857144,77.4352,22.5648,78.2093,79.7713,78.5455,78.2093,72.9975,21.4545,HIGH,RESEARCH_ONLY_NO_STANDARD_TRADE,False
2024-07-29,HDFCAMC,Financial Services,LONG,20.7348,59.0016,38.2668,86.1694,ENTERABLE_TIER_B,TRIGGERED,97.2931,FULL,,,TRANSITION,LOW,4145.85,55.28550248153047,-25.394281858817475,4.533511444865298,0.7623590279931703,0.6164709749707152,142.2392857142856,77.4352,22.5648,91.0878,88.5686,75.1575,91.0878,80.0055,24.8425,HIGH,RESEARCH_ONLY_NO_STANDARD_TRADE,False
2024-07-29,NUVOCO,OTHER,LONG,32.8599,65.9232,33.0633,82.8873,ENTERABLE_TIER_B,TRIGGERED,97.2931,FULL,,,TRANSITION,LOW,355.3,54.28912730484391,-29.18994413407817,3.3778727303723097,2.717142432982029,0.0386524868669208,10.624999999999991,77.4352,22.5648,93.6471,75.3412,80.9273,93.6471,78.5412,19.0727,LOW,UPGRADE_OFACTOR_REQUIRED,False
2024-07-29,PFC,Financial Services,LONG,53.7022,76.7547,23.0525,76.5404,ENTERABLE_TIER_B,TRIGGERED,98.5,FULL,,UPWARD,TRANSITION,LOW,552.85,60.21769971829757,-36.19999999999997,10.95078652360951,0.7478255291306822,1.8904510638775127,21.50357142857144,77.4352,22.5648,58.3403,70.5165,75.1575,58.3403,96.2797,24.8425,MEDIUM,QUALIFIED_FOR_INTRADAY_REVALIDATION,True
2024-07-29,RRKABEL,OTHER,LONG,30.0098,60.0821,30.0723,74.7739,ENTERABLE_TIER_B,TRIGGERED,97.2931,FULL,,,TRANSITION,LOW,1797.4,57.93261595610527,-31.12426035502953,4.165399335833774,0.9133849313068056,0.0881901236862884,49.896428571428565,77.4352,22.5648,73.2913,74.9882,80.9273,73.2913,77.8742,19.0727,HIGH,RESEARCH_ONLY_NO_STANDARD_TRADE,False
2024-07-29,SAPPHIRE,OTHER,LONG,35.7477,66.3337,30.586,78.3897,ENTERABLE_TIER_B,TRIGGERED,97.2931,FULL,,,TRANSITION,LOW,1580.75,56.13045779173087,-36.58940397350993,4.099483051809469,1.3964829228638158,0.8507506038760131,48.542857142857166,77.4352,22.5648,77.5078,78.04,80.9273,77.5078,93.4079,19.0727,HIGH,UPGRADE_OFACTOR_REQUIRED,False
2024-07-29,SHYAMMETL,OTHER,LONG,53.2421,72.5481,19.306,71.6875,ENTERABLE_TIER_B,TRIGGERED,97.2931,FULL,,,TRANSITION,LOW,709.95,59.41722447407731,-14.872139973082048,7.407261899929542,0.8300405864311304,1.0981736896755991,24.999999999999996,77.4352,22.5648,63.7267,63.2,80.9273,63.7267,95.28,19.0727,MEDIUM,UPGRADE_OFACTOR_REQUIRED,False
2024-07-29,TRENT,Consumer Services,LONG,40.5486,71.176,30.6274,78.9296,ENTERABLE_TIER_B,TRIGGERED,98.5,FULL,,TRANSITION,TRANSITION,LOW,5517.4,59.08591934861892,-29.719754785437274,9.264000961954382,0.9846782336815,0.7918976395309069,160.9892857142856,77.4352,22.5648,84.178,62.1341,72.0777,84.178,91.9125,27.9224,MEDIUM,UPGRADE_OFACTOR_REQUIRED,False
2024-07-30,ABBOTINDIA,Healthcare,LONG,24.506,63.9091,39.4031,82.9628,ENTERABLE_TIER_B,TRIGGERED,97.2931,FULL,,,TRANSITION,LOW,28169.55,53.95968852604629,-42.62725062156777,2.8043981045435804,1.2545515566413934,0.7651294009109844,741.2964285714289,79.3863,20.6137,85.5825,87.4085,86.402,85.5825,92.961,13.598,HIGH,RESEARCH_ONLY_NO_STANDARD_TRADE,False
2024-07-30,CEATLTD,OTHER,LONG,19.0462,54.0517,35.0055,79.2015,ENTERABLE_TIER_B,TRIGGERED,97.2931,FULL,,,TRANSITION,LOW,2723.25,57.053830807936855,-40.31615302869287,5.295327529015015,1.03273937685584,0.8310015946288869,109.3571428571428,79.3863,20.6137,68.7477,77.2306,82.2217,68.7477,77.7792,17.7783,MEDIUM,RESEARCH_ONLY_NO_STANDARD_TRADE,False
2024-07-30,CESC,OTHER,LONG,44.606,76.4941,31.8881,88.1268,ENTERABLE_TIER_B,TRIGGERED,97.2931,FULL,,,TRANSITION,LOW,172.78,56.34117183440778,-50.972364380757405,9.269705792821345,1.8698941261119104,1.6173658523842322,8.677857142857139,79.3863,20.6137,96.155,82.3459,82.2217,96.155,77.7825,17.7783,LOW,QUALIFIED_FOR_INTRADAY_REVALIDATION,True
2024-07-30,CHAMBLFERT,OTHER,LONG,44.4792,73.9852,29.506,79.0221,ENTERABLE_TIER_B,TRIGGERED,97.2931,FULL,,,TRANSITION,LOW,516.7,57.32865658242779,-14.397496087636831,11.588324736902637,0.987644147938982,1.460866660094133,22.871428571428563,79.3863,20.6137,68.4614,73.9413,82.2217,68.4614,91.8676,17.7783,MEDIUM,UPGRADE_OFACTOR_REQUIRED,False
2024-07-30,ITI,OTHER,LONG,16.6965,56.187,39.4905,84.7512,ENTERABLE_TIER_B,TRIGGERED,97.2931,FULL,,,TRANSITION,LOW,310.5,53.56086029689136,-52.72108843537414,2.783170348346492,0.9035944922250734,0.1343245159672815,16.214285714285715,79.3863,20.6137,88.9604,90.8722,82.2217,88.9604,72.8634,17.7783,LOW,RESEARCH_ONLY_NO_STANDARD_TRADE,False
2024-07-30,JSWENERGY,Power,LONG,25.4187,64.6657,39.247,82.0698,ENTERABLE_TIER_B,TRIGGERED,98.5,FULL,,TRANSITION,TRANSITION,LOW,715.25,54.90597047366433,-33.89261744966443,7.22856668031523,1.919683711944141,0.2339360282211445,28.010714285714293,79.3863,20.6137,92.9848,65.4418,86.3466,92.9848,81.0787,13.6535,MEDIUM,RESEARCH_ONLY_NO_STANDARD_TRADE,False
2024-07-30,LLOYDSME,Metals & Mining,LONG,5.5317,51.078,45.5463,82.9548,ENTERABLE_TIER_B,TRIGGERED,97.2931,FULL,,,TRANSITION,LOW,739.7,53.44016271166944,-35.16483516483509,3.799212015790773,1.383804412065751,0.1898846995160976,26.982142857142865,79.3863,20.6137,95.2685,81.7657,47.6214,95.2685,78.2819,52.3787,LOW,RESEARCH_ONLY_NO_STANDARD_TRADE,False
2024-07-30,MUTHOOTFIN,Financial Services,LONG,24.7252,63.0903,38.3651,82.4561,ENTERABLE_TIER_B,TRIGGERED,97.2931,FULL,,,TRANSITION,LOW,1808.4,54.36266571241951,-35.03501242376323,4.043399336116004,1.4115115856465723,0.215457260458471,50.80000000000005,79.3863,20.6137,92.9659,67.0472,76.2009,92.9659,82.3622,23.7991,MEDIUM,RESEARCH_ONLY_NO_STANDARD_TRADE,False
2024-07-30,POWERGRID,Power,LONG,47.3183,78.1705,30.8522,72.1225,ENTERABLE_TIER_B,TRIGGERED,98.5,FULL,,UPWARD,TRANSITION,LOW,349.8,63.63925234964061,-19.94421199442116,8.142766651447468,1.943388569203316,1.305472625487481,9.564285714285708,79.3863,20.6137,31.1327,58.6796,86.3466,31.1327,70.0971,13.6535,LOW,WAIT_FOR_XFACTOR,False
2024-07-30,RRKABEL,OTHER,LONG,26.4562,61.3487,34.8925,75.1108,ENTERABLE_TIER_B,TRIGGERED,97.2931,FULL,,,TRANSITION,LOW,1800.45,58.49719032204213,-29.31952662721891,4.196209936024042,1.336810095561151,0.2429721198019219,50.96785714285714,79.3863,20.6137,72.4728,76.1026,82.2217,72.4728,80.733,17.7783,HIGH,RESEARCH_ONLY_NO_STANDARD_TRADE,False
2024-07-30,SYRMA,OTHER,LONG,26.0628,57.1584,31.0956,72.2374,ENTERABLE_TIER_B,TRIGGERED,97.2931,FULL,,,TRANSITION,LOW,491.5,55.89742869697987,-6.027397260273993,2.442923897742238,1.3334060450902865,-0.1812406506413707,17.5892857142857,79.3863,20.6137,64.2491,69.2995,82.2217,64.2491,92.4954,17.7783,LOW,RESEARCH_ONLY_NO_STANDARD_TRADE,False
2024-07-30,TATACOMM,Telecommunication,LONG,41.6991,72.2193,30.5202,71.9636,ENTERABLE_TIER_B,TRIGGERED,97.2931,FULL,,,TRANSITION,LOW,1907.5,59.28129314541985,-11.433971178832996,3.5772495282205488,2.319264133013593,0.3348816307894942,52.63214285714292,79.3863,20.6137,35.6984,61.419,72.0343,35.6984,81.6082,27.9657,LOW,UPGRADE_OFACTOR_REQUIRED,False
2024-07-30,TIINDIA,Automobile and Auto Components,LONG,3.4928,51.9869,48.4941,86.1723,ENTERABLE_TIER_B,TRIGGERED,97.2931,FULL,,,TRANSITION,LOW,4183.9,52.7014654499376,-64.60320550256314,3.78799015915483,1.246657756810052,-0.0600111205098599,182.5928571428572,79.3863,20.6137,95.6607,87.2613,57.8255,95.6607,88.0937,42.1745,LOW,RESEARCH_ONLY_NO_STANDARD_TRADE,False
2024-07-30,YESBANK,Financial Services,LONG,42.6045,72.7833,30.1788,80.9292,ENTERABLE_TIER_B,TRIGGERED,97.2931,FULL,,,TRANSITION,LOW,25.71,56.57781550850874,-48.59154929577461,5.137763446395724,0.9511636563628948,1.0555773424507795,1.0557142857142854,79.3863,20.6137,71.2991,68.5521,76.2009,71.2991,86.3599,23.7991,MEDIUM,UPGRADE_OFACTOR_REQUIRED,False
2024-07-31,GPIL,OTHER,LONG,35.1247,68.1607,33.036,79.7372,ENTERABLE_TIER_B,TRIGGERED,97.2931,FULL,,,TRANSITION,LOW,1122.9,57.69347992287863,-50.22365805168983,9.416062853290455,1.3928563508941352,0.6824811344222516,43.375,77.932,22.068,73.2834,81.879,73.4226,73.2834,86.2133,26.5774,MEDIUM,UPGRADE_OFACTOR_REQUIRED,False
2024-07-31,SHREECEM,Construction Materials,LONG,5.517,51.2854,45.7684,82.0555,ENTERABLE_TIER_B,TRIGGERED,98.5,FULL,,SIDEWAYS,TRANSITION,LOW,27740.45,53.67975556936516,-50.35654194375447,2.791548789124267,1.1545582605375495,0.3881391855044362,692.4892857142859,77.932,22.068,89.0393,75.2689,49.3355,89.0393,95.7862,50.6645,LOW,RESEARCH_ONLY_NO_STANDARD_TRADE,False
2024-08-01,ELGIEQUIP,OTHER,LONG,14.6576,51.4677,36.8101,83.4372,ENTERABLE_TIER_B,TRIGGERED,97.2931,FULL,,,TRANSITION,LOW,708.9,53.57881228919273,-39.81288981288986,4.374716112958991,2.6874910847057207,0.4076052567207905,29.18928571428572,80.6422,19.3578,89.6195,86.2278,71.7081,89.6195,60.1224,28.2919,LOW,RESEARCH_ONLY_NO_STANDARD_TRADE,False
2024-08-01,GODREJCP,Fast Moving Consumer Goods,LONG,46.3861,70.7988,24.4127,74.7675,ENTERABLE_TIER_B,TRIGGERED,98.5,FULL,,UPWARD,TRANSITION,LOW,1470.25,56.57341205931241,-56.85358255451716,6.279533234227737,0.8798172096887071,1.4215622022994276,40.86428571428572,80.6422,19.3578,61.5394,66.7191,82.2035,61.5394,85.562,17.7965,MEDIUM,UPGRADE_OFACTOR_REQUIRED,False
2024-08-01,HDFCAMC,Financial Services,LONG,27.7285,63.3197,35.5912,81.2861,ENTERABLE_TIER_B,TRIGGERED,97.2931,FULL,,,TRANSITION,LOW,4182.85,57.28343835715666,-19.15324281015424,5.046909836981396,0.7881159631539087,0.6914094078095312,139.09642857142845,80.6422,19.3578,74.8592,82.0125,76.4668,74.8592,91.6317,23.5332,HIGH,RESEARCH_ONLY_NO_STANDARD_TRADE,False
2024-08-01,NAM-INDIA,Financial Services,LONG,26.3661,63.4675,37.1014,83.6378,ENTERABLE_TIER_B,TRIGGERED,97.2931,FULL,,,TRANSITION,LOW,658.25,55.46754617819857,-22.35932872655477,5.564903309246657,1.441008174912593,0.3062262649988914,28.710714285714296,80.6422,19.3578,86.3582,84.3961,76.4668,86.3582,78.9626,23.5332,MEDIUM,RESEARCH_ONLY_NO_STANDARD_TRADE,False
2024-08-01,POWERINDIA,Capital Goods,LONG,10.1775,53.0442,42.8667,79.9108,ENTERABLE_TIER_B,TRIGGERED,97.2931,FULL,,,TRANSITION,LOW,12392.15,55.33623008270964,-28.82385555528773,10.988094059931074,1.5386883450570743,-0.0851094214538296,667.2857142857144,80.6422,19.3578,89.8594,58.9651,53.7801,89.8594,91.0833,46.2199,LOW,RESEARCH_ONLY_NO_STANDARD_TRADE,False
2024-08-01,WELCORP,OTHER,LONG,42.6523,67.811,25.1587,81.1148,ENTERABLE_TIER_B,TRIGGERED,97.2931,FULL,,,TRANSITION,LOW,649.75,58.20894236706078,-49.27163667523563,8.659595736105475,0.8541930604066024,2.6903439191585856,26.660714285714285,80.6422,19.3578,82.8587,79.8205,71.7081,82.8587,93.3985,28.2919,MEDIUM,UPGRADE_OFACTOR_REQUIRED,False
2024-08-02,BIOCON,Healthcare,LONG,14.4693,54.9574,40.4881,84.9973,ENTERABLE_TIER_B,TRIGGERED,97.2931,FULL,,,SIDEWAYS,LOW,356.1,53.491244832149256,-36.70212765957443,6.075658384656599,0.9340603356955556,1.189804125031881,12.460714285714284,64.7956,35.2044,93.8741,74.1588,82.3978,93.8741,78.8134,17.6022,MEDIUM,RESEARCH_ONLY_NO_STANDARD_TRADE,False
2024-08-05,GODREJCP,Fast Moving Consumer Goods,LONG,35.4348,63.2158,27.781,80.2431,ENTERABLE_TIER_B,TRIGGERED,98.5,FULL,,UPWARD,SIDEWAYS,HIGH,1462.15,54.86901611043626,-63.80710659898468,5.320480619992853,0.8229378721886563,1.2625120363611582,44.44642857142857,41.5457,58.4543,90.5617,67.9164,65.8794,90.5617,83.9807,34.1206,LOW,RESEARCH_ONLY_NO_STANDARD_TRADE,False
2024-08-05,HINDUNILVR,Fast Moving Consumer Goods,LONG,39.7878,72.3259,32.5381,78.1371,ENTERABLE_TIER_B,TRIGGERED,98.5,FULL,,UPWARD,SIDEWAYS,HIGH,2715.9,63.421491492640975,-51.08433734939764,6.518242644758963,1.367603579308412,1.838181408984056,60.86071428571423,41.5457,58.4543,64.1038,67.3353,65.8794,64.1038,82.8461,34.1206,LOW,UPGRADE_OFACTOR_REQUIRED,False
2024-08-05,INDIANB,Financial Services,LONG,14.8705,56.428,41.5575,76.4495,ENTERABLE_TIER_B,TRIGGERED,97.2931,FULL,,,SIDEWAYS,HIGH,581.0,54.37763006778306,-48.4574868322047,4.692033476832067,1.3759286389019283,2.1187780664384226,20.932142857142846,41.5457,58.4543,69.1782,69.425,41.8439,69.1782,90.8275,58.1561,LOW,RESEARCH_ONLY_NO_STANDARD_TRADE,False
2024-08-05,KALYANKJIL,Consumer Durables,LONG,23.463,61.5025,38.0395,81.7285,ENTERABLE_TIER_B,TRIGGERED,97.2931,FULL,,,SIDEWAYS,HIGH,544.6,57.46728926966924,-65.41712605659683,12.927822474176144,1.5870516660976304,4.7452114114136,32.146428571428565,41.5457,58.4543,90.4033,64.3506,53.8307,90.4033,90.6055,46.1693,LOW,RESEARCH_ONLY_NO_STANDARD_TRADE,False
2024-08-05,SHRIRAMFIN,Financial Services,LONG,5.0955,51.3589,46.2634,78.4558,ENTERABLE_TIER_B,TRIGGERED,98.5,FULL,,SIDEWAYS,SIDEWAYS,HIGH,2891.45,54.02401995230884,-37.34394124847006,6.417953300375078,1.112665079471173,1.8065781261496912,121.34999999999998,41.5457,58.4543,72.3994,72.5258,41.8439,72.3994,83.3869,58.1561,LOW,RESEARCH_ONLY_NO_STANDARD_TRADE,False
2024-08-07,ABBOTINDIA,Healthcare,LONG,22.0514,57.7283,35.6769,84.5732,ENTERABLE_TIER_B,TRIGGERED,97.2931,FULL,,,SIDEWAYS,NORMAL,28136.85,52.71034076456206,-44.41408704680209,2.187538935856703,1.1931851037992252,0.5130804373191276,760.1821428571433,49.2102,50.7898,96.4522,89.6314,72.129,96.4522,83.575,27.8711,LOW,RESEARCH_ONLY_NO_STANDARD_TRADE,False
2024-08-07,CEATLTD,OTHER,LONG,30.8278,59.2166,28.3888,77.0131,ENTERABLE_TIER_B,TRIGGERED,97.2931,FULL,,,SIDEWAYS,NORMAL,2686.25,53.51771180316438,-40.69216182048039,3.497377246500372,0.7787630077927413,0.3087362846651773,103.18928571428566,49.2102,50.7898,79.6184,64.3955,49.2234,79.6184,97.0152,50.7766,LOW,RESEARCH_ONLY_NO_STANDARD_TRADE,False
2024-08-07,COROMANDEL,Chemicals,LONG,27.3442,60.2824,32.9382,81.4882,ENTERABLE_TIER_B,TRIGGERED,97.2931,FULL,,,SIDEWAYS,NORMAL,1625.85,56.274088883314526,-35.20801232665648,8.448534166736957,2.3898767694791503,1.5654648799896342,60.59285714285716,49.2102,50.7898,92.9392,73.7263,48.5315,92.9392,82.7702,51.4685,LOW,RESEARCH_ONLY_NO_STANDARD_TRADE,False
2024-08-07,GAIL,Oil Gas & Consumable Fuels,LONG,40.0943,67.6601,27.5658,78.0675,ENTERABLE_TIER_B,TRIGGERED,98.5,FULL,,SIDEWAYS,SIDEWAYS,NORMAL,233.52,55.572182383415566,-34.40107671601614,6.973987301771997,0.7868422482514359,1.2978996552960047,9.224999999999998,49.2102,50.7898,73.1129,65.6585,74.2884,73.1129,97.5718,25.7116,LOW,UPGRADE_OFACTOR_REQUIRED,False
2024-08-07,MFSL,Financial Services,LONG,35.9153,62.7287,26.8134,71.3546,ENTERABLE_TIER_B,TRIGGERED,97.2931,FULL,,,SIDEWAYS,NORMAL,1084.1,57.989126957544265,-35.20000000000007,6.014350105255252,0.869112157835731,2.080879244319513,34.89285714285712,49.2102,50.7898,62.7909,66.5261,41.4137,62.7909,95.7011,58.5863,LOW,RESEARCH_ONLY_NO_STANDARD_TRADE,False
2024-08-07,TATACOMM,Telecommunication,LONG,20.416,56.7743,36.3583,83.1502,ENTERABLE_TIER_B,TRIGGERED,97.2931,FULL,,,SIDEWAYS,NORMAL,1876.75,50.61958806078712,-45.171448565430346,1.1965290858554405,0.7513565385561681,0.7205699552141489,65.8607142857143,49.2102,50.7898,92.4715,80.6258,59.8117,92.4715,94.9894,40.1883,LOW,RESEARCH_ONLY_NO_STANDARD_TRADE,False
2024-08-07,TRENT,Consumer Services,LONG,16.067,59.4107,43.3437,84.655,ENTERABLE_TIER_B,TRIGGERED,98.5,FULL,,SIDEWAYS,SIDEWAYS,NORMAL,5472.45,51.79854213307935,-46.37057022777981,6.2818272581955314,0.9999053473716608,0.7430322394857864,213.15000000000003,49.2102,50.7898,99.896,62.8712,56.231,99.896,94.8675,43.769,LOW,RESEARCH_ONLY_NO_STANDARD_TRADE,False
2024-08-07,WELCORP,OTHER,LONG,37.9699,72.1884,34.2185,81.199,ENTERABLE_TIER_B,TRIGGERED,97.2931,FULL,,,SIDEWAYS,NORMAL,651.6,57.36199296077773,-34.531450577663655,7.997141591220666,1.5610180118175976,1.9529252447912728,30.114285714285707,49.2102,50.7898,90.0822,80.2751,49.2234,90.0822,93.425,50.7766,LOW,UPGRADE_OFACTOR_REQUIRED,False
2024-08-07,ZYDUSWELL,OTHER,LONG,43.8208,64.7639,20.9431,75.0969,ENTERABLE_TIER_B,TRIGGERED,97.2931,FULL,,,SIDEWAYS,NORMAL,2307.15,61.27945376098697,-46.42341514634467,13.66328393532052,1.0458310958283454,3.3111804047088667,100.76785714285712,49.2102,50.7898,70.953,76.818,49.2234,70.953,92.9144,50.7766,LOW,RESEARCH_ONLY_NO_STANDARD_TRADE,False
2024-08-09,CHOICEIN,OTHER,LONG,31.4558,61.4914,30.0356,73.0252,ENTERABLE_TIER_B,TRIGGERED,97.2931,FULL,,,SIDEWAYS,NORMAL,394.65,56.65716242425775,-34.49820788530469,5.156142078563446,1.5376956408234312,0.7232524301974387,12.34285714285714,51.4749,48.5251,62.8665,67.4306,53.6763,62.8665,93.5185,46.3237,LOW,RESEARCH_ONLY_NO_STANDARD_TRADE,False
2024-08-09,PARADEEP,OTHER,LONG,21.1222,58.1804,37.0582,80.3578,ENTERABLE_TIER_B,TRIGGERED,97.2931,FULL,,,SIDEWAYS,NORMAL,87.07,53.11320273028352,-65.96491228070178,6.62491399522401,0.7589858894814139,0.4073948780588104,4.6014285714285705,51.4749,48.5251,94.6104,65.6628,53.6763,94.6104,84.3527,46.3237,LOW,RESEARCH_ONLY_NO_STANDARD_TRADE,False
2024-08-12,360ONE,Financial Services,LONG,26.4734,60.1234,33.65,78.5532,ENTERABLE_TIER_B,TRIGGERED,97.2931,FULL,,,SIDEWAYS,NORMAL,1035.25,55.85979088142352,-77.2785898538263,11.411953747881258,0.8388184795927336,2.568484929412278,49.114285714285735,51.0641,48.9359,85.4591,68.0337,42.4832,85.4591,90.064,57.5169,LOW,RESEARCH_ONLY_NO_STANDARD_TRADE,False
2024-08-12,CAPLIPOINT,OTHER,LONG,31.0167,60.93,29.9133,77.1882,ENTERABLE_TIER_B,TRIGGERED,97.2931,FULL,,,SIDEWAYS,NORMAL,1556.95,54.79644900566962,-48.30049261083742,6.464669562627744,0.951613609493366,1.3808547719071644,71.38928571428572,51.0641,48.9359,79.8406,76.1029,52.206,79.8406,92.688,47.794,LOW,RESEARCH_ONLY_NO_STANDARD_TRADE,False
2024-08-12,CESC,OTHER,LONG,11.6325,51.572,39.9395,71.2343,ENTERABLE_TIER_B,TRIGGERED,97.2931,FULL,,,SIDEWAYS,NORMAL,178.46,58.57133685814555,-23.70757180156653,9.732382477135516,0.8350737206940122,1.6626405830381852,6.960714285714281,51.0641,48.9359,49.5741,57.763,52.206,49.5741,94.0236,47.794,LOW,RESEARCH_ONLY_NO_STANDARD_TRADE,False
2024-08-12,CRAFTSMAN,OTHER,LONG,26.9804,67.2913,40.3109,75.6162,ENTERABLE_TIER_B,TRIGGERED,97.2931,FULL,,,SIDEWAYS,NORMAL,5369.05,54.48753938844242,-46.06496620885106,6.127762365312236,2.1884657356845767,0.6041810313755628,190.44999999999987,51.0641,48.9359,76.9966,64.4946,52.206,76.9966,84.0483,47.794,LOW,UPGRADE_OFACTOR_REQUIRED,False
2024-08-12,EIDPARRY,OTHER,LONG,33.4997,63.4207,29.921,74.4557,ENTERABLE_TIER_B,TRIGGERED,97.2931,FULL,,,SIDEWAYS,NORMAL,798.6,56.26002763916979,-48.49802371541504,7.815859983084135,0.9906346954467256,0.5414720362836513,33.28214285714285,51.0641,48.9359,71.7566,62.1419,52.206,71.7566,89.3036,47.794,LOW,RESEARCH_ONLY_NO_STANDARD_TRADE,False
2024-08-12,GAIL,Oil Gas & Consumable Fuels,LONG,32.32,67.9743,35.6543,82.69,ENTERABLE_TIER_B,TRIGGERED,98.5,FULL,,SIDEWAYS,SIDEWAYS,NORMAL,231.9,53.97720756688396,-51.06382978723403,5.749995122819593,0.985026867193764,0.9400232705221884,8.097142857142856,51.0641,48.9359,82.3971,67.6923,70.5612,82.3971,85.18,29.4387,LOW,UPGRADE_OFACTOR_REQUIRED,False
2024-08-12,OFSS,Information Technology,LONG,43.6444,74.1417,30.4973,86.7368,ENTERABLE_TIER_B,TRIGGERED,97.2931,FULL,,,SIDEWAYS,NORMAL,10734.55,56.63826991540577,-38.56571754915562,10.0740598569127,0.8698422865508926,0.6730169162640282,435.1107142857148,51.0641,48.9359,99.9563,74.3054,64.0456,99.9563,95.3437,35.9544,LOW,QUALIFIED_FOR_INTRADAY_REVALIDATION,True
2024-08-12,PARADEEP,OTHER,LONG,30.0423,62.2523,32.21,75.7878,ENTERABLE_TIER_B,TRIGGERED,97.2931,FULL,,,SIDEWAYS,NORMAL,88.92,55.83337422018611,-55.14619883040933,8.579011891670598,1.0298117555634154,0.6631647044430907,4.533571428571428,51.0641,48.9359,69.1046,66.8253,52.206,69.1046,85.1772,47.794,LOW,RESEARCH_ONLY_NO_STANDARD_TRADE,False
2024-08-12,SARDAEN,OTHER,LONG,8.7964,50.1628,41.3664,77.2721,ENTERABLE_TIER_B,TRIGGERED,97.2931,FULL,,,SIDEWAYS,NORMAL,277.65,57.16138857622804,-29.02173913043483,8.54367017312813,1.0990892279119702,1.819369022530288,15.097857142857135,51.0641,48.9359,75.4027,82.9115,52.206,75.4027,83.1764,47.794,LOW,RESEARCH_ONLY_NO_STANDARD_TRADE,False
2024-08-16,360ONE,Financial Services,LONG,42.5115,72.0413,29.5298,73.9141,ENTERABLE_TIER_B,TRIGGERED,97.2931,FULL,,,SIDEWAYS,LOW,1069.6,60.10859917043459,-62.51074806534827,13.870491346165757,1.5453779133947887,2.1734572308124087,53.72857142857144,47.5673,52.4327,53.8421,68.285,41.8478,53.8421,85.557,58.1522,LOW,UPGRADE_OFACTOR_REQUIRED,False
2024-08-16,ABBOTINDIA,Healthcare,LONG,21.746,58.2631,36.5171,79.0753,ENTERABLE_TIER_B,TRIGGERED,97.2931,FULL,,,SIDEWAYS,LOW,27929.9,52.4595112934966,-57.52837788355908,1.5927295843684044,1.3049428180433855,-0.3439115697094341,763.5321428571432,47.5673,52.4327,89.8906,57.0732,70.5365,89.8906,95.5523,29.4635,LOW,RESEARCH_ONLY_NO_STANDARD_TRADE,False
2024-08-16,BHARTIARTL,Telecommunication,LONG,16.9976,61.5315,44.5339,81.2141,ENTERABLE_TIER_B,TRIGGERED,98.5,FULL,,SIDEWAYS,SIDEWAYS,LOW,1483.55,56.83786826429334,-40.47851562500001,4.481256515907626,1.4163329932770212,0.4910856327657019,33.14642857142865,47.5673,52.4327,72.2041,81.3555,48.0581,72.2041,91.0096,51.9419,LOW,RESEARCH_ONLY_NO_STANDARD_TRADE,False
2024-08-16,CONCORDBIO,OTHER,LONG,10.8247,48.8433,38.0186,76.2184,ENTERABLE_TIER_B,TRIGGERED,97.2931,FULL,,,SIDEWAYS,LOW,1634.2,54.26566508693238,-35.179610676299376,3.164736947119416,1.2912220225810056,-0.8884148825299558,70.00714285714285,47.5673,52.4327,86.8037,65.2036,46.5152,86.8037,87.687,53.4848,LOW,RESEARCH_ONLY_NO_STANDARD_TRADE,False
2024-08-16,CRAFTSMAN,OTHER,LONG,24.9474,63.9096,38.9622,72.1921,ENTERABLE_TIER_B,TRIGGERED,97.2931,FULL,,,SIDEWAYS,LOW,5430.65,57.13432408536263,-42.91957307336759,6.704224566391245,1.599254197525234,0.7497980133021743,186.9464285714284,47.5673,52.4327,60.8497,70.2161,46.5152,60.8497,79.9408,53.4848,LOW,RESEARCH_ONLY_NO_STANDARD_TRADE,False
2024-08-16,HINDUNILVR,Fast Moving Consumer Goods,LONG,28.289,65.1931,36.9041,76.9981,ENTERABLE_TIER_B,TRIGGERED,98.5,FULL,,SIDEWAYS,SIDEWAYS,LOW,2748.25,62.90542772373184,-29.053177691309884,5.94654493467651,0.9048016760493244,1.4167112836926912,46.410714285714285,47.5673,52.4327,68.8649,67.6368,58.372,68.8649,95.389,41.628,LOW,UPGRADE_OFACTOR_REQUIRED,False
2024-08-16,ICICIPRULI,Financial Services,LONG,32.2233,65.1524,32.9291,72.5711,ENTERABLE_TIER_B,TRIGGERED,97.2931,FULL,,,SIDEWAYS,LOW,720.05,60.043933118726216,-53.95537525354979,9.707537892369016,0.9629659963028584,2.988504502767205,20.05714285714287,47.5673,52.4327,64.6178,65.2991,41.8478,64.6178,95.114,58.1522,LOW,UPGRADE_OFACTOR_REQUIRED,False
2024-08-19,CESC,OTHER,LONG,20.5767,59.8343,39.2576,82.7254,ENTERABLE_TIER_B,TRIGGERED,97.2931,FULL,,,SIDEWAYS,LOW,173.79,52.45974176255303,-56.67692307692312,6.066796535353857,1.0799354154497414,0.9616219266741068,7.202142857142854,42.3323,57.6677,86.9761,74.7853,57.3177,86.9761,82.894,42.6823,LOW,RESEARCH_ONLY_NO_STANDARD_TRADE,False
2024-08-19,COALINDIA,Oil Gas & Consumable Fuels,LONG,38.8714,69.8821,31.0107,80.9837,ENTERABLE_TIER_B,TRIGGERED,98.5,FULL,,TRANSITION,SIDEWAYS,LOW,522.0,55.09356546549108,-45.3020134228188,5.570965186514232,0.9140750365931594,1.2583613189078484,17.26071428571429,42.3323,57.6677,67.2281,79.491,65.1558,67.2281,96.6398,34.8441,LOW,UPGRADE_OFACTOR_REQUIRED,False
2024-08-19,INDIAMART,OTHER,LONG,19.9723,56.9048,36.9325,82.3801,ENTERABLE_TIER_B,TRIGGERED,97.2931,FULL,,,SIDEWAYS,LOW,2852.55,54.0559737977819,-60.4474351131696,3.873827174483613,0.7863811198175876,-0.3245532627457498,121.8357142857143,42.3323,57.6677,97.684,66.0034,57.3177,97.684,95.2559,42.6823,LOW,RESEARCH_ONLY_NO_STANDARD_TRADE,False
2024-08-20,COFORGE,Information Technology,LONG,23.1656,60.5028,37.3372,87.2229,ENTERABLE_TIER_B,TRIGGERED,97.2931,FULL,,,SIDEWAYS,LOW,6115.25,58.26551384247578,-41.49361022364217,5.963688057335434,0.8164292632494897,0.7666291434103816,170.3142857142857,55.7054,44.2946,91.1869,92.8837,68.4176,91.1869,77.7235,31.5824,LOW,RESEARCH_ONLY_NO_STANDARD_TRADE,False
2024-08-20,RECLTD,Financial Services,LONG,31.185,67.4202,36.2352,84.5449,ENTERABLE_TIER_B,TRIGGERED,98.5,FULL,,SIDEWAYS,SIDEWAYS,LOW,599.9,53.25891235816785,-54.81859410430838,5.450863322129208,0.934971603182759,-0.3010527433691411,19.49642857142859,55.7054,44.2946,97.2217,62.2495,64.7607,97.2217,96.7173,35.2392,LOW,UPGRADE_OFACTOR_REQUIRED,False
2024-08-20,STARHEALTH,OTHER,LONG,30.3323,61.1345,30.8022,79.8665,ENTERABLE_TIER_B,TRIGGERED,97.2931,FULL,,,SIDEWAYS,LOW,597.05,57.77944506075372,-44.95798319327731,4.415655938565319,0.9196377617939208,0.377982850094265,17.475000000000005,55.7054,44.2946,85.4077,73.2189,73.2218,85.4077,88.784,26.7782,LOW,RESEARCH_ONLY_NO_STANDARD_TRADE,False
2024-08-20,TATACOMM,Telecommunication,LONG,23.1889,59.0024,35.8135,85.8082,ENTERABLE_TIER_B,TRIGGERED,97.2931,FULL,,,SIDEWAYS,LOW,1879.45,51.55192652022671,-66.19533909400366,1.1994057104580835,0.7807421723229869,0.1079813126944956,51.94285714285714,55.7054,44.2946,98.3379,89.912,60.7376,98.3379,94.1859,39.2624,LOW,RESEARCH_ONLY_NO_STANDARD_TRADE,False
2024-08-21,BANDHANBNK,OTHER,LONG,43.0006,72.395,29.3944,77.6291,ENTERABLE_TIER_B,TRIGGERED,97.2931,FULL,,,SIDEWAYS,LOW,203.77,54.39592783769381,-50.7761296998965,2.7870535140298496,0.9062563053174932,-0.5471861460969051,5.651428571428568,58.8725,41.1275,66.6928,52.0829,74.9816,66.6928,92.9929,25.0184,LOW,UPGRADE_OFACTOR_REQUIRED,False
2024-08-21,BIOCON,Healthcare,LONG,48.242,74.3148,26.0728,78.4805,ENTERABLE_TIER_B,TRIGGERED,97.2931,FULL,,,SIDEWAYS,LOW,355.0,56.00717117980552,-32.802547770700635,5.207231148287296,0.8130920524324692,-0.2648676279679908,13.121428571428568,58.8725,41.1275,64.638,71.1922,79.4363,64.638,95.5797,20.5637,LOW,QUALIFIED_FOR_INTRADAY_REVALIDATION,True
2024-08-21,NIACL,Financial Services,LONG,40.9889,70.6088,29.6199,74.2007,ENTERABLE_TIER_B,TRIGGERED,97.2931,FULL,,,SIDEWAYS,LOW,273.4,56.480050806485394,-39.79094076655053,7.156173828052951,1.0619419663910186,-0.9692856121515004,14.253571428571432,58.8725,41.1275,52.0962,58.1859,65.9856,52.0962,91.5811,34.0144,LOW,UPGRADE_OFACTOR_REQUIRED,False
2024-08-21,STARHEALTH,OTHER,LONG,35.1402,66.7139,31.5737,77.2024,ENTERABLE_TIER_B,TRIGGERED,97.2931,FULL,,,SIDEWAYS,LOW,601.6,59.89052329956662,-29.887218045112714,5.03481376082058,1.2776605184237877,0.5512116695429725,16.61785714285715,58.8725,41.1275,67.575,74.4853,74.9816,67.575,91.0939,25.0184,LOW,UPGRADE_OFACTOR_REQUIRED,False
2024-08-22,BHARTIARTL,Telecommunication,LONG,22.5023,62.3466,39.8443,79.0232,ENTERABLE_TIER_B,TRIGGERED,98.5,FULL,,SIDEWAYS,SIDEWAYS,LOW,1486.35,56.47393119336327,-22.77407631738357,4.249770163206427,1.1911558187772702,0.3961646583448293,32.41785714285719,61.3175,38.6825,67.9343,73.6565,65.8718,67.9343,83.2808,34.1282,MEDIUM,RESEARCH_ONLY_NO_STANDARD_TRADE,False
2024-08-22,GODREJCP,Fast Moving Consumer Goods,LONG,23.539,62.7448,39.2058,80.7669,ENTERABLE_TIER_B,TRIGGERED,98.5,FULL,,DOWNWARD,SIDEWAYS,LOW,1440.3,52.65316271269312,-45.54192906861126,2.971796763734224,1.4978356840336626,-0.4982516620961614,40.12142857142859,61.3175,38.6825,97.4369,51.3477,77.321,97.4369,95.8127,22.679,MEDIUM,RESEARCH_ONLY_NO_STANDARD_TRADE,False
2024-08-22,IDBI,OTHER,LONG,58.3215,79.9667,21.6452,80.9729,ENTERABLE_TIER_B,TRIGGERED,97.2931,FULL,,,SIDEWAYS,LOW,99.75,58.91280722243884,-25.431034482758623,8.810621968612514,0.9657751423443058,1.4324550669249176,3.847857142857145,61.3175,38.6825,69.091,71.4127,77.615,69.091,79.2092,22.385,MEDIUM,QUALIFIED_FOR_INTRADAY_REVALIDATION,True
2024-08-22,SRF,Chemicals,LONG,34.2299,66.935,32.7051,83.645,ENTERABLE_TIER_B,TRIGGERED,97.2931,FULL,,,SIDEWAYS,LOW,2533.1,55.81388909349134,-42.63643159730882,3.31031874547376,1.2833880599507983,0.6902972499564892,72.15714285714292,61.3175,38.6825,86.8874,75.1653,65.3708,86.8874,81.762,34.6292,MEDIUM,UPGRADE_OFACTOR_REQUIRED,False
2024-08-22,TATACONSUM,Fast Moving Consumer Goods,LONG,22.8355,60.3054,37.4699,77.6081,ENTERABLE_TIER_B,TRIGGERED,98.5,FULL,,TRANSITION,SIDEWAYS,LOW,1205.8,57.31481128492209,-20.579710144927603,3.930464484442285,1.475277324565456,0.3809308633021556,25.77857142857145,61.3175,38.6825,60.484,61.5184,77.321,60.484,93.7157,22.679,MEDIUM,RESEARCH_ONLY_NO_STANDARD_TRADE,False
2024-08-22,TTML,OTHER,LONG,27.2153,61.792,34.5767,84.2731,ENTERABLE_TIER_B,TRIGGERED,97.2931,FULL,,,SIDEWAYS,LOW,95.48,57.065652417717374,-34.59752321981423,9.151623295732565,1.3289291752386554,1.2979394795625183,4.694285714285715,61.3175,38.6825,84.5486,73.8405,77.615,84.5486,81.0834,22.385,LOW,RESEARCH_ONLY_NO_STANDARD_TRADE,False
2024-08-23,BHARTIHEXA,Telecommunication,LONG,21.6303,62.1581,40.5278,82.1378,ENTERABLE_TIER_B,TRIGGERED,97.2931,FULL,,,SIDEWAYS,LOW,1142.75,52.60406439478604,-27.55232806492953,4.813676085751872,1.41125001888242,0.5427980647250649,42.50714285714285,63.983,36.017,95.1263,72.9457,60.1843,95.1263,97.4122,39.8157,MEDIUM,RESEARCH_ONLY_NO_STANDARD_TRADE,False
2024-08-23,KPIL,OTHER,LONG,28.7346,60.3629,31.6283,77.9153,ENTERABLE_TIER_B,TRIGGERED,97.2931,FULL,,,SIDEWAYS,LOW,1298.25,55.61528122823336,-29.96794871794872,4.451424930999862,2.5268715338661787,-0.6846900134502438,50.14285714285716,63.983,36.017,68.3803,68.6895,69.4564,68.3803,84.7635,30.5436,LOW,RESEARCH_ONLY_NO_STANDARD_TRADE,False
2024-08-26,GODREJCP,Fast Moving Consumer Goods,LONG,21.9421,56.7827,34.8406,75.4835,ENTERABLE_TIER_B,TRIGGERED,98.5,FULL,,SIDEWAYS,SIDEWAYS,LOW,1454.75,54.95782275287901,-35.96287703016243,3.802158613546116,0.7424016818900517,-0.1868970027442937,37.35000000000002,70.6403,29.3597,65.6983,65.0335,78.2876,65.6983,95.1272,21.7124,MEDIUM,RESEARCH_ONLY_NO_STANDARD_TRADE,False
2024-08-26,LT,Construction,LONG,13.4714,57.5041,44.0327,81.1023,ENTERABLE_TIER_B,TRIGGERED,98.5,FULL,,SIDEWAYS,SIDEWAYS,LOW,3641.9,53.55697762891459,-11.283095723014185,1.1112232773563575,0.791187621654296,-0.2163069259077275,55.22142857142866,70.6403,29.3597,80.545,65.8104,54.6639,80.545,95.5814,45.3361,LOW,RESEARCH_ONLY_NO_STANDARD_TRADE,False
2024-08-26,SRF,Chemicals,LONG,37.1273,68.3707,31.2434,82.4404,ENTERABLE_TIER_B,TRIGGERED,97.2931,FULL,,,SIDEWAYS,LOW,2538.55,55.63514193562185,-44.98381877022648,3.3638529286201058,0.8185195392316922,0.6640260232525367,66.53928571428575,70.6403,29.3597,88.999,68.8004,69.5091,88.999,96.0925,30.4909,MEDIUM,UPGRADE_OFACTOR_REQUIRED,False
2024-08-27,BLUEJET,OTHER,LONG,60.3533,78.6985,18.3452,68.589,ENTERABLE_TIER_B,TRIGGERED,97.2931,FULL,,,SIDEWAYS,LOW,498.85,62.70886170339642,-19.47136563876644,13.13320683421358,1.14501243932576,2.171260064747255,20.942857142857147,56.1372,43.8628,40.1069,63.9973,67.8058,40.1069,89.2087,32.1942,LOW,WAIT_FOR_XFACTOR,False
2024-08-27,COFORGE,Information Technology,LONG,10.6976,54.1331,43.4355,83.0321,ENTERABLE_TIER_B,TRIGGERED,97.2931,FULL,,,SIDEWAYS,LOW,6080.9,55.87569742664032,-29.092546723711017,4.576022698005566,0.917047905516129,0.7244049911491874,141.25000000000006,56.1372,43.8628,77.5398,84.4956,69.4042,77.5398,86.0956,30.5958,LOW,RESEARCH_ONLY_NO_STANDARD_TRADE,False
2024-08-27,DRREDDY,Healthcare,LONG,28.0185,66.2947,38.2762,81.04,ENTERABLE_TIER_B,TRIGGERED,98.5,FULL,,SIDEWAYS,SIDEWAYS,LOW,6962.95,57.51403553038086,-41.36845118809045,5.236817342858425,1.4239490599207227,1.2271726884545744,112.42857142857136,56.1372,43.8628,65.7234,78.3329,73.8118,65.7234,84.4879,26.1882,LOW,UPGRADE_OFACTOR_REQUIRED,False
2024-08-28,AJANTPHARM,Healthcare,LONG,58.1642,76.3401,18.1759,73.3157,ENTERABLE_TIER_B,TRIGGERED,97.2931,FULL,,,SIDEWAYS,LOW,3080.45,64.45746817175117,-63.4211335451471,16.991848975272028,0.8375634131969033,4.625398526244168,143.22857142857137,57.2559,42.7441,47.7292,68.1767,75.8901,47.7292,86.6647,24.11,LOW,WAIT_FOR_XFACTOR,False
2024-08-28,HINDUNILVR,Fast Moving Consumer Goods,LONG,23.3764,61.29,37.9136,83.096,ENTERABLE_TIER_B,TRIGGERED,98.5,FULL,,SIDEWAYS,SIDEWAYS,LOW,2764.35,57.34418735773202,-55.0058433969614,4.8203807216725245,1.08331815411103,1.3091994788056305,37.93928571428573,57.2559,42.7441,75.676,80.3897,70.1043,75.676,81.6549,29.8958,LOW,RESEARCH_ONLY_NO_STANDARD_TRADE,False
2024-08-28,INDIANB,Financial Services,LONG,12.7252,56.2354,43.5102,79.2534,ENTERABLE_TIER_B,TRIGGERED,97.2931,FULL,,,SIDEWAYS,LOW,567.95,53.96053029800674,-27.002967359050363,2.2710110406945514,1.6313302616430632,-0.5554268654085694,17.70000000000002,57.2559,42.7441,85.9887,52.6554,62.5797,85.9887,81.8079,37.4203,LOW,RESEARCH_ONLY_NO_STANDARD_TRADE,False
2024-08-28,ZENSARTECH,OTHER,LONG,1.3441,47.4615,46.1174,79.5391,ENTERABLE_TIER_B,TRIGGERED,97.2931,FULL,,,SIDEWAYS,LOW,778.0,52.93068394596773,-50.32258064516124,5.462326272857018,0.9028660154002294,0.9211595960818764,27.703571428571447,57.2559,42.7441,78.5708,76.6095,61.0794,78.5708,78.4143,38.9206,LOW,RESEARCH_ONLY_NO_STANDARD_TRADE,False
2024-08-29,DRREDDY,Healthcare,LONG,18.5148,57.2252,38.7104,87.8155,ENTERABLE_TIER_B,TRIGGERED,98.5,FULL,,SIDEWAYS,SIDEWAYS,LOW,6931.15,54.632164367527714,-50.472373318064726,4.407417920931339,1.107827286959127,1.1144384390439572,112.99642857142842,59.8781,40.1219,95.7432,85.1146,77.2861,95.7432,68.5654,22.7139,LOW,RESEARCH_ONLY_NO_STANDARD_TRADE,False
2024-08-29,IGL,OTHER,LONG,6.0403,53.1319,47.0916,80.5432,ENTERABLE_TIER_B,TRIGGERED,97.2931,FULL,,,SIDEWAYS,LOW,543.35,54.7579547470781,-33.23823109843079,4.949618407154112,1.69633635992509,0.4543953972886572,11.046428571428594,59.8781,40.1219,77.157,79.1788,54.361,77.157,86.0588,45.639,LOW,RESEARCH_ONLY_NO_STANDARD_TRADE,False
2024-09-02,MGL,OTHER,LONG,4.143,47.9244,43.7814,84.5188,ENTERABLE_TIER_B,TRIGGERED,97.2931,FULL,,,SIDEWAYS,LOW,1806.5,54.07188128501844,-43.93453145057771,6.682202692161904,1.2953832333498492,0.7770303959187069,53.49642857142856,58.9228,41.0772,90.9402,90.0928,59.5368,90.9402,68.2222,40.4632,LOW,RESEARCH_ONLY_NO_STANDARD_TRADE,False
2024-09-02,NAM-INDIA,Financial Services,LONG,35.9469,64.1324,28.1855,79.2195,ENTERABLE_TIER_B,TRIGGERED,97.2931,FULL,,,SIDEWAYS,LOW,684.05,53.153328291002325,-53.039731929152765,5.288739358587503,0.8550271514114217,1.644495916532351,27.27857142857141,58.9228,41.0772,72.3837,80.2776,67.2106,72.3837,98.9002,32.7894,LOW,RESEARCH_ONLY_NO_STANDARD_TRADE,False
2024-09-03,DEEPAKNTR,OTHER,LONG,4.5517,52.3013,47.7496,85.9938,ENTERABLE_TIER_B,TRIGGERED,97.2931,FULL,,,SIDEWAYS,LOW,2933.95,54.05517545619551,-51.49854979052533,5.508060860031561,0.8707652294878866,0.3101451310867077,75.92857142857143,68.9523,31.0477,95.3136,84.7488,66.4078,95.3136,91.6764,33.5922,MEDIUM,RESEARCH_ONLY_NO_STANDARD_TRADE,False
2024-09-03,EMAMILTD,OTHER,LONG,30.7713,59.192,28.4207,76.996,ENTERABLE_TIER_B,TRIGGERED,97.2931,FULL,,,SIDEWAYS,LOW,822.35,57.01594384351035,-50.68597560975608,9.307326402943485,1.0327424787583643,1.4594374476558405,25.84285714285715,68.9523,31.0477,65.4708,78.1758,66.4078,65.4708,72.9906,33.5922,MEDIUM,RESEARCH_ONLY_NO_STANDARD_TRADE,False
2024-09-03,JUBLINGREA,OTHER,LONG,32.507,64.3295,31.8225,77.679,ENTERABLE_TIER_B,TRIGGERED,97.2931,FULL,,,SIDEWAYS,LOW,673.75,58.57182121148272,-46.13610149942328,11.473164244587112,1.027321879444729,2.3402299611822546,26.657142857142865,68.9523,31.0477,66.9257,72.015,66.4078,66.9257,83.119,33.5922,MEDIUM,RESEARCH_ONLY_NO_STANDARD_TRADE,False
2024-09-04,360ONE,Financial Services,LONG,39.3045,64.6752,25.3707,76.3738,ENTERABLE_TIER_B,TRIGGERED,97.2931,FULL,,,TRANSITION,LOW,1091.2,58.19364380722619,-40.50046339202967,9.963762052084268,0.9342200242301956,2.0471001844143357,36.35000000000001,89.5992,10.4008,62.2283,74.0303,93.5193,62.2283,74.9106,6.4807,MEDIUM,RESEARCH_ONLY_NO_STANDARD_TRADE,False
2024-09-04,ATUL,OTHER,LONG,24.0856,64.869,40.7834,83.7326,ENTERABLE_TIER_B,TRIGGERED,97.2931,FULL,,,TRANSITION,LOW,7916.9,57.63417094442707,-50.29926335174958,8.18167757647588,1.5342384643168,1.6639556103944084,177.0321428571427,89.5992,10.4008,89.7843,83.6866,91.1456,89.7843,81.3932,8.8544,MEDIUM,RESEARCH_ONLY_NO_STANDARD_TRADE,False
2024-09-04,BLUESTARCO,Consumer Durables,LONG,26.29,58.5469,32.2569,84.4337,ENTERABLE_TIER_B,TRIGGERED,97.2931,FULL,,,TRANSITION,LOW,1699.5,50.876700646118486,-61.627906976744185,2.7817805624460727,0.930467826830112,0.2915359890100802,54.45,89.5992,10.4008,90.8999,79.4307,94.7996,90.8999,75.9045,5.2004,HIGH,RESEARCH_ONLY_NO_STANDARD_TRADE,False
2024-09-04,DEEPAKNTR,OTHER,LONG,37.6529,70.5347,32.8818,75.4873,ENTERABLE_TIER_B,TRIGGERED,97.2931,FULL,,,TRANSITION,LOW,2988.7,58.67404194264606,-33.85433451498554,7.218329621966111,1.3976245861196397,0.5036868097570927,77.56785714285716,89.5992,10.4008,46.8938,63.2064,91.1456,46.8938,83.292,8.8544,MEDIUM,UPGRADE_OFACTOR_REQUIRED,False
2024-09-04,JSWSTEEL,Metals & Mining,LONG,27.7511,65.3445,37.5934,75.8909,ENTERABLE_TIER_B,TRIGGERED,98.5,FULL,,UPWARD,TRANSITION,LOW,933.05,52.73251117469186,-41.5170816444702,2.005498929495245,1.5279401843427898,0.8554592201445828,18.492857142857165,89.5992,10.4008,70.9888,54.4689,60.7642,70.9888,96.4311,39.2358,MEDIUM,UPGRADE_OFACTOR_REQUIRED,False
2024-09-04,KAYNES,OTHER,LONG,49.0733,75.7073,26.634,84.7073,ENTERABLE_TIER_B,TRIGGERED,97.2931,FULL,,,TRANSITION,LOW,4888.15,58.46363490044929,-60.42383292383297,13.935810740882507,1.2102321693045242,2.827805576961447,239.29642857142852,89.5992,10.4008,78.5956,79.749,91.1456,78.5956,81.2701,8.8544,LOW,QUALIFIED_FOR_INTRADAY_REVALIDATION,True
2024-09-04,KEI,Capital Goods,LONG,25.1491,56.9904,31.8413,80.3738,ENTERABLE_TIER_B,TRIGGERED,97.2931,FULL,,,TRANSITION,LOW,4489.25,52.28263662544213,-57.2878683354686,3.1544491668342687,0.8013507082930231,1.1905950974154824,133.81071428571417,89.5992,10.4008,82.0767,77.0123,60.0674,82.0767,74.9945,39.9326,MEDIUM,RESEARCH_ONLY_NO_STANDARD_TRADE,False
2024-09-04,SBFC,OTHER,LONG,23.3183,56.7407,33.4224,83.4517,ENTERABLE_TIER_B,TRIGGERED,97.2931,FULL,,,TRANSITION,LOW,84.27,51.342126197182864,-81.16591928251134,0.7325435541292443,1.51749660518127,0.5741213547003037,2.6585714285714275,89.5992,10.4008,93.7937,84.6534,91.1456,93.7937,54.4116,8.8544,MEDIUM,RESEARCH_ONLY_NO_STANDARD_TRADE,False
2024-09-04,TORNTPOWER,Power,LONG,11.8797,54.5784,42.6987,80.5512,ENTERABLE_TIER_B,TRIGGERED,97.2931,FULL,,,TRANSITION,LOW,1733.65,54.26573989240224,-42.81399446262267,7.046823672174114,1.061428817388645,1.1616029746147964,70.37500000000001,89.5992,10.4008,82.7874,69.5631,55.0056,82.7874,95.8224,44.9944,LOW,RESEARCH_ONLY_NO_STANDARD_TRADE,False
2024-09-05,NEWGEN,OTHER,LONG,57.0629,81.0065,23.9436,75.9613,ENTERABLE_TIER_B,TRIGGERED,97.2931,FULL,,,TRANSITION,LOW,1082.6,54.76620235423147,-42.93924466338272,6.5086089052014175,2.098079248012973,1.3544600921761591,46.31785714285719,90.0315,9.9685,73.3868,72.7535,93.2446,73.3868,88.1255,6.7555,LOW,WAIT_FOR_XFACTOR,False
2024-09-06,BLUESTARCO,Consumer Durables,LONG,40.1491,72.6845,32.5354,78.223,ENTERABLE_TIER_B,TRIGGERED,97.2931,FULL,,,SIDEWAYS,NORMAL,1724.45,54.10967968457326,-42.28682170542632,4.065720964353422,1.5167924939566553,0.352832653663268,54.18571428571428,69.0229,30.9771,71.1117,75.8977,84.5114,71.1117,85.9373,15.4886,MEDIUM,UPGRADE_OFACTOR_REQUIRED,False
2024-09-06,JSWSTEEL,Metals & Mining,LONG,13.8249,54.2081,40.3832,76.9747,ENTERABLE_TIER_B,TRIGGERED,98.5,FULL,,TRANSITION,SIDEWAYS,NORMAL,932.8,52.55786070540198,-59.375000000000085,1.875802040435362,1.045743838719436,0.6678188607097038,18.796428571428574,69.0229,30.9771,83.738,55.0979,45.4663,83.738,85.9548,54.5337,LOW,RESEARCH_ONLY_NO_STANDARD_TRADE,False
2024-09-06,MARICO,Fast Moving Consumer Goods,LONG,38.5126,69.2563,30.7437,78.97,ENTERABLE_TIER_B,TRIGGERED,97.2931,FULL,,,SIDEWAYS,NORMAL,665.25,52.95260937926991,-46.07023411371233,3.328076714482122,2.754429855811871,-0.2097190209065722,15.496428571428568,69.0229,30.9771,83.4155,55.3445,81.5205,83.4155,77.5432,18.4795,LOW,UPGRADE_OFACTOR_REQUIRED,False
2024-09-09,INDIACEM,OTHER,LONG,16.6354,53.332,36.6966,81.8459,ENTERABLE_TIER_B,TRIGGERED,97.2931,FULL,,,TRANSITION,LOW,366.05,60.0472816873672,-53.27868852459013,10.979902797085332,0.8821606602497816,1.4626094477972134,5.707142857142848,78.3134,21.6866,94.5974,66.3579,73.9049,94.5974,92.9912,26.0951,MEDIUM,RESEARCH_ONLY_NO_STANDARD_TRADE,False
2024-09-09,JSWSTEEL,Metals & Mining,LONG,17.9751,57.1385,39.1634,81.1084,ENTERABLE_TIER_B,TRIGGERED,98.5,FULL,,UPWARD,TRANSITION,LOW,934.25,53.07545483929661,-56.99013157894738,1.967254801943849,0.9434915998353892,0.6309767317970595,19.121428571428584,78.3134,21.6866,84.0406,68.2032,51.3786,84.0406,94.8749,48.6215,LOW,RESEARCH_ONLY_NO_STANDARD_TRADE,False
2024-09-09,TATACONSUM,Fast Moving Consumer Goods,LONG,32.9233,67.1267,34.2034,82.1206,ENTERABLE_TIER_B,TRIGGERED,98.5,FULL,,SIDEWAYS,TRANSITION,LOW,1192.05,51.03162813416236,-58.29858215179319,1.6965765287675878,1.658043883960412,0.2265886633239978,21.9785714285714,78.3134,21.6866,95.488,59.688,88.9269,95.488,92.9022,11.0731,MEDIUM,UPGRADE_OFACTOR_REQUIRED,False
2024-09-10,SUZLON,Capital Goods,LONG,32.0281,70.5675,38.5394,80.0904,ENTERABLE_TIER_B,TRIGGERED,97.2931,FULL,,,TRANSITION,LOW,78.05,60.01699479748549,-30.62500000000004,19.08520242255269,1.9097520614935,2.477394723878274,2.905,73.0361,26.9639,80.677,62.685,44.6523,80.677,100.0,55.3477,LOW,UPGRADE_OFACTOR_REQUIRED,False
2024-09-10,TORNTPHARM,Healthcare,LONG,23.7434,63.7147,39.9713,81.6144,ENTERABLE_TIER_B,TRIGGERED,98.5,FULL,,TRANSITION,TRANSITION,LOW,3426.15,62.15967461166589,-56.21673003802278,7.937326157210402,1.3255087819125375,1.9163836468287592,75.23928571428564,73.0361,26.9639,73.0194,78.1231,83.0772,73.0194,64.5664,16.9227,MEDIUM,RESEARCH_ONLY_NO_STANDARD_TRADE,False
2024-09-11,CAMS,OTHER,LONG,31.5112,65.4594,33.9482,86.6217,ENTERABLE_TIER_B,TRIGGERED,97.2931,FULL,,,SIDEWAYS,LOW,4370.6,53.19232497971736,-57.335014712063824,6.635223766834282,1.484599027485051,0.8249665921253163,125.4285714285713,69.5592,30.4408,97.947,75.221,71.4667,97.947,80.0205,28.5333,MEDIUM,UPGRADE_OFACTOR_REQUIRED,False
2024-09-11,HOMEFIRST,OTHER,LONG,49.9981,72.0068,22.0087,75.7084,ENTERABLE_TIER_B,TRIGGERED,97.2931,FULL,,,SIDEWAYS,LOW,1108.65,53.729832626735934,-62.53186066270172,6.001780959034018,1.428621706829547,1.752503103196953,51.0857142857143,69.5592,30.4408,70.6735,60.8501,71.4667,70.6735,90.1342,28.5333,LOW,UPGRADE_OFACTOR_REQUIRED,False
2024-09-11,ICICIPRULI,Financial Services,LONG,26.7648,61.0333,34.2685,80.0293,ENTERABLE_TIER_B,TRIGGERED,97.2931,FULL,,,SIDEWAYS,LOW,750.9,57.58475684432896,-38.29416884247176,7.743759799536709,0.9601712012930832,1.8190086537817964,16.42142857142856,69.5592,30.4408,68.9227,77.5903,71.5572,68.9227,79.9043,28.4428,MEDIUM,RESEARCH_ONLY_NO_STANDARD_TRADE,False
2024-09-12,ABFRL,OTHER,LONG,40.4586,75.2386,34.78,70.4888,ENTERABLE_TIER_B,TRIGGERED,97.2931,FULL,,,UPWARD,LOW,326.4,57.035701202673366,-4.098360655737709,4.122714653951678,1.6980325021882443,-0.2521432403154102,8.810714285714287,93.1494,6.8506,29.6879,51.1958,84.9639,29.6879,95.4601,15.0361,LOW,WAIT_FOR_XFACTOR,False
2024-09-12,ATUL,OTHER,LONG,36.0596,65.5214,29.4618,76.281,ENTERABLE_TIER_B,TRIGGERED,97.2931,FULL,,,UPWARD,LOW,7994.0,57.54757644246177,-33.35730724971231,7.583631456955744,0.8421951213151464,1.233891550053942,177.14285714285708,93.1494,6.8506,69.1577,80.671,84.9639,69.1577,94.8177,15.0361,HIGH,UPGRADE_OFACTOR_REQUIRED,False
2024-09-12,KPITTECH,Information Technology,LONG,48.7937,76.4404,27.6467,78.6205,ENTERABLE_TIER_B,TRIGGERED,97.2931,FULL,,,UPWARD,LOW,1838.05,58.432973314347045,-38.78887070376435,5.79320091702289,1.5183986698977576,0.0071535947539088,51.22142857142858,93.1494,6.8506,54.5828,72.2382,96.5747,54.5828,90.707,3.4253,MEDIUM,QUALIFIED_FOR_INTRADAY_REVALIDATION,True
2024-09-13,EICHERMOT,Automobile and Auto Components,LONG,12.8263,54.7554,41.9291,87.7139,ENTERABLE_TIER_B,TRIGGERED,98.5,FULL,,TRANSITION,UPWARD,LOW,4858.3,52.52028281375969,-47.47396238147054,1.4785409919043666,0.8096682700133163,-0.1606775115924506,90.26071428571426,91.8587,8.1413,98.207,86.5722,78.3404,98.207,89.763,21.6595,MEDIUM,RESEARCH_ONLY_NO_STANDARD_TRADE,False
2024-09-13,MANAPPURAM,OTHER,LONG,40.2565,70.1282,29.8717,87.3331,ENTERABLE_TIER_B,TRIGGERED,97.2931,FULL,,,UPWARD,LOW,211.33,53.29455252370256,-50.1385041551246,3.008890928551215,2.429119160299482,-0.2530724069724558,5.889285714285712,91.8587,8.1413,92.7212,78.0619,89.3363,92.7212,64.8854,10.6637,LOW,UPGRADE_OFACTOR_REQUIRED,False
2024-09-13,MRF,Automobile and Auto Components,LONG,23.1992,59.2833,36.0841,75.2829,ENTERABLE_TIER_B,TRIGGERED,97.2931,FULL,,,UPWARD,LOW,137353.95,55.26483700275595,-34.42782364016298,2.129277387606008,0.8227537641649831,0.0177039531162313,1920.29285714286,91.8587,8.1413,59.2875,67.632,78.3404,59.2875,94.8758,21.6595,MEDIUM,RESEARCH_ONLY_NO_STANDARD_TRADE,False
2024-09-13,TBOTEK,OTHER,LONG,56.5254,74.0412,17.5158,75.7878,ENTERABLE_TIER_B,TRIGGERED,97.2931,FULL,,,UPWARD,LOW,1794.95,53.68388144935791,-57.87921348314606,5.010632809986178,1.3984399123099902,1.3611877559893617,84.42142857142858,91.8587,8.1413,66.7403,69.2258,89.3363,66.7403,88.6048,10.6637,LOW,WAIT_FOR_XFACTOR,False
2024-09-13,ZENSARTECH,OTHER,LONG,43.2264,70.5587,27.3323,78.2403,ENTERABLE_TIER_B,TRIGGERED,97.2931,FULL,,,UPWARD,LOW,789.85,53.922950865781566,-41.932773109243584,5.05045605086862,1.085979763858879,0.4695078010960278,25.682142857142853,91.8587,8.1413,79.5578,69.1615,89.3363,79.5578,93.5364,10.6637,MEDIUM,UPGRADE_OFACTOR_REQUIRED,False
2024-09-16,ANGELONE,OTHER,LONG,54.0339,77.0064,22.9725,79.2848,ENTERABLE_TIER_B,TRIGGERED,97.2931,FULL,,,TRANSITION,LOW,2581.2,59.54380711360119,-20.510905288317936,5.932882770386835,1.186501203883791,1.2625924603581358,97.12857142857138,78.6118,21.3882,76.5877,48.0482,79.0092,76.5877,76.7319,20.9908,LOW,QUALIFIED_FOR_INTRADAY_REVALIDATION,True
2024-09-16,DELHIVERY,OTHER,LONG,24.771,65.973,41.202,86.3125,ENTERABLE_TIER_B,TRIGGERED,97.2931,FULL,,,TRANSITION,LOW,421.35,54.30078711838471,-27.460317460317388,2.187905937145284,1.7175207264359695,0.3140016481308878,10.767857142857135,78.6118,21.3882,95.7435,75.4826,79.0092,95.7435,68.2388,20.9908,MEDIUM,UPGRADE_OFACTOR_REQUIRED,False
2024-09-16,EICHERMOT,Automobile and Auto Components,LONG,14.1546,57.1835,43.0289,82.5682,ENTERABLE_TIER_B,TRIGGERED,98.5,FULL,,SIDEWAYS,TRANSITION,LOW,4899.2,55.72767664427008,-34.75827763096543,2.2558957307710994,1.1380572523060823,-0.0220291138124722,92.39642857142852,78.6118,21.3882,71.8369,83.0296,68.7283,71.8369,82.8781,31.2717,MEDIUM,RESEARCH_ONLY_NO_STANDARD_TRADE,False
2024-09-16,EIDPARRY,OTHER,LONG,52.9167,71.7324,18.8157,75.968,ENTERABLE_TIER_B,TRIGGERED,97.2931,FULL,,,TRANSITION,LOW,836.25,58.16440756197889,-51.63224516988677,6.905504759189799,1.0508898367406971,1.2404460595605178,26.542857142857127,78.6118,21.3882,65.9042,68.6545,79.0092,65.9042,90.732,20.9908,MEDIUM,UPGRADE_OFACTOR_REQUIRED,False
2024-09-16,ERIS,OTHER,LONG,40.0813,63.9936,23.9123,79.8479,ENTERABLE_TIER_B,TRIGGERED,97.2931,FULL,,,TRANSITION,LOW,1389.45,61.35337483524048,-48.84877509670285,14.79695697444599,0.8068618044742236,4.918407672002117,61.63214285714285,78.6118,21.3882,77.9769,84.1641,79.0092,77.9769,85.7542,20.9908,LOW,RESEARCH_ONLY_NO_STANDARD_TRADE,False
2024-09-16,MANAPPURAM,OTHER,LONG,35.6179,65.628,30.0101,80.944,ENTERABLE_TIER_B,TRIGGERED,97.2931,FULL,,,TRANSITION,LOW,213.55,55.79596515331722,-39.88919667590022,3.953803663931063,0.8049420078334942,-0.0336626831547955,5.641428571428569,78.6118,21.3882,72.8615,77.4525,79.0092,72.8615,89.7189,20.9908,HIGH,UPGRADE_OFACTOR_REQUIRED,False
2024-09-16,MOTHERSON,Automobile and Auto Components,LONG,33.2923,70.1249,36.8326,81.2093,ENTERABLE_TIER_B,TRIGGERED,98.5,FULL,,TRANSITION,TRANSITION,LOW,193.79,54.36377765816073,-35.72996706915488,4.924301482155058,1.51502273257909,-0.0520475890297304,5.114285714285708,78.6118,21.3882,85.4786,67.8547,68.7283,85.4786,95.2291,31.2717,MEDIUM,UPGRADE_OFACTOR_REQUIRED,False
2024-09-17,ABSLAMC,OTHER,LONG,33.1382,62.7738,29.6356,72.0299,ENTERABLE_TIER_B,TRIGGERED,97.2931,FULL,,,TRANSITION,LOW,753.5,59.067178168041,-19.99999999999996,8.52981701850658,0.9182608493010528,1.5528936379595046,20.60357142857144,78.687,21.313,62.3447,73.888,71.9359,62.3447,88.3515,28.0641,MEDIUM,RESEARCH_ONLY_NO_STANDARD_TRADE,False
2024-09-17,CUB,OTHER,LONG,21.859,57.3341,35.4751,78.9258,ENTERABLE_TIER_B,TRIGGERED,97.2931,FULL,,,TRANSITION,LOW,170.48,55.279917365199125,-38.87445887445892,3.759206574479905,0.8026334904018197,0.5254939222437227,4.504285714285714,78.687,21.313,73.0405,81.9727,71.9359,73.0405,92.0964,28.0641,MEDIUM,RESEARCH_ONLY_NO_STANDARD_TRADE,False
2024-09-17,HFCL,OTHER,LONG,54.3958,75.6584,21.2626,75.7162,ENTERABLE_TIER_B,TRIGGERED,97.2931,FULL,,,TRANSITION,LOW,153.63,59.77301141061957,-37.17609730301429,13.75250537946738,1.0377769647889987,2.86311792806786,6.28857142857143,78.687,21.313,62.7631,70.2317,71.9359,62.7631,89.2503,28.0641,LOW,WAIT_FOR_XFACTOR,False
2024-09-18,CCL,OTHER,LONG,40.8481,64.2157,23.3676,80.2333,ENTERABLE_TIER_B,TRIGGERED,97.2931,FULL,,,TRANSITION,LOW,748.0,56.67669829366314,-73.79310344827586,9.984819159037707,0.7971890645199854,2.3007173009277,36.38571428571429,72.8992,27.1008,81.2701,79.2226,67.2828,81.2701,93.5139,32.7172,LOW,RESEARCH_ONLY_NO_STANDARD_TRADE,False
2024-09-18,COROMANDEL,Chemicals,LONG,20.0824,58.8214,38.739,80.7462,ENTERABLE_TIER_B,TRIGGERED,97.2931,FULL,,,TRANSITION,LOW,1730.0,56.80711542774869,-35.75807110747857,5.747472693948938,1.6253735309693738,0.4014710015615155,37.07857142857146,72.8992,27.1008,91.3382,63.2672,85.6426,91.3382,87.1085,14.3574,MEDIUM,RESEARCH_ONLY_NO_STANDARD_TRADE,False
2024-09-18,KFINTECH,OTHER,LONG,41.743,69.2354,27.4924,74.6983,ENTERABLE_TIER_B,TRIGGERED,97.2931,FULL,,,TRANSITION,LOW,1046.9,60.62532567659015,-27.127127127127043,14.489806182554558,0.8203003080411414,2.1949789888300657,33.84285714285711,72.8992,27.1008,50.5065,67.7332,67.2828,50.5065,84.5167,32.7172,LOW,UPGRADE_OFACTOR_REQUIRED,False
2024-09-19,BALRAMCHIN,OTHER,LONG,31.3611,67.5844,36.2233,77.0323,ENTERABLE_TIER_B,TRIGGERED,97.2931,FULL,,,TRANSITION,LOW,583.5,61.11922622907153,-36.87763713080172,13.43780375386335,1.282793152361423,2.3715695752219195,17.689285714285727,71.7196,28.2804,64.112,66.7595,56.7677,64.112,78.9703,43.2323,LOW,UPGRADE_OFACTOR_REQUIRED,False
2024-09-19,ICICIGI,Financial Services,LONG,51.7094,77.3398,25.6304,74.1372,ENTERABLE_TIER_B,TRIGGERED,98.5,FULL,,UPWARD,TRANSITION,LOW,2200.0,62.96969658978236,-40.7673860911271,9.407854203989352,2.407706150482497,1.438175189391731,57.89999999999999,71.7196,28.2804,56.7933,64.1105,64.1626,56.7933,86.1831,35.8374,LOW,WAIT_FOR_XFACTOR,False
2024-09-19,ICICIPRULI,Financial Services,LONG,20.876,58.5458,37.6698,81.1954,ENTERABLE_TIER_B,TRIGGERED,97.2931,FULL,,,TRANSITION,LOW,755.1,58.68240307095846,-54.6850998463901,6.819374893410534,1.1616509473031311,1.2313371583790442,14.785714285714294,71.7196,28.2804,78.4026,80.9275,64.1626,78.4026,72.0,35.8374,MEDIUM,RESEARCH_ONLY_NO_STANDARD_TRADE,False
2024-09-19,MRF,Automobile and Auto Components,LONG,9.3204,51.8177,42.4973,77.302,ENTERABLE_TIER_B,TRIGGERED,97.2931,FULL,,,TRANSITION,LOW,136347.6,52.01519377632415,-36.57810120155685,1.282483444470315,1.3505388200229138,-0.0339147364708818,1942.4285714285716,71.7196,28.2804,83.9837,54.1883,62.251,83.9837,89.6542,37.749,MEDIUM,RESEARCH_ONLY_NO_STANDARD_TRADE,False
2024-09-19,NEULANDLAB,OTHER,LONG,26.2442,56.0003,29.7561,81.197,ENTERABLE_TIER_B,TRIGGERED,97.2931,FULL,,,TRANSITION,LOW,12564.45,60.65065508240451,-59.7174268580774,17.414856255434046,0.8745537199246036,3.7877411182831393,424.69999999999993,71.7196,28.2804,99.4737,77.0191,56.7677,99.4737,77.8196,43.2323,LOW,RESEARCH_ONLY_NO_STANDARD_TRADE,False
2024-09-20,ANGELONE,OTHER,LONG,19.8535,57.873,38.0195,76.2188,ENTERABLE_TIER_B,TRIGGERED,97.2931,FULL,,,TRANSITION,LOW,2590.8,57.6578758484899,-27.240332585455945,5.603968797952375,1.149952265344925,1.6926055785258871,109.46071428571425,82.8964,17.1036,64.6235,76.3203,61.0527,64.6235,91.5221,38.9473,MEDIUM,RESEARCH_ONLY_NO_STANDARD_TRADE,False
2024-09-20,BLUEDART,OTHER,LONG,7.4626,49.3169,41.8543,83.4958,ENTERABLE_TIER_B,TRIGGERED,97.2931,FULL,,,TRANSITION,LOW,8257.15,50.39758974749802,-84.73870712491835,2.689878378605856,0.7253516363190536,1.150710397430921,327.9107142857141,82.8964,17.1036,99.1629,84.1603,61.0527,99.1629,91.7234,38.9473,LOW,RESEARCH_ONLY_NO_STANDARD_TRADE,False
2024-09-20,EIDPARRY,OTHER,LONG,27.6182,60.1269,32.5087,76.2982,ENTERABLE_TIER_B,TRIGGERED,97.2931,FULL,,,TRANSITION,LOW,833.85,56.48363282682156,-38.5493619879113,5.967541610931376,0.7830286711886579,0.8422281619158589,25.06071428571428,82.8964,17.1036,75.3199,69.9131,61.0527,75.3199,91.78,38.9473,MEDIUM,RESEARCH_ONLY_NO_STANDARD_TRADE,False
2024-09-20,KFINTECH,OTHER,LONG,36.3342,73.4771,37.1429,70.7595,ENTERABLE_TIER_B,TRIGGERED,97.2931,FULL,,,TRANSITION,LOW,1054.45,59.61837335163342,-28.16271792579347,14.376734241652548,1.810405517865185,2.1223883766682814,40.6642857142857,82.8964,17.1036,50.9807,39.6522,61.0527,50.9807,69.0146,38.9473,LOW,UPGRADE_OFACTOR_REQUIRED,False
2024-09-20,OFSS,Information Technology,LONG,28.823,64.3135,35.4905,84.84,ENTERABLE_TIER_B,TRIGGERED,97.2931,FULL,,,TRANSITION,LOW,11371.6,52.12033556861909,-63.39219921229829,6.640606434477736,1.0848016200878845,1.8423046931095528,513.617857142857,82.8964,17.1036,91.2315,72.0103,66.8716,91.2315,96.9121,33.1284,LOW,RESEARCH_ONLY_NO_STANDARD_TRADE,False
2024-09-20,SBILIFE,Financial Services,LONG,29.4707,65.7555,36.2848,82.7676,ENTERABLE_TIER_B,TRIGGERED,98.5,FULL,,TRANSITION,TRANSITION,LOW,1870.25,59.6327295814085,-51.54841238729912,7.891795581904621,1.0496968912877294,1.4181219375516354,37.32142857142857,82.8964,17.1036,85.0399,72.9378,68.7846,85.0399,84.1914,31.2154,MEDIUM,UPGRADE_OFACTOR_REQUIRED,False
2024-09-20,WIPRO,Information Technology,LONG,27.1014,62.2725,35.1711,79.7733,ENTERABLE_TIER_B,TRIGGERED,98.5,FULL,,TRANSITION,TRANSITION,LOW,539.1,55.12903496000233,-40.711009174311904,4.042941340718893,0.9833145747525496,1.1879939378042863,13.667857142857144,82.8964,17.1036,63.4056,76.2947,66.8716,63.4056,95.1712,33.1284,MEDIUM,RESEARCH_ONLY_NO_STANDARD_TRADE,False
2024-09-20,ZENTEC,OTHER,LONG,17.6991,57.043,39.3439,78.5459,ENTERABLE_TIER_B,TRIGGERED,97.2931,FULL,,,TRANSITION,LOW,1703.95,55.0878921375072,-21.01851851851849,9.874629173019006,2.459545309683973,0.6322072403280109,54.40357142857148,82.8964,17.1036,88.0768,47.8343,61.0527,88.0768,74.9649,38.9473,LOW,RESEARCH_ONLY_NO_STANDARD_TRADE,False
2024-09-23,APARINDS,Capital Goods,LONG,40.8023,67.1326,26.3303,70.1478,ENTERABLE_TIER_B,TRIGGERED,97.2931,FULL,,,TRANSITION,LOW,9806.85,57.74214586178999,-44.14788827418696,10.299816901626745,0.943292945481339,3.264777443377588,413.07142857142856,87.4617,12.5383,42.9582,57.7797,54.2906,42.9582,97.7534,45.7094,LOW,UPGRADE_OFACTOR_REQUIRED,False
2024-09-23,CESC,OTHER,LONG,31.8439,64.1494,32.3055,78.5128,ENTERABLE_TIER_B,TRIGGERED,97.2931,FULL,,,TRANSITION,LOW,195.6,55.62121128377139,-33.823529411764724,8.402389111954156,0.8290323001454953,1.1889206231134208,7.724285714285711,87.4617,12.5383,95.3739,52.2027,67.3483,95.3739,94.3037,32.6517,MEDIUM,RESEARCH_ONLY_NO_STANDARD_TRADE,False
2024-09-23,CUB,OTHER,LONG,17.9198,58.8969,40.9771,80.1266,ENTERABLE_TIER_B,TRIGGERED,97.2931,FULL,,,TRANSITION,LOW,170.02,54.486788847510105,-38.10786914235192,3.162742058584468,1.1549287105292838,0.3996203837819398,4.587857142857146,87.4617,12.5383,80.6373,79.3368,67.3483,80.6373,87.7067,32.6517,MEDIUM,RESEARCH_ONLY_NO_STANDARD_TRADE,False
2024-09-23,DEEPAKFERT,OTHER,LONG,20.5976,61.1666,40.569,80.3,ENTERABLE_TIER_B,TRIGGERED,97.2931,FULL,,,TRANSITION,LOW,1034.15,54.56068224881897,-52.175235777304486,11.90403084785013,2.045408236816736,0.4998834260147268,50.18928571428573,87.4617,12.5383,99.5882,52.8585,67.3483,99.5882,90.1174,32.6517,LOW,RESEARCH_ONLY_NO_STANDARD_TRADE,False
2024-09-23,HDFCLIFE,Financial Services,LONG,23.7841,59.0521,35.268,83.7709,ENTERABLE_TIER_B,TRIGGERED,98.5,FULL,,SIDEWAYS,TRANSITION,LOW,727.5,56.98122263920549,-47.05449189985273,5.772783333212313,0.7746993949701311,0.1342868701478962,15.021428571428585,87.4617,12.5383,90.7466,64.1845,77.2557,90.7466,93.3428,22.7443,MEDIUM,RESEARCH_ONLY_NO_STANDARD_TRADE,False
2024-09-24,BBTC,OTHER,LONG,26.3479,57.0901,30.7422,82.4478,ENTERABLE_TIER_B,TRIGGERED,97.2931,FULL,,,TRANSITION,LOW,2659.25,56.360362491896566,-56.48095508811824,11.985475969750302,0.9546874001925608,2.382194410963025,112.53928571428568,80.9802,19.0198,89.112,80.6823,64.691,89.112,64.7057,35.309,MEDIUM,RESEARCH_ONLY_NO_STANDARD_TRADE,False
2024-09-24,INTELLECT,OTHER,LONG,14.4307,57.2225,42.7918,76.7482,ENTERABLE_TIER_B,TRIGGERED,97.2931,FULL,,,TRANSITION,LOW,998.4,55.3009718575803,-61.911764705882376,0.8360470595562445,1.924957601635064,0.1016814536100172,25.73928571428572,80.9802,19.0198,75.4979,67.132,64.691,75.4979,74.2029,35.309,MEDIUM,RESEARCH_ONLY_NO_STANDARD_TRADE,False
2024-09-25,DOMS,OTHER,LONG,40.6507,64.2321,23.5814,76.1742,ENTERABLE_TIER_B,TRIGGERED,97.2931,FULL,,,TRANSITION,LOW,2716.7,56.71450110737899,-65.06297229219147,10.526844118887116,1.0391215059782524,2.396621731886474,107.59285714285711,82.8567,17.1433,90.9892,48.4352,62.2904,90.9892,96.9143,37.7096,LOW,RESEARCH_ONLY_NO_STANDARD_TRADE,False
2024-09-25,EICHERMOT,Automobile and Auto Components,LONG,13.5054,60.6093,47.1039,82.2721,ENTERABLE_TIER_B,TRIGGERED,98.5,FULL,,SIDEWAYS,TRANSITION,LOW,4895.25,53.76679457429382,-44.77671986053375,1.7695908580101896,1.3655223376265493,0.2993005645198676,92.97857142857136,82.8567,17.1433,69.8604,80.9634,74.4194,69.8604,89.3524,25.5806,MEDIUM,RESEARCH_ONLY_NO_STANDARD_TRADE,False
2024-09-25,HCLTECH,Information Technology,LONG,21.5968,61.6485,40.0517,81.5272,ENTERABLE_TIER_B,TRIGGERED,98.5,FULL,,TRANSITION,TRANSITION,LOW,1782.4,58.49709531873479,-42.77673545966224,6.779479935379051,0.8066268149588448,1.4112101020203536,37.38571428571426,82.8567,17.1433,91.133,70.684,54.2527,91.133,98.2346,45.7473,LOW,RESEARCH_ONLY_NO_STANDARD_TRADE,False
2024-09-26,AFFLE,OTHER,LONG,10.0247,49.2548,39.2301,77.1161,ENTERABLE_TIER_B,TRIGGERED,97.2931,FULL,,,TRANSITION,LOW,1590.1,54.07929161261988,-22.074074074074208,5.679928252407339,1.003753840319576,0.125547596502954,44.21071428571429,88.7089,11.2911,88.0572,58.0645,61.6239,88.0572,95.5667,38.3762,LOW,RESEARCH_ONLY_NO_STANDARD_TRADE,False
2024-09-26,ASIANPAINT,Consumer Durables,LONG,41.1273,68.7152,27.5879,86.0013,ENTERABLE_TIER_B,TRIGGERED,98.5,FULL,,TRANSITION,TRANSITION,LOW,3277.05,56.73136438318242,-62.63619452564436,4.411386644846249,0.7915059497557503,1.1960917556291804,57.15714285714281,88.7089,11.2911,93.6695,65.0437,94.3544,93.6695,93.8415,5.6456,MEDIUM,UPGRADE_OFACTOR_REQUIRED,False
2024-09-26,CANFINHOME,OTHER,LONG,16.5526,53.8842,37.3316,79.573,ENTERABLE_TIER_B,TRIGGERED,97.2931,FULL,,,TRANSITION,LOW,885.25,54.11185954034992,-57.52595155709341,3.623913834030153,0.8723060527435614,0.5805473256485728,33.66785714285715,88.7089,11.2911,85.55,69.3476,61.6239,85.55,91.1488,38.3762,MEDIUM,RESEARCH_ONLY_NO_STANDARD_TRADE,False
2024-09-26,HCLTECH,Information Technology,LONG,10.5258,59.0707,48.5449,87.3142,ENTERABLE_TIER_B,TRIGGERED,98.5,FULL,,TRANSITION,TRANSITION,LOW,1783.85,58.75770082658467,-41.41651031894946,6.630165573722048,1.5721032223996971,1.3635776088739426,35.514285714285684,88.7089,11.2911,90.9473,94.4248,56.7547,90.9473,72.3492,43.2454,LOW,RESEARCH_ONLY_NO_STANDARD_TRADE,False
2024-09-26,HDFCLIFE,Financial Services,LONG,15.4642,53.9219,38.4577,78.5405,ENTERABLE_TIER_B,TRIGGERED,98.5,FULL,,SIDEWAYS,TRANSITION,LOW,729.55,57.02961164558973,-33.85552654482164,5.573715920747152,0.7932823226176722,0.340100620882091,15.521428571428585,88.7089,11.2911,71.1259,60.6995,67.3225,71.1259,93.6861,32.6775,MEDIUM,RESEARCH_ONLY_NO_STANDARD_TRADE,False
2024-09-26,INDUSINDBK,Financial Services,LONG,17.4115,58.1222,40.7107,84.2975,ENTERABLE_TIER_B,TRIGGERED,97.2931,FULL,,,TRANSITION,LOW,1452.7,54.4472019803553,-46.27170582226753,1.351476332722172,1.0961215430761573,0.9480579618616466,24.15000000000001,88.7089,11.2911,86.646,74.4928,67.3225,86.646,92.381,32.6775,MEDIUM,RESEARCH_ONLY_NO_STANDARD_TRADE,False
2024-09-26,NUVAMA,OTHER,LONG,25.1852,61.8301,36.6449,78.7483,ENTERABLE_TIER_B,TRIGGERED,97.2931,FULL,,,TRANSITION,LOW,6783.9,56.37492871230842,-47.89393939393945,9.962949554706409,1.145502822563211,2.1375030302368576,270.64642857142854,88.7089,11.2911,83.6878,74.4464,61.6239,83.6878,84.9398,38.3762,MEDIUM,RESEARCH_ONLY_NO_STANDARD_TRADE,False
2024-09-26,POLYCAB,Capital Goods,LONG,4.9011,54.6976,49.7965,81.1343,ENTERABLE_TIER_B,TRIGGERED,97.2931,FULL,,,TRANSITION,LOW,6747.4,54.01188083902194,-35.49453853091501,1.926667079112697,1.6005754856704186,-0.0837300011774573,133.88928571428565,88.7089,11.2911,73.086,75.0839,58.4218,73.086,91.8589,41.5782,LOW,RESEARCH_ONLY_NO_STANDARD_TRADE,False
2024-09-26,WHIRLPOOL,OTHER,LONG,34.1238,68.7268,34.603,76.5372,ENTERABLE_TIER_B,TRIGGERED,97.2931,FULL,,,TRANSITION,LOW,2155.6,58.402763539078286,-26.74879933180212,6.366996457812353,1.9795694704074056,-0.079416755453529,68.33214285714287,88.7089,11.2911,69.297,70.2336,61.6239,69.297,93.9121,38.3762,MEDIUM,UPGRADE_OFACTOR_REQUIRED,False
2024-09-27,AFFLE,OTHER,LONG,6.0258,47.0107,40.9849,77.0023,ENTERABLE_TIER_B,TRIGGERED,97.2931,FULL,,,TRANSITION,LOW,1597.85,55.410209425314775,-8.984689766317565,5.983206870295018,0.9123245561325498,0.2449291728908414,41.535714285714285,84.0265,15.9735,72.1404,80.9321,63.9603,72.1404,92.5365,36.0397,LOW,RESEARCH_ONLY_NO_STANDARD_TRADE,False
2024-09-27,ANGELONE,OTHER,LONG,7.7061,52.9104,45.2043,83.3555,ENTERABLE_TIER_B,TRIGGERED,97.2931,FULL,,,TRANSITION,LOW,2532.3,52.26357906325408,-50.20180068301765,2.602727959308053,0.8487793052717495,1.2811426823710967,97.3857142857142,84.0265,15.9735,90.9056,73.5896,63.9603,90.9056,85.3367,36.0397,MEDIUM,RESEARCH_ONLY_NO_STANDARD_TRADE,False
2024-09-27,ASIANPAINT,Consumer Durables,LONG,36.5332,69.6175,33.0843,81.7997,ENTERABLE_TIER_B,TRIGGERED,98.5,FULL,,UPWARD,TRANSITION,LOW,3310.75,60.8083986841999,-44.724953494552246,5.298800806547783,1.1067565844647909,1.1800016290327555,57.50714285714279,84.0265,15.9735,65.3029,76.5594,92.0132,65.3029,81.0806,7.9867,HIGH,UPGRADE_OFACTOR_REQUIRED,False
2024-09-27,BALKRISIND,Automobile and Auto Components,LONG,28.2854,58.4625,30.1771,80.9239,ENTERABLE_TIER_B,TRIGGERED,97.2931,FULL,,,TRANSITION,LOW,3042.7,51.453828105321065,-61.06911447084244,1.058961297819977,0.8043106723918336,0.7079876488674948,72.85714285714286,84.0265,15.9735,94.2124,66.8667,84.5127,94.2124,76.9137,15.4873,MEDIUM,RESEARCH_ONLY_NO_STANDARD_TRADE,False
2024-09-27,SBICARD,Financial Services,LONG,28.3348,69.7957,41.4609,88.9208,ENTERABLE_TIER_B,TRIGGERED,97.2931,FULL,,,TRANSITION,LOW,786.3,56.83763756617096,-61.28078817733994,4.694279724750267,1.919386974671717,1.5149585408276562,17.235714285714284,84.0265,15.9735,98.2884,91.2971,66.3584,98.2884,63.564,33.6416,MEDIUM,UPGRADE_OFACTOR_REQUIRED,False
2024-09-27,ZFCVINDIA,OTHER,LONG,26.7408,63.0041,36.2633,76.2487,ENTERABLE_TIER_B,TRIGGERED,97.2931,FULL,,,TRANSITION,LOW,16317.8,52.51831019486836,-63.40865074241451,2.338978341166701,1.8680924920217232,0.7280101236650335,485.01071428571424,84.0265,15.9735,97.5489,53.2546,63.9603,97.5489,76.7263,36.0397,MEDIUM,RESEARCH_ONLY_NO_STANDARD_TRADE,False
2024-09-30,AMBER,OTHER,LONG,41.8595,66.0932,24.2337,71.8849,ENTERABLE_TIER_B,TRIGGERED,97.2931,FULL,,,SIDEWAYS,LOW,4809.1,58.66684929184764,-50.41322314049584,9.28716686581935,0.7662782890418105,2.03893316743469,251.48928571428567,68.9858,31.0142,40.0339,63.5611,58.4988,40.0339,93.7254,41.5012,LOW,UPGRADE_OFACTOR_REQUIRED,False
2024-09-30,ANGELONE,OTHER,LONG,8.2824,56.3418,48.0594,79.9645,ENTERABLE_TIER_B,TRIGGERED,97.2931,FULL,,,SIDEWAYS,LOW,2561.7,54.22787918705108,-41.07420055883273,3.667072211593121,1.3503494641990477,1.2520066355303991,100.03928571428564,68.9858,31.0142,71.5995,72.5308,58.4988,71.5995,81.4873,41.5012,LOW,RESEARCH_ONLY_NO_STANDARD_TRADE,False
2024-09-30,BALKRISIND,Automobile and Auto Components,LONG,29.5913,60.3559,30.7646,78.7434,ENTERABLE_TIER_B,TRIGGERED,97.2931,FULL,,,SIDEWAYS,LOW,3050.15,52.24161322555588,-58.113311331133104,1.2637278966866858,0.9936343290247988,0.6498105235364621,68.97142857142856,68.9858,31.0142,94.1618,62.2162,74.1286,94.1618,94.2875,25.8713,MEDIUM,RESEARCH_ONLY_NO_STANDARD_TRADE,False
2024-09-30,GODIGIT,OTHER,LONG,5.4682,48.1061,42.6379,77.991,ENTERABLE_TIER_B,TRIGGERED,97.2931,FULL,,,SIDEWAYS,LOW,376.7,54.22589805997846,-22.950819672131143,5.261083215957655,0.893517316744818,0.3619337051313767,16.13571428571428,68.9858,31.0142,87.0267,64.9225,58.4988,87.0267,91.0757,41.5012,LOW,RESEARCH_ONLY_NO_STANDARD_TRADE,False
2024-09-30,PIIND,Chemicals,LONG,27.1037,60.9229,33.8192,85.591,ENTERABLE_TIER_B,TRIGGERED,97.2931,FULL,,,SIDEWAYS,LOW,4655.75,59.13536256328359,-52.70078180525938,6.360438237773771,1.0503332227487,1.3160668753872953,105.4178571428571,68.9858,31.0142,85.2618,90.8934,84.4929,85.2618,75.2414,15.5071,MEDIUM,RESEARCH_ONLY_NO_STANDARD_TRADE,False
2024-10-01,AAVAS,OTHER,LONG,34.387,64.8417,30.4547,80.8236,ENTERABLE_TIER_B,TRIGGERED,97.2931,FULL,,,SIDEWAYS,LOW,1850.6,55.74522062377442,-54.167929675659366,4.554802486967737,1.0261912448338069,1.5834090896426298,54.95000000000003,67.0829,32.9171,85.0015,75.9418,61.9543,85.0015,86.3148,38.0457,MEDIUM,RESEARCH_ONLY_NO_STANDARD_TRADE,False
2024-10-01,APARINDS,Capital Goods,LONG,44.857,70.5516,25.6946,85.0392,ENTERABLE_TIER_B,TRIGGERED,97.2931,FULL,,,SIDEWAYS,LOW,9671.8,54.548832217783584,-73.61631454945739,7.2051295374926,0.8217122319835878,1.8119578522876385,378.5714285714283,67.0829,32.9171,96.8751,74.4513,70.4153,96.8751,95.8581,29.5847,MEDIUM,UPGRADE_OFACTOR_REQUIRED,False
2024-10-01,BALKRISIND,Automobile and Auto Components,LONG,22.7812,60.5896,37.8084,84.7547,ENTERABLE_TIER_B,TRIGGERED,97.2931,FULL,,,SIDEWAYS,LOW,3062.1,53.54385688357675,-51.54015401540164,1.6060394207799131,1.6593007587628017,0.6269767719324618,71.08928571428568,67.0829,32.9171,89.5062,81.9382,74.5811,89.5062,75.6081,25.4189,MEDIUM,RESEARCH_ONLY_NO_STANDARD_TRADE,False
2024-10-01,ULTRACEMCO,Construction Materials,LONG,21.8714,63.5138,41.6424,74.7164,ENTERABLE_TIER_B,TRIGGERED,98.5,FULL,,TRANSITION,SIDEWAYS,LOW,11837.15,56.35115920402697,-43.24110671936764,3.410515676772377,1.1338885061635071,1.024169891452075,214.6821428571429,67.0829,32.9171,58.1622,65.1764,69.8572,58.1622,90.5814,30.1427,MEDIUM,RESEARCH_ONLY_NO_STANDARD_TRADE,False
2024-10-03,KAJARIACER,OTHER,LONG,8.6852,49.2151,40.5299,83.6483,ENTERABLE_TIER_B,TRIGGERED,97.2931,FULL,,,SIDEWAYS,LOW,1474.3,53.4243394976262,-72.52518235498441,3.502018022262946,1.1548614255059706,1.3599273938074663,42.73928571428572,49.0193,50.9807,98.5688,91.2961,46.7283,98.5688,74.4029,53.2717,LOW,RESEARCH_ONLY_NO_STANDARD_TRADE,False
2024-10-03,PIDILITIND,Chemicals,LONG,20.0795,62.7178,42.6383,80.1729,ENTERABLE_TIER_B,TRIGGERED,98.5,FULL,,TRANSITION,SIDEWAYS,LOW,3299.8,56.20509290387886,-45.3721937770775,3.608924239091884,1.4120031439652494,1.3260643086542665,68.88214285714291,49.0193,50.9807,78.3713,65.274,71.9162,78.3713,85.947,28.0837,LOW,RESEARCH_ONLY_NO_STANDARD_TRADE,False
2024-10-03,ULTRACEMCO,Construction Materials,LONG,7.2893,52.3153,45.026,86.1696,ENTERABLE_TIER_B,TRIGGERED,98.5,FULL,,SIDEWAYS,SIDEWAYS,LOW,11724.8,51.945897891261566,-68.62077555426406,2.348819195359826,1.043675852323002,0.9083807568581532,216.4071428571429,49.0193,50.9807,95.3298,79.3537,58.2356,95.3298,62.0715,41.7644,LOW,RESEARCH_ONLY_NO_STANDARD_TRADE,False
2024-10-04,DIXON,Consumer Durables,LONG,26.4749,60.8576,34.3827,86.7371,ENTERABLE_TIER_B,TRIGGERED,97.2931,FULL,,,SIDEWAYS,LOW,13634.0,52.73071822464661,-59.689119170984455,7.718595218096993,0.8860917369419149,2.380903133158684,502.3607142857144,43.9117,56.0883,93.0412,83.3586,65.9776,93.0412,74.8468,34.0223,LOW,RESEARCH_ONLY_NO_STANDARD_TRADE,False
2024-10-04,INFY,Information Technology,LONG,5.1121,52.3959,47.2838,80.1619,ENTERABLE_TIER_B,TRIGGERED,98.5,FULL,,SIDEWAYS,SIDEWAYS,LOW,1918.15,55.078393476501496,-52.65858208955216,4.577517329392908,1.4624663617725338,0.3190929515957201,40.95714285714285,43.9117,56.0883,86.5103,68.6013,41.0808,86.5103,64.8901,58.9192,LOW,RESEARCH_ONLY_NO_STANDARD_TRADE,False
2024-10-08,TATAPOWER,Power,LONG,36.6959,66.9864,30.2905,83.4502,ENTERABLE_TIER_B,TRIGGERED,98.5,FULL,,UPWARD,SIDEWAYS,LOW,456.9,52.17303361614413,-59.25058548009374,3.263373615490089,1.1230475217008802,1.800410439647527,16.003571428571426,55.3986,44.6014,98.0942,56.7597,56.4172,98.0942,89.8773,43.5828,LOW,UPGRADE_OFACTOR_REQUIRED,False
2024-10-09,ACE,OTHER,LONG,30.8931,59.223,28.3299,78.3189,ENTERABLE_TIER_B,TRIGGERED,97.2931,FULL,,,SIDEWAYS,LOW,1355.45,51.76799672677421,-53.94282897979299,0.5741041084116195,0.9694689708550124,0.3296623509677186,47.85714285714285,51.5222,48.4778,96.305,52.8597,45.6806,96.305,96.2388,54.3194,LOW,RESEARCH_ONLY_NO_STANDARD_TRADE,False
2024-10-09,BALKRISIND,Automobile and Auto Components,LONG,24.0918,61.8281,37.7363,81.7254,ENTERABLE_TIER_B,TRIGGERED,97.2931,FULL,,,SIDEWAYS,LOW,3038.65,52.58089091988865,-31.0907643312102,1.2109642145135786,1.4771113519426804,-0.3637399861331701,100.36428571428569,51.5222,48.4778,99.6845,70.6469,65.2339,99.6845,91.5707,34.766,LOW,RESEARCH_ONLY_NO_STANDARD_TRADE,False
2024-10-09,BLUESTARCO,Consumer Durables,LONG,49.6136,72.9002,23.2866,78.8561,ENTERABLE_TIER_B,TRIGGERED,97.2931,FULL,,,SIDEWAYS,LOW,2009.0,55.78852028191319,-53.450210378681646,10.28893749296112,1.2587444822867255,3.151528995484341,105.09285714285718,51.5222,48.4778,80.2746,60.4731,66.8235,80.2746,88.2009,33.1765,LOW,UPGRADE_OFACTOR_REQUIRED,False
2024-10-09,CHALET,OTHER,LONG,11.9567,51.0398,39.0831,74.0166,ENTERABLE_TIER_B,TRIGGERED,97.2931,FULL,,,SIDEWAYS,LOW,890.6,55.57536101727519,-38.0796060730406,4.768903484759153,1.1866677099503546,0.6353031156972894,38.07857142857144,51.5222,48.4778,81.3193,71.3225,45.6806,81.3193,76.4697,54.3194,LOW,RESEARCH_ONLY_NO_STANDARD_TRADE,False
2024-10-09,ESCORTS,Capital Goods,LONG,42.25,69.2138,26.9638,85.0631,ENTERABLE_TIER_B,TRIGGERED,97.2931,FULL,,,SIDEWAYS,LOW,4045.1,51.90309520241405,-56.80303030303031,2.695195644846189,1.253065735604728,1.0058464654848052,166.23928571428556,51.5222,48.4778,98.5012,66.4339,70.3237,98.5012,92.6131,29.6763,LOW,UPGRADE_OFACTOR_REQUIRED,False
2024-10-09,INDHOTEL,Consumer Services,LONG,20.9739,60.6766,39.7027,85.1473,ENTERABLE_TIER_B,TRIGGERED,98.5,FULL,,TRANSITION,SIDEWAYS,LOW,693.65,55.66690089931936,-35.94902749832333,5.56644875613849,1.0894790183665044,0.6630668167051444,20.707142857142877,51.5222,48.4778,91.911,83.2908,52.2553,91.911,72.6664,47.7447,LOW,RESEARCH_ONLY_NO_STANDARD_TRADE,False
2024-10-09,MARUTI,Automobile and Auto Components,LONG,28.9321,62.4454,33.5133,82.0395,ENTERABLE_TIER_B,TRIGGERED,98.5,FULL,,UPWARD,SIDEWAYS,LOW,12760.7,53.29393634913143,-58.48717468638823,1.8435451973854955,0.8840253842033365,0.724800736024379,305.3464285714287,51.5222,48.4778,78.3197,71.1541,65.2339,78.3197,88.3018,34.766,LOW,RESEARCH_ONLY_NO_STANDARD_TRADE,False
2024-10-09,TATAPOWER,Power,LONG,28.6536,62.3381,33.6845,84.4391,ENTERABLE_TIER_B,TRIGGERED,98.5,FULL,,UPWARD,SIDEWAYS,LOW,460.85,53.98695832953227,-53.08352849336455,4.016654920407611,0.94525640990904,1.645574561045638,16.621428571428563,51.5222,48.4778,85.4305,80.1461,60.5418,85.4305,77.0176,39.4582,LOW,RESEARCH_ONLY_NO_STANDARD_TRADE,False
2024-10-09,TIINDIA,Automobile and Auto Components,LONG,31.1659,61.7776,30.6117,82.1981,ENTERABLE_TIER_B,TRIGGERED,97.2931,FULL,,,SIDEWAYS,LOW,4183.85,53.0662699188705,-50.95006206435586,2.440151250342762,0.9519374671881544,0.4650388572876289,179.39285714285705,51.5222,48.4778,79.6313,78.2043,65.2339,79.6313,71.7157,34.766,LOW,RESEARCH_ONLY_NO_STANDARD_TRADE,False
2024-10-09,TORNTPHARM,Healthcare,LONG,36.6766,70.0527,33.3761,67.3978,ENTERABLE_TIER_B,TRIGGERED,98.5,FULL,,TRANSITION,SIDEWAYS,LOW,3557.25,61.8354528112588,-12.40037071362366,7.700111787140699,1.5223950184992578,0.8494025446271899,101.47499999999988,51.5222,48.4778,22.5951,53.557,62.2796,22.5951,86.8145,37.7204,LOW,UPGRADE_OFACTOR_REQUIRED,False
2024-10-10,BALKRISIND,Automobile and Auto Components,LONG,11.5614,51.9304,40.369,82.642,ENTERABLE_TIER_B,TRIGGERED,97.2931,FULL,,,SIDEWAYS,LOW,3059.85,54.05995326758715,-25.46443736730367,1.854102837732912,0.9301534296152848,-0.1607469339407744,98.71071428571425,48.5807,51.4193,85.2397,83.0414,62.6691,85.2397,96.2922,37.3308,LOW,RESEARCH_ONLY_NO_STANDARD_TRADE,False
2024-10-10,HDFCAMC,Financial Services,LONG,15.0304,58.0131,42.9827,81.4578,ENTERABLE_TIER_B,TRIGGERED,97.2931,FULL,,,SIDEWAYS,LOW,4410.45,54.12992136533611,-29.603174603174644,3.1602751498592574,0.9919903541519628,-0.4025416897839472,118.44999999999996,48.5807,51.4193,76.8707,80.3461,47.6882,76.8707,88.8223,52.3118,LOW,RESEARCH_ONLY_NO_STANDARD_TRADE,False
2024-10-10,TATAPOWER,Power,LONG,22.7386,60.3986,37.66,80.8358,ENTERABLE_TIER_B,TRIGGERED,98.5,FULL,,TRANSITION,SIDEWAYS,LOW,465.65,56.16275592025431,-52.003561887800586,4.927420161662916,1.1964927251734343,1.5841883735181828,16.757142857142846,48.5807,51.4193,72.4197,77.4425,50.1647,72.4197,70.7587,49.8353,LOW,RESEARCH_ONLY_NO_STANDARD_TRADE,False
2024-10-10,TATASTEEL,Metals & Mining,LONG,25.4365,60.1241,34.6876,85.8999,ENTERABLE_TIER_B,TRIGGERED,98.5,FULL,,UPWARD,SIDEWAYS,LOW,159.72,51.20209001304141,-53.558627752176186,0.4819963023976347,0.7944858431573201,1.354896724033611,4.729285714285711,48.5807,51.4193,93.1843,73.6112,74.2904,93.1843,87.6514,25.7096,LOW,RESEARCH_ONLY_NO_STANDARD_TRADE,False
2024-10-11,LAURUSLABS,Healthcare,LONG,8.2801,57.889,49.6089,81.0251,ENTERABLE_TIER_B,TRIGGERED,97.2931,FULL,,,SIDEWAYS,LOW,474.15,54.75832557811599,-7.192118226601052,3.12217649655064,1.9359167708848428,-0.7401603275769449,13.60357142857142,51.5317,48.4683,72.6542,76.3297,56.0965,72.6542,89.2675,43.9035,LOW,RESEARCH_ONLY_NO_STANDARD_TRADE,False
2024-10-11,SAIL,Metals & Mining,LONG,29.6022,63.7427,34.1405,85.7012,ENTERABLE_TIER_B,TRIGGERED,97.2931,FULL,,,SIDEWAYS,LOW,134.03,50.20982791579237,-57.457627118644034,-1.8232634067592133,0.8823344860836977,-0.1120345721993482,5.140714285714286,51.5317,48.4683,95.3897,68.4091,75.7659,95.3897,91.5187,24.2341,LOW,RESEARCH_ONLY_NO_STANDARD_TRADE,False
2024-10-11,TATASTEEL,Metals & Mining,LONG,23.1577,59.5211,36.3634,86.6135,ENTERABLE_TIER_B,TRIGGERED,98.5,FULL,,UPWARD,SIDEWAYS,LOW,160.66,53.12761121432041,-54.77560414269282,1.0383787772574735,0.9256443657517094,1.2091829162084724,4.784999999999997,51.5317,48.4683,86.3811,87.7952,75.7659,86.3811,73.9185,24.2341,LOW,RESEARCH_ONLY_NO_STANDARD_TRADE,False
2024-10-14,CLEAN,OTHER,LONG,19.1638,55.4292,36.2654,70.7915,ENTERABLE_TIER_B,TRIGGERED,97.2931,FULL,,,SIDEWAYS,LOW,1587.45,55.50864477124474,-34.88731089842543,3.5588780520288013,0.9132419157611472,0.4174679061493452,50.93928571428574,41.4349,58.5651,64.6344,71.8096,41.3055,64.6344,93.2861,58.6945,LOW,RESEARCH_ONLY_NO_STANDARD_TRADE,False
2024-10-14,DOMS,OTHER,LONG,25.5346,55.8312,30.2966,66.4432,ENTERABLE_TIER_B,TRIGGERED,97.2931,FULL,,,SIDEWAYS,LOW,2789.9,58.94347525939892,-6.370757180156682,10.519204686855367,0.9812347220657348,0.935646664592489,115.95357142857128,41.4349,58.5651,41.6979,63.4854,41.3055,41.6979,91.5828,58.6945,LOW,RESEARCH_ONLY_NO_STANDARD_TRADE,False
2024-10-14,INDIAMART,OTHER,LONG,12.0712,57.0293,44.9581,76.3608,ENTERABLE_TIER_B,TRIGGERED,97.2931,FULL,,,SIDEWAYS,LOW,3030.0,55.12088067990616,-20.46783625730994,3.793816101910119,2.826842765742969,0.0586022372492674,94.83928571428564,41.4349,58.5651,58.4859,70.7505,41.3055,58.4859,70.4764,58.6945,LOW,RESEARCH_ONLY_NO_STANDARD_TRADE,False
2024-10-15,AJANTPHARM,Healthcare,LONG,11.1518,52.1149,40.9631,79.5198,ENTERABLE_TIER_B,TRIGGERED,97.2931,FULL,,,SIDEWAYS,LOW,3299.9,53.54913290439495,-43.26971795304841,7.934118625492046,0.8172589332309299,1.53291505582064,130.9392857142857,40.1685,59.8315,78.2406,83.962,51.6351,78.2406,86.2226,48.3649,LOW,RESEARCH_ONLY_NO_STANDARD_TRADE,False
2024-10-15,APOLLOHOSP,Healthcare,LONG,25.4281,63.8286,38.4005,75.8554,ENTERABLE_TIER_B,TRIGGERED,98.5,FULL,,SIDEWAYS,SIDEWAYS,LOW,7140.15,59.06874194946701,-29.98643147896885,4.624341907489776,0.9137418092262836,0.4685409410034679,152.98928571428567,40.1685,59.8315,58.0265,73.8152,51.6351,58.0265,97.3331,48.3649,LOW,RESEARCH_ONLY_NO_STANDARD_TRADE,False
2024-10-15,CESC,OTHER,LONG,11.5694,52.9329,41.3635,81.7899,ENTERABLE_TIER_B,TRIGGERED,97.2931,FULL,,,SIDEWAYS,LOW,194.2,52.48484601744656,-54.793289394847285,4.67692977338746,0.8680491851401734,-0.3584862525356825,8.189285714285713,40.1685,59.8315,94.6963,69.4235,43.3154,94.6963,90.3288,56.6846,LOW,RESEARCH_ONLY_NO_STANDARD_TRADE,False
2024-10-15,SOLARINDS,Chemicals,LONG,11.6657,53.134,41.4683,78.67,ENTERABLE_TIER_B,TRIGGERED,98.5,FULL,,TRANSITION,SIDEWAYS,LOW,11386.45,55.89574083904585,-41.55492957746471,4.7233843456481095,1.0936767546192028,0.9323787712286212,442.9857142857144,40.1685,59.8315,79.7484,76.5455,41.942,79.7484,86.3698,58.058,LOW,RESEARCH_ONLY_NO_STANDARD_TRADE,False
2024-10-15,SUPREMEIND,Capital Goods,LONG,18.293,53.5971,35.3041,83.3406,ENTERABLE_TIER_B,TRIGGERED,97.2931,FULL,,,SIDEWAYS,LOW,5348.7,50.43564796715385,-50.44711014176667,-0.1723781455227953,0.8946656663750377,-0.1618858333993002,179.14642857142857,40.1685,59.8315,99.9814,73.9431,63.5195,99.9814,89.2155,36.4805,LOW,RESEARCH_ONLY_NO_STANDARD_TRADE,False
2024-11-25,ASTERDM,OTHER,LONG,32.8875,66.1291,33.2416,80.4152,ENTERABLE_TIER_B,TRIGGERED,97.2931,FULL,,,SIDEWAYS,NORMAL,439.3,56.088667851009454,-50.46554934823092,4.488537867193093,1.7813682037448368,0.5371411250767747,10.921428571428564,42.7155,57.2845,86.4334,75.278,49.7526,86.4334,87.7305,50.2474,LOW,UPGRADE_OFACTOR_REQUIRED,False
2024-11-25,BEML,OTHER,LONG,17.8837,56.6929,38.8092,84.9274,ENTERABLE_TIER_B,TRIGGERED,97.2931,FULL,,,SIDEWAYS,NORMAL,3940.65,52.44011608883709,-57.1118881118881,0.7170272585066418,0.94315909060493,-0.4169800883989427,191.18571428571428,42.7155,57.2845,96.8791,86.2647,49.7526,96.8791,75.3015,50.2474,LOW,RESEARCH_ONLY_NO_STANDARD_TRADE,False
2024-11-25,KARURVYSYA,OTHER,LONG,31.1474,64.0546,32.9072,78.3571,ENTERABLE_TIER_B,TRIGGERED,97.2931,FULL,,,SIDEWAYS,NORMAL,222.45,54.35815258073688,-56.00387346675279,2.8043195410076724,1.2654949895389498,-0.0125522740172833,7.891428571428579,42.7155,57.2845,87.1379,67.9146,49.7526,87.1379,91.1296,50.2474,LOW,RESEARCH_ONLY_NO_STANDARD_TRADE,False
2024-11-25,WELCORP,OTHER,LONG,40.0867,71.0229,30.9362,74.079,ENTERABLE_TIER_B,TRIGGERED,97.2931,FULL,,,SIDEWAYS,NORMAL,747.05,56.53746525090075,-37.824831568816194,5.847958025320908,1.754134926493447,-0.3460063547654098,34.94642857142858,42.7155,57.2845,59.7002,65.6617,49.7526,59.7002,96.6234,50.2474,LOW,UPGRADE_OFACTOR_REQUIRED,False
2024-11-26,ANGELONE,OTHER,LONG,36.8211,73.4646,36.6435,73.0759,ENTERABLE_TIER_B,TRIGGERED,97.2931,FULL,,,SIDEWAYS,NORMAL,2909.2,56.35610426137092,-25.80487804878053,6.6418537824852,1.4095381556004938,-0.5042480972139542,121.79999999999995,43.0019,56.9981,61.0263,55.9606,55.3941,61.0263,90.5419,44.6059,LOW,UPGRADE_OFACTOR_REQUIRED,False
2024-11-26,ASTERDM,OTHER,LONG,8.7278,49.4896,40.7618,79.8822,ENTERABLE_TIER_B,TRIGGERED,97.2931,FULL,,,SIDEWAYS,NORMAL,439.85,56.46400624164648,-48.417132216014856,4.463693737937112,1.0213677348744237,0.5999140425453953,10.64285714285714,43.0019,56.9981,79.8456,84.0268,55.3941,79.8456,92.6711,44.6059,LOW,RESEARCH_ONLY_NO_STANDARD_TRADE,False
2024-11-26,BEML,OTHER,LONG,30.5205,68.7732,38.2527,82.6672,ENTERABLE_TIER_B,TRIGGERED,97.2931,FULL,,,SIDEWAYS,NORMAL,4015.25,55.62524437248661,-46.67832167832168,2.536907649516285,1.511410953363202,-0.097207351533252,196.28571428571425,43.0019,56.9981,76.3712,82.6376,55.3941,76.3712,79.0306,44.6059,LOW,UPGRADE_OFACTOR_REQUIRED,False
2024-12-02,MAXHEALTH,Healthcare,LONG,37.2938,68.5333,31.2395,80.6386,ENTERABLE_TIER_B,TRIGGERED,98.5,FULL,,TRANSITION,SIDEWAYS,LOW,1019.2,55.24580792587665,-42.29565217391301,4.871236657112248,0.8444162389930462,0.2761802160799974,43.00000000000001,47.7815,52.2185,94.8605,54.3721,56.0684,94.8605,96.5581,43.9316,LOW,UPGRADE_OFACTOR_REQUIRED,False
2024-12-02,MCX,Financial Services,LONG,13.9362,55.0649,41.1287,78.4859,ENTERABLE_TIER_B,TRIGGERED,97.2931,FULL,,,SIDEWAYS,LOW,6323.0,55.24007521231085,-23.81674757281554,6.694234759782252,0.9220042601486766,-0.3157426257205528,192.7178571428571,47.7815,52.2185,65.0638,75.5082,46.6264,65.0638,87.7645,53.3736,LOW,RESEARCH_ONLY_NO_STANDARD_TRADE,False
2024-12-02,MOTILALOFS,Financial Services,LONG,36.0439,70.3786,34.3347,77.7869,ENTERABLE_TIER_B,TRIGGERED,97.2931,FULL,,,SIDEWAYS,LOW,946.1,56.53515522629041,-44.88048519443453,6.896095741168823,1.073062149307611,0.8242854707147912,39.53214285714287,47.7815,52.2185,68.865,62.5621,46.6264,68.865,96.0538,53.3736,LOW,UPGRADE_OFACTOR_REQUIRED,False
2024-12-02,PAGEIND,Textiles,LONG,41.6224,76.1059,34.4835,75.6027,ENTERABLE_TIER_B,TRIGGERED,97.2931,FULL,,,SIDEWAYS,LOW,45864.95,57.18322392706488,-57.15787213363026,4.764451317402965,1.6098901779191996,0.6924003148395595,1138.2071428571414,47.7815,52.2185,54.9307,55.5476,72.4286,54.9307,80.0985,27.5714,LOW,WAIT_FOR_XFACTOR,False
2024-12-03,AEGISLOG,OTHER,LONG,27.7448,60.401,32.6562,75.7202,ENTERABLE_TIER_B,TRIGGERED,97.2931,FULL,,,SIDEWAYS,LOW,837.7,54.59377801765326,-47.64109985528218,5.719826257463817,1.1493281686466934,2.7668220576197275,41.73214285714287,58.6689,41.3311,67.559,70.5742,62.8881,67.559,92.9071,37.112,LOW,RESEARCH_ONLY_NO_STANDARD_TRADE,False
2024-12-03,APLAPOLLO,Capital Goods,LONG,41.3886,70.224,28.8354,66.6607,ENTERABLE_TIER_B,TRIGGERED,97.2931,FULL,,,SIDEWAYS,LOW,1556.8,60.20776778402492,-5.825825825825853,3.7444048889260255,1.193983585890445,-0.0829577973874112,53.042857142857166,58.6689,41.3311,22.5532,53.5319,69.5991,22.5532,92.6852,30.4008,LOW,UPGRADE_OFACTOR_REQUIRED,False
2024-12-03,BANKBARODA,Financial Services,LONG,28.3718,65.9807,37.6089,72.2889,ENTERABLE_TIER_B,TRIGGERED,98.5,FULL,,SIDEWAYS,SIDEWAYS,LOW,254.55,57.183924171934606,-14.637146371463684,2.8502017847357584,1.1444756663445612,0.0368891917696462,8.320714285714285,58.6689,41.3311,51.0499,64.5703,54.7337,51.0499,97.8367,45.2663,LOW,UPGRADE_OFACTOR_REQUIRED,False
2024-12-03,NH,OTHER,LONG,11.3216,56.9055,45.5839,80.1903,ENTERABLE_TIER_B,TRIGGERED,97.2931,FULL,,,SIDEWAYS,LOW,1271.3,53.18717681330774,-59.31372549019609,1.1605709536413464,2.208246905826385,0.2038000691277577,30.939285714285734,58.6689,41.3311,76.8202,79.0558,62.8881,76.8202,85.0029,37.112,LOW,RESEARCH_ONLY_NO_STANDARD_TRADE,False
2024-12-03,PAGEIND,Textiles,LONG,39.8677,76.0068,36.1391,75.4579,ENTERABLE_TIER_B,TRIGGERED,97.2931,FULL,,,SIDEWAYS,LOW,46143.25,58.687116013442605,-46.06805691672149,5.216856739743909,1.672130477157637,0.8156680398303928,1157.7785714285706,58.6689,41.3311,47.5665,62.7563,77.6451,47.5665,87.9407,22.3549,LOW,WAIT_FOR_XFACTOR,False
2024-12-03,USHAMART,OTHER,LONG,13.1884,53.0099,39.8215,79.936,ENTERABLE_TIER_B,TRIGGERED,97.2931,FULL,,,SIDEWAYS,LOW,393.75,51.59477834946387,-30.600461893764425,2.3858306733747345,1.1515701774241396,-0.746591862715644,14.932142857142862,58.6689,41.3311,94.5197,65.5776,62.8881,94.5197,96.6515,37.112,LOW,RESEARCH_ONLY_NO_STANDARD_TRADE,False
2024-12-03,UTIAMC,OTHER,LONG,4.5858,48.1559,43.5701,83.4003,ENTERABLE_TIER_B,TRIGGERED,97.2931,FULL,,,SIDEWAYS,LOW,1309.2,53.64943858773145,-61.94568580268125,4.713201863511194,1.2216139094700702,0.5852067422941921,47.375,58.6689,41.3311,94.8426,88.095,62.8881,94.8426,80.285,37.112,LOW,RESEARCH_ONLY_NO_STANDARD_TRADE,False
2024-12-05,COROMANDEL,Chemicals,LONG,28.1414,66.6013,38.4599,81.0536,ENTERABLE_TIER_B,TRIGGERED,97.2931,FULL,,,TRANSITION,LOW,1769.0,56.33393694868656,-40.27617951668586,4.416617317835882,1.4018754386324286,1.4992559912691945,43.9714285714286,74.7635,25.2365,81.181,79.3047,56.273,81.181,97.271,43.727,LOW,UPGRADE_OFACTOR_REQUIRED,False
2024-12-05,DOMS,OTHER,LONG,36.8957,66.2227,29.327,77.451,ENTERABLE_TIER_B,TRIGGERED,97.2931,FULL,,,TRANSITION,LOW,2902.15,54.46652916767983,-39.07664453832228,6.3957717135218255,1.2906770593508576,1.849787559517796,120.06785714285716,74.7635,25.2365,68.1277,76.6299,74.2372,68.1277,94.753,25.7628,MEDIUM,UPGRADE_OFACTOR_REQUIRED,False
2024-12-05,PPLPHARMA,OTHER,LONG,35.1733,65.4799,30.3066,72.3979,ENTERABLE_TIER_B,TRIGGERED,97.2931,FULL,,,TRANSITION,LOW,274.15,59.78999037695223,-24.49748743718594,13.911111092011623,0.8248325905566132,1.8582971003415376,12.089285714285715,74.7635,25.2365,35.0251,60.9572,74.2372,35.0251,83.1256,25.7628,LOW,UPGRADE_OFACTOR_REQUIRED,False
2024-12-05,UTIAMC,OTHER,LONG,27.6323,60.6023,32.97,77.1132,ENTERABLE_TIER_B,TRIGGERED,97.2931,FULL,,,TRANSITION,LOW,1328.15,56.67923071824757,-28.48893166506245,5.871208714685108,2.492675358857781,0.7154310435628958,40.142857142857146,74.7635,25.2365,60.2835,75.8363,74.2372,60.2835,70.5053,25.7628,LOW,RESEARCH_ONLY_NO_STANDARD_TRADE,False
2024-12-10,CRISIL,Financial Services,LONG,26.9131,59.2618,32.3487,74.4196,ENTERABLE_TIER_B,TRIGGERED,97.2931,FULL,,,SIDEWAYS,LOW,5421.05,56.40687758304146,-50.56997796723822,6.754053030096111,1.398112201688136,0.9133250286014466,199.42499999999987,64.1429,35.8571,75.1277,68.4292,69.207,75.1277,94.6045,30.793,MEDIUM,RESEARCH_ONLY_NO_STANDARD_TRADE,False
2024-12-10,OFSS,Information Technology,LONG,26.5344,64.2672,37.7328,71.0221,ENTERABLE_TIER_B,TRIGGERED,97.2931,FULL,,,SIDEWAYS,LOW,12245.25,57.29472581695755,-33.04461870542914,6.502198998723055,2.068519260764833,2.427049824038984,377.7785714285718,64.1429,35.8571,42.6242,60.7601,67.8182,42.6242,86.2618,32.1818,LOW,RESEARCH_ONLY_NO_STANDARD_TRADE,False
2024-12-11,SYNGENE,OTHER,LONG,25.3761,64.6587,39.2826,80.8174,ENTERABLE_TIER_B,TRIGGERED,97.2931,FULL,,,SIDEWAYS,LOW,904.75,52.24589480322982,-48.94829097283085,2.836173422848648,2.1068858998268354,0.7752766690908935,27.917857142857137,67.0337,32.9663,78.6278,60.2405,73.8362,78.6278,81.0874,26.1638,LOW,RESEARCH_ONLY_NO_STANDARD_TRADE,False
2024-12-12,COROMANDEL,Chemicals,LONG,11.7866,56.9246,45.138,79.5874,ENTERABLE_TIER_B,TRIGGERED,97.2931,FULL,,,SIDEWAYS,LOW,1778.6,57.169571216336415,-55.719557195572,4.257157370597104,1.3012098166067234,1.170027337914193,37.571428571428605,64.063,35.937,73.0247,82.5399,51.4742,73.0247,82.8593,48.5258,LOW,RESEARCH_ONLY_NO_STANDARD_TRADE,False
2024-12-13,BANKINDIA,Financial Services,LONG,26.6334,58.5705,31.9371,74.8905,ENTERABLE_TIER_B,TRIGGERED,97.2931,FULL,,,TRANSITION,LOW,113.05,54.19128179196195,-53.59712230215827,1.8748955095660504,0.8224037096306562,1.7749250699534913,3.5171428571428587,80.8739,19.1261,56.4324,63.1519,80.2147,56.4324,93.6312,19.7853,MEDIUM,RESEARCH_ONLY_NO_STANDARD_TRADE,False
2024-12-13,TEJASNET,OTHER,LONG,28.5129,61.6495,33.1366,83.4234,ENTERABLE_TIER_B,TRIGGERED,97.2931,FULL,,,TRANSITION,LOW,1326.95,52.42839130355758,-63.8163437236731,2.705912995025498,1.033416657615699,0.737567222713124,46.553571428571445,80.8739,19.1261,86.6176,69.9701,81.1785,86.6176,89.0878,18.8215,MEDIUM,RESEARCH_ONLY_NO_STANDARD_TRADE,False
2024-12-16,JYOTICNC,OTHER,LONG,58.6162,76.1677,17.5515,78.4509,ENTERABLE_TIER_B,TRIGGERED,97.2931,FULL,,,TRANSITION,LOW,1295.4,58.73688165906944,-56.62749385077884,8.99978011014895,1.264860429908303,3.278417212913576,52.48214285714288,89.2347,10.7653,62.6444,71.457,94.6174,62.6444,72.1048,5.3826,MEDIUM,QUALIFIED_FOR_INTRADAY_REVALIDATION,True
2024-12-16,NCC,OTHER,LONG,50.479,73.639,23.16,74.4928,ENTERABLE_TIER_B,TRIGGERED,97.2931,FULL,,,TRANSITION,LOW,308.75,54.60213850141872,-53.1531531531531,1.6951226646752833,0.9233939560411198,0.8782094503118126,8.950000000000001,89.2347,10.7653,46.0894,62.6816,94.6174,46.0894,95.9777,5.3826,MEDIUM,UPGRADE_OFACTOR_REQUIRED,False
2024-12-17,NYKAA,Consumer Services,LONG,29.9691,65.1693,35.2002,71.0732,ENTERABLE_TIER_B,TRIGGERED,97.2931,FULL,,,TRANSITION,LOW,176.37,54.89724126467507,-24.048338368580023,-1.616509805643847,2.3445086750013733,-0.9796653234406042,5.642142857142853,78.4462,21.5538,26.8304,56.0982,89.2231,26.8304,71.7838,10.7769,LOW,UPGRADE_OFACTOR_REQUIRED,False
2024-12-18,APARINDS,Capital Goods,LONG,41.3975,67.8939,26.4964,83.4832,ENTERABLE_TIER_B,TRIGGERED,97.2931,FULL,,,TRANSITION,LOW,10016.4,54.36360789399858,-66.06557377049185,3.796047997546467,0.9668223153716764,1.0962359316822952,311.02857142857164,76.4723,23.5277,80.8999,83.1848,88.2362,80.8999,85.7184,11.7638,HIGH,UPGRADE_OFACTOR_REQUIRED,False
2024-12-18,INDIGO,Services,LONG,25.4141,60.6053,35.1912,82.443,ENTERABLE_TIER_B,TRIGGERED,98.5,FULL,,UPWARD,TRANSITION,LOW,4390.35,54.85030062912565,-61.31782945736416,0.5833051729879997,0.7752631949754997,1.1445327815971724,72.07499999999989,76.4723,23.5277,72.968,79.8543,69.4965,72.968,86.4308,30.5035,MEDIUM,RESEARCH_ONLY_NO_STANDARD_TRADE,False
2024-12-18,J&KBANK,OTHER,LONG,39.604,69.4647,29.8607,81.8804,ENTERABLE_TIER_B,TRIGGERED,97.2931,FULL,,,TRANSITION,LOW,101.43,50.23960452108154,-60.41666666666661,-0.5945147426143071,1.6943864747012944,0.8909873473513468,3.037857142857143,76.4723,23.5277,93.1202,64.0536,88.2362,93.1202,93.8114,11.7638,MEDIUM,UPGRADE_OFACTOR_REQUIRED,False
2024-12-18,MEDANTA,Healthcare,LONG,31.0382,60.7727,29.7345,77.6067,ENTERABLE_TIER_B,TRIGGERED,97.2931,FULL,,,TRANSITION,LOW,1134.2,55.7104594546745,-46.22013317665488,2.7851642994156203,0.7583098081177729,0.9859794503999212,38.44285714285713,76.4723,23.5277,72.8341,72.7388,74.8879,72.8341,90.9996,25.1121,MEDIUM,RESEARCH_ONLY_NO_STANDARD_TRADE,False
2024-12-18,PPLPHARMA,OTHER,LONG,39.8207,71.2738,31.4531,81.1979,ENTERABLE_TIER_B,TRIGGERED,97.2931,FULL,,,TRANSITION,LOW,264.7,54.84358214887336,-50.459921156373184,8.060389085743001,1.4041584790024069,0.4662112582024966,12.842857142857142,76.4723,23.5277,64.3511,75.2392,88.2362,64.3511,83.4928,11.7638,LOW,UPGRADE_OFACTOR_REQUIRED,False
2024-12-19,AMBER,OTHER,LONG,27.5249,64.9066,37.3817,79.24,ENTERABLE_TIER_B,TRIGGERED,97.2931,FULL,,,SIDEWAYS,LOW,6093.4,55.3851786419272,-27.9250161603103,6.714010679459952,1.450225943325953,-0.1686480092961914,168.05714285714274,65.3496,34.6504,75.4816,48.0177,82.0207,75.4816,77.2458,17.9793,LOW,RESEARCH_ONLY_NO_STANDARD_TRADE,False
2024-12-19,CESC,OTHER,LONG,39.1705,64.0284,24.8579,80.17,ENTERABLE_TIER_B,TRIGGERED,97.2931,FULL,,,SIDEWAYS,LOW,186.97,51.72495099345682,-54.64285714285717,1.2514621156632513,0.7853826800871744,0.9418860898337096,6.656428571428571,65.3496,34.6504,76.6541,67.1896,82.0207,76.6541,92.0077,17.9793,MEDIUM,RESEARCH_ONLY_NO_STANDARD_TRADE,False
2024-12-19,GLAND,OTHER,LONG,16.2862,57.4168,41.1306,81.8324,ENTERABLE_TIER_B,TRIGGERED,97.2931,FULL,,,SIDEWAYS,LOW,1777.6,52.41356693460304,-62.15827338129503,0.39224413572061,1.2592435501986656,0.2164175470114219,51.57500000000003,65.3496,34.6504,88.5086,77.5085,82.0207,88.5086,86.9704,17.9793,MEDIUM,RESEARCH_ONLY_NO_STANDARD_TRADE,False
2024-12-19,INFY,Information Technology,LONG,24.9859,60.6445,35.6586,81.097,ENTERABLE_TIER_B,TRIGGERED,98.5,FULL,,UPWARD,SIDEWAYS,LOW,1946.2,55.06144246393489,-35.18248175182482,3.042335901919471,0.9371873180528522,1.522575389190096,36.82500000000001,65.3496,34.6504,69.6357,71.5411,77.5689,69.6357,85.2817,22.4311,MEDIUM,RESEARCH_ONLY_NO_STANDARD_TRADE,False
2024-12-19,VEDL,Metals & Mining,LONG,29.642,61.8461,32.2041,74.0975,ENTERABLE_TIER_B,TRIGGERED,98.5,FULL,,UPWARD,SIDEWAYS,LOW,492.3,55.18719552848072,-46.85598377281949,4.100997041281051,0.838381359620691,2.4729137435667057,14.928571428571423,65.3496,34.6504,49.2584,57.799,60.9,49.2584,96.7847,39.1,MEDIUM,RESEARCH_ONLY_NO_STANDARD_TRADE,False
2024-12-20,APOLLOTYRE,Automobile and Auto Components,LONG,22.5178,65.4807,42.9629,82.1318,ENTERABLE_TIER_B,TRIGGERED,97.2931,FULL,,,SIDEWAYS,NORMAL,531.95,55.81203254833903,-58.05330243337188,3.2704114008321,2.0492458920491905,1.6682145988357968,10.910714285714278,58.4797,41.5203,86.5423,78.7365,46.8239,86.5423,85.1522,53.1761,LOW,UPGRADE_OFACTOR_REQUIRED,False
2024-12-23,JSL,Metals & Mining,LONG,33.2274,66.1799,32.9525,82.4376,ENTERABLE_TIER_B,TRIGGERED,97.2931,FULL,,,SIDEWAYS,LOW,728.0,51.4710388369136,-65.5423883318141,0.7922805357667223,1.5145681351323348,1.199580010143749,20.935714285714287,44.639,55.361,96.7758,65.609,61.1411,96.7758,94.8414,38.859,LOW,UPGRADE_OFACTOR_REQUIRED,False
2024-12-23,JUBLINGREA,OTHER,LONG,47.4454,67.6896,20.2442,77.3864,ENTERABLE_TIER_B,TRIGGERED,97.2931,FULL,,,SIDEWAYS,LOW,800.7,54.55646877548848,-63.67069486404832,7.341494833112058,0.8788890512890835,2.6886542591045037,40.225000000000016,44.639,55.361,89.3889,52.169,68.1581,89.3889,90.9012,31.842,LOW,UPGRADE_OFACTOR_REQUIRED,False
2024-12-23,SHREECEM,Construction Materials,LONG,36.7401,73.2737,36.5336,82.112,ENTERABLE_TIER_B,TRIGGERED,98.5,FULL,,UPWARD,SIDEWAYS,LOW,27199.9,56.21334230078997,-63.42287631314732,4.453614485572014,1.8832957347463408,2.243911406749099,586.5178571428571,44.639,55.361,72.99,82.316,65.7734,72.99,87.448,34.2266,LOW,UPGRADE_OFACTOR_REQUIRED,False
2024-12-30,ABSLAMC,OTHER,LONG,15.7841,53.9762,38.1921,77.0789,ENTERABLE_TIER_B,TRIGGERED,97.2931,FULL,,,SIDEWAYS,LOW,837.8,55.91569124113276,-21.500000000000057,4.91530105724685,1.3670628867098376,-0.2141551196848123,25.228571428571424,40.6175,59.3825,80.8484,63.8505,51.1694,80.8484,90.1699,48.8306,LOW,RESEARCH_ONLY_NO_STANDARD_TRADE,False
2024-12-30,KEC,OTHER,LONG,44.4376,69.0844,24.6468,78.5908,ENTERABLE_TIER_B,TRIGGERED,97.2931,FULL,,,SIDEWAYS,LOW,1199.2,58.14194114794521,-54.59504825849761,11.378566289102611,1.1672678514220538,2.877104254884561,48.42142857142859,40.6175,59.3825,79.2069,60.1003,51.1694,79.2069,87.5675,48.8306,LOW,UPGRADE_OFACTOR_REQUIRED,False
2024-12-30,LODHA,Realty,LONG,39.3085,76.4868,37.1783,82.2899,ENTERABLE_TIER_B,TRIGGERED,98.5,FULL,,UPWARD,SIDEWAYS,LOW,1420.45,57.6061685838337,-67.91390728476819,7.796175577190545,2.252870153376451,2.8171977499499983,54.79999999999997,40.6175,59.3825,83.7591,65.6934,64.0165,83.7591,70.2555,35.9836,LOW,QUALIFIED_FOR_INTRADAY_REVALIDATION,True
2024-12-30,LTFOODS,OTHER,LONG,40.8742,67.4628,26.5886,73.8154,ENTERABLE_TIER_B,TRIGGERED,97.2931,FULL,,,SIDEWAYS,LOW,421.9,56.67817672348165,-54.39560439560446,6.7941070517326665,1.4074891178127469,1.0386275299925072,14.514285714285707,40.6175,59.3825,91.4337,49.1535,51.1694,91.4337,95.315,48.8306,LOW,UPGRADE_OFACTOR_REQUIRED,False
2024-12-30,SBFC,OTHER,LONG,17.9008,55.1149,37.2141,79.0357,ENTERABLE_TIER_B,TRIGGERED,97.2931,FULL,,,SIDEWAYS,LOW,89.37,55.03857741361278,-51.582549187339566,2.644842570312097,1.053506469114925,0.2581026173336695,3.0250000000000026,40.6175,59.3825,83.978,84.6612,51.1694,83.978,69.8512,48.8306,LOW,RESEARCH_ONLY_NO_STANDARD_TRADE,False
2025-01-02,CESC,OTHER,LONG,22.6122,61.9758,39.3636,81.576,ENTERABLE_TIER_B,TRIGGERED,97.2931,FULL,,,SIDEWAYS,LOW,189.32,56.65477584255329,-20.76788830715532,2.4252087963980804,1.0105977911762745,0.3221310878125138,4.805000000000001,40.8513,59.1487,88.5605,69.4485,52.4566,88.5605,90.2601,47.5434,LOW,RESEARCH_ONLY_NO_STANDARD_TRADE,False
2025-01-02,FACT,OTHER,LONG,16.3941,53.3288,36.9347,80.2071,ENTERABLE_TIER_B,TRIGGERED,97.2931,FULL,,,SIDEWAYS,LOW,1005.8,58.51539054814752,-46.86844471081812,6.647070981231109,0.8553537228943099,1.3079129124494735,41.27500000000002,40.8513,59.1487,75.7077,85.2211,52.4566,75.7077,85.2695,47.5434,LOW,RESEARCH_ONLY_NO_STANDARD_TRADE,False
2025-01-02,FEDERALBNK,Financial Services,LONG,19.1239,58.8969,39.773,78.8868,ENTERABLE_TIER_B,TRIGGERED,97.2931,FULL,,,SIDEWAYS,LOW,206.14,53.545870918798045,-34.74257011301807,2.023175920162236,1.115763932708659,-0.8604264130098691,5.3514285714285705,40.8513,59.1487,93.2666,50.8169,53.9327,93.2666,96.5617,46.0673,LOW,RESEARCH_ONLY_NO_STANDARD_TRADE,False
2025-01-02,JYOTICNC,OTHER,LONG,42.5635,69.7145,27.151,76.4118,ENTERABLE_TIER_B,TRIGGERED,97.2931,FULL,,,SIDEWAYS,LOW,1381.55,59.83577947282446,-46.97665518561042,10.864932038466456,0.8548958956290754,2.6010522674714767,66.54285714285716,40.8513,59.1487,62.568,75.0236,52.4566,62.568,93.1172,47.5434,LOW,UPGRADE_OFACTOR_REQUIRED,False
2025-02-04,MARICO,Fast Moving Consumer Goods,LONG,21.6774,59.6352,37.9578,78.1497,ENTERABLE_TIER_B,TRIGGERED,97.2931,FULL,,,SIDEWAYS,LOW,677.05,56.90979609251752,-65.40983606557378,3.517419310482889,0.7801858015769008,1.2045391028204808,20.667857142857144,51.102,48.898,69.2276,76.8723,45.943,69.2276,94.7745,54.057,LOW,RESEARCH_ONLY_NO_STANDARD_TRADE,False
2025-02-07,BHARTIARTL,Telecommunication,LONG,45.5011,72.7805,27.2794,71.1788,ENTERABLE_TIER_B,TRIGGERED,98.5,FULL,,TRANSITION,SIDEWAYS,LOW,1676.75,59.80013112355004,-23.105776444111,3.7683105787845994,2.800314666150432,0.7079915424242669,43.30000000000002,54.5683,45.4317,30.1424,58.0855,75.3052,30.1424,71.5473,24.6948,LOW,UPGRADE_OFACTOR_REQUIRED,False
2025-02-07,BSE,Financial Services,LONG,48.6694,76.4365,27.7671,75.7151,ENTERABLE_TIER_B,TRIGGERED,97.2931,FULL,,,SIDEWAYS,LOW,5726.1,55.37153286050963,-35.25567717693183,9.461265871062164,1.4763644008613923,0.8563566768274969,254.99999999999983,54.5683,45.4317,73.817,58.7451,56.4457,73.817,96.4549,43.5543,LOW,WAIT_FOR_XFACTOR,False
2025-02-10,BAJAJHLDNG,Financial Services,LONG,35.7337,65.2139,29.4802,78.7568,ENTERABLE_TIER_B,TRIGGERED,98.5,FULL,,UPWARD,SIDEWAYS,LOW,11523.2,53.21583696761296,-62.5283426936896,3.87557277476468,1.118882408295803,1.0240387933871558,458.9857142857145,60.6721,39.3279,65.6402,75.1931,63.16,65.6402,84.5921,36.8401,MEDIUM,UPGRADE_OFACTOR_REQUIRED,False
2025-02-11,JKCEMENT,Construction Materials,LONG,42.0547,67.7735,25.7188,76.0259,ENTERABLE_TIER_B,TRIGGERED,97.2931,FULL,,,SIDEWAYS,LOW,4823.05,55.22412105781724,-43.20875113947121,4.209024139270898,0.8596690527353107,1.42996800287624,166.16071428571422,46.2515,53.7485,74.622,74.7233,68.8029,74.622,95.7992,31.1972,LOW,UPGRADE_OFACTOR_REQUIRED,False
2025-03-18,UPL,Chemicals,LONG,33.3036,67.1957,33.8921,81.3163,ENTERABLE_TIER_B,TRIGGERED,97.2931,FULL,,,SIDEWAYS,LOW,635.2,57.26556764059684,-38.535309503051344,6.171793194102459,1.0371532367247898,0.6009184082704234,18.403571428571414,42.8684,57.1316,79.3156,73.8094,66.446,79.3156,96.6311,33.554,LOW,UPGRADE_OFACTOR_REQUIRED,False
2025-03-19,SAILIFE,OTHER,LONG,19.9675,58.8821,38.9146,82.0334,ENTERABLE_TIER_B,TRIGGERED,97.2931,FULL,,,SIDEWAYS,LOW,706.95,50.84261915584128,-63.826086956521685,-0.3568549291041927,1.3318387150308408,0.1575937514470433,34.72142857142859,49.2132,50.7868,89.6702,86.2333,58.6356,89.6702,80.358,41.3644,LOW,RESEARCH_ONLY_NO_STANDARD_TRADE,False
2025-03-20,BAJAJFINSV,Financial Services,LONG,12.388,55.9145,43.5265,85.566,ENTERABLE_TIER_B,TRIGGERED,98.5,FULL,,SIDEWAYS,SIDEWAYS,LOW,1851.85,53.82849090881882,-36.44385026737973,3.556805151921661,1.1286776475091724,0.5918337278261387,53.3392857142857,58.3898,41.6102,95.8817,71.6907,64.216,95.8817,97.6378,35.784,LOW,RESEARCH_ONLY_NO_STANDARD_TRADE,False
2025-03-20,SAILIFE,OTHER,LONG,40.1395,67.2788,27.1393,75.2789,ENTERABLE_TIER_B,TRIGGERED,97.2931,FULL,,,SIDEWAYS,LOW,722.15,55.103383719006885,-46.20289855072466,1.726960523916237,0.991634979363861,0.3670795989978644,32.107142857142875,58.3898,41.6102,62.5473,76.4538,65.8827,62.5473,92.7119,34.1173,LOW,UPGRADE_OFACTOR_REQUIRED,False
2025-03-21,ASHOKLEY,Capital Goods,LONG,15.5216,55.9686,40.447,83.6936,ENTERABLE_TIER_B,TRIGGERED,97.2931,FULL,,,SIDEWAYS,LOW,210.84,51.8029024274016,-32.78381416260772,-1.0709436860352588,0.9761642636263356,-1.2723959754322445,6.165,64.7125,35.2875,95.7015,64.1849,81.2311,95.7015,90.5272,18.7689,LOW,RESEARCH_ONLY_NO_STANDARD_TRADE,False
2025-03-24,POWERINDIA,Capital Goods,LONG,33.6937,65.1922,31.4985,87.9238,ENTERABLE_TIER_B,TRIGGERED,97.2931,FULL,,,TRANSITION,LOW,12255.15,51.57971014264956,-68.54233870967744,-0.2672619336148225,0.8667537527093861,0.2905130641376185,647.1214285714286,76.3613,23.6387,90.8459,93.5128,83.4303,90.8459,82.7019,16.5697,LOW,UPGRADE_OFACTOR_REQUIRED,False
2025-03-27,BERGEPAINT,Consumer Durables,LONG,7.6716,49.8211,42.1495,79.9762,ENTERABLE_TIER_B,TRIGGERED,97.2931,FULL,,,TRANSITION,LOW,501.75,53.2604740900941,-31.50851581508525,2.135001507985827,0.7944938481982783,0.9102007465718256,13.482142857142858,88.3757,11.6243,82.6684,85.9073,68.2324,82.6684,90.3576,31.7676,LOW,RESEARCH_ONLY_NO_STANDARD_TRADE,False
2025-03-27,CIPLA,Healthcare,LONG,18.6174,58.9714,40.354,78.2093,ENTERABLE_TIER_B,TRIGGERED,98.5,FULL,,SIDEWAYS,TRANSITION,LOW,1482.9,51.795443192225406,-53.573264781490906,0.6091623753763267,1.3021718891493743,0.8477976758846651,24.59999999999999,88.3757,11.6243,58.7127,66.6667,82.6719,58.7127,90.0813,17.3281,MEDIUM,RESEARCH_ONLY_NO_STANDARD_TRADE,False
2025-03-27,REDINGTON,OTHER,LONG,17.1931,55.7225,38.5294,79.3874,ENTERABLE_TIER_B,TRIGGERED,97.2931,FULL,,,TRANSITION,LOW,243.58,54.67212240654133,-40.52401746724888,7.046624877876161,0.8722851173664375,0.9424805596896224,11.770714285714286,88.3757,11.6243,65.0007,77.8093,76.5661,65.0007,59.4927,23.4338,LOW,RESEARCH_ONLY_NO_STANDARD_TRADE,False
2025-03-27,SARDAEN,OTHER,LONG,37.5729,64.7671,27.1942,82.4954,ENTERABLE_TIER_B,TRIGGERED,97.2931,FULL,,,TRANSITION,LOW,506.55,51.77608893394352,-57.15720743345052,5.154361171122343,1.0909730151693453,2.233011170031032,29.321428571428584,88.3757,11.6243,93.8896,66.8502,76.5661,93.8896,94.2022,23.4338,LOW,RESEARCH_ONLY_NO_STANDARD_TRADE,False
2025-03-27,SRF,Chemicals,LONG,48.7063,73.5752,24.8689,80.4721,ENTERABLE_TIER_B,TRIGGERED,97.2931,FULL,,,TRANSITION,LOW,2946.45,55.6248870184947,-43.97810218978115,6.601040384383215,1.1391994491054516,1.6297374041719228,78.2071428571428,88.3757,11.6243,83.094,65.016,94.1878,83.094,93.5811,5.8121,MEDIUM,UPGRADE_OFACTOR_REQUIRED,False
2025-03-28,LINDEINDIA,Chemicals,LONG,17.6979,54.9139,37.216,77.9797,ENTERABLE_TIER_B,TRIGGERED,97.2931,FULL,,,TRANSITION,LOW,6257.4,53.08679582036345,-50.1350774918243,0.3735239503749668,1.139798127409805,0.9706046956738112,208.8107142857143,85.9167,14.0833,66.8448,77.5107,92.9583,66.8448,74.599,7.0416,MEDIUM,RESEARCH_ONLY_NO_STANDARD_TRADE,False
2025-04-02,CARTRADE,OTHER,LONG,46.4379,72.6762,26.2383,85.1569,ENTERABLE_TIER_B,TRIGGERED,97.2931,FULL,,,UPWARD,LOW,1648.2,52.39560069692818,-65.47926580557443,5.714209317649237,1.298583452784689,1.697334044003477,92.27500000000002,95.4865,4.5135,86.869,74.7711,97.7433,86.869,79.7128,2.2567,LOW,UPGRADE_OFACTOR_REQUIRED,False
2025-04-02,JINDALSTEL,Metals & Mining,LONG,33.7407,69.0005,35.2598,87.1275,ENTERABLE_TIER_B,TRIGGERED,98.5,FULL,,UPWARD,UPWARD,LOW,909.55,54.69682973176408,-54.98392282958203,1.7892876999665777,0.9807408418093688,1.0991706544313993,21.400000000000016,95.4865,4.5135,92.4377,75.6075,97.7433,92.4377,95.9813,2.2567,HIGH,UPGRADE_OFACTOR_REQUIRED,False
2025-04-02,RECLTD,Financial Services,LONG,44.5424,69.9485,25.4061,76.4145,ENTERABLE_TIER_B,TRIGGERED,98.5,FULL,,UPWARD,UPWARD,LOW,424.55,52.0339100219026,-45.44642857142856,-2.581951026661226,0.8524302589131159,0.980040009097962,13.017857142857148,95.4865,4.5135,64.6383,53.7558,93.7306,64.6383,96.7737,6.2693,MEDIUM,UPGRADE_OFACTOR_REQUIRED,False
2025-04-03,BEL,Capital Goods,LONG,44.9307,69.8175,24.8868,88.6772,ENTERABLE_TIER_B,TRIGGERED,98.5,FULL,,UPWARD,UPWARD,LOW,287.5,52.90639998589368,-59.38375350140052,2.4605118958204586,0.8270029860572793,2.1474748468007143,8.575714285714286,92.6023,7.3977,97.9943,77.1448,96.3012,97.9943,96.5017,3.6989,HIGH,UPGRADE_OFACTOR_REQUIRED,False
2025-04-03,CARTRADE,OTHER,LONG,42.9017,68.3832,25.4815,81.1352,ENTERABLE_TIER_B,TRIGGERED,97.2931,FULL,,,UPWARD,LOW,1679.1,55.01156948872932,-57.29493653609939,7.429404241061827,0.78602047702959,1.6688562615307427,93.01071428571431,92.6023,7.3977,69.5035,81.0559,96.3012,69.5035,81.1635,3.6989,LOW,UPGRADE_OFACTOR_REQUIRED,False
2025-04-03,RECLTD,Financial Services,LONG,37.1419,67.1084,29.9665,82.7435,ENTERABLE_TIER_B,TRIGGERED,98.5,FULL,,UPWARD,UPWARD,LOW,425.45,52.4192240086765,-51.19916579770597,-2.3005712298084893,0.924433609961846,0.9306031230943832,13.182142857142862,92.6023,7.3977,70.2754,74.3593,96.3012,70.2754,81.4901,3.6989,MEDIUM,UPGRADE_OFACTOR_REQUIRED,False
2025-04-04,BAJFINANCE,Financial Services,LONG,30.38,65.3372,34.9572,86.5367,ENTERABLE_TIER_B,TRIGGERED,98.5,FULL,,SIDEWAYS,TRANSITION,LOW,8718.85,53.37251586558872,-61.91865453921393,5.551364596562541,1.4374508553481429,1.2903126524746833,241.51785714285717,81.0123,18.9877,89.9276,77.6331,86.3763,89.9276,87.0569,13.6238,HIGH,UPGRADE_OFACTOR_REQUIRED,False
2025-04-07,BANKINDIA,Financial Services,LONG,16.1669,53.7821,37.6152,77.7307,ENTERABLE_TIER_B,TRIGGERED,97.2931,FULL,,,SIDEWAYS,HIGH,105.77,52.151792824368194,-53.477321814254886,2.169536090054174,1.0115557539044266,2.725701199279629,4.614999999999999,43.4452,56.5548,65.511,75.9913,55.7959,65.511,76.4247,44.2041,LOW,RESEARCH_ONLY_NO_STANDARD_TRADE,False
2025-04-07,BPCL,Oil Gas & Consumable Fuels,LONG,16.6521,55.9288,39.2767,80.7683,ENTERABLE_TIER_B,TRIGGERED,98.5,FULL,,UPWARD,SIDEWAYS,HIGH,273.7,52.37463023961613,-60.79027355623101,0.6430159109318055,0.927785592573288,2.08243508552093,9.819999999999997,43.4452,56.5548,92.7325,52.3422,53.8591,92.7325,78.0041,46.1409,LOW,RESEARCH_ONLY_NO_STANDARD_TRADE,False
2025-04-07,FEDERALBNK,Financial Services,LONG,12.8207,57.2604,44.4397,76.7669,ENTERABLE_TIER_B,TRIGGERED,97.2931,FULL,,,SIDEWAYS,HIGH,190.81,54.2545338833449,-39.78354978354978,1.2717533328260473,1.659111450673338,1.5368472155602946,5.3707142857142856,43.4452,56.5548,58.2178,67.9745,55.7959,58.2178,81.306,44.2041,LOW,RESEARCH_ONLY_NO_STANDARD_TRADE,False
2025-04-07,FORCEMOT,OTHER,LONG,18.4642,57.0359,38.5717,79.2482,ENTERABLE_TIER_B,TRIGGERED,97.2931,FULL,,,SIDEWAYS,HIGH,8345.2,54.52365742762024,-46.78243760559463,10.9829233984233,1.242137753398649,5.884513651766265,443.9285714285716,43.4452,56.5548,81.6975,73.4011,48.3748,81.6975,93.8098,51.6252,LOW,RESEARCH_ONLY_NO_STANDARD_TRADE,False
2025-04-07,HDFCLIFE,Financial Services,LONG,14.0131,56.4428,42.4297,82.6778,ENTERABLE_TIER_B,TRIGGERED,98.5,FULL,,UPWARD,SIDEWAYS,HIGH,665.95,52.96938672118849,-49.31129476584015,2.745557020095929,1.3238761948987063,2.2867597492036444,17.117857142857133,43.4452,56.5548,87.9755,66.7014,55.7959,87.9755,67.1688,44.2041,LOW,RESEARCH_ONLY_NO_STANDARD_TRADE,False
2025-04-07,HINDPETRO,Oil Gas & Consumable Fuels,LONG,13.9684,58.398,44.4296,79.0486,ENTERABLE_TIER_B,TRIGGERED,97.2931,FULL,,,SIDEWAYS,HIGH,352.8,55.34514895232212,-42.9305912596401,1.1632253127723415,2.224454486185655,2.2070379279951946,15.496428571428565,43.4452,56.5548,67.0031,70.832,53.8591,67.0031,63.4755,46.1409,LOW,RESEARCH_ONLY_NO_STANDARD_TRADE,False
2025-04-07,MANAPPURAM,OTHER,LONG,17.892,57.1465,39.2545,80.1809,ENTERABLE_TIER_B,TRIGGERED,97.2931,FULL,,,SIDEWAYS,HIGH,225.6,55.8538340591521,-55.13784461152881,8.625584005999857,0.879709726906547,3.51093087109961,8.210714285714287,43.4452,56.5548,75.0692,69.7468,48.3748,75.0692,79.003,51.6252,LOW,RESEARCH_ONLY_NO_STANDARD_TRADE,False
2025-04-07,NYKAA,Consumer Services,LONG,3.8146,51.0848,47.2702,80.6406,ENTERABLE_TIER_B,TRIGGERED,97.2931,FULL,,,SIDEWAYS,HIGH,171.3,49.77087301769716,-56.087936865839815,0.395776701593417,1.5997797956108375,1.5556495859949215,5.0978571428571415,43.4452,56.5548,92.7355,58.1785,55.4535,92.7355,79.6777,44.5465,LOW,RESEARCH_ONLY_NO_STANDARD_TRADE,False
2025-04-07,RBLBANK,OTHER,LONG,15.3821,52.5074,37.1253,79.4193,ENTERABLE_TIER_B,TRIGGERED,97.2931,FULL,,,SIDEWAYS,HIGH,169.76,52.02220749501323,-45.88989441930622,2.2621484563304715,0.830616884560052,2.1385353479218616,7.045000000000004,43.4452,56.5548,82.1859,69.6238,48.3748,82.1859,94.0951,51.6252,LOW,RESEARCH_ONLY_NO_STANDARD_TRADE,False
2025-04-08,AXISBANK,Financial Services,LONG,36.5897,67.4036,30.8139,81.0225,ENTERABLE_TIER_B,TRIGGERED,98.5,FULL,,TRANSITION,SIDEWAYS,HIGH,1077.85,55.09667255807834,-50.08228195282506,2.2926973622264795,1.3206275281013398,1.3834027229291432,26.43571428571429,49.6729,50.3271,71.2321,73.445,66.5622,71.2321,89.257,33.4378,LOW,UPGRADE_OFACTOR_REQUIRED,False
2025-04-08,BAJAJFINSV,Financial Services,LONG,32.6766,65.6371,32.9605,83.8993,ENTERABLE_TIER_B,TRIGGERED,98.5,FULL,,TRANSITION,SIDEWAYS,HIGH,1903.2,52.59338552077812,-57.1428571428571,3.859407606130378,1.192308090068137,1.1448792991772565,53.5,49.6729,50.3271,82.4673,77.9439,66.5622,82.4673,76.972,33.4378,LOW,UPGRADE_OFACTOR_REQUIRED,False
2025-04-08,BAJFINANCE,Financial Services,LONG,40.6324,71.3065,30.6741,81.1093,ENTERABLE_TIER_B,TRIGGERED,98.5,FULL,,TRANSITION,SIDEWAYS,HIGH,8822.25,55.93721463144899,-45.94396054150482,6.445749050347911,1.0841884696354505,1.0373747474430708,260.69999999999993,49.6729,50.3271,71.5778,73.5712,66.5622,71.5778,92.2133,33.4378,LOW,UPGRADE_OFACTOR_REQUIRED,False
2025-04-08,GPIL,OTHER,LONG,32.5521,62.3185,29.7664,75.3103,ENTERABLE_TIER_B,TRIGGERED,97.2931,FULL,,,SIDEWAYS,HIGH,189.36,53.47751641967052,-48.83832335329338,-3.2281604004564897,1.198882059709745,2.4135477717521807,10.759285714285712,49.6729,50.3271,65.6978,68.9199,51.1184,65.6978,93.9029,48.8816,LOW,RESEARCH_ONLY_NO_STANDARD_TRADE,False
2025-04-08,HDFCBANK,Financial Services,LONG,22.6116,63.9109,41.2993,86.217,ENTERABLE_TIER_B,TRIGGERED,98.5,FULL,,TRANSITION,SIDEWAYS,HIGH,1769.15,51.81928833788063,-66.86098654708516,1.699941621563683,1.4596734534065048,1.138279807848856,37.33214285714291,49.6729,50.3271,92.7542,79.8029,66.5622,92.7542,86.2317,33.4378,LOW,RESEARCH_ONLY_NO_STANDARD_TRADE,False
2025-04-08,IDBI,OTHER,LONG,34.0235,61.9406,27.9171,80.2065,ENTERABLE_TIER_B,TRIGGERED,97.2931,FULL,,,SIDEWAYS,HIGH,76.97,51.9622036003351,-50.88932806324114,0.8452135938568168,1.1067086896497835,1.1411420022839074,3.300714285714286,49.6729,50.3271,86.2252,73.3391,51.1184,86.2252,92.3653,48.8816,LOW,RESEARCH_ONLY_NO_STANDARD_TRADE,False
2025-04-08,KPRMILL,Textiles,LONG,29.2722,62.4812,33.209,82.5661,ENTERABLE_TIER_B,TRIGGERED,97.2931,FULL,,,SIDEWAYS,HIGH,926.65,52.74770665800203,-61.914285714285725,1.6143051701971776,1.1732423375540288,1.7325957575528077,44.11785714285712,49.6729,50.3271,88.1341,86.7627,68.8178,88.1341,79.6908,31.1822,LOW,RESEARCH_ONLY_NO_STANDARD_TRADE,False
2025-04-08,MEDANTA,Healthcare,LONG,14.5548,52.5625,38.0077,77.54,ENTERABLE_TIER_B,TRIGGERED,97.2931,FULL,,,SIDEWAYS,HIGH,1238.1,54.84777859662338,-14.856289660321078,5.667843083479733,1.179050807251967,1.1864568155436812,52.52500000000004,49.6729,50.3271,75.5069,84.198,51.2839,75.5069,83.3222,48.7161,LOW,RESEARCH_ONLY_NO_STANDARD_TRADE,False
2025-04-08,RADICO,Fast Moving Consumer Goods,LONG,40.1874,66.7023,26.5149,76.952,ENTERABLE_TIER_B,TRIGGERED,97.2931,FULL,,,SIDEWAYS,HIGH,2323.3,54.51640908904099,-52.77671390271918,3.146366520196956,1.1801577722133376,1.7425424563158216,87.98571428571427,49.6729,50.3271,76.0075,65.8354,73.0113,76.0075,88.3163,26.9887,LOW,UPGRADE_OFACTOR_REQUIRED,False
2025-04-08,SUNDARMFIN,Financial Services,LONG,41.3961,67.2409,25.8448,78.117,ENTERABLE_TIER_B,TRIGGERED,97.2931,FULL,,,SIDEWAYS,HIGH,4689.9,53.61124529530416,-51.21005482016315,2.473346533127297,0.7676315791961594,-0.0619139923806444,187.3285714285714,49.6729,50.3271,84.6144,60.7321,66.5622,84.6144,92.5051,33.4378,LOW,UPGRADE_OFACTOR_REQUIRED,False
2025-04-09,ITC,Fast Moving Consumer Goods,LONG,23.4742,64.9448,41.4706,71.7759,ENTERABLE_TIER_B,TRIGGERED,98.5,FULL,,TRANSITION,SIDEWAYS,HIGH,416.3,57.736166763053085,-9.515570934256044,-1.1474816688493117,1.4349282918107376,-0.0707252431143476,7.392857142857147,44.3336,55.6664,32.9082,59.7449,72.1668,32.9082,85.1208,27.8332,LOW,RESEARCH_ONLY_NO_STANDARD_TRADE,False
2025-04-09,SAREGAMA,OTHER,LONG,22.8041,57.2557,34.4516,76.7195,ENTERABLE_TIER_B,TRIGGERED,97.2931,FULL,,,SIDEWAYS,HIGH,512.35,54.61403290370923,-27.78894472361807,1.9914496897265292,1.550247995734763,0.5056958967253908,24.092857142857145,44.3336,55.6664,76.6044,76.3415,40.6008,76.6044,87.7972,59.3992,LOW,RESEARCH_ONLY_NO_STANDARD_TRADE,False
2025-04-09,SUNDARMFIN,Financial Services,LONG,42.7595,69.8622,27.1027,77.531,ENTERABLE_TIER_B,TRIGGERED,97.2931,FULL,,,SIDEWAYS,HIGH,4753.35,56.086060833049785,-42.72630030752767,3.730564152939699,0.9254303380496908,0.1898504409049086,187.56071428571423,44.3336,55.6664,68.2823,74.9948,61.7403,68.2823,95.6387,38.2597,LOW,UPGRADE_OFACTOR_REQUIRED,False
2025-04-11,ADANIPORTS,Services,LONG,32.1434,68.8616,36.7182,88.9765,ENTERABLE_TIER_B,TRIGGERED,98.5,FULL,,SIDEWAYS,SIDEWAYS,HIGH,1164.55,53.031947799008535,-27.82991202346044,0.9283034996597992,1.7598239621154463,0.4485508165223001,39.85357142857141,63.663,36.337,99.4605,83.3892,81.8315,99.4605,94.2289,18.1685,MEDIUM,UPGRADE_OFACTOR_REQUIRED,False
2025-04-11,APLAPOLLO,Capital Goods,LONG,25.0577,58.7463,33.6886,77.1826,ENTERABLE_TIER_B,TRIGGERED,97.2931,FULL,,,SIDEWAYS,HIGH,1517.35,54.31488739329353,-31.405200116856584,2.3344141796120392,0.9298239957709952,0.7832936010638218,51.81071428571428,63.663,36.337,65.5412,78.9233,47.52,65.5412,87.9176,52.48,LOW,RESEARCH_ONLY_NO_STANDARD_TRADE,False
2025-04-11,COALINDIA,Oil Gas & Consumable Fuels,LONG,42.5933,69.2328,26.6395,85.5955,ENTERABLE_TIER_B,TRIGGERED,98.5,FULL,,TRANSITION,SIDEWAYS,HIGH,392.1,53.93740835535554,-35.304659498207855,1.3101619472017518,0.9860919547632252,0.4094472305004247,11.707142857142856,63.663,36.337,96.626,66.0037,77.8421,96.626,97.6083,22.1579,MEDIUM,UPGRADE_OFACTOR_REQUIRED,False
2025-04-11,COCHINSHIP,Capital Goods,LONG,18.5268,55.6203,37.0935,85.8836,ENTERABLE_TIER_B,TRIGGERED,97.2931,FULL,,,SIDEWAYS,HIGH,1401.0,52.138001190980354,-40.27754273142663,-2.526394056832894,0.837753670511405,0.6185266991212116,72.14642857142857,63.663,36.337,95.322,88.6342,47.52,95.322,77.6566,52.48,LOW,RESEARCH_ONLY_NO_STANDARD_TRADE,False
2025-04-11,ERIS,OTHER,LONG,40.4802,64.3251,23.8449,73.7208,ENTERABLE_TIER_B,TRIGGERED,97.2931,FULL,,,SIDEWAYS,HIGH,1384.8,57.44929364690872,-13.581730769230784,5.388728607286112,0.8609326847430261,1.295859423730802,82.45357142857141,63.663,36.337,64.5477,70.9897,66.0457,64.5477,94.033,33.9543,LOW,RESEARCH_ONLY_NO_STANDARD_TRADE,False
2025-04-11,KIMS,OTHER,LONG,44.3534,69.524,25.1706,77.1431,ENTERABLE_TIER_B,TRIGGERED,97.2931,FULL,,,SIDEWAYS,HIGH,616.75,56.78676451348071,-36.552217453505,2.3188862269767383,0.8451220084613525,1.272486957508956,33.65,63.663,36.337,70.6736,74.4428,66.0457,70.6736,94.3536,33.9543,LOW,UPGRADE_OFACTOR_REQUIRED,False
2025-04-11,KOTAKBANK,Financial Services,LONG,52.892,74.9784,22.0864,77.8474,ENTERABLE_TIER_B,TRIGGERED,98.5,FULL,,UPWARD,SIDEWAYS,HIGH,2111.2,57.61092029049212,-45.26524541398124,6.369209371703028,1.006851913661725,1.5257124636517447,53.52500000000001,63.663,36.337,70.095,60.6165,78.5827,70.095,78.851,21.4174,MEDIUM,QUALIFIED_FOR_INTRADAY_REVALIDATION,True
2025-04-11,MSUMI,OTHER,LONG,22.5204,56.2303,33.7099,76.7926,ENTERABLE_TIER_B,TRIGGERED,97.2931,FULL,,,SIDEWAYS,HIGH,52.92,54.30723101789114,-43.403441682600366,-0.8568012534845993,0.7623820967369032,-0.1038341940829025,2.0407142857142877,63.663,36.337,77.6222,72.5586,66.0457,77.6222,94.3157,33.9543,MEDIUM,RESEARCH_ONLY_NO_STANDARD_TRADE,False
2025-04-11,PCBL,OTHER,LONG,42.3602,66.3123,23.9521,79.8646,ENTERABLE_TIER_B,TRIGGERED,97.2931,FULL,,,SIDEWAYS,HIGH,414.6,54.398334177317686,-35.99269183922042,3.052825077211697,0.8203317464750035,1.4050336399252186,21.21071428571428,63.663,36.337,78.0457,76.2384,66.0457,78.0457,94.5311,33.9543,LOW,UPGRADE_OFACTOR_REQUIRED,False
2025-04-11,PPLPHARMA,OTHER,LONG,35.7893,65.6691,29.8798,85.0103,ENTERABLE_TIER_B,TRIGGERED,97.2931,FULL,,,SIDEWAYS,HIGH,219.83,51.87647656703096,-39.36626281453865,-0.0562145589275046,0.9702353145721392,0.9309212944638446,12.642142857142856,63.663,36.337,92.9785,76.3331,66.0457,92.9785,90.6029,33.9543,LOW,UPGRADE_OFACTOR_REQUIRED,False
2025-04-11,UPL,Chemicals,LONG,40.4535,66.749,26.2955,82.3861,ENTERABLE_TIER_B,TRIGGERED,97.2931,FULL,,,SIDEWAYS,HIGH,638.85,52.76527653821243,-39.3571861734384,3.8129717539005807,0.9070253960966772,0.1237174255250106,22.64642857142856,63.663,36.337,94.4877,66.8822,79.9084,94.4877,88.1659,20.0916,MEDIUM,UPGRADE_OFACTOR_REQUIRED,False
2025-04-15,ADANIPOWER,Power,LONG,50.5244,80.0346,29.5102,71.5304,ENTERABLE_TIER_B,TRIGGERED,98.5,FULL,,UPWARD,TRANSITION,NORMAL,542.2,61.6650183429945,-13.250405624661973,5.395279435849948,1.6782009029036389,0.9453840267440876,23.72857142857141,80.7677,19.2323,28.1949,56.9169,90.3838,28.1949,79.3498,9.6161,LOW,WAIT_FOR_XFACTOR,False
2025-04-15,ALKEM,Healthcare,LONG,18.0851,56.0395,37.9544,81.1443,ENTERABLE_TIER_B,TRIGGERED,97.2931,FULL,,,TRANSITION,NORMAL,4920.8,53.575789451043406,-35.70908334200389,-0.6531778186631544,0.988694838490832,0.1854701795947317,136.30357142857125,80.7677,19.2323,82.7774,79.8098,75.9575,82.7774,91.4309,24.0424,HIGH,RESEARCH_ONLY_NO_STANDARD_TRADE,False
2025-04-15,AMBER,OTHER,LONG,44.3703,73.9857,29.6154,84.9701,ENTERABLE_TIER_B,TRIGGERED,97.2931,FULL,,,TRANSITION,NORMAL,6880.0,54.60736777301504,-25.8044649730562,5.609766996897637,0.7941864234695497,0.4838799199106149,363.6499999999999,80.7677,19.2323,77.5838,84.1056,86.3097,77.5838,94.5002,13.6903,LOW,UPGRADE_OFACTOR_REQUIRED,False
2025-04-15,BAJAJHLDNG,Financial Services,LONG,41.3285,69.3605,28.032,82.9351,ENTERABLE_TIER_B,TRIGGERED,98.5,FULL,,TRANSITION,TRANSITION,NORMAL,11826.0,52.84872751080372,-42.95885917718356,2.3084577515676123,0.847938974855317,-1.0002119491518084,526.0392857142858,80.7677,19.2323,92.6827,62.9685,90.3838,92.6827,95.1334,9.6161,LOW,UPGRADE_OFACTOR_REQUIRED,False
2025-04-15,BEL,Capital Goods,LONG,42.6652,72.7561,30.0909,81.6846,ENTERABLE_TIER_B,TRIGGERED,98.5,FULL,,UPWARD,TRANSITION,NORMAL,293.7,57.32790788070302,-25.56570067487097,4.552720257490011,0.7973631999542842,0.8177094631994292,10.407142857142857,80.7677,19.2323,71.827,76.3624,68.807,71.827,98.2704,31.193,MEDIUM,UPGRADE_OFACTOR_REQUIRED,False
2025-04-15,CANFINHOME,OTHER,LONG,44.6687,70.9811,26.3124,79.6933,ENTERABLE_TIER_B,TRIGGERED,97.2931,FULL,,,TRANSITION,NORMAL,666.5,55.512984548311664,-37.00305810397553,0.400875752880855,1.224851185415489,1.0674314400243954,22.499999999999996,80.7677,19.2323,83.1778,72.8,86.3097,83.1778,94.3111,13.6903,HIGH,UPGRADE_OFACTOR_REQUIRED,False
2025-04-15,JSWINFRA,Services,LONG,57.6955,75.6146,17.9191,82.0189,ENTERABLE_TIER_B,TRIGGERED,97.2931,FULL,,,TRANSITION,NORMAL,305.0,56.97996691246816,-45.600000000000016,6.523748815509509,0.9384598709027124,2.446003675744481,13.396428571428572,80.7677,19.2323,76.2997,81.7862,90.3838,76.2997,97.0141,9.6161,MEDIUM,QUALIFIED_FOR_INTRADAY_REVALIDATION,True
2025-04-15,LLOYDSME,Metals & Mining,LONG,22.8975,56.7404,33.8429,83.858,ENTERABLE_TIER_B,TRIGGERED,97.2931,FULL,,,TRANSITION,NORMAL,1238.4,52.39311810590595,-33.709198813056354,3.5356986558585484,0.7798934435083482,0.5983320646723883,73.16785714285719,80.7677,19.2323,99.3804,86.9888,46.2361,99.3804,93.6584,53.7639,LOW,RESEARCH_ONLY_NO_STANDARD_TRADE,False
2025-04-15,NAVINFLUOR,OTHER,LONG,30.9334,65.5295,34.5961,83.6519,ENTERABLE_TIER_B,TRIGGERED,97.2931,FULL,,,TRANSITION,NORMAL,4176.9,55.41174743899259,-28.73029279279284,4.950052698753328,1.0769462172853128,0.0585762447625895,182.77142857142863,80.7677,19.2323,83.5286,85.3588,86.3097,83.5286,85.118,13.6903,MEDIUM,UPGRADE_OFACTOR_REQUIRED,False
2025-04-15,RECLTD,Financial Services,LONG,42.6278,71.7264,29.0986,81.3113,ENTERABLE_TIER_B,TRIGGERED,98.5,FULL,,UPWARD,TRANSITION,NORMAL,423.3,53.59862067229222,-31.995206710605142,-1.3668181989901813,0.8441044919155757,-0.6776439640230911,18.217857142857135,80.7677,19.2323,82.3433,65.199,90.3838,82.3433,96.8163,9.6161,MEDIUM,UPGRADE_OFACTOR_REQUIRED,False
2025-04-15,SAIL,Metals & Mining,LONG,25.4966,62.3408,36.8442,79.405,ENTERABLE_TIER_B,TRIGGERED,97.2931,FULL,,,TRANSITION,NORMAL,113.25,53.84571868421633,-34.48648648648646,1.971592351461623,0.8151477169990611,-0.0520576893611818,4.632857142857143,80.7677,19.2323,82.3435,69.004,46.2361,82.3435,95.942,53.7639,LOW,RESEARCH_ONLY_NO_STANDARD_TRADE,False
2025-04-15,SYNGENE,OTHER,LONG,38.9311,66.0472,27.1161,77.9801,ENTERABLE_TIER_B,TRIGGERED,97.2931,FULL,,,TRANSITION,NORMAL,721.4,54.28403695646827,-35.80705009276441,-1.5591759639103309,1.016464401518518,0.0926893586094957,26.300000000000004,80.7677,19.2323,67.5729,72.1673,86.3097,67.5729,91.4829,13.6903,MEDIUM,UPGRADE_OFACTOR_REQUIRED,False
2025-04-16,ANURAS,OTHER,LONG,52.1652,73.9252,21.76,66.76,ENTERABLE_TIER_B,TRIGGERED,97.2931,FULL,,,TRANSITION,NORMAL,796.0,62.256972881068975,-10.577705451586658,8.88102040292483,1.3698124715743665,0.4616944409207378,39.41071428571428,85.8507,14.1493,30.1628,43.3657,92.9254,30.1628,86.8056,7.0747,LOW,UPGRADE_OFACTOR_REQUIRED,False
2025-04-16,BAYERCROP,OTHER,LONG,29.5859,64.4427,34.8568,84.3712,ENTERABLE_TIER_B,TRIGGERED,97.2931,FULL,,,TRANSITION,NORMAL,4860.0,51.232088875631824,-62.48998324470022,-2.3550597940141778,1.2618447191543236,-0.2820982271457327,179.96428571428558,85.8507,14.1493,93.4385,86.3528,92.9254,93.4385,95.5547,7.0747,MEDIUM,RESEARCH_ONLY_NO_STANDARD_TRADE,False
2025-04-16,COALINDIA,Oil Gas & Consumable Fuels,LONG,42.7292,71.219,28.4898,80.0817,ENTERABLE_TIER_B,TRIGGERED,98.5,FULL,,TRANSITION,TRANSITION,NORMAL,399.25,58.18409639476966,-17.22488038277512,2.984384047261773,0.7864463839422774,0.6783981778657313,11.117857142857142,85.8507,14.1493,64.2167,75.7147,89.5596,64.2167,96.9419,10.4404,HIGH,UPGRADE_OFACTOR_REQUIRED,False
2025-04-16,FLUOROCHEM,Chemicals,LONG,29.0383,59.897,30.8587,82.5443,ENTERABLE_TIER_B,TRIGGERED,97.2931,FULL,,,TRANSITION,NORMAL,3930.5,55.81885488287796,-17.735674141027886,2.2581510591889526,0.7710672694318869,0.3219226102510781,157.45357142857137,85.8507,14.1493,85.1342,85.9006,92.9254,85.1342,89.4318,7.0747,MEDIUM,RESEARCH_ONLY_NO_STANDARD_TRADE,False
2025-04-16,LICI,Financial Services,LONG,41.2812,69.4178,28.1366,75.9523,ENTERABLE_TIER_B,TRIGGERED,98.5,FULL,,UPWARD,TRANSITION,NORMAL,797.65,54.76104867032753,-28.018372703412087,-0.5074347944397002,0.920399168640284,0.2260981034205835,22.089285714285715,85.8507,14.1493,64.3266,74.3767,92.9254,64.3266,96.831,7.0747,HIGH,UPGRADE_OFACTOR_REQUIRED,False
2025-04-16,NLCINDIA,Power,LONG,38.0062,67.3155,29.3093,85.8012,ENTERABLE_TIER_B,TRIGGERED,97.2931,FULL,,,TRANSITION,NORMAL,242.15,54.91445302097077,-35.66529492455417,3.8294015460380058,1.016243384265096,0.702680796019559,11.210714285714284,85.8507,14.1493,95.5578,83.8726,92.9254,95.5578,78.6633,7.0747,LOW,UPGRADE_OFACTOR_REQUIRED,False
2025-04-16,NUVAMA,OTHER,LONG,51.1909,73.5019,22.311,83.6424,ENTERABLE_TIER_B,TRIGGERED,97.2931,FULL,,,TRANSITION,NORMAL,5878.5,54.54191509005676,-28.467724271723124,1.7141744294387429,1.0639221145412256,0.0318749799954774,316.7214285714284,85.8507,14.1493,84.5853,75.5621,92.9254,84.5853,80.5507,7.0747,LOW,UPGRADE_OFACTOR_REQUIRED,False
2025-04-17,ARE&M,OTHER,LONG,38.8065,69.0065,30.2,85.8059,ENTERABLE_TIER_B,TRIGGERED,97.2931,FULL,,,UPWARD,NORMAL,1019.4,53.14750263046352,-32.38164076617275,-1.969650169883386,1.152554008789913,-0.6649217139054077,45.29285714285714,100.0,0.0,92.6515,77.6565,97.4948,92.6515,87.9893,2.5051,MEDIUM,UPGRADE_OFACTOR_REQUIRED,False
2025-04-17,BAJAJHLDNG,Financial Services,LONG,48.3189,72.3667,24.0478,82.0642,ENTERABLE_TIER_B,TRIGGERED,98.5,FULL,,UPWARD,UPWARD,NORMAL,11955.0,54.43393366343233,-37.79875597511952,3.3031318980321824,0.8626542931389181,-0.5298044630313123,539.0428571428572,100.0,0.0,80.9443,66.4591,100.0,80.9443,95.3993,0.0,LOW,UPGRADE_OFACTOR_REQUIRED,False
2025-04-17,BAYERCROP,OTHER,LONG,41.2053,66.8052,25.5999,69.7498,ENTERABLE_TIER_B,TRIGGERED,97.2931,FULL,,,UPWARD,NORMAL,4997.5,56.722105768302725,-42.45647264515187,0.3943306140642533,0.9941206211341768,0.0328828176852762,187.65357142857133,100.0,0.0,47.9884,62.7825,97.4948,47.9884,79.217,2.5051,MEDIUM,UPGRADE_OFACTOR_REQUIRED,False
2025-04-17,BLS,OTHER,LONG,41.2264,69.6417,28.4153,87.1681,ENTERABLE_TIER_B,TRIGGERED,97.2931,FULL,,,UPWARD,NORMAL,386.6,52.957257093770295,-38.588074023303605,-0.3562418250027407,0.8920258242915434,0.1276215186724468,19.54642857142856,100.0,0.0,84.1744,90.0749,97.4948,84.1744,86.0844,2.5051,LOW,UPGRADE_OFACTOR_REQUIRED,False
2025-04-17,CGPOWER,Capital Goods,LONG,34.2905,66.4192,32.1287,81.1361,ENTERABLE_TIER_B,TRIGGERED,98.5,FULL,,TRANSITION,UPWARD,NORMAL,619.85,54.58320905848141,-21.60399079048349,-0.1308118399413587,0.9317590897610492,-1.2414171889775414,25.842857142857135,100.0,0.0,76.7118,63.3167,79.9897,76.7118,95.2018,20.0103,LOW,UPGRADE_OFACTOR_REQUIRED,False
2025-04-17,HINDZINC,Metals & Mining,LONG,12.2945,55.3709,43.0764,84.9998,ENTERABLE_TIER_B,TRIGGERED,98.5,FULL,,SIDEWAYS,UPWARD,NORMAL,439.7,52.80219771200049,-40.832851359167165,0.1365363426003697,0.8653831289184987,-0.3122699454058872,19.24285714285713,100.0,0.0,98.5882,80.1485,59.5981,98.5882,89.1908,40.4019,LOW,RESEARCH_ONLY_NO_STANDARD_TRADE,False
2025-04-17,JINDALSTEL,Metals & Mining,LONG,7.8363,52.8989,45.0626,82.6402,ENTERABLE_TIER_B,TRIGGERED,98.5,FULL,,SIDEWAYS,UPWARD,NORMAL,881.7,53.01861115936242,-28.14409778063685,0.3244784070527602,1.4319655282373622,-1.4673812847432797,34.31428571428574,100.0,0.0,94.9147,61.1241,59.5981,94.9147,83.3888,40.4019,LOW,RESEARCH_ONLY_NO_STANDARD_TRADE,False
2025-04-17,WAAREEENER,Capital Goods,LONG,43.845,71.9225,28.0775,82.4473,ENTERABLE_TIER_B,TRIGGERED,97.2931,FULL,,,UPWARD,NORMAL,2323.0,56.472533382544846,-24.09240924092409,0.3726875018691595,2.6866869364342096,-0.5124739319606053,100.9214285714285,100.0,0.0,69.0568,80.9753,79.9897,69.0568,78.5576,20.0103,LOW,UPGRADE_OFACTOR_REQUIRED,False
2025-04-21,ENDURANCE,Automobile and Auto Components,LONG,24.0928,59.2087,35.1159,80.0755,ENTERABLE_TIER_B,TRIGGERED,97.2931,FULL,,,UPWARD,NORMAL,1953.5,56.43325003095768,-36.14609571788413,0.0424442201456627,1.4223789846032793,-0.0356930689690001,104.4785714285714,100.0,0.0,79.4918,78.3688,83.8786,79.4918,80.3213,16.1213,LOW,RESEARCH_ONLY_NO_STANDARD_TRADE,False
2025-04-21,HINDZINC,Metals & Mining,LONG,28.3276,61.3227,32.9951,75.972,ENTERABLE_TIER_B,TRIGGERED,98.5,FULL,,TRANSITION,UPWARD,NORMAL,452.45,57.25028415828442,-26.084441873915573,2.9392463270909266,0.7946153679768996,0.0899846898627332,19.635714285714272,100.0,0.0,58.0526,74.6381,61.9657,58.0526,88.9996,38.0343,MEDIUM,RESEARCH_ONLY_NO_STANDARD_TRADE,False
2025-04-21,JSWINFRA,Services,LONG,65.7486,81.8157,16.0671,77.6505,ENTERABLE_TIER_B,TRIGGERED,97.2931,FULL,,,UPWARD,NORMAL,312.1,59.91396203518004,-31.399999999999977,8.254057238321366,0.8815294714688543,2.3667466314171093,12.425,100.0,0.0,69.6311,70.7042,100.0,69.6311,93.8833,0.0,MEDIUM,QUALIFIED_FOR_INTRADAY_REVALIDATION,True
2025-04-21,NLCINDIA,Power,LONG,55.765,75.712,19.947,77.8795,ENTERABLE_TIER_B,TRIGGERED,97.2931,FULL,,,UPWARD,NORMAL,247.51,58.191515449662816,-16.229057264316097,5.802249856430454,0.8264466008345738,1.0342545666011245,10.274285714285712,100.0,0.0,67.443,71.1513,100.0,67.443,96.9244,0.0,MEDIUM,QUALIFIED_FOR_INTRADAY_REVALIDATION,True
2025-04-21,TATAPOWER,Power,LONG,61.2747,82.8098,21.5351,69.8376,ENTERABLE_TIER_B,TRIGGERED,98.5,FULL,,UPWARD,UPWARD,NORMAL,390.85,63.28502813151242,-5.338983050847419,5.506365960508465,1.1986230894401078,1.255812164888186,13.507142857142853,100.0,0.0,20.2027,52.1216,100.0,20.2027,90.6716,0.0,LOW,WAIT_FOR_XFACTOR,False
2025-04-22,GESHIP,OTHER,LONG,16.8349,55.4177,38.5828,85.9765,ENTERABLE_TIER_B,TRIGGERED,97.2931,FULL,,,UPWARD,NORMAL,911.75,53.56597360309319,-27.36318407960199,-1.1518313129648792,1.1060503072254817,-0.4510439869665151,32.2464285714286,98.6458,1.3542,91.6528,94.6661,98.8114,91.6528,72.152,1.1885,MEDIUM,RESEARCH_ONLY_NO_STANDARD_TRADE,False
2025-04-22,GODREJIND,Diversified,LONG,41.81,68.5927,26.7827,72.6268,ENTERABLE_TIER_B,TRIGGERED,97.2931,FULL,,,UPWARD,NORMAL,1170.4,59.14550188833471,-11.951219512195069,8.555292639274507,1.5152516276945027,1.1493342900977137,49.20357142857142,98.6458,1.3542,55.3589,60.7346,84.1553,55.3589,84.0662,15.8446,MEDIUM,UPGRADE_OFACTOR_REQUIRED,False
2025-04-22,MUTHOOTFIN,Financial Services,LONG,26.1813,60.6944,34.5131,88.806,ENTERABLE_TIER_B,TRIGGERED,97.2931,FULL,,,UPWARD,NORMAL,2272.7,53.4904897751072,-29.41851129716712,2.839946287753889,1.0086855476412264,-1.1816235000543454,100.4607142857143,98.6458,1.3542,94.4705,81.8038,99.3229,94.4705,87.5374,0.6771,LOW,RESEARCH_ONLY_NO_STANDARD_TRADE,False
2025-04-22,PPLPHARMA,OTHER,LONG,36.8208,69.5741,32.7533,85.0333,ENTERABLE_TIER_B,TRIGGERED,97.2931,FULL,,,UPWARD,NORMAL,224.46,55.05262004050977,-30.736253494874163,1.904186361600657,0.7790565287886799,0.9541245159269316,10.19714285714286,98.6458,1.3542,83.5967,81.3281,98.8114,83.5967,90.821,1.1885,LOW,UPGRADE_OFACTOR_REQUIRED,False
2025-04-22,SCHAEFFLER,Automobile and Auto Components,LONG,18.2636,52.4428,34.1792,78.1404,ENTERABLE_TIER_B,TRIGGERED,97.2931,FULL,,,UPWARD,NORMAL,3336.2,55.11493369294124,-19.43485086342232,1.6424542164190308,0.9471914279942932,-0.5994508172773444,129.69285714285712,98.6458,1.3542,76.7219,74.9871,79.8856,76.7219,97.2859,20.1144,MEDIUM,RESEARCH_ONLY_NO_STANDARD_TRADE,False
2025-04-23,FLUOROCHEM,Chemicals,LONG,28.2643,62.0156,33.7513,79.5938,ENTERABLE_TIER_B,TRIGGERED,97.2931,FULL,,,UPWARD,NORMAL,3971.0,57.955153413503496,-9.9538009239815,2.897049373184651,0.9395769468884346,0.8496782060779117,150.7321428571428,100.0,0.0,74.3839,84.0777,95.1842,74.3839,93.6311,4.8158,MEDIUM,RESEARCH_ONLY_NO_STANDARD_TRADE,False
2025-04-23,FORTIS,Healthcare,LONG,41.4322,70.0452,28.613,77.5339,ENTERABLE_TIER_B,TRIGGERED,97.2931,FULL,,,UPWARD,NORMAL,676.65,57.814895206672425,-35.88421887390959,4.857932580448056,0.8009810554757014,1.1680759646919765,30.353571428571456,100.0,0.0,60.4,72.7874,73.9263,60.4,96.9691,26.0737,MEDIUM,UPGRADE_OFACTOR_REQUIRED,False
2025-04-23,HINDZINC,Metals & Mining,LONG,4.8567,46.4089,41.5522,76.8695,ENTERABLE_TIER_B,TRIGGERED,98.5,FULL,,SIDEWAYS,UPWARD,NORMAL,449.05,55.54544200516469,-24.280350438047535,2.0493272673687044,0.7800878353093167,0.4859083936152643,19.164285714285704,100.0,0.0,66.1001,75.8927,56.8786,66.1001,95.8256,43.1214,LOW,RESEARCH_ONLY_NO_STANDARD_TRADE,False
2025-04-23,SUNTV,OTHER,LONG,33.0834,61.8518,28.7684,82.6587,ENTERABLE_TIER_B,TRIGGERED,97.2931,FULL,,,UPWARD,NORMAL,656.45,55.57900931315693,-24.717114568599676,2.8348277343324444,1.3135480388798777,2.103715101776281,26.521428571428576,100.0,0.0,92.3898,79.7145,91.3629,92.3898,91.6294,8.6372,MEDIUM,RESEARCH_ONLY_NO_STANDARD_TRADE,False
2025-04-23,TORNTPHARM,Healthcare,LONG,37.5198,68.3037,30.7839,67.7598,ENTERABLE_TIER_B,TRIGGERED,98.5,FULL,,TRANSITION,UPWARD,NORMAL,3332.4,63.42449322524954,-9.090909090909092,4.412814762011144,1.024030500972229,0.9862425835833604,89.85357142857144,100.0,0.0,24.5309,54.4592,73.9263,24.5309,89.9837,26.0737,LOW,UPGRADE_OFACTOR_REQUIRED,False
2025-04-24,SHREECEM,Construction Materials,LONG,46.8095,73.3116,26.5021,80.2817,ENTERABLE_TIER_B,TRIGGERED,98.5,FULL,,UPWARD,TRANSITION,NORMAL,30705.0,58.13107254097466,-35.06172839506173,6.347023003869374,1.399636778563386,1.8629486162462747,780.5250000000002,87.9481,12.0519,75.685,77.1948,93.9741,75.685,92.5691,6.0259,HIGH,UPGRADE_OFACTOR_REQUIRED,False
2025-04-25,AFFLE,OTHER,LONG,25.461,60.9175,35.4565,73.1948,ENTERABLE_TIER_B,TRIGGERED,97.2931,FULL,,,TRANSITION,NORMAL,1603.0,58.47531357939319,-4.032258064516129,3.765006055302458,1.0035138940872446,1.2288254736661854,71.93214285714289,74.5874,25.4126,58.6555,67.4693,60.6612,58.6555,96.7191,39.3389,LOW,RESEARCH_ONLY_NO_STANDARD_TRADE,False
2025-04-25,CHENNPETRO,OTHER,LONG,9.2333,56.3992,47.1659,78.69,ENTERABLE_TIER_B,TRIGGERED,97.2931,FULL,,,TRANSITION,NORMAL,631.0,61.51260395055403,-24.14296134208608,7.229317236117211,2.274961580497872,2.7974470414605954,28.45,74.5874,25.4126,70.58,73.0053,60.6612,70.58,53.4622,39.3389,LOW,RESEARCH_ONLY_NO_STANDARD_TRADE,False
2025-04-25,HINDUNILVR,Fast Moving Consumer Goods,LONG,28.8662,63.3658,34.4996,82.7489,ENTERABLE_TIER_B,TRIGGERED,98.5,FULL,,TRANSITION,TRANSITION,NORMAL,2332.2,53.57613410346816,-45.998814463544825,0.7998392252279914,1.1190703835526363,1.3205023978781305,58.667857142857166,74.5874,25.4126,73.0971,74.2278,87.2937,73.0971,93.3865,12.7063,MEDIUM,RESEARCH_ONLY_NO_STANDARD_TRADE,False
2025-04-28,ADANIPORTS,Services,LONG,24.24,61.3598,37.1198,82.6046,ENTERABLE_TIER_B,TRIGGERED,98.5,FULL,,SIDEWAYS,TRANSITION,NORMAL,1209.9,54.48369083595807,-30.124481327800797,3.1647874095748305,1.0526221165571903,1.6844660256702664,46.04285714285715,73.6051,26.3949,76.6811,77.5861,65.1048,76.6811,95.83,34.8952,MEDIUM,RESEARCH_ONLY_NO_STANDARD_TRADE,False
2025-04-28,CHOLAFIN,Financial Services,LONG,5.4665,53.2452,47.7787,86.433,ENTERABLE_TIER_B,TRIGGERED,98.5,FULL,,SIDEWAYS,TRANSITION,NORMAL,1525.8,51.827122892664576,-48.30678830988096,5.090442130200298,1.208655049873696,1.8902126375298087,73.82500000000002,73.6051,26.3949,91.446,77.9478,78.8525,91.446,79.8442,21.1475,LOW,RESEARCH_ONLY_NO_STANDARD_TRADE,False
2025-04-28,INDIGO,Services,LONG,37.1372,68.0598,30.9226,78.7716,ENTERABLE_TIER_B,TRIGGERED,98.5,FULL,,UPWARD,TRANSITION,NORMAL,5341.0,59.58594862273903,-30.3627760252366,9.360577734251734,1.033226469507914,3.1276253668580005,186.12499999999997,73.6051,26.3949,60.0296,73.996,65.1048,60.0296,91.8334,34.8952,MEDIUM,UPGRADE_OFACTOR_REQUIRED,False
2025-04-28,KALYANKJIL,Consumer Durables,LONG,37.2273,66.1011,28.8738,73.9547,ENTERABLE_TIER_B,TRIGGERED,97.2931,FULL,,,TRANSITION,NORMAL,518.2,55.85990698102297,-26.575476306790367,1.1347638549876775,0.916489524017204,2.3340026510755325,22.70714285714285,73.6051,26.3949,54.6325,69.7012,61.6705,54.6325,86.9645,38.3295,MEDIUM,UPGRADE_OFACTOR_REQUIRED,False
2025-04-28,LEMONTREE,OTHER,LONG,5.5381,46.3917,40.8536,82.9046,ENTERABLE_TIER_B,TRIGGERED,97.2931,FULL,,,TRANSITION,NORMAL,139.98,51.27097481039098,-29.94830132939444,2.11384877646634,0.8266931576981786,1.815018043592223,5.843571428571428,73.6051,26.3949,95.0031,80.3545,57.2767,95.0031,86.0359,42.7233,LOW,RESEARCH_ONLY_NO_STANDARD_TRADE,False
2025-04-28,LICI,Financial Services,LONG,24.6991,58.3221,33.623,77.7812,ENTERABLE_TIER_B,TRIGGERED,98.5,FULL,,SIDEWAYS,TRANSITION,NORMAL,803.7,53.39180607536717,-29.35034802784216,0.0323907524866442,0.854539382131379,0.8773849699882385,22.55357142857142,73.6051,26.3949,81.5255,70.7363,78.8525,81.5255,94.1473,21.1475,MEDIUM,RESEARCH_ONLY_NO_STANDARD_TRADE,False
2025-04-28,MAXHEALTH,Healthcare,LONG,5.9575,52.0745,46.117,85.2743,ENTERABLE_TIER_B,TRIGGERED,98.5,FULL,,TRANSITION,TRANSITION,NORMAL,1099.8,51.78513948169864,-55.176211453744536,2.248744844591376,0.8142500184963011,0.6892362115291376,44.078571428571486,73.6051,26.3949,99.5841,69.509,52.1045,99.5841,96.5516,47.8954,LOW,RESEARCH_ONLY_NO_STANDARD_TRADE,False
2025-04-28,PFC,Financial Services,LONG,9.9941,57.2355,47.2414,86.4498,ENTERABLE_TIER_B,TRIGGERED,98.5,FULL,,SIDEWAYS,TRANSITION,NORMAL,419.55,52.24600859495048,-34.00277008310248,1.2283116291167326,0.8996972758754073,1.513179906068721,16.710714285714285,73.6051,26.3949,88.2411,82.6459,78.8525,88.2411,85.5183,21.1475,MEDIUM,RESEARCH_ONLY_NO_STANDARD_TRADE,False
2025-04-28,POLICYBZR,Financial Services,LONG,10.0647,56.1137,46.049,84.3632,ENTERABLE_TIER_B,TRIGGERED,97.2931,FULL,,,TRANSITION,NORMAL,1617.3,52.54014631218945,-28.20982006709364,0.4745252286655383,0.8698156643427603,1.7156526609934968,73.31428571428572,73.6051,26.3949,77.0031,83.7958,78.8525,77.0031,91.2159,21.1475,LOW,RESEARCH_ONLY_NO_STANDARD_TRADE,False
2025-04-28,SCHAEFFLER,Automobile and Auto Components,LONG,4.3149,46.927,42.6121,73.7493,ENTERABLE_TIER_B,TRIGGERED,97.2931,FULL,,,TRANSITION,NORMAL,3287.8,51.97358430316016,-11.24689707847998,0.2228526630898209,0.7574855111514498,-0.1861598476934612,132.41428571428574,73.6051,26.3949,72.2122,60.9106,56.5763,72.2122,96.949,43.4237,LOW,RESEARCH_ONLY_NO_STANDARD_TRADE,False
2025-04-28,ZENTEC,OTHER,LONG,4.2842,52.9336,48.6494,80.8992,ENTERABLE_TIER_B,TRIGGERED,97.2931,FULL,,,TRANSITION,NORMAL,1455.6,54.01961588723221,-40.69705093833785,-2.08685303888749,1.6520787719414516,1.4033116092275582,58.93928571428573,73.6051,26.3949,96.0949,52.9686,57.2767,96.0949,83.4406,42.7233,LOW,RESEARCH_ONLY_NO_STANDARD_TRADE,False
2025-04-29,GLAXO,Healthcare,LONG,27.7444,62.3223,34.5779,74.6307,ENTERABLE_TIER_B,TRIGGERED,97.2931,FULL,,,TRANSITION,NORMAL,2902.2,56.86906061849452,-32.90495314591703,9.651159127800648,0.8419837510408161,1.7879647167313162,141.78928571428577,73.4945,26.5055,58.2996,74.0178,51.6542,58.2996,91.9035,48.3458,LOW,RESEARCH_ONLY_NO_STANDARD_TRADE,False
2025-04-29,SBICARD,Financial Services,LONG,31.8301,65.2042,33.3741,85.7938,ENTERABLE_TIER_B,TRIGGERED,97.2931,FULL,,,TRANSITION,NORMAL,878.4,52.30511237599364,-31.25934789111577,4.413591991753664,1.1123801961349884,1.3536088172730538,31.01428571428571,73.4945,26.5055,90.6763,77.8167,84.0885,90.6763,89.4242,15.9114,MEDIUM,UPGRADE_OFACTOR_REQUIRED,False
2025-04-29,TRENT,Consumer Services,LONG,29.7819,64.5578,34.7759,74.7687,ENTERABLE_TIER_B,TRIGGERED,98.5,FULL,,TRANSITION,TRANSITION,NORMAL,5391.5,55.86350454081215,-11.594911937377692,0.131512702453314,0.8041491868657495,0.3481136377089825,265.93928571428575,73.4945,26.5055,55.4817,67.4362,68.4622,55.4817,82.1764,31.5378,LOW,RESEARCH_ONLY_NO_STANDARD_TRADE,False
2025-04-30,FORTIS,Healthcare,LONG,33.7583,71.3716,37.6133,73.5104,ENTERABLE_TIER_B,TRIGGERED,97.2931,FULL,,,TRANSITION,NORMAL,685.55,58.3740475583757,-23.48024316109431,5.613240270879368,2.176442212260468,1.2624057807310092,27.817857142857157,80.0647,19.9353,47.9711,67.9343,58.9619,47.9711,77.7841,41.0381,LOW,UPGRADE_OFACTOR_REQUIRED,False
2025-04-30,HINDUNILVR,Fast Moving Consumer Goods,LONG,29.389,62.6729,33.2839,83.2473,ENTERABLE_TIER_B,TRIGGERED,98.5,FULL,,TRANSITION,TRANSITION,NORMAL,2342.1,55.04378800251345,-61.81663475856204,1.170249935702229,0.8462453198380712,0.9481916856950424,51.62857142857144,80.0647,19.9353,70.8818,79.7786,90.0324,70.8818,91.9424,9.9677,HIGH,RESEARCH_ONLY_NO_STANDARD_TRADE,False
2025-04-30,KIRLOSENG,OTHER,LONG,15.5605,52.6547,37.0942,71.4772,ENTERABLE_TIER_B,TRIGGERED,97.2931,FULL,,,TRANSITION,NORMAL,746.5,54.75686675657386,-28.920570264765733,-2.0002030258160453,0.9794515962729362,1.329129682772137,23.421428571428574,80.0647,19.9353,70.6608,66.9533,64.3929,70.6608,90.7777,35.6071,MEDIUM,RESEARCH_ONLY_NO_STANDARD_TRADE,False
2025-04-30,MGL,OTHER,LONG,9.1437,51.2801,42.1364,75.1619,ENTERABLE_TIER_B,TRIGGERED,97.2931,FULL,,,TRANSITION,NORMAL,1346.1,53.90171139650019,-19.44250871080146,1.9212216047031696,1.25131489646326,0.007172787537692,53.24642857142855,80.0647,19.9353,68.3985,70.6271,64.3929,68.3985,79.0408,35.6071,MEDIUM,RESEARCH_ONLY_NO_STANDARD_TRADE,False
2025-04-30,OBEROIRLTY,Realty,LONG,19.1397,61.4963,42.3566,81.466,ENTERABLE_TIER_B,TRIGGERED,97.2931,FULL,,,TRANSITION,NORMAL,1641.6,51.99729203871875,-34.5631810361308,-1.8210721943640769,2.0814639786838267,0.69712319885692,64.89999999999999,80.0647,19.9353,67.4756,78.2435,76.5935,67.4756,79.5994,23.4065,LOW,RESEARCH_ONLY_NO_STANDARD_TRADE,False
2025-04-30,POLICYBZR,Financial Services,LONG,24.6385,60.7103,36.0718,80.9189,ENTERABLE_TIER_B,TRIGGERED,97.2931,FULL,,,TRANSITION,NORMAL,1625.3,53.19530229270724,-33.163265306122454,0.9576269371254862,0.8617710210418635,1.431512108415615,67.2857142857143,80.0647,19.9353,65.4112,74.8535,84.5401,65.4112,83.414,15.4599,MEDIUM,RESEARCH_ONLY_NO_STANDARD_TRADE,False
2025-04-30,POWERGRID,Power,LONG,29.8071,64.3456,34.5385,78.0548,ENTERABLE_TIER_B,TRIGGERED,98.5,FULL,,UPWARD,TRANSITION,NORMAL,307.45,57.888699616060926,-38.9558232931727,4.976160170790705,1.2307599535855074,2.3608300655594565,8.471428571428577,80.0647,19.9353,57.8583,73.7943,60.8657,57.8583,87.9595,39.1343,MEDIUM,RESEARCH_ONLY_NO_STANDARD_TRADE,False
2025-04-30,TATACOMM,Telecommunication,LONG,14.5966,52.6512,38.0546,84.0768,ENTERABLE_TIER_B,TRIGGERED,97.2931,FULL,,,TRANSITION,NORMAL,1591.4,54.2068899052732,-50.27537372147908,1.0206213849956822,0.801036988857444,0.7537000205631683,51.8464285714286,80.0647,19.9353,88.2731,82.101,90.0324,88.2731,92.5935,9.9677,MEDIUM,RESEARCH_ONLY_NO_STANDARD_TRADE,False
2025-05-02,AIIL,Financial Services,LONG,47.9774,70.3223,22.3449,69.8756,ENTERABLE_TIER_B,TRIGGERED,97.2931,FULL,,,TRANSITION,NORMAL,1795.8,55.98921784023685,-34.80106100795757,7.263874271771698,1.3421684593692418,2.5940357428511724,84.66428571428574,76.6599,23.3401,51.1738,64.7077,76.8538,51.1738,87.7634,23.1461,LOW,UPGRADE_OFACTOR_REQUIRED,False
2025-05-02,GICRE,Financial Services,LONG,30.4724,59.6405,29.1681,77.352,ENTERABLE_TIER_B,TRIGGERED,97.2931,FULL,,,TRANSITION,NORMAL,425.2,54.33058639919688,-43.89869531849579,3.404516872080256,0.8982371295605629,1.3303546937949544,16.482142857142858,76.6599,23.3401,67.0856,75.4886,76.8538,67.0856,83.6186,23.1461,MEDIUM,RESEARCH_ONLY_NO_STANDARD_TRADE,False
2025-05-02,KPRMILL,Textiles,LONG,62.5515,77.976,15.4245,69.2449,ENTERABLE_TIER_B,TRIGGERED,97.2931,FULL,,,TRANSITION,NORMAL,1029.95,58.32223187202527,-29.95233050847456,7.927416501004735,0.8394619731688923,2.8923551067176607,39.20357142857143,76.6599,23.3401,48.2658,62.7075,85.4055,48.2658,93.9801,14.5945,MEDIUM,WAIT_FOR_XFACTOR,False
2025-05-02,LAURUSLABS,Healthcare,LONG,21.2442,58.9835,37.7393,81.3455,ENTERABLE_TIER_B,TRIGGERED,97.2931,FULL,,,TRANSITION,NORMAL,620.55,52.73272510441982,-36.71519563239311,4.211227463793853,0.8243554668531463,1.3816039922495988,22.964285714285705,76.6599,23.3401,80.4044,72.9145,53.3445,80.4044,92.9456,46.6555,LOW,RESEARCH_ONLY_NO_STANDARD_TRADE,False
2025-05-02,NCC,OTHER,LONG,30.4559,61.837,31.3811,75.2346,ENTERABLE_TIER_B,TRIGGERED,97.2931,FULL,,,TRANSITION,NORMAL,217.4,55.07818479999937,-32.311621966794384,0.6669645347098457,1.0463671241889625,1.6353349536972437,7.019285714285717,76.6599,23.3401,67.6558,72.0769,59.4153,67.6558,96.8658,40.5846,LOW,RESEARCH_ONLY_NO_STANDARD_TRADE,False
2025-05-02,ONGC,Oil Gas & Consumable Fuels,LONG,12.9708,53.0124,40.0416,81.9423,ENTERABLE_TIER_B,TRIGGERED,98.5,FULL,,SIDEWAYS,TRANSITION,NORMAL,243.42,51.91018064061206,-28.71652816251157,0.4885684178139026,0.8601504364457535,1.1211803566366232,6.633571428571433,76.6599,23.3401,72.5738,73.3477,77.6472,72.5738,82.8147,22.3528,MEDIUM,RESEARCH_ONLY_NO_STANDARD_TRADE,False
2025-05-05,ABFRL,OTHER,LONG,27.4197,58.9789,31.5592,81.9365,ENTERABLE_TIER_B,TRIGGERED,97.2931,FULL,,,TRANSITION,NORMAL,262.9,51.36090055547249,-53.41296928327655,0.2299232275020948,0.8186200703092026,1.0489914439418175,9.003571428571423,83.3697,16.6303,96.3348,66.0135,67.5954,96.3348,95.3352,32.4046,MEDIUM,RESEARCH_ONLY_NO_STANDARD_TRADE,False
2025-05-05,ABSLAMC,OTHER,LONG,25.3952,58.2976,32.9024,73.1472,ENTERABLE_TIER_B,TRIGGERED,97.2931,FULL,,,TRANSITION,NORMAL,661.15,55.460342719154085,-26.966901790558904,0.3508367812793729,0.7925237635880444,0.953045546750404,28.435714285714287,83.3697,16.6303,65.3429,78.1261,67.5954,65.3429,94.5843,32.4046,MEDIUM,RESEARCH_ONLY_NO_STANDARD_TRADE,False
2025-05-05,BAJAJFINSV,Financial Services,LONG,40.3996,67.6441,27.2445,76.4781,ENTERABLE_TIER_B,TRIGGERED,98.5,FULL,,SIDEWAYS,TRANSITION,NORMAL,2026.2,55.29701106537297,-47.62530094112495,6.296498032199012,0.9286975410996324,1.635506019621176,67.89285714285715,83.3697,16.6303,65.3498,60.4671,84.8762,65.3498,93.8727,15.1238,MEDIUM,UPGRADE_OFACTOR_REQUIRED,False
2025-05-05,CHOLAFIN,Financial Services,LONG,40.3239,70.5366,30.2127,78.9226,ENTERABLE_TIER_B,TRIGGERED,98.5,FULL,,SIDEWAYS,TRANSITION,NORMAL,1551.5,55.12917689415168,-58.01289175372304,6.383897872536299,0.76918652708114,0.9315609711837824,66.72142857142856,83.3697,16.6303,63.5499,61.5716,84.8762,63.5499,95.3238,15.1238,MEDIUM,UPGRADE_OFACTOR_REQUIRED,False
2025-05-05,COLPAL,Fast Moving Consumer Goods,LONG,53.9437,74.8774,20.9337,70.5692,ENTERABLE_TIER_B,TRIGGERED,97.2931,FULL,,,TRANSITION,NORMAL,2621.0,56.29223211820672,-45.121056493030096,2.145332692231237,0.9705929729755982,1.7258248911151186,71.53928571428573,83.3697,16.6303,36.0165,59.7424,90.745,36.0165,95.5269,9.2549,LOW,WAIT_FOR_XFACTOR,False
2025-05-05,CUMMINSIND,Capital Goods,LONG,9.4943,53.4299,43.9356,79.0464,ENTERABLE_TIER_B,TRIGGERED,97.2931,FULL,,,TRANSITION,NORMAL,2940.2,53.14247741347299,-14.69387755102045,0.077180925372125,1.0711085330601833,0.0555320679736568,86.68928571428579,83.3697,16.6303,61.7446,76.883,71.1068,61.7446,89.1105,28.8932,MEDIUM,RESEARCH_ONLY_NO_STANDARD_TRADE,False
2025-05-05,HINDUNILVR,Fast Moving Consumer Goods,LONG,31.2056,66.7806,35.575,82.9295,ENTERABLE_TIER_B,TRIGGERED,98.5,FULL,,TRANSITION,TRANSITION,NORMAL,2348.6,55.629932936923545,-71.91709844559595,1.3914111362619748,0.8553114398636535,0.8187718650949097,47.99285714285718,83.3697,16.6303,72.1347,75.413,90.745,72.1347,94.7492,9.2549,HIGH,UPGRADE_OFACTOR_REQUIRED,False
2025-05-05,OLECTRA,OTHER,LONG,21.3289,55.0439,33.715,82.8302,ENTERABLE_TIER_B,TRIGGERED,97.2931,FULL,,,TRANSITION,NORMAL,1183.8,50.101251527142864,-64.55516014234878,-2.756736189829116,0.8615659807969385,0.3873011918793548,46.95714285714285,83.3697,16.6303,98.0266,65.3301,67.5954,98.0266,94.7186,32.4046,MEDIUM,RESEARCH_ONLY_NO_STANDARD_TRADE,False
2025-05-05,SAREGAMA,OTHER,LONG,36.5514,62.2435,25.6921,74.6305,ENTERABLE_TIER_B,TRIGGERED,97.2931,FULL,,,TRANSITION,NORMAL,540.9,54.05765592494747,-53.640552995391744,4.315254518539128,0.763457452602885,1.800884086581083,21.24285714285715,83.3697,16.6303,77.1453,68.5541,67.5954,77.1453,96.234,32.4046,MEDIUM,RESEARCH_ONLY_NO_STANDARD_TRADE,False
2025-05-05,SBIN,Financial Services,LONG,14.5196,59.3831,44.8635,87.606,ENTERABLE_TIER_B,TRIGGERED,98.5,FULL,,SIDEWAYS,TRANSITION,NORMAL,790.0,52.36799590414853,-50.83798882681564,2.394149061035327,1.6745726897175266,1.6058863079264991,21.27142857142857,83.3697,16.6303,90.5977,84.9563,84.8762,90.5977,83.0759,15.1238,MEDIUM,RESEARCH_ONLY_NO_STANDARD_TRADE,False
2025-05-05,TATACOMM,Telecommunication,LONG,32.2935,67.485,35.1915,82.1891,ENTERABLE_TIER_B,TRIGGERED,97.2931,FULL,,,TRANSITION,NORMAL,1591.1,53.67468583653637,-53.4109816971714,1.0012132243188938,0.95173787247381,0.5993291244899264,52.48214285714289,83.3697,16.6303,88.3167,72.5621,91.6848,88.3167,94.7411,8.3151,HIGH,UPGRADE_OFACTOR_REQUIRED,False
2025-05-06,EICHERMOT,Automobile and Auto Components,LONG,25.5467,60.4972,34.9505,87.9643,ENTERABLE_TIER_B,TRIGGERED,98.5,FULL,,TRANSITION,UPWARD,NORMAL,5515.0,53.35131658277437,-73.79830348727616,4.097507307161601,1.0855392685682517,1.3544665931212605,151.6857142857143,93.6673,6.3327,95.5467,80.3541,85.0896,95.5467,78.3763,14.9104,HIGH,RESEARCH_ONLY_NO_STANDARD_TRADE,False
2025-05-06,EXIDEIND,Automobile and Auto Components,LONG,23.0124,61.3262,38.3138,87.4018,ENTERABLE_TIER_B,TRIGGERED,97.2931,FULL,,,UPWARD,NORMAL,370.25,51.825485799337216,-44.11057692307696,-0.3540854109460126,1.525588854378071,0.2278777791081406,13.167857142857136,93.6673,6.3327,99.3545,73.8758,85.0896,99.3545,84.3558,14.9104,MEDIUM,RESEARCH_ONLY_NO_STANDARD_TRADE,False
2025-05-06,GABRIEL,OTHER,LONG,3.4375,49.3939,45.9564,79.0577,ENTERABLE_TIER_B,TRIGGERED,97.2931,FULL,,,UPWARD,NORMAL,554.45,51.33047709980431,-59.61240310077509,4.485949381839244,1.103801585688148,0.3125919231319471,22.36428571428572,93.6673,6.3327,94.0754,65.3912,60.3393,94.0754,88.5532,39.6607,LOW,RESEARCH_ONLY_NO_STANDARD_TRADE,False
2025-05-07,ABFRL,OTHER,LONG,23.1993,59.8983,36.699,76.7676,ENTERABLE_TIER_B,TRIGGERED,97.2931,FULL,,,TRANSITION,NORMAL,264.7,52.69821197137169,-56.762295081967295,0.9547821325413108,1.3339004115666533,0.7336479425485265,9.010714285714284,88.6463,11.3537,81.559,63.3769,59.9127,81.559,94.4511,40.0873,LOW,RESEARCH_ONLY_NO_STANDARD_TRADE,False
2025-05-07,APOLLOHOSP,Healthcare,LONG,11.2168,53.2383,42.0215,86.3144,ENTERABLE_TIER_B,TRIGGERED,98.5,FULL,,TRANSITION,TRANSITION,NORMAL,6983.0,57.41482604726741,-68.78306878306879,3.233239617588872,0.7735056741529811,1.484131112995524,132.60714285714286,88.6463,11.3537,87.7583,90.0458,61.9078,87.7583,77.9801,38.0922,MEDIUM,RESEARCH_ONLY_NO_STANDARD_TRADE,False
2025-05-07,APTUS,OTHER,LONG,20.385,53.267,32.882,79.4511,ENTERABLE_TIER_B,TRIGGERED,97.2931,FULL,,,TRANSITION,NORMAL,320.2,52.81728007689828,-68.13880126182976,2.7455367540132354,1.071823854058696,1.404520854621642,10.353571428571424,88.6463,11.3537,92.241,70.6382,59.9127,92.241,80.1035,40.0873,LOW,RESEARCH_ONLY_NO_STANDARD_TRADE,False
2025-05-07,BALRAMCHIN,OTHER,LONG,14.7392,52.4614,37.7222,81.91,ENTERABLE_TIER_B,TRIGGERED,97.2931,FULL,,,TRANSITION,NORMAL,558.55,53.66992743683684,-73.95091053048307,5.36656775508671,1.069809383416467,1.714386202975316,20.22142857142856,88.6463,11.3537,98.3433,76.065,59.9127,98.3433,77.3508,40.0873,LOW,RESEARCH_ONLY_NO_STANDARD_TRADE,False
2025-05-07,CHOLAFIN,Financial Services,LONG,52.5156,77.6644,25.1488,71.6075,ENTERABLE_TIER_B,TRIGGERED,98.5,FULL,,UPWARD,TRANSITION,NORMAL,1574.5,57.15007722820453,-49.67652495378926,7.518685163867776,1.0172027137454187,1.057461386504334,64.05714285714286,88.6463,11.3537,48.4731,56.6012,77.6892,48.4731,89.7591,22.3108,MEDIUM,WAIT_FOR_XFACTOR,False
2025-05-07,CIPLA,Healthcare,LONG,10.2912,54.3283,44.0371,84.6046,ENTERABLE_TIER_B,TRIGGERED,98.5,FULL,,TRANSITION,TRANSITION,NORMAL,1508.8,50.89589578069599,-58.2706766917294,1.3527081831822168,0.9535051921639954,1.0567619530337882,32.86428571428569,88.6463,11.3537,81.1903,88.559,61.9078,81.1903,89.0459,38.0922,MEDIUM,RESEARCH_ONLY_NO_STANDARD_TRADE,False
2025-05-07,COLPAL,Fast Moving Consumer Goods,LONG,42.0775,67.7366,25.6591,72.7136,ENTERABLE_TIER_B,TRIGGERED,97.2931,FULL,,,TRANSITION,NORMAL,2634.8,57.458377834418414,-46.72657252888314,2.5252440684559847,0.8798845258733764,1.6273661624668778,71.63571428571433,88.6463,11.3537,45.6765,65.4921,82.1996,45.6765,93.2994,17.8004,MEDIUM,UPGRADE_OFACTOR_REQUIRED,False
2025-05-07,JMFINANCIL,OTHER,LONG,17.5148,52.6705,35.1557,74.8397,ENTERABLE_TIER_B,TRIGGERED,97.2931,FULL,,,TRANSITION,NORMAL,100.46,51.5612163273987,-63.87387387387394,-1.4502729145321132,0.8730965298399057,1.2479298038362563,3.888571428571428,88.6463,11.3537,84.7673,58.7509,59.9127,84.7673,95.4739,40.0873,LOW,RESEARCH_ONLY_NO_STANDARD_TRADE,False
2025-05-07,LTF,Financial Services,LONG,49.2326,73.1143,23.8817,76.0317,ENTERABLE_TIER_B,TRIGGERED,97.2931,FULL,,,TRANSITION,NORMAL,168.26,58.08700238441955,-56.05815831987076,8.60042900217638,0.751957496530017,2.5898049203896023,6.182857142857145,88.6463,11.3537,58.8917,63.7708,77.6892,58.8917,93.2717,22.3108,MEDIUM,UPGRADE_OFACTOR_REQUIRED,False
2025-05-07,MOTILALOFS,Financial Services,LONG,44.8304,70.5964,25.766,77.9459,ENTERABLE_TIER_B,TRIGGERED,97.2931,FULL,,,TRANSITION,NORMAL,681.0,53.67245963159609,-66.25514403292179,1.7348485458426428,0.7586509815169775,2.036724360561931,38.864285714285714,88.6463,11.3537,61.0782,67.1163,77.6892,61.0782,90.737,22.3108,LOW,UPGRADE_OFACTOR_REQUIRED,False
2025-05-07,PETRONET,Oil Gas & Consumable Fuels,LONG,17.2224,55.4402,38.2178,80.0214,ENTERABLE_TIER_B,TRIGGERED,97.2931,FULL,,,TRANSITION,NORMAL,306.55,52.701654200829175,-50.55350553505527,0.896572300336721,1.023665727061606,1.3880045081012358,8.514285714285714,88.6463,11.3537,70.7159,81.443,77.21,70.7159,84.7315,22.7899,HIGH,RESEARCH_ONLY_NO_STANDARD_TRADE,False
2025-05-07,POONAWALLA,OTHER,LONG,45.0174,71.5626,26.5452,80.0712,ENTERABLE_TIER_B,TRIGGERED,97.2931,FULL,,,TRANSITION,NORMAL,383.25,57.20076144359823,-62.91079812206573,10.30828600427042,1.4424036990935638,3.1036235982302176,15.157142857142851,88.6463,11.3537,79.0418,67.672,59.9127,79.0418,88.2564,40.0873,LOW,UPGRADE_OFACTOR_REQUIRED,False
2025-05-07,RAILTEL,OTHER,LONG,4.9408,50.1712,45.2304,80.9635,ENTERABLE_TIER_B,TRIGGERED,97.2931,FULL,,,TRANSITION,NORMAL,307.65,50.082484230902274,-65.48974943052396,-3.5909705908945657,0.7588525623172553,0.3685984712007664,13.803571428571423,88.6463,11.3537,87.95,65.2264,59.9127,87.95,91.7413,40.0873,LOW,RESEARCH_ONLY_NO_STANDARD_TRADE,False
2025-05-07,SAIL,Metals & Mining,LONG,2.2444,50.5167,48.2723,77.9573,ENTERABLE_TIER_B,TRIGGERED,97.2931,FULL,,,TRANSITION,NORMAL,113.68,50.67930597496171,-62.80602636534834,1.0830790344121066,0.7746590503913128,0.5243002368183858,3.774999999999999,88.6463,11.3537,86.6402,58.1457,48.2235,86.6402,95.1258,51.7765,LOW,RESEARCH_ONLY_NO_STANDARD_TRADE,False
2025-05-07,TRIDENT,OTHER,LONG,27.5832,57.608,30.0248,76.1197,ENTERABLE_TIER_B,TRIGGERED,97.2931,FULL,,,TRANSITION,NORMAL,27.48,53.0396773551682,-64.75644699140399,-0.4800447939335699,1.2064341760894983,0.9937730082721148,1.137142857142857,88.6463,11.3537,83.1449,56.7337,59.9127,83.1449,86.9849,40.0873,LOW,RESEARCH_ONLY_NO_STANDARD_TRADE,False
2025-05-07,UBL,Fast Moving Consumer Goods,LONG,46.7248,69.2069,22.4821,65.7556,ENTERABLE_TIER_B,TRIGGERED,97.2931,FULL,,,TRANSITION,NORMAL,2181.8,61.526429486254735,-50.31138790035579,6.290637080243259,0.838006619115734,2.041193821959729,66.78571428571422,88.6463,11.3537,37.6463,57.5957,82.1996,37.6463,89.6984,17.8004,LOW,UPGRADE_OFACTOR_REQUIRED,False
2025-05-07,YESBANK,Financial Services,LONG,33.394,68.3602,34.9662,77.0229,ENTERABLE_TIER_B,TRIGGERED,97.2931,FULL,,,TRANSITION,NORMAL,18.27,57.58160961142967,-60.62176165803118,2.1728231316718425,1.3091270360346563,0.9230090900062952,0.6307142857142856,88.6463,11.3537,53.2805,65.7531,77.6892,53.2805,93.0238,22.3108,MEDIUM,UPGRADE_OFACTOR_REQUIRED,False
2025-05-08,APTUS,OTHER,LONG,26.8413,64.396,37.5547,76.1501,ENTERABLE_TIER_B,TRIGGERED,97.2931,FULL,,,TRANSITION,HIGH,324.85,56.27669968611413,-58.04794520547944,4.09532947329674,1.8514161481407123,1.3597639721368573,10.571428571428571,86.6916,13.3084,71.0383,72.1892,54.573,71.0383,73.5135,45.427,LOW,RESEARCH_ONLY_NO_STANDARD_TRADE,False
2025-05-08,BRITANNIA,Fast Moving Consumer Goods,LONG,27.6123,59.532,31.9197,85.1675,ENTERABLE_TIER_B,TRIGGERED,98.5,FULL,,UPWARD,TRANSITION,HIGH,5391.0,58.6354759452362,-66.9266320046216,5.061103932210837,0.8996363027422889,1.8032099846570735,123.62857142857138,86.6916,13.3084,93.5384,75.2484,73.7228,93.5384,71.2041,26.2772,MEDIUM,RESEARCH_ONLY_NO_STANDARD_TRADE,False
2025-05-08,CANBK,Financial Services,LONG,23.8915,60.023,36.1315,85.5567,ENTERABLE_TIER_B,TRIGGERED,98.5,FULL,,SIDEWAYS,TRANSITION,HIGH,95.37,52.82867149717602,-62.1575342465753,2.548072958179368,2.481238169123891,1.5549009532565037,3.18428571428571,86.6916,13.3084,97.0585,69.3495,65.6014,97.0585,64.8273,34.3986,LOW,RESEARCH_ONLY_NO_STANDARD_TRADE,False
2025-05-08,NEULANDLAB,OTHER,LONG,12.0998,55.1542,43.0544,85.2188,ENTERABLE_TIER_B,TRIGGERED,97.2931,FULL,,,TRANSITION,HIGH,12324.0,51.86474836507393,-64.60230722525804,-0.0451744432450156,2.643457696564715,0.6254407041576348,598.8571428571429,86.6916,13.3084,92.174,85.0382,54.573,92.174,43.4924,45.427,LOW,RESEARCH_ONLY_NO_STANDARD_TRADE,False
2025-05-08,RADICO,Fast Moving Consumer Goods,LONG,27.8901,62.3309,34.4408,79.6681,ENTERABLE_TIER_B,TRIGGERED,97.2931,FULL,,,TRANSITION,HIGH,2474.7,55.98566959302563,-60.45108005082594,5.520100159027195,1.0943016187155403,1.9526093293393372,83.6285714285715,86.6916,13.3084,70.9031,81.4896,73.7228,70.9031,84.5507,26.2772,MEDIUM,RESEARCH_ONLY_NO_STANDARD_TRADE,False
2025-05-08,SBFC,OTHER,LONG,28.1709,60.4884,32.3175,82.1771,ENTERABLE_TIER_B,TRIGGERED,97.2931,FULL,,,TRANSITION,HIGH,99.37,54.83965515840835,-62.307692307692285,7.0193219474775255,1.225408977101636,2.382726862796964,4.770714285714285,86.6916,13.3084,90.5814,83.9018,54.573,90.5814,71.6604,45.427,LOW,RESEARCH_ONLY_NO_STANDARD_TRADE,False
2025-05-08,ZEEL,OTHER,LONG,19.2994,64.145,44.8456,81.0231,ENTERABLE_TIER_B,TRIGGERED,97.2931,FULL,,,TRANSITION,HIGH,111.16,54.86607952158158,-56.61237785016287,2.877552952290838,1.858348243734132,0.9652178603751284,4.599999999999999,86.6916,13.3084,70.6087,79.4783,54.573,70.6087,58.7826,45.427,LOW,RESEARCH_ONLY_NO_STANDARD_TRADE,False
2025-05-09,AEGISLOG,OTHER,LONG,16.1474,62.212,46.0646,79.1847,ENTERABLE_TIER_B,TRIGGERED,97.2931,FULL,,,TRANSITION,HIGH,795.8,53.212729488730616,-55.58685446009394,2.088377620283998,1.194515740360684,0.4285641213186607,28.982142857142858,90.1505,9.8495,72.9144,65.634,64.6191,72.9144,90.4079,35.3809,MEDIUM,RESEARCH_ONLY_NO_STANDARD_TRADE,False
2025-05-09,BRITANNIA,Fast Moving Consumer Goods,LONG,33.4829,70.3176,36.8347,83.5197,ENTERABLE_TIER_B,TRIGGERED,98.5,FULL,,UPWARD,TRANSITION,HIGH,5436.0,61.14724974727518,-53.928365106874615,5.735537483457673,1.7227023745862902,1.7452709028441713,129.0928571428571,90.1505,9.8495,80.3888,74.7469,74.6236,80.3888,79.0848,25.3763,MEDIUM,UPGRADE_OFACTOR_REQUIRED,False
2025-05-09,COCHINSHIP,Capital Goods,LONG,39.3526,67.7674,28.4148,85.933,ENTERABLE_TIER_B,TRIGGERED,97.2931,FULL,,,TRANSITION,HIGH,1484.6,51.99390010321759,-74.05991077119188,1.5479163206680686,1.224279295065852,1.5912288756044273,88.22142857142858,90.1505,9.8495,93.6164,69.7579,82.3936,93.6164,96.6448,17.6064,LOW,UPGRADE_OFACTOR_REQUIRED,False
2025-05-09,HDFCLIFE,Financial Services,LONG,16.2982,58.1525,41.8543,88.9937,ENTERABLE_TIER_B,TRIGGERED,98.5,FULL,,TRANSITION,TRANSITION,HIGH,713.6,54.34021710763815,-63.34208223971994,4.883931175787759,0.9786198996790436,1.895083792548504,18.596428571428586,90.1505,9.8495,98.3868,88.8151,73.0377,98.3868,92.6868,26.9623,MEDIUM,RESEARCH_ONLY_NO_STANDARD_TRADE,False
2025-05-09,IOC,Oil Gas & Consumable Fuels,LONG,36.005,66.0895,30.0845,82.3041,ENTERABLE_TIER_B,TRIGGERED,98.5,FULL,,UPWARD,TRANSITION,HIGH,139.99,56.0397132680866,-57.77385159010596,5.130750750944714,0.8389112904768552,2.49363820714654,4.610714285714285,90.1505,9.8495,67.3442,79.3524,87.0984,67.3442,92.5391,12.9015,HIGH,UPGRADE_OFACTOR_REQUIRED,False
2025-05-09,MOTILALOFS,Financial Services,LONG,39.1232,69.8244,30.7012,83.156,ENTERABLE_TIER_B,TRIGGERED,97.2931,FULL,,,TRANSITION,HIGH,679.7,53.38904269629878,-68.65357643758763,1.4298605437874687,0.9255989272361196,1.913852219416052,40.03571428571428,90.1505,9.8495,81.0669,73.3738,73.0377,81.0669,94.7047,26.9623,LOW,UPGRADE_OFACTOR_REQUIRED,False
2025-05-09,NEULANDLAB,OTHER,LONG,27.2677,60.9623,33.6946,77.6658,ENTERABLE_TIER_B,TRIGGERED,97.2931,FULL,,,TRANSITION,HIGH,12429.0,53.11773322043487,-58.22707953855495,0.7802197207673185,0.978599031628233,0.6839517152746345,611.5,90.1505,9.8495,88.8833,62.9109,64.6191,88.8833,95.3557,35.3809,LOW,RESEARCH_ONLY_NO_STANDARD_TRADE,False
2025-05-09,NUVAMA,OTHER,LONG,20.5695,53.2544,32.6849,81.5151,ENTERABLE_TIER_B,TRIGGERED,97.2931,FULL,,,TRANSITION,HIGH,5933.0,50.7650297942164,-63.37662337662338,0.938778646355068,0.8542518525352303,0.7686184224264876,239.28571428571428,90.1505,9.8495,98.1605,64.8955,64.6191,98.1605,82.197,35.3809,MEDIUM,RESEARCH_ONLY_NO_STANDARD_TRADE,False
2025-05-09,RADICO,Fast Moving Consumer Goods,LONG,18.6602,55.5902,36.93,82.5525,ENTERABLE_TIER_B,TRIGGERED,97.2931,FULL,,,TRANSITION,HIGH,2448.8,53.19027075878254,-68.67852604828452,4.26721431289692,0.7716408762441308,1.7667534326391487,85.50000000000007,90.1505,9.8495,99.5634,64.3041,74.6236,99.5634,94.7602,25.3763,MEDIUM,RESEARCH_ONLY_NO_STANDARD_TRADE,False
2025-05-09,RAILTEL,OTHER,LONG,18.8498,55.1183,36.2685,78.1937,ENTERABLE_TIER_B,TRIGGERED,97.2931,FULL,,,TRANSITION,HIGH,308.35,50.59982640609613,-61.51315789473679,-3.0902617033545567,0.8006638602601502,0.1508917762290685,15.496428571428568,90.1505,9.8495,92.665,54.6992,64.6191,92.665,93.4178,35.3809,LOW,RESEARCH_ONLY_NO_STANDARD_TRADE,False
2025-05-12,ADANIGREEN,Power,LONG,30.8316,68.7669,37.9353,82.4163,ENTERABLE_TIER_B,TRIGGERED,98.5,FULL,,UPWARD,UPWARD,NORMAL,940.55,53.25246248293953,-42.20583305397255,-0.2934039613556644,1.5340774870714604,-0.1032231576369313,45.60357142857144,100.0,0.0,76.7854,74.1248,69.6962,76.7854,96.0968,30.3038,LOW,UPGRADE_OFACTOR_REQUIRED,False
2025-05-12,ADANIPOWER,Power,LONG,26.9523,61.7601,34.8078,87.987,ENTERABLE_TIER_B,TRIGGERED,98.5,FULL,,UPWARD,UPWARD,NORMAL,546.55,53.71024611092811,-48.41713221601493,3.5907841216856182,1.0270746617905535,0.3551399960595061,24.842857142857135,100.0,0.0,92.2177,91.8689,69.6962,92.2177,89.8562,30.3038,LOW,RESEARCH_ONLY_NO_STANDARD_TRADE,False
2025-05-12,ALKEM,Healthcare,LONG,22.4773,60.1172,37.6399,84.027,ENTERABLE_TIER_B,TRIGGERED,97.2931,FULL,,,UPWARD,NORMAL,5020.5,52.42924670903521,-62.02672605790646,0.6189538667660179,1.9634072651296883,0.5393240430383002,124.5285714285714,100.0,0.0,98.0406,72.5364,71.1058,98.0406,85.5455,28.8942,MEDIUM,RESEARCH_ONLY_NO_STANDARD_TRADE,False
2025-05-12,ASTRAL,Capital Goods,LONG,30.4453,64.2514,33.8061,84.8256,ENTERABLE_TIER_B,TRIGGERED,97.2931,FULL,,,UPWARD,NORMAL,1330.3,51.346979159266205,-50.91687041564793,-2.501435008763887,1.2957754981727347,-0.4088482922108011,47.9357142857143,100.0,0.0,91.8015,71.9624,100.0,91.8015,89.6528,0.0,MEDIUM,RESEARCH_ONLY_NO_STANDARD_TRADE,False
2025-05-12,BAJFINANCE,Financial Services,LONG,30.8843,66.3616,35.4773,87.3624,ENTERABLE_TIER_B,TRIGGERED,98.5,FULL,,UPWARD,UPWARD,NORMAL,9018.5,53.11706160618008,-58.106884057971016,4.54165214871828,0.8120611874458457,0.196694606822685,277.4642857142857,100.0,0.0,97.6922,72.1766,86.9879,97.6922,98.3421,13.0122,HIGH,UPGRADE_OFACTOR_REQUIRED,False
2025-05-12,DIXON,Consumer Durables,LONG,47.6045,71.348,23.7435,80.8885,ENTERABLE_TIER_B,TRIGGERED,97.2931,FULL,,,UPWARD,NORMAL,16073.0,56.573767581829806,-49.35579781962339,6.720573721027099,1.1012089385906327,2.7375027879513376,629.3571428571429,100.0,0.0,74.1183,67.7131,72.6774,74.1183,88.1149,27.3226,MEDIUM,UPGRADE_OFACTOR_REQUIRED,False
2025-05-12,GAIL,Oil Gas & Consumable Fuels,LONG,41.0137,69.8395,28.8258,87.0596,ENTERABLE_TIER_B,TRIGGERED,98.5,FULL,,UPWARD,UPWARD,NORMAL,187.8,54.592205382206096,-49.17127071823193,4.190698857708619,0.980612590703589,1.4682562386169025,5.910714285714287,100.0,0.0,86.0931,88.0894,89.2866,86.0931,90.9994,10.7134,HIGH,UPGRADE_OFACTOR_REQUIRED,False
2025-05-12,GODREJPROP,Realty,LONG,40.5286,69.1524,28.6238,79.2833,ENTERABLE_TIER_B,TRIGGERED,97.2931,FULL,,,UPWARD,NORMAL,2146.8,53.46036460319373,-46.54477009948908,0.1496841111105716,1.00718770261487,0.3972494971077219,100.58571428571436,100.0,0.0,58.9173,70.5326,88.9547,58.9173,98.7275,11.0453,LOW,UPGRADE_OFACTOR_REQUIRED,False
2025-05-12,GPIL,OTHER,LONG,32.0943,62.8811,30.7868,76.9206,ENTERABLE_TIER_B,TRIGGERED,97.2931,FULL,,,UPWARD,NORMAL,189.95,53.08958837668373,-43.65597502128872,-1.082391862024485,0.9865501060433084,-0.6154740542758905,7.76714285714286,100.0,0.0,90.7087,55.1959,83.6864,90.7087,96.6526,16.3136,MEDIUM,RESEARCH_ONLY_NO_STANDARD_TRADE,False
2025-05-12,GRAPHITE,OTHER,LONG,26.0298,56.9618,30.932,76.4532,ENTERABLE_TIER_B,TRIGGERED,97.2931,FULL,,,UPWARD,NORMAL,466.15,51.50748833600372,-45.27243589743591,0.1087682637415542,1.001648153848805,-0.5369446536587895,18.478571428571424,100.0,0.0,93.2444,60.603,83.6864,93.2444,89.9343,16.3136,MEDIUM,RESEARCH_ONLY_NO_STANDARD_TRADE,False
2025-05-12,HBLENGINE,OTHER,LONG,25.0071,62.0676,37.0605,80.9961,ENTERABLE_TIER_B,TRIGGERED,97.2931,FULL,,,UPWARD,NORMAL,505.55,54.33108487324507,-41.66666666666663,0.901680860849899,0.9906311142824872,-0.3766412464964297,22.95,100.0,0.0,84.7422,68.8889,83.6864,84.7422,93.3769,16.3136,LOW,RESEARCH_ONLY_NO_STANDARD_TRADE,False
2025-05-12,HINDZINC,Metals & Mining,LONG,32.8153,68.1642,35.3489,83.5499,ENTERABLE_TIER_B,TRIGGERED,98.5,FULL,,UPWARD,UPWARD,NORMAL,434.95,51.15784143591646,-47.13876967095852,-0.4766481829353188,1.4042155381933936,-0.9706044759667766,16.335714285714285,100.0,0.0,91.5829,63.3931,90.3441,91.5829,96.4495,9.6558,MEDIUM,UPGRADE_OFACTOR_REQUIRED,False
2025-05-12,ICICIGI,Financial Services,LONG,31.303,63.5211,32.2181,82.8107,ENTERABLE_TIER_B,TRIGGERED,98.5,FULL,,UPWARD,UPWARD,NORMAL,1836.7,53.1269894915476,-44.80398257622898,1.661931672616204,0.8870230997625197,0.4816700207582173,46.60714285714288,100.0,0.0,88.1527,67.7303,86.9879,88.1527,95.7946,13.0122,MEDIUM,RESEARCH_ONLY_NO_STANDARD_TRADE,False
2025-05-12,IDBI,OTHER,LONG,41.4032,71.8448,30.4416,80.8534,ENTERABLE_TIER_B,TRIGGERED,97.2931,FULL,,,UPWARD,NORMAL,81.79,55.54693045583804,-48.24695121951216,4.346421694284205,1.1797989361214654,0.2398311157920231,3.2457142857142856,100.0,0.0,79.8606,73.1338,83.6864,79.8606,97.412,16.3136,MEDIUM,UPGRADE_OFACTOR_REQUIRED,False
2025-05-12,J&KBANK,OTHER,LONG,28.8117,64.3742,35.5625,85.2146,ENTERABLE_TIER_B,TRIGGERED,97.2931,FULL,,,UPWARD,NORMAL,97.29,51.87653995468994,-65.67010309278349,0.9174676276312168,1.053223405588766,-0.9267261042832242,4.959999999999999,100.0,0.0,98.8844,75.8871,83.6864,98.8844,95.8871,16.3136,LOW,RESEARCH_ONLY_NO_STANDARD_TRADE,False
2025-05-12,JWL,OTHER,LONG,30.6514,62.1328,31.4814,79.8079,ENTERABLE_TIER_B,TRIGGERED,97.2931,FULL,,,UPWARD,NORMAL,370.1,55.351426123869615,-41.86991869918696,1.1484041012977089,2.558385985674656,-0.6569507348002613,17.04642857142857,100.0,0.0,85.0604,57.8797,83.6864,85.0604,91.0832,16.3136,LOW,RESEARCH_ONLY_NO_STANDARD_TRADE,False
2025-05-12,KPIL,OTHER,LONG,38.9677,68.293,29.3253,75.1075,ENTERABLE_TIER_B,TRIGGERED,97.2931,FULL,,,UPWARD,NORMAL,979.3,54.07288690658222,-39.88919667590034,0.2735587853303318,1.7013307433925116,0.222388055374647,43.45714285714287,100.0,0.0,61.0459,66.1736,83.6864,61.0459,85.549,16.3136,MEDIUM,UPGRADE_OFACTOR_REQUIRED,False
2025-05-12,LICHSGFIN,Financial Services,LONG,44.1857,71.883,27.6973,82.9266,ENTERABLE_TIER_B,TRIGGERED,97.2931,FULL,,,UPWARD,NORMAL,601.5,55.24821131268898,-38.791732909379945,4.275194450926557,1.3742907310348478,1.0913240431405873,19.71428571428572,100.0,0.0,78.6449,77.2754,86.9879,78.6449,94.7246,13.0122,HIGH,UPGRADE_OFACTOR_REQUIRED,False
2025-05-12,LINDEINDIA,Chemicals,LONG,31.4469,59.5018,28.0549,80.1418,ENTERABLE_TIER_B,TRIGGERED,97.2931,FULL,,,UPWARD,NORMAL,6323.0,53.17774102160464,-38.47058823529412,1.3626992106949187,0.9237647961694708,0.0908462092236302,210.8571428571429,100.0,0.0,86.0988,73.8211,88.7445,86.0988,81.7886,11.2555,HIGH,RESEARCH_ONLY_NO_STANDARD_TRADE,False
2025-05-12,LLOYDSME,Metals & Mining,LONG,46.3803,72.5268,26.1465,79.3214,ENTERABLE_TIER_B,TRIGGERED,97.2931,FULL,,,UPWARD,NORMAL,1263.0,53.87443493192914,-41.31408661025384,3.810315960964497,1.1136563309330456,-0.3200035698732635,55.121428571428574,100.0,0.0,74.0694,70.1749,90.3441,74.0694,91.3645,9.6558,MEDIUM,UPGRADE_OFACTOR_REQUIRED,False
2025-05-12,LUPIN,Healthcare,LONG,15.8819,55.4759,39.594,81.9827,ENTERABLE_TIER_B,TRIGGERED,97.2931,FULL,,,UPWARD,NORMAL,2039.8,50.20437259226056,-62.50712250712253,-0.1095748043330329,1.1015281879119658,0.4342096584422836,72.41428571428575,100.0,0.0,93.9768,63.6536,71.1058,93.9768,97.1276,28.8942,MEDIUM,RESEARCH_ONLY_NO_STANDARD_TRADE,False
2025-05-12,MANKIND,Healthcare,LONG,23.4657,62.8736,39.4079,82.534,ENTERABLE_TIER_B,TRIGGERED,97.2931,FULL,,,UPWARD,NORMAL,2500.0,54.46308524106006,-45.54772581678408,2.15750841008403,1.145176946109169,0.3128765159653994,89.5785714285715,100.0,0.0,84.9238,74.994,71.1058,84.9238,87.3184,28.8942,MEDIUM,RESEARCH_ONLY_NO_STANDARD_TRADE,False
2025-05-12,NSLNISP,OTHER,LONG,32.6314,65.8289,33.1975,74.8172,ENTERABLE_TIER_B,TRIGGERED,97.2931,FULL,,,UPWARD,NORMAL,36.12,54.50552291322022,-38.2978723404256,-1.1399505700494923,1.5333914436690412,-0.5549490546565389,1.419285714285714,100.0,0.0,70.1728,68.9985,83.6864,70.1728,90.6995,16.3136,MEDIUM,UPGRADE_OFACTOR_REQUIRED,False
2025-05-12,OBEROIRLTY,Realty,LONG,35.489,66.5982,31.1092,81.8589,ENTERABLE_TIER_B,TRIGGERED,97.2931,FULL,,,UPWARD,NORMAL,1617.7,51.175139249025705,-51.48648648648647,-2.168101037454908,1.1684162188349971,-0.5403247883917637,63.72142857142855,100.0,0.0,96.6966,57.5025,88.9547,96.6966,97.5518,11.0453,MEDIUM,UPGRADE_OFACTOR_REQUIRED,False
2025-05-12,PAYTM,Financial Services,LONG,41.8259,70.4483,28.6224,81.7501,ENTERABLE_TIER_B,TRIGGERED,97.2931,FULL,,,UPWARD,NORMAL,866.05,54.51175107827892,-44.58233890214802,5.859337434556694,0.902205587122582,1.4906376094486342,38.92857142857144,100.0,0.0,87.1217,69.2257,86.9879,87.1217,96.3009,13.0122,MEDIUM,UPGRADE_OFACTOR_REQUIRED,False
2025-05-12,PFC,Financial Services,LONG,29.5968,65.5256,35.9288,86.3758,ENTERABLE_TIER_B,TRIGGERED,98.5,FULL,,TRANSITION,UPWARD,NORMAL,413.95,52.144368479228426,-47.85714285714292,0.6068917734256588,0.9656278304498904,-0.6637989023917307,15.56785714285714,100.0,0.0,98.3727,64.1569,86.9879,98.3727,97.3021,13.0122,MEDIUM,UPGRADE_OFACTOR_REQUIRED,False
2025-05-12,POONAWALLA,OTHER,LONG,46.5051,67.9066,21.4015,82.8665,ENTERABLE_TIER_B,TRIGGERED,97.2931,FULL,,,UPWARD,NORMAL,385.55,57.34660757998104,-57.1428571428571,10.110060014105237,0.787610920354519,2.3165727909913696,16.45714285714285,100.0,0.0,86.6927,79.3403,83.6864,86.6927,90.6424,16.3136,MEDIUM,UPGRADE_OFACTOR_REQUIRED,False
2025-05-12,PVRINOX,OTHER,LONG,34.2686,67.0312,32.7626,79.2138,ENTERABLE_TIER_B,TRIGGERED,97.2931,FULL,,,UPWARD,NORMAL,962.8,52.53616792620668,-59.7304128053918,-3.249707453823385,1.7961943426662337,-0.2994826292821808,32.42857142857142,100.0,0.0,78.2907,68.793,83.6864,78.2907,91.1189,16.3136,LOW,UPGRADE_OFACTOR_REQUIRED,False
2025-05-12,RITES,OTHER,LONG,29.9309,63.5681,33.6372,76.2537,ENTERABLE_TIER_B,TRIGGERED,97.2931,FULL,,,UPWARD,NORMAL,230.0,52.100333057466266,-45.61933534743202,-1.8444684838276255,1.6501033414549138,-0.5839194123944194,8.877142857142857,100.0,0.0,94.3676,50.4345,83.6864,94.3676,85.1304,16.3136,MEDIUM,RESEARCH_ONLY_NO_STANDARD_TRADE,False
2025-05-12,SAMMAANCAP,OTHER,LONG,40.8059,65.8309,25.025,83.7888,ENTERABLE_TIER_B,TRIGGERED,97.2931,FULL,,,UPWARD,NORMAL,120.01,52.96604396828791,-56.623735050597936,-1.276233640120242,0.7606138913644346,0.1670317224513142,5.640000000000001,100.0,0.0,86.052,85.7447,83.6864,86.052,90.7092,16.3136,LOW,UPGRADE_OFACTOR_REQUIRED,False
2025-05-12,SUZLON,Capital Goods,LONG,39.1459,71.8536,32.7077,84.0914,ENTERABLE_TIER_B,TRIGGERED,97.2931,FULL,,,UPWARD,NORMAL,56.95,53.16036486469445,-44.17938931297707,1.4122643327609476,1.2608496967028249,-0.4066585675481779,2.47,100.0,0.0,77.3414,72.3077,100.0,77.3414,92.7126,0.0,MEDIUM,UPGRADE_OFACTOR_REQUIRED,False
2025-05-12,UTIAMC,OTHER,LONG,25.0834,58.5782,33.4948,80.8718,ENTERABLE_TIER_B,TRIGGERED,97.2931,FULL,,,UPWARD,NORMAL,1045.2,51.89693686629952,-56.72247590055807,-0.3183070784887079,0.8325228013398026,-0.5664202091265529,48.76428571428574,100.0,0.0,95.3142,66.4509,83.6864,95.3142,96.0627,16.3136,LOW,RESEARCH_ONLY_NO_STANDARD_TRADE,False
2025-05-13,ABBOTINDIA,Healthcare,LONG,16.5011,53.4465,36.9454,81.2331,ENTERABLE_TIER_B,TRIGGERED,97.2931,FULL,,,UPWARD,NORMAL,30390.0,52.43760215319436,-51.26903553299493,1.7348469066225798,0.8479831618202751,0.1405824952113594,701.7857142857143,100.0,0.0,94.3055,77.771,69.5072,94.3055,93.7303,30.4928,MEDIUM,RESEARCH_ONLY_NO_STANDARD_TRADE,False
2025-05-13,ACE,OTHER,LONG,29.4564,67.3727,37.9163,78.4825,ENTERABLE_TIER_B,TRIGGERED,97.2931,FULL,,,UPWARD,NORMAL,1225.1,53.53252173847475,-36.15903975994003,0.418915139533718,1.835654163239363,-0.6599344885433294,45.46428571428572,100.0,0.0,79.57,73.5177,89.8385,79.57,90.3221,10.1615,MEDIUM,UPGRADE_OFACTOR_REQUIRED,False
2025-05-13,ADANIENSOL,Power,LONG,31.7379,62.479,30.7411,87.2852,ENTERABLE_TIER_B,TRIGGERED,98.5,FULL,,UPWARD,UPWARD,NORMAL,904.2,54.53905200705956,-43.910806174957095,7.1418798702713,0.758563653085166,1.1116974371850668,44.25357142857144,100.0,0.0,97.7403,82.8714,66.6821,97.7403,95.7518,33.3179,LOW,RESEARCH_ONLY_NO_STANDARD_TRADE,False
2025-05-13,BAJAJ-AUTO,Automobile and Auto Components,LONG,26.0934,64.8429,38.7495,84.4356,ENTERABLE_TIER_B,TRIGGERED,98.5,FULL,,UPWARD,UPWARD,NORMAL,8063.0,53.94235773124906,-37.01117318435754,-0.3998148043036687,1.1371658208531528,-0.079896865791272,191.32142857142856,100.0,0.0,76.2154,76.3748,100.0,76.2154,90.3827,0.0,HIGH,RESEARCH_ONLY_NO_STANDARD_TRADE,False
2025-05-13,BAJFINANCE,Financial Services,LONG,13.6457,57.4988,43.8531,89.9577,ENTERABLE_TIER_B,TRIGGERED,98.5,FULL,,SIDEWAYS,UPWARD,NORMAL,9042.0,53.658296502847165,-55.97826086956522,4.651546245543176,1.0089827629531551,0.2930209583577733,278.1428571428572,100.0,0.0,95.7348,92.6656,88.959,95.7348,82.527,11.0411,HIGH,RESEARCH_ONLY_NO_STANDARD_TRADE,False
2025-05-13,BLS,OTHER,LONG,20.2091,60.8951,40.686,84.4578,ENTERABLE_TIER_B,TRIGGERED,97.2931,FULL,,,UPWARD,NORMAL,371.35,52.3153744353877,-44.92052522460261,-1.723804344045206,1.0884053816180117,-1.7174390878055248,15.51428571428572,100.0,0.0,85.6154,74.3462,89.8385,85.6154,84.4015,10.1615,LOW,RESEARCH_ONLY_NO_STANDARD_TRADE,False
2025-05-13,CIPLA,Healthcare,LONG,23.0128,61.9774,38.9646,85.8177,ENTERABLE_TIER_B,TRIGGERED,98.5,FULL,,UPWARD,UPWARD,NORMAL,1520.1,53.39831965584887,-46.685082872928255,2.014881354762653,2.5225745951793748,0.5235310377378408,34.92857142857141,100.0,0.0,94.1738,73.6605,69.5072,94.1738,77.3252,30.4928,LOW,RESEARCH_ONLY_NO_STANDARD_TRADE,False
2025-05-13,DIVISLAB,Healthcare,LONG,36.5167,67.3342,30.8175,79.0408,ENTERABLE_TIER_B,TRIGGERED,98.5,FULL,,UPWARD,UPWARD,NORMAL,6076.5,56.163919368367495,-49.67880085653105,3.852725147582205,1.15991172993981,1.4046796860609383,188.78571428571428,100.0,0.0,63.041,74.2565,69.5072,63.041,84.9565,30.4928,MEDIUM,UPGRADE_OFACTOR_REQUIRED,False
2025-05-13,ERIS,OTHER,LONG,44.1048,67.46,23.3552,83.49,ENTERABLE_TIER_B,TRIGGERED,97.2931,FULL,,,UPWARD,NORMAL,1444.8,53.15150763207668,-60.33444816053514,4.945094928786796,1.383232784507952,1.7127429226414803,70.3,100.0,0.0,98.6534,73.2006,89.8385,98.6534,82.8165,10.1615,LOW,UPGRADE_OFACTOR_REQUIRED,False
2025-05-13,IFCI,OTHER,LONG,20.4665,57.232,36.7655,82.1793,ENTERABLE_TIER_B,TRIGGERED,97.2931,FULL,,,UPWARD,NORMAL,43.41,52.0643317454368,-44.39746300211419,-3.870923093336566,1.060297447938376,-1.3369383373200414,2.0314285714285707,100.0,0.0,85.1992,82.4754,89.8385,85.1992,91.5331,10.1615,LOW,RESEARCH_ONLY_NO_STANDARD_TRADE,False
2025-05-13,J&KBANK,OTHER,LONG,49.2544,74.1153,24.8609,72.1414,ENTERABLE_TIER_B,TRIGGERED,97.2931,FULL,,,UPWARD,NORMAL,101.61,56.97495937753568,-32.49999999999999,5.215310565521631,0.987234205290336,-0.302524506695701,4.704285714285713,100.0,0.0,44.8304,55.87,89.8385,44.8304,90.7319,10.1615,LOW,WAIT_FOR_XFACTOR,False
2025-05-13,JUBLFOOD,Consumer Services,LONG,11.898,54.0744,42.1764,85.4669,ENTERABLE_TIER_B,TRIGGERED,97.2931,FULL,,,UPWARD,NORMAL,701.7,53.59526497594819,-34.5622119815668,3.0290647165355025,1.1465504754189917,0.7308773997603198,23.485714285714277,100.0,0.0,96.8491,83.5645,58.5294,96.8491,90.0365,41.4705,LOW,RESEARCH_ONLY_NO_STANDARD_TRADE,False
2025-05-13,JWL,OTHER,LONG,22.6884,56.5119,33.8235,80.7658,ENTERABLE_TIER_B,TRIGGERED,97.2931,FULL,,,UPWARD,NORMAL,373.1,56.53602772137455,-28.39313572542899,1.903602334337021,0.8537126051655705,-0.2360725192120312,16.610714285714288,100.0,0.0,74.966,78.2068,89.8385,74.966,93.3778,10.1615,MEDIUM,RESEARCH_ONLY_NO_STANDARD_TRADE,False
2025-05-13,MANAPPURAM,OTHER,LONG,18.9511,58.6448,39.6937,83.1806,ENTERABLE_TIER_B,TRIGGERED,97.2931,FULL,,,UPWARD,NORMAL,231.1,55.936585691130325,-32.9953198127926,5.558669522310146,0.8761692093555487,0.7806131682450967,4.664285714285717,100.0,0.0,79.2966,78.6462,89.8385,79.2966,89.7948,10.1615,HIGH,RESEARCH_ONLY_NO_STANDARD_TRADE,False
2025-05-13,NAVA,OTHER,LONG,29.8921,62.4692,32.5771,81.7082,ENTERABLE_TIER_B,TRIGGERED,97.2931,FULL,,,UPWARD,NORMAL,471.9,52.584463421341326,-38.63773357444245,-5.324445689145123,1.0009332567984663,-1.2362275671576186,23.549999999999997,100.0,0.0,86.0368,78.7686,89.8385,86.0368,94.7346,10.1615,LOW,RESEARCH_ONLY_NO_STANDARD_TRADE,False
2025-05-13,ONESOURCE,OTHER,LONG,41.8369,72.0463,30.2094,70.2123,ENTERABLE_TIER_B,TRIGGERED,97.2931,FULL,,,UPWARD,NORMAL,1648.9,56.88541320632015,-39.492187499999964,5.975281112682587,1.7182735061128225,1.1855070546448765,81.12857142857145,100.0,0.0,48.2385,68.0014,89.8385,48.2385,95.0203,10.1615,LOW,UPGRADE_OFACTOR_REQUIRED,False
2025-05-13,PIDILITIND,Chemicals,LONG,35.5644,73.3524,37.788,69.5247,ENTERABLE_TIER_B,TRIGGERED,98.5,FULL,,UPWARD,UPWARD,NORMAL,3100.6,64.96726923578551,-13.935681470137911,5.837175378587067,1.9341776814564664,1.2856245931198933,68.39285714285714,100.0,0.0,22.7502,53.6501,91.3876,22.7502,84.0334,8.6124,LOW,UPGRADE_OFACTOR_REQUIRED,False
2025-05-14,BERGEPAINT,Consumer Durables,LONG,21.3027,61.5291,40.2264,80.5432,ENTERABLE_TIER_B,TRIGGERED,97.2931,FULL,,,UPWARD,NORMAL,552.95,57.8415638693284,-60.63604240282683,5.794655845311623,2.049863966816824,1.0360703761493444,17.264285714285716,100.0,0.0,90.2882,60.7282,68.4306,90.2882,71.6177,31.5694,LOW,RESEARCH_ONLY_NO_STANDARD_TRADE,False
2025-05-14,DOMS,OTHER,LONG,43.3033,66.473,23.1697,77.809,ENTERABLE_TIER_B,TRIGGERED,97.2931,FULL,,,UPWARD,NORMAL,2856.6,56.33672612214105,-32.41701244813279,4.154703237878461,0.7456003350985848,0.0785219682167686,112.24285714285716,100.0,0.0,68.3722,72.8802,96.6191,68.3722,86.3154,3.3809,MEDIUM,UPGRADE_OFACTOR_REQUIRED,False
2025-05-14,GODREJPROP,Realty,LONG,30.9856,63.6417,32.6561,87.3569,ENTERABLE_TIER_B,TRIGGERED,97.2931,FULL,,,UPWARD,NORMAL,2119.1,51.60121860666564,-53.99300887335309,-1.0467096263237896,0.8649415227545993,0.4066123869283398,95.82857142857152,100.0,0.0,86.5767,86.6846,96.7612,86.5767,96.7024,3.2388,LOW,RESEARCH_ONLY_NO_STANDARD_TRADE,False
2025-05-14,HINDZINC,Metals & Mining,LONG,40.6924,70.218,29.5256,84.3168,ENTERABLE_TIER_B,TRIGGERED,98.5,FULL,,UPWARD,UPWARD,NORMAL,438.95,52.65726281618805,-41.41630901287554,0.4827727831899209,1.2063547056597097,-0.6000062017991451,15.664285714285716,100.0,0.0,86.1575,76.6347,100.0,86.1575,95.5312,0.0,MEDIUM,UPGRADE_OFACTOR_REQUIRED,False
2025-05-14,LUPIN,Healthcare,LONG,18.3214,60.5934,42.272,83.3391,ENTERABLE_TIER_B,TRIGGERED,97.2931,FULL,,,UPWARD,NORMAL,2071.4,53.1556839575846,-44.50142450142445,1.356236215166548,1.072792282996028,0.512509325019916,71.02142857142864,100.0,0.0,75.782,79.9497,76.367,75.782,91.7771,23.633,HIGH,RESEARCH_ONLY_NO_STANDARD_TRADE,False
2025-05-14,NCC,OTHER,LONG,51.3413,76.5761,25.2348,70.1813,ENTERABLE_TIER_B,TRIGGERED,97.2931,FULL,,,UPWARD,NORMAL,226.11,59.30852175252037,-4.612403100775183,4.716060235194051,1.3661817663099236,1.2147379415800037,8.54857142857143,100.0,0.0,27.5084,56.505,96.6191,27.5084,94.4318,3.3809,LOW,WAIT_FOR_XFACTOR,False
2025-05-14,NHPC,Power,LONG,24.4343,61.2661,36.8318,81.6752,ENTERABLE_TIER_B,TRIGGERED,97.2931,FULL,,,UPWARD,NORMAL,85.96,55.398365418806605,-34.87592219986588,4.431423042224713,1.006914800001112,0.0353529212719148,3.1499999999999977,100.0,0.0,83.5026,67.4921,68.7779,83.5026,96.0635,31.2221,MEDIUM,RESEARCH_ONLY_NO_STANDARD_TRADE,False
2025-05-14,PPLPHARMA,OTHER,LONG,31.6229,63.8452,32.2223,80.2379,ENTERABLE_TIER_B,TRIGGERED,97.2931,FULL,,,UPWARD,NORMAL,219.04,54.31913883884325,-33.06715063520875,0.7084033458340582,1.0084444169717452,-0.5579890244549081,8.402857142857146,100.0,0.0,72.2555,77.0554,96.6191,72.2555,95.4301,3.3809,MEDIUM,RESEARCH_ONLY_NO_STANDARD_TRADE,False
2025-05-14,PVRINOX,OTHER,LONG,40.7926,70.8846,30.092,80.0557,ENTERABLE_TIER_B,TRIGGERED,97.2931,FULL,,,UPWARD,NORMAL,965.65,52.99612721084949,-57.329401853412,-2.722969472821036,1.49490740484888,-0.113638946958684,32.44642857142856,100.0,0.0,85.5249,63.4474,96.6191,85.5249,93.4045,3.3809,MEDIUM,UPGRADE_OFACTOR_REQUIRED,False
2025-05-15,ACE,OTHER,LONG,10.9946,49.3757,38.3811,80.5079,ENTERABLE_TIER_B,TRIGGERED,97.2931,FULL,,,UPWARD,NORMAL,1223.5,53.16870015974704,-26.236749116607804,0.2892074793532014,1.002359296219205,-0.2882167526036204,45.96428571428573,100.0,0.0,79.223,84.1616,90.7893,79.223,87.0334,9.2108,LOW,RESEARCH_ONLY_NO_STANDARD_TRADE,False
2025-05-15,APTUS,OTHER,LONG,37.6385,70.001,32.3625,80.8858,ENTERABLE_TIER_B,TRIGGERED,97.2931,FULL,,,UPWARD,NORMAL,327.55,57.13663768655257,-36.652542372881314,4.484008502674681,1.9391543519536203,0.958671320989538,10.203571428571433,100.0,0.0,82.7185,73.9307,90.7893,82.7185,92.7476,9.2108,MEDIUM,UPGRADE_OFACTOR_REQUIRED,False
2025-05-15,ASTRAL,Capital Goods,LONG,31.7038,64.6837,32.9799,85.4133,ENTERABLE_TIER_B,TRIGGERED,97.2931,FULL,,,UPWARD,NORMAL,1344.0,53.24048494655749,-37.123745819398,-1.3200832328450145,1.0349041526870626,-0.0093833392201571,44.85000000000002,100.0,0.0,86.1613,87.5139,100.0,86.1613,93.4002,0.0,MEDIUM,RESEARCH_ONLY_NO_STANDARD_TRADE,False
2025-05-15,BAJAJFINSV,Financial Services,LONG,32.7874,68.9438,36.1564,86.1809,ENTERABLE_TIER_B,TRIGGERED,98.5,FULL,,TRANSITION,UPWARD,NORMAL,2041.9,55.40507995410708,-39.99037536092393,5.640631544405993,1.2328788776164972,1.038100607246199,63.94285714285717,100.0,0.0,90.8095,71.7248,91.2922,90.8095,94.6828,8.7078,HIGH,UPGRADE_OFACTOR_REQUIRED,False
2025-05-15,BAJFINANCE,Financial Services,LONG,29.63,63.6778,34.0478,80.4818,ENTERABLE_TIER_B,TRIGGERED,98.5,FULL,,TRANSITION,UPWARD,NORMAL,9188.5,57.165538431406304,-19.78440076093849,5.961379252209117,0.7984505830015521,0.5648728200400535,256.7142857142857,100.0,0.0,60.0269,74.9917,91.2922,60.0269,95.8709,8.7078,HIGH,RESEARCH_ONLY_NO_STANDARD_TRADE,False
2025-05-15,GODREJPROP,Realty,LONG,44.2542,73.573,29.3188,82.9138,ENTERABLE_TIER_B,TRIGGERED,97.2931,FULL,,,UPWARD,NORMAL,2148.9,53.543759962672965,-45.98010217800483,0.3336677062258003,1.136253458649043,0.533841812362158,99.2285714285715,100.0,0.0,71.4934,73.032,100.0,71.4934,95.5255,0.0,LOW,UPGRADE_OFACTOR_REQUIRED,False
2025-05-15,INDUSTOWER,Telecommunication,LONG,23.4643,63.2004,39.7361,86.1702,ENTERABLE_TIER_B,TRIGGERED,97.2931,FULL,,,UPWARD,NORMAL,396.95,58.38728060536764,-45.23489932885912,7.207489826217657,0.9269044469877612,1.8187809442166023,12.707142857142852,100.0,0.0,89.5859,82.0573,71.4827,89.5859,88.9826,28.5173,MEDIUM,RESEARCH_ONLY_NO_STANDARD_TRADE,False
2025-05-15,MRPL,OTHER,LONG,25.5455,58.9676,33.4221,83.4205,ENTERABLE_TIER_B,TRIGGERED,97.2931,FULL,,,UPWARD,NORMAL,135.86,55.27380504511928,-27.579908675799043,3.246415355233847,0.8181730025597427,0.1456224745916325,5.746428571428572,100.0,0.0,85.4402,89.0019,90.7893,85.4402,77.8645,9.2108,MEDIUM,RESEARCH_ONLY_NO_STANDARD_TRADE,False
2025-05-15,NESTLEIND,Fast Moving Consumer Goods,LONG,16.249,57.836,41.587,78.1334,ENTERABLE_TIER_B,TRIGGERED,98.5,FULL,,SIDEWAYS,UPWARD,NORMAL,2398.1,59.742560447091904,-25.853658536585304,3.840861401506536,1.0546348991529553,0.749104185694104,45.49285714285712,100.0,0.0,74.7799,50.2339,68.2655,74.7799,85.2285,31.7345,MEDIUM,RESEARCH_ONLY_NO_STANDARD_TRADE,False
2025-05-15,SBIN,Financial Services,LONG,38.8365,70.2233,31.3868,82.0221,ENTERABLE_TIER_B,TRIGGERED,98.5,FULL,,UPWARD,UPWARD,NORMAL,807.75,58.222292444616485,-28.91156462585034,4.126717809140263,1.0454926494968,0.9053956877321548,21.003571428571423,100.0,0.0,67.8864,74.7662,91.2922,67.8864,96.7625,8.7078,HIGH,UPGRADE_OFACTOR_REQUIRED,False
2025-05-15,TATACHEM,OTHER,LONG,26.7678,61.8043,35.0365,76.621,ENTERABLE_TIER_B,TRIGGERED,97.2931,FULL,,,UPWARD,NORMAL,852.4,54.29979604809392,-21.597096188747766,-0.7307455455976908,0.8730729016441796,-0.0695340188267251,25.525000000000016,100.0,0.0,68.7822,77.669,90.7893,68.7822,96.7875,9.2108,HIGH,RESEARCH_ONLY_NO_STANDARD_TRADE,False
2025-05-15,ULTRACEMCO,Construction Materials,LONG,22.8752,62.4489,39.5737,79.5902,ENTERABLE_TIER_B,TRIGGERED,98.5,FULL,,TRANSITION,UPWARD,NORMAL,11894.0,57.778613051165976,-43.372319688109165,3.787431453908497,1.173488032663054,0.5872459894191023,273.1428571428572,100.0,0.0,78.4484,63.2427,68.9369,78.4484,94.4351,31.0631,MEDIUM,RESEARCH_ONLY_NO_STANDARD_TRADE,False
2025-05-16,ACC,Construction Materials,LONG,4.8449,48.1808,43.3359,80.4817,ENTERABLE_TIER_B,TRIGGERED,97.2931,FULL,,,UPWARD,NORMAL,1928.4,53.043844813577024,-12.065921130076507,-0.584161996161828,0.8687009771460584,-1.242181526714958,42.35714285714289,100.0,0.0,89.864,59.5818,66.0808,89.864,95.1838,33.9192,LOW,RESEARCH_ONLY_NO_STANDARD_TRADE,False
2025-05-16,APTUS,OTHER,LONG,28.2587,59.9401,31.6814,82.0509,ENTERABLE_TIER_B,TRIGGERED,97.2931,FULL,,,UPWARD,NORMAL,326.8,56.4486753401028,-30.90024330900233,4.102223557234374,0.9273056165835136,1.003185361112939,9.678571428571429,100.0,0.0,89.3063,82.4354,93.7608,89.3063,95.0406,6.2392,HIGH,RESEARCH_ONLY_NO_STANDARD_TRADE,False
2025-05-16,BIKAJI,OTHER,LONG,38.4304,66.5486,28.1182,76.0987,ENTERABLE_TIER_B,TRIGGERED,97.2931,FULL,,,UPWARD,NORMAL,717.65,56.146561788275655,-22.97217288336293,2.909563730770351,2.682809847206954,0.4066447928292401,22.87142857142859,100.0,0.0,77.6067,60.3873,93.7608,77.6067,91.168,6.2392,LOW,UPGRADE_OFACTOR_REQUIRED,False
2025-05-16,CAMS,OTHER,LONG,40.5402,73.7355,33.1953,75.4735,ENTERABLE_TIER_B,TRIGGERED,97.2931,FULL,,,UPWARD,NORMAL,3890.9,56.8806975371277,-23.636071887034625,3.028211746292985,1.5755036544100112,-0.2693664496083333,137.97142857142853,100.0,0.0,64.2776,55.3821,93.7608,64.2776,88.9542,6.2392,MEDIUM,UPGRADE_OFACTOR_REQUIRED,False
2025-05-16,EIHOTEL,OTHER,LONG,36.9172,67.845,30.9278,78.6518,ENTERABLE_TIER_B,TRIGGERED,97.2931,FULL,,,UPWARD,NORMAL,375.2,54.35774011339914,-19.272369714847606,2.320144684543362,1.4516107859169132,-0.0483432275635615,13.860714285714286,100.0,0.0,81.747,68.8328,93.7608,81.747,97.6913,6.2392,MEDIUM,UPGRADE_OFACTOR_REQUIRED,False
2025-05-16,IREDA,Financial Services,LONG,39.9172,72.2908,32.3736,71.5877,ENTERABLE_TIER_B,TRIGGERED,97.2931,FULL,,,UPWARD,NORMAL,173.29,58.08172993442404,-11.70583115752828,2.7021803883282134,1.7601945883416783,0.5962832890708876,5.81785714285714,100.0,0.0,43.0776,56.8913,90.7275,43.0776,81.5052,9.2725,MEDIUM,UPGRADE_OFACTOR_REQUIRED,False
2025-05-16,NTPCGREEN,Power,LONG,32.2035,68.0233,35.8198,76.8609,ENTERABLE_TIER_B,TRIGGERED,97.2931,FULL,,,UPWARD,NORMAL,104.71,57.80589227770858,-16.516762060507027,1.3006807290816147,1.4794005981357434,0.2313456766902487,3.3228571428571425,100.0,0.0,62.3517,66.1737,65.8215,62.3517,88.2029,34.1784,MEDIUM,UPGRADE_OFACTOR_REQUIRED,False
2025-05-16,PFC,Financial Services,LONG,23.118,63.6939,40.5759,83.9779,ENTERABLE_TIER_B,TRIGGERED,98.5,FULL,,SIDEWAYS,UPWARD,NORMAL,417.75,53.93245435461051,-21.68803418803416,1.55176538054973,1.7632509625875994,-0.1987025315968738,14.307142857142852,100.0,0.0,80.2313,71.343,90.7275,80.2313,84.7629,9.2725,MEDIUM,RESEARCH_ONLY_NO_STANDARD_TRADE,False
2025-05-16,SUMICHEM,OTHER,LONG,28.9689,58.7505,29.7816,68.9884,ENTERABLE_TIER_B,TRIGGERED,97.2931,FULL,,,UPWARD,NORMAL,538.45,55.7107386063098,-9.109947643978876,3.178184509287524,1.2958150931323205,-0.3743647174849665,17.842857142857135,100.0,0.0,45.2255,59.0873,93.7608,45.2255,90.2482,6.2392,MEDIUM,RESEARCH_ONLY_NO_STANDARD_TRADE,False
2025-05-19,BAJAJHFL,Financial Services,LONG,18.9801,57.4962,38.5161,78.2891,ENTERABLE_TIER_B,TRIGGERED,98.5,FULL,,TRANSITION,UPWARD,NORMAL,126.23,58.50085889972899,-17.91153009427111,3.78359961520753,1.0930810903494146,0.2190101520567123,3.517142857142854,100.0,0.0,55.6174,71.909,89.2056,55.6174,71.909,10.7944,MEDIUM,RESEARCH_ONLY_NO_STANDARD_TRADE,False
2025-05-19,EIHOTEL,OTHER,LONG,20.0344,58.046,38.0116,79.8378,ENTERABLE_TIER_B,TRIGGERED,97.2931,FULL,,,UPWARD,NORMAL,376.7,55.06229169885835,-16.322517207472973,2.6388449469770867,1.5787430997436545,0.1664229303800743,14.278571428571428,100.0,0.0,76.1414,82.9115,95.1311,76.1414,76.7484,4.8689,MEDIUM,RESEARCH_ONLY_NO_STANDARD_TRADE,False
2025-05-19,GAIL,Oil Gas & Consumable Fuels,LONG,30.6069,67.0438,36.4369,86.3729,ENTERABLE_TIER_B,TRIGGERED,98.5,FULL,,TRANSITION,UPWARD,NORMAL,189.48,56.26585884894763,-25.42837559972589,4.601636597177228,1.153986430216586,0.9932027041376708,5.657142857142863,100.0,0.0,88.8224,77.5152,87.6044,88.8224,89.6061,12.3956,HIGH,UPGRADE_OFACTOR_REQUIRED,False
2025-05-19,GODIGIT,OTHER,LONG,35.1509,66.4344,31.2835,74.1884,ENTERABLE_TIER_B,TRIGGERED,97.2931,FULL,,,UPWARD,NORMAL,303.6,58.5597874283945,-45.95469255663424,2.0314414813766564,1.1783317202774892,0.4447295231584476,12.174999999999995,100.0,0.0,56.345,70.5955,95.1311,56.345,91.4579,4.8689,MEDIUM,UPGRADE_OFACTOR_REQUIRED,False
2025-05-19,HOMEFIRST,OTHER,LONG,40.0854,65.8775,25.7921,82.5634,ENTERABLE_TIER_B,TRIGGERED,97.2931,FULL,,,UPWARD,NORMAL,1207.4,58.4309580378965,-49.27198602213156,8.942830965435034,0.91740725325329,1.7061911466700928,48.97142857142855,100.0,0.0,93.7106,67.8996,95.1311,93.7106,72.5554,4.8689,MEDIUM,UPGRADE_OFACTOR_REQUIRED,False
2025-05-19,ONESOURCE,OTHER,LONG,32.2457,63.4501,31.2044,78.2437,ENTERABLE_TIER_B,TRIGGERED,97.2931,FULL,,,UPWARD,NORMAL,1629.1,54.49406148568889,-61.24620060790275,4.3053783980091325,1.1004714611823525,0.8997664240505364,73.49285714285715,100.0,0.0,69.8338,79.3177,95.1311,69.8338,77.7393,4.8689,LOW,RESEARCH_ONLY_NO_STANDARD_TRADE,False
2025-05-19,UNITDSPR,Fast Moving Consumer Goods,LONG,22.4972,59.9998,37.5026,85.1696,ENTERABLE_TIER_B,TRIGGERED,98.5,FULL,,TRANSITION,UPWARD,NORMAL,1556.0,58.29237441413227,-51.06382978723404,4.957774201101857,1.2027148528585525,1.4584192969814764,37.00000000000005,100.0,0.0,95.0901,78.4865,63.7801,95.0901,87.3514,36.2199,MEDIUM,RESEARCH_ONLY_NO_STANDARD_TRADE,False
2025-05-20,ERIS,OTHER,LONG,35.738,65.7773,30.0393,84.7217,ENTERABLE_TIER_B,TRIGGERED,97.2931,FULL,,,TRANSITION,NORMAL,1470.2,55.09810693225414,-44.82084690553743,5.7327156148827,1.4407228853761709,1.4325507469168033,69.60714285714289,79.0773,20.9227,93.8368,84.7717,87.902,93.8368,60.4638,12.098,LOW,UPGRADE_OFACTOR_REQUIRED,False
2025-05-20,GODFRYPHLP,Fast Moving Consumer Goods,LONG,37.1524,65.0037,27.8513,76.9264,ENTERABLE_TIER_B,TRIGGERED,97.2931,FULL,,,TRANSITION,NORMAL,8626.0,58.84637058089432,-44.53992123165055,19.201145370207044,1.097750708949097,5.111651344479154,413.8928571428572,79.0773,20.9227,66.4768,76.2741,49.9605,66.4768,84.1505,50.0395,LOW,UPGRADE_OFACTOR_REQUIRED,False
2025-05-20,ONESOURCE,OTHER,LONG,44.6642,73.3616,28.6974,71.3991,ENTERABLE_TIER_B,TRIGGERED,97.2931,FULL,,,TRANSITION,NORMAL,1653.6,57.07978940274001,-48.83485309017226,5.673789119335301,1.62441876188817,1.0507126404507694,73.5,79.0773,20.9227,53.7188,67.619,87.902,53.7188,93.7959,12.098,MEDIUM,UPGRADE_OFACTOR_REQUIRED,False
2025-05-21,APOLLOHOSP,Healthcare,LONG,2.2131,50.8523,48.6392,87.0303,ENTERABLE_TIER_B,TRIGGERED,98.5,FULL,,SIDEWAYS,TRANSITION,NORMAL,6984.0,54.229583264718094,-28.304093567251464,2.5278068878173188,1.2714172129264802,0.6539881615932106,142.10714285714286,73.7611,26.2389,95.3322,84.378,60.8489,95.3322,83.3928,39.1511,MEDIUM,RESEARCH_ONLY_NO_STANDARD_TRADE,False
2025-05-21,BANKBARODA,Financial Services,LONG,17.2743,57.5164,40.2421,81.5893,ENTERABLE_TIER_B,TRIGGERED,98.5,FULL,,TRANSITION,TRANSITION,NORMAL,241.3,56.029305557438185,-27.2888214466363,4.355313844333173,0.9548824325051996,0.3744844534639208,8.012142857142857,73.7611,26.2389,77.3926,69.1968,65.3868,77.3926,98.003,34.6132,MEDIUM,RESEARCH_ONLY_NO_STANDARD_TRADE,False
2025-05-21,KIMS,OTHER,LONG,38.6975,68.8469,30.1494,75.5602,ENTERABLE_TIER_B,TRIGGERED,97.2931,FULL,,,TRANSITION,NORMAL,662.75,57.30208819943529,-15.583398590446423,4.949776244684998,1.485240694451255,0.7989575967035477,23.07500000000002,73.7611,26.2389,79.8555,52.3294,81.8203,79.8555,93.4995,18.1797,MEDIUM,UPGRADE_OFACTOR_REQUIRED,False
2025-05-21,NTPCGREEN,Power,LONG,18.3496,57.2916,38.942,63.8667,ENTERABLE_TIER_B,TRIGGERED,97.2931,FULL,,,TRANSITION,NORMAL,106.16,59.54554525991433,-15.200000000000024,2.574401105898529,2.7713634331286383,0.7352554625276225,3.432857142857143,73.7611,26.2389,26.2616,49.1968,45.4466,26.2616,75.6471,54.5534,LOW,RESEARCH_ONLY_NO_STANDARD_TRADE,False
2025-05-21,PFC,Financial Services,LONG,2.4074,52.2037,49.7963,84.2489,ENTERABLE_TIER_B,TRIGGERED,98.5,FULL,,DOWNWARD,TRANSITION,NORMAL,412.7,51.30817419818613,-27.18894009216594,0.2949072473246023,2.143123302579529,0.0083227321541195,14.66071428571428,73.7611,26.2389,90.0414,70.1242,65.3868,90.0414,77.4909,34.6132,LOW,RESEARCH_ONLY_NO_STANDARD_TRADE,False
2025-05-22,BIKAJI,OTHER,LONG,21.0295,52.5919,31.5624,70.4745,ENTERABLE_TIER_B,TRIGGERED,97.2931,FULL,,,SIDEWAYS,NORMAL,723.7,56.64076361341607,-14.594594594594568,3.363694774952352,0.9360216687651286,0.8039373721689738,23.875000000000018,65.2565,34.7435,55.7906,67.8325,76.5846,55.7906,86.0942,23.4154,MEDIUM,RESEARCH_ONLY_NO_STANDARD_TRADE,False
2025-05-23,GICRE,Financial Services,LONG,16.2444,51.9316,35.6872,78.7529,ENTERABLE_TIER_B,TRIGGERED,97.2931,FULL,,,SIDEWAYS,NORMAL,427.1,53.45438410853431,-33.761782347900564,2.923048777411521,0.9442327826490312,0.9146205480047116,16.3,67.9553,32.0447,77.0552,77.6687,56.1019,77.0552,79.3865,43.8981,LOW,RESEARCH_ONLY_NO_STANDARD_TRADE,False
2025-05-23,MANAPPURAM,OTHER,LONG,12.7279,55.0771,42.3492,83.7986,ENTERABLE_TIER_B,TRIGGERED,97.2931,FULL,,,SIDEWAYS,NORMAL,230.73,54.8852590534298,-39.068564036222696,4.2192095317407565,1.0457778958103228,0.374103421437787,3.239999999999999,67.9553,32.0447,80.7407,84.6914,77.695,80.7407,86.7901,22.305,MEDIUM,RESEARCH_ONLY_NO_STANDARD_TRADE,False
2025-05-23,PVRINOX,OTHER,LONG,12.9855,53.4246,40.4391,78.6175,ENTERABLE_TIER_B,TRIGGERED,97.2931,FULL,,,SIDEWAYS,NORMAL,972.8,52.32485417602754,-50.17241379310349,-1.7058761929440025,0.9670201077713854,0.4986172881746503,32.31071428571426,67.9553,32.0447,76.8137,74.25,77.695,76.8137,85.1442,22.305,MEDIUM,RESEARCH_ONLY_NO_STANDARD_TRADE,False
2025-05-26,BALRAMCHIN,OTHER,LONG,23.5473,57.0688,33.5215,75.1251,ENTERABLE_TIER_B,TRIGGERED,97.2931,FULL,,,TRANSITION,NORMAL,566.3,56.44095615386212,-11.72995780590725,5.188369675632641,1.104889351526003,0.6046553108079816,19.07499999999999,75.9296,24.0704,60.1485,73.1586,82.1344,60.1485,96.54,17.8656,MEDIUM,RESEARCH_ONLY_NO_STANDARD_TRADE,False
2025-05-26,CREDITACC,OTHER,LONG,22.3397,58.4801,36.1404,85.7833,ENTERABLE_TIER_B,TRIGGERED,97.2931,FULL,,,TRANSITION,NORMAL,1143.7,54.09133807957405,-53.35504885993476,6.97631790407845,1.191145322636548,1.396817610246747,46.77857142857141,75.9296,24.0704,95.6889,77.6821,82.1344,95.6889,73.2356,17.8656,MEDIUM,RESEARCH_ONLY_NO_STANDARD_TRADE,False
2025-05-26,LICHSGFIN,Financial Services,LONG,6.9994,52.9122,45.9128,85.7294,ENTERABLE_TIER_B,TRIGGERED,97.2931,FULL,,,TRANSITION,NORMAL,603.35,53.40620226150902,-43.9583333333333,3.243333580794077,1.030056852530844,0.7654857203050244,19.63928571428572,75.9296,24.0704,90.5886,87.1686,60.4648,90.5886,95.621,39.5351,MEDIUM,RESEARCH_ONLY_NO_STANDARD_TRADE,False
2025-05-26,M&M,Automobile and Auto Components,LONG,45.2909,70.4837,25.1928,80.7338,ENTERABLE_TIER_B,TRIGGERED,98.5,FULL,,UPWARD,TRANSITION,NORMAL,3080.2,58.01837169744799,-41.95642095503017,5.902500376914849,0.7844161218808945,2.1461943147659404,88.04285714285717,75.9296,24.0704,71.1428,76.148,87.9648,71.1428,90.5501,12.0352,HIGH,UPGRADE_OFACTOR_REQUIRED,False
2025-05-26,PAYTM,Financial Services,LONG,18.1911,60.3578,42.1667,80.4087,ENTERABLE_TIER_B,TRIGGERED,97.2931,FULL,,,TRANSITION,NORMAL,870.0,55.082804742509744,-26.540284360189556,5.1192799781752845,0.8620557198210568,0.6601127204646281,34.2642857142857,75.9296,24.0704,67.094,77.586,60.4648,67.094,95.3304,39.5351,MEDIUM,RESEARCH_ONLY_NO_STANDARD_TRADE,False
2025-05-26,SAILIFE,OTHER,LONG,41.0678,69.1752,28.1074,79.5194,ENTERABLE_TIER_B,TRIGGERED,97.2931,FULL,,,TRANSITION,NORMAL,735.45,53.12039814368204,-50.58703420112296,2.1757836601862004,1.3152161417223482,0.756155791673788,27.125000000000007,75.9296,24.0704,71.6866,80.3871,82.1344,71.6866,95.0599,17.8656,MEDIUM,UPGRADE_OFACTOR_REQUIRED,False
2025-05-27,INDUSINDBK,Financial Services,LONG,19.3408,56.5159,37.1751,79.3404,ENTERABLE_TIER_B,TRIGGERED,97.2931,FULL,,,TRANSITION,NORMAL,820.7,58.423694224482,-19.88180666948075,0.0721434410004386,0.85039612340547,0.2360359002860017,29.950000000000028,77.2765,22.7235,67.4791,69.6828,73.1792,67.4791,90.7846,26.8208,MEDIUM,RESEARCH_ONLY_NO_STANDARD_TRADE,False
2025-05-27,PETRONET,Oil Gas & Consumable Fuels,LONG,19.1003,58.0489,38.9486,82.3962,ENTERABLE_TIER_B,TRIGGERED,97.2931,FULL,,,TRANSITION,NORMAL,316.85,55.817887864130505,-33.919156414762675,2.654309984083371,0.925247037168346,1.347981134224118,8.65357142857143,77.2765,22.7235,84.1106,77.5815,81.066,84.1106,83.1284,18.9339,HIGH,RESEARCH_ONLY_NO_STANDARD_TRADE,False
2025-05-28,INDUSTOWER,Telecommunication,LONG,9.0587,57.3207,48.262,83.2406,ENTERABLE_TIER_B,TRIGGERED,97.2931,FULL,,,SIDEWAYS,NORMAL,391.3,54.41497830567416,-50.55118110236224,4.458356103423697,1.813659128463717,0.4794139157706666,10.317857142857134,64.5217,35.4783,84.9775,70.9242,63.5952,84.9775,70.3427,36.4048,MEDIUM,RESEARCH_ONLY_NO_STANDARD_TRADE,False
2025-05-28,JUBLINGREA,OTHER,LONG,45.7568,70.8869,25.1301,73.7451,ENTERABLE_TIER_B,TRIGGERED,97.2931,FULL,,,SIDEWAYS,NORMAL,704.9,56.91437380993958,-48.86621315192743,3.2976573866804397,2.996321861963924,0.5517370376304283,26.439285714285717,64.5217,35.4783,57.2921,62.3288,82.2609,57.2921,69.8933,17.7391,LOW,UPGRADE_OFACTOR_REQUIRED,False
2025-05-28,MARICO,Fast Moving Consumer Goods,LONG,5.4059,52.7111,47.3052,83.7528,ENTERABLE_TIER_B,TRIGGERED,97.2931,FULL,,,SIDEWAYS,NORMAL,719.3,55.60817125678214,-44.874715261959125,4.531911224841041,0.8485312279500721,0.6888668892651024,14.024999999999991,64.5217,35.4783,88.8532,84.0285,41.118,88.8532,83.7433,58.882,LOW,RESEARCH_ONLY_NO_STANDARD_TRADE,False
2025-05-28,OFSS,Information Technology,LONG,9.6365,52.0551,42.4186,85.5861,ENTERABLE_TIER_B,TRIGGERED,97.2931,FULL,,,SIDEWAYS,NORMAL,8516.0,53.55861910532734,-28.219346888478128,0.1560363637253203,1.0327359491386567,0.6543205878700223,237.25,64.5217,35.4783,88.8936,86.3435,80.3216,88.8936,84.4046,19.6783,MEDIUM,RESEARCH_ONLY_NO_STANDARD_TRADE,False
2025-05-29,AXISBANK,Financial Services,LONG,22.8423,63.8099,40.9676,79.4082,ENTERABLE_TIER_B,TRIGGERED,98.5,FULL,,SIDEWAYS,SIDEWAYS,NORMAL,1201.7,56.95330173475659,-45.91836734693877,5.2399647659552535,1.411775752945026,1.2795505691416014,22.41428571428571,67.041,32.959,67.2233,77.3359,70.5821,67.2233,86.9726,29.4179,MEDIUM,RESEARCH_ONLY_NO_STANDARD_TRADE,False
2025-05-29,HINDALCO,Metals & Mining,LONG,20.1408,61.6078,41.467,87.1989,ENTERABLE_TIER_B,TRIGGERED,98.5,FULL,,TRANSITION,SIDEWAYS,NORMAL,650.0,52.08014566113403,-53.84615384615385,1.3235897850420626,0.9060127671979952,0.8747351647875278,15.646428571428585,67.041,32.959,87.2069,87.4732,83.5205,87.2069,90.9244,16.4795,MEDIUM,RESEARCH_ONLY_NO_STANDARD_TRADE,False
2025-05-29,HOMEFIRST,OTHER,LONG,26.4938,58.6221,32.1283,75.0653,ENTERABLE_TIER_B,TRIGGERED,97.2931,FULL,,,SIDEWAYS,NORMAL,1199.2,56.107946831910496,-41.1012782694198,6.685556196546168,0.9552236139806288,0.9689442383991256,42.035714285714285,67.041,32.959,60.0736,72.8802,83.5205,60.0736,95.0518,16.4795,MEDIUM,RESEARCH_ONLY_NO_STANDARD_TRADE,False
2025-05-29,IGIL,OTHER,LONG,34.698,64.3108,29.6128,76.7928,ENTERABLE_TIER_B,TRIGGERED,97.2931,FULL,,,SIDEWAYS,NORMAL,370.85,52.48816253660032,-54.38596491228062,-2.145824932613836,1.1872106410528611,0.9820442532456322,12.357142857142843,67.041,32.959,66.9152,71.6763,83.5205,66.9152,92.0694,16.4795,MEDIUM,RESEARCH_ONLY_NO_STANDARD_TRADE,False
2025-05-29,MGL,OTHER,LONG,32.5071,66.4526,33.9455,82.0659,ENTERABLE_TIER_B,TRIGGERED,97.2931,FULL,,,SIDEWAYS,NORMAL,1382.7,54.35347924500335,-44.32013769363165,2.718737615885208,1.4643625353015448,0.3475059705802058,35.228571428571435,67.041,32.959,86.3936,69.4566,83.5205,86.3936,81.6058,16.4795,MEDIUM,UPGRADE_OFACTOR_REQUIRED,False
2025-05-30,ASTERDM,OTHER,LONG,55.1651,75.3868,20.2217,81.1783,ENTERABLE_TIER_B,TRIGGERED,97.2931,FULL,,,SIDEWAYS,NORMAL,559.3,58.05745467719464,-68.86145404663931,9.393884748183636,2.375272619400324,2.161635625047777,22.86428571428572,64.2632,35.7368,82.141,67.985,82.1316,82.141,74.283,17.8684,LOW,QUALIFIED_FOR_INTRADAY_REVALIDATION,True
2025-05-30,BHARTIARTL,Telecommunication,LONG,1.3649,52.4677,51.1028,84.2401,ENTERABLE_TIER_B,TRIGGERED,98.5,FULL,,SIDEWAYS,SIDEWAYS,NORMAL,1856.2,55.47796513459014,-32.66033254156768,4.027248190109233,1.4729629719639517,0.6557213873719795,30.950000000000028,64.2632,35.7368,83.8234,82.9402,56.0635,83.8234,86.042,43.9365,LOW,RESEARCH_ONLY_NO_STANDARD_TRADE,False
2025-05-30,BRITANNIA,Fast Moving Consumer Goods,LONG,11.3715,59.541,48.1695,76.1966,ENTERABLE_TIER_B,TRIGGERED,98.5,FULL,,SIDEWAYS,SIDEWAYS,NORMAL,5510.5,57.17804022900797,-55.34188034188034,4.4085674504712005,1.6463845889937476,1.0010069825766394,98.42857142857144,64.2632,35.7368,70.537,70.3338,42.5034,70.537,91.2627,57.4966,LOW,RESEARCH_ONLY_NO_STANDARD_TRADE,False
2025-05-30,IDFCFIRSTB,Financial Services,LONG,28.9115,69.8295,40.918,85.0394,ENTERABLE_TIER_B,TRIGGERED,97.2931,FULL,,,SIDEWAYS,NORMAL,67.97,57.5869255322651,-49.77375565610864,5.480972389890473,1.6327326907657584,1.4638115768700817,1.2350000000000014,64.2632,35.7368,84.0486,81.5385,78.4297,84.0486,79.919,21.5704,MEDIUM,UPGRADE_OFACTOR_REQUIRED,False
2025-05-30,OLECTRA,OTHER,LONG,33.0872,64.8154,31.7282,86.3232,ENTERABLE_TIER_B,TRIGGERED,97.2931,FULL,,,SIDEWAYS,NORMAL,1229.6,50.24284130113191,-63.401790416008446,0.2829059645601585,1.4872904516370486,1.315278650346876,59.74285714285717,64.2632,35.7368,98.1365,80.1817,82.1316,98.1365,87.4127,17.8684,LOW,RESEARCH_ONLY_NO_STANDARD_TRADE,False
2025-05-30,RADICO,Fast Moving Consumer Goods,LONG,20.6534,60.4995,39.8461,78.4755,ENTERABLE_TIER_B,TRIGGERED,97.2931,FULL,,,SIDEWAYS,NORMAL,2532.8,56.367967230935605,-46.91762138570645,5.022375941054836,1.2226392045156722,0.5777104240764994,65.24285714285722,64.2632,35.7368,75.7828,82.6494,42.5034,75.7828,89.5161,57.4966,LOW,RESEARCH_ONLY_NO_STANDARD_TRADE,False
2025-05-30,SAMMAANCAP,OTHER,LONG,33.5177,63.9146,30.3969,76.3625,ENTERABLE_TIER_B,TRIGGERED,97.2931,FULL,,,SIDEWAYS,NORMAL,124.12,54.19834832809621,-60.94674556213018,1.423739048184038,1.1994083773866746,1.0550094495235744,4.39857142857143,64.2632,35.7368,61.0631,70.2631,82.1316,61.0631,89.7239,17.8684,MEDIUM,RESEARCH_ONLY_NO_STANDARD_TRADE,False
2025-05-30,SUNDARMFIN,Financial Services,LONG,22.2974,61.5254,39.228,83.9435,ENTERABLE_TIER_B,TRIGGERED,97.2931,FULL,,,SIDEWAYS,NORMAL,5136.5,51.62891419765815,-57.128412537917086,3.681008262756829,2.738389261912146,0.6951007101693105,171.07142857142858,64.2632,35.7368,94.5832,75.6827,78.4297,94.5832,82.8142,21.5704,LOW,RESEARCH_ONLY_NO_STANDARD_TRADE,False
2025-06-02,ABBOTINDIA,Healthcare,LONG,3.7289,45.8957,42.1668,77.6167,ENTERABLE_TIER_B,TRIGGERED,97.2931,FULL,,,SIDEWAYS,NORMAL,30605.0,52.42971910264468,-59.696969696969695,1.5650053867885465,0.9840287441068352,0.2127983928947323,582.1428571428571,62.6609,37.3391,84.6258,65.9877,58.8274,84.6258,83.8528,41.1726,LOW,RESEARCH_ONLY_NO_STANDARD_TRADE,False
2025-06-02,COALINDIA,Oil Gas & Consumable Fuels,LONG,25.2837,60.3141,35.0304,82.6237,ENTERABLE_TIER_B,TRIGGERED,98.5,FULL,,TRANSITION,SIDEWAYS,NORMAL,399.7,53.40684280965584,-72.97297297297298,1.5626337046707937,0.8103010143634136,0.5385998225985692,7.310714285714279,62.6609,37.3391,77.7268,77.02,64.4994,77.7268,90.6986,35.5006,MEDIUM,RESEARCH_ONLY_NO_STANDARD_TRADE,False
2025-06-02,INDIAMART,OTHER,LONG,24.7874,57.3388,32.5514,84.3577,ENTERABLE_TIER_B,TRIGGERED,97.2931,FULL,,,SIDEWAYS,NORMAL,2324.0,53.79387426872173,-61.42857142857143,3.7046587213541655,1.0137194374229497,1.3308674100102524,54.48571428571433,62.6609,37.3391,99.9388,82.2339,81.3304,99.9388,84.4363,18.6696,MEDIUM,RESEARCH_ONLY_NO_STANDARD_TRADE,False
2025-06-02,JINDALSTEL,Metals & Mining,LONG,30.9576,61.6661,30.7085,82.2475,ENTERABLE_TIER_B,TRIGGERED,98.5,FULL,,UPWARD,SIDEWAYS,NORMAL,943.65,53.55376602301428,-54.63383020090732,3.524530626334263,0.7512062422298823,1.7109159296876333,23.86428571428572,62.6609,37.3391,74.4388,78.4615,81.3304,74.4388,91.0326,18.6696,MEDIUM,RESEARCH_ONLY_NO_STANDARD_TRADE,False
2025-06-02,NAVINFLUOR,OTHER,LONG,24.843,57.3387,32.4957,75.9596,ENTERABLE_TIER_B,TRIGGERED,97.2931,FULL,,,SIDEWAYS,NORMAL,4395.4,55.12990037568732,-20.951650038373096,3.896310051041876,0.8471846534280569,-0.1196075163013236,111.69999999999987,62.6609,37.3391,81.7995,38.9794,81.3304,81.7995,80.4476,18.6696,LOW,RESEARCH_ONLY_NO_STANDARD_TRADE,False
2025-06-03,HDFCLIFE,Financial Services,LONG,19.8266,58.7747,38.9481,83.6766,ENTERABLE_TIER_B,TRIGGERED,98.5,FULL,,TRANSITION,SIDEWAYS,NORMAL,757.9,54.81275637776674,-58.14360770577939,5.907762610912371,1.27214744896203,2.1682517067516565,14.464285714285714,52.7714,47.2286,85.5045,69.8568,71.5964,85.5045,70.6864,28.4036,LOW,RESEARCH_ONLY_NO_STANDARD_TRADE,False
2025-06-04,HDFCLIFE,Financial Services,LONG,26.5022,60.8602,34.358,86.5059,ENTERABLE_TIER_B,TRIGGERED,98.5,FULL,,UPWARD,SIDEWAYS,NORMAL,758.8,55.198198080072935,-71.22381477398027,5.827555130490486,0.8689912841576748,1.9353588448041588,13.949999999999998,58.2241,41.7759,89.0084,86.2366,79.112,89.0084,78.2079,20.888,LOW,RESEARCH_ONLY_NO_STANDARD_TRADE,False
2025-06-04,HINDUNILVR,Fast Moving Consumer Goods,LONG,1.3699,54.5881,53.2182,84.7789,ENTERABLE_TIER_B,TRIGGERED,98.5,FULL,,SIDEWAYS,SIDEWAYS,NORMAL,2364.5,51.9877984208478,-46.68049792531116,1.0324211104113965,1.869756107963633,0.3180056953963797,37.31428571428575,58.2241,41.7759,95.06,75.9877,43.8101,95.06,96.6769,56.1899,LOW,RESEARCH_ONLY_NO_STANDARD_TRADE,False
2025-06-04,IGL,OTHER,LONG,32.7751,62.4622,29.6871,80.903,ENTERABLE_TIER_B,TRIGGERED,97.2931,FULL,,,SIDEWAYS,NORMAL,208.8,55.556039925942784,-54.03530895334165,-1.957250520200568,1.1053491337316603,1.4794910118252664,6.705,58.2241,41.7759,77.4298,78.5831,79.112,77.4298,94.6905,20.888,LOW,RESEARCH_ONLY_NO_STANDARD_TRADE,False
2025-06-04,INOXWIND,OTHER,LONG,45.1035,68.5145,23.411,81.6115,ENTERABLE_TIER_B,TRIGGERED,97.2931,FULL,,,SIDEWAYS,NORMAL,184.44,54.17723081984862,-75.27272727272728,5.683067530729944,0.7527846064996078,2.767791333404877,7.461428571428568,58.2241,41.7759,73.678,76.1976,79.112,73.678,97.2659,20.888,LOW,UPGRADE_OFACTOR_REQUIRED,False
2025-06-04,JWL,OTHER,LONG,49.3635,77.4029,28.0394,82.1696,ENTERABLE_TIER_B,TRIGGERED,97.2931,FULL,,,SIDEWAYS,NORMAL,399.75,56.04734939482064,-78.21038251366122,5.2523111165715015,1.999163742071604,2.144943815430504,20.421428571428567,58.2241,41.7759,70.0396,77.9643,79.112,70.0396,66.9955,20.888,LOW,QUALIFIED_FOR_INTRADAY_REVALIDATION,True
2025-06-04,NMDC,Metals & Mining,LONG,36.4046,66.7682,30.3636,83.6772,ENTERABLE_TIER_B,TRIGGERED,97.2931,FULL,,,SIDEWAYS,NORMAL,70.35,53.23085553141231,-71.98275862068972,-3.1259307682292934,1.092239114827169,1.6105150218189668,1.7971428571428578,58.2241,41.7759,85.5697,71.0652,79.112,85.5697,93.1002,20.888,LOW,UPGRADE_OFACTOR_REQUIRED,False
2025-06-04,RELIANCE,Oil Gas & Consumable Fuels,LONG,23.5229,62.6773,39.1544,84.8246,ENTERABLE_TIER_B,TRIGGERED,98.5,FULL,,SIDEWAYS,SIDEWAYS,NORMAL,1423.5,57.17135345155463,-57.33944954128432,4.539824262702826,0.7839899345395951,1.2716149816587423,20.321428571428587,58.2241,41.7759,97.2771,65.7504,61.0685,97.2771,95.6696,38.9315,LOW,RESEARCH_ONLY_NO_STANDARD_TRADE,False
2025-06-04,SBILIFE,Financial Services,LONG,31.6213,64.409,32.7877,86.6365,ENTERABLE_TIER_B,TRIGGERED,98.5,FULL,,TRANSITION,SIDEWAYS,NORMAL,1775.9,56.75984963402132,-62.56742179072273,6.522251151304984,0.9972789030725572,1.955884756381848,26.135714285714293,58.2241,41.7759,96.2886,79.1856,79.112,96.2886,95.1025,20.888,LOW,RESEARCH_ONLY_NO_STANDARD_TRADE,False
2025-06-04,TIINDIA,Automobile and Auto Components,LONG,45.1084,72.9378,27.8294,75.3509,ENTERABLE_TIER_B,TRIGGERED,97.2931,FULL,,,SIDEWAYS,NORMAL,3078.0,59.438870232564696,-51.60349854227405,5.097836155311232,0.9258989546536788,2.068515609771392,91.53571428571428,58.2241,41.7759,52.4193,70.7218,76.1669,52.4193,93.3578,23.8331,LOW,UPGRADE_OFACTOR_REQUIRED,False
2025-06-04,YESBANK,Financial Services,LONG,47.6517,74.3638,26.7121,85.5993,ENTERABLE_TIER_B,TRIGGERED,97.2931,FULL,,,SIDEWAYS,NORMAL,21.14,55.737988532018655,-81.52173913043474,8.83090167856866,0.8869341446353112,3.586269290968672,0.7307142857142852,58.2241,41.7759,87.0903,78.1036,79.112,87.0903,87.957,20.888,LOW,QUALIFIED_FOR_INTRADAY_REVALIDATION,True
2025-06-05,IRCTC,Consumer Services,LONG,32.4357,66.7584,34.3227,84.6869,ENTERABLE_TIER_B,TRIGGERED,97.2931,FULL,,,SIDEWAYS,NORMAL,781.25,54.38105377796558,-55.16265912305513,2.668619575903515,0.9149210879998142,0.6676837239187298,17.450000000000014,61.4857,38.5143,86.5425,85.6734,76.9341,86.5425,93.6963,23.0659,MEDIUM,UPGRADE_OFACTOR_REQUIRED,False
2025-06-05,PNBHOUSING,OTHER,LONG,30.8719,64.8838,34.0119,81.8486,ENTERABLE_TIER_B,TRIGGERED,97.2931,FULL,,,SIDEWAYS,NORMAL,1063.9,57.86417088013151,-30.198915009041286,7.591881414823945,0.8348531469147535,1.3891647242504888,24.335714285714307,61.4857,38.5143,78.7281,78.7966,80.7429,78.7281,97.6989,19.2571,MEDIUM,RESEARCH_ONLY_NO_STANDARD_TRADE,False
2025-06-05,POLYCAB,Capital Goods,LONG,34.5448,64.4861,29.9413,82.3604,ENTERABLE_TIER_B,TRIGGERED,97.2931,FULL,,,SIDEWAYS,NORMAL,5980.5,57.19720300640689,-55.34124629080119,3.9658389663235214,0.9411067993780768,1.3734435497068922,119.82142857142856,61.4857,38.5143,97.6632,63.7794,80.7429,97.6632,86.8137,19.2571,MEDIUM,RESEARCH_ONLY_NO_STANDARD_TRADE,False
2025-06-05,VEDL,Metals & Mining,LONG,30.1938,62.5594,32.3656,86.9406,ENTERABLE_TIER_B,TRIGGERED,98.5,FULL,,UPWARD,SIDEWAYS,NORMAL,439.15,53.84504040546284,-58.06962025316459,1.556513262143027,0.7969238395801688,0.8542389378003882,9.55357142857144,61.4857,38.5143,94.5396,76.3439,80.7429,94.5396,86.6019,19.2571,MEDIUM,RESEARCH_ONLY_NO_STANDARD_TRADE,False
2025-06-05,WHIRLPOOL,OTHER,LONG,35.8817,65.7892,29.9075,80.4683,ENTERABLE_TIER_B,TRIGGERED,97.2931,FULL,,,SIDEWAYS,NORMAL,1269.8,59.37054021423896,-69.93899057127011,4.36186778475329,0.8809516144859665,1.358269101055889,40.435714285714326,61.4857,38.5143,81.9054,77.4457,80.7429,81.9054,86.5465,19.2571,MEDIUM,UPGRADE_OFACTOR_REQUIRED,False
2025-06-06,ADANIENSOL,Power,LONG,45.7402,76.7055,30.9653,87.1142,ENTERABLE_TIER_B,TRIGGERED,98.5,FULL,,UPWARD,TRANSITION,LOW,884.1,52.10181479430675,-30.22508038585208,2.903532774928137,2.608592791199309,-0.2249996236428329,21.850000000000005,75.0356,24.9644,92.0976,78.6728,86.3409,92.0976,84.6224,13.6592,LOW,QUALIFIED_FOR_INTRADAY_REVALIDATION,True
2025-06-06,ADANIPOWER,Power,LONG,36.8182,69.3313,32.5131,84.525,ENTERABLE_TIER_B,TRIGGERED,98.5,FULL,,UPWARD,TRANSITION,LOW,555.25,54.46554031179178,-37.468030690537006,3.121230322892768,1.0533336794220718,0.4964592260512249,14.310714285714296,75.0356,24.9644,79.1881,82.8101,86.3409,79.1881,75.6826,13.6592,HIGH,UPGRADE_OFACTOR_REQUIRED,False
2025-06-06,BAJAJ-AUTO,Automobile and Auto Components,LONG,44.0821,73.4715,29.3894,85.012,ENTERABLE_TIER_B,TRIGGERED,98.5,FULL,,UPWARD,TRANSITION,LOW,8637.0,56.30325382635836,-62.5,3.525718507564807,0.85128108288721,1.5627506030629834,187.17857142857144,75.0356,24.9644,81.0876,79.4848,86.1102,81.0876,89.7424,13.8898,HIGH,UPGRADE_OFACTOR_REQUIRED,False
2025-06-06,BANKBARODA,Financial Services,LONG,28.0834,61.9835,33.9001,77.7939,ENTERABLE_TIER_B,TRIGGERED,98.5,FULL,,UPWARD,TRANSITION,LOW,246.18,54.42948513056608,-51.47123407992965,4.106335904930946,2.387641776872349,1.7160437136930475,5.804999999999993,75.0356,24.9644,54.9584,64.6512,87.5178,54.9584,81.6021,12.4822,LOW,RESEARCH_ONLY_NO_STANDARD_TRADE,False
2025-06-06,CEATLTD,OTHER,LONG,43.009,69.7237,26.7147,79.7226,ENTERABLE_TIER_B,TRIGGERED,97.2931,FULL,,,TRANSITION,LOW,3798.9,63.41129018259313,-55.83143507972663,12.691427192309355,0.9477851135694236,2.4669332287376733,114.78571428571428,75.0356,24.9644,87.6698,56.789,87.5178,87.6698,92.6472,12.4822,LOW,UPGRADE_OFACTOR_REQUIRED,False
2025-06-06,MPHASIS,Information Technology,LONG,26.6195,65.2801,38.6606,84.497,ENTERABLE_TIER_B,TRIGGERED,97.2931,FULL,,,TRANSITION,LOW,2545.2,55.04137614708675,-23.688011555127687,1.7152621704979978,1.4449164289839078,0.785089717262425,61.7642857142857,75.0356,24.9644,96.5568,74.8074,51.17,96.5568,89.1199,48.83,LOW,UPGRADE_OFACTOR_REQUIRED,False
2025-06-06,TATAPOWER,Power,LONG,45.8475,74.0518,28.2043,80.5908,ENTERABLE_TIER_B,TRIGGERED,98.5,FULL,,UPWARD,TRANSITION,LOW,399.55,55.70879576549124,-46.700507614213166,3.53251301118367,0.9181941290254872,0.7097063158222566,7.792857142857132,75.0356,24.9644,84.3019,61.7599,86.3409,84.3019,93.5839,13.6592,MEDIUM,QUALIFIED_FOR_INTRADAY_REVALIDATION,True
2025-06-09,ACE,OTHER,LONG,38.9397,65.3437,26.404,84.7066,ENTERABLE_TIER_B,TRIGGERED,97.2931,FULL,,,TRANSITION,LOW,1263.3,52.81922408998506,-84.41907320349225,1.8964398306810817,0.7709993086953132,0.7005925799290043,42.10714285714288,88.0151,11.9849,95.7885,82.0458,94.0076,95.7885,93.7303,5.9924,MEDIUM,UPGRADE_OFACTOR_REQUIRED,False
2025-06-09,APTUS,OTHER,LONG,40.5629,68.394,27.8311,86.9241,ENTERABLE_TIER_B,TRIGGERED,97.2931,FULL,,,TRANSITION,LOW,328.4,52.449318484832126,-45.08287292817687,2.719380734204826,1.0473619996459695,-0.2296619340147005,11.353571428571424,88.0151,11.9849,98.121,70.5819,94.0076,98.121,95.0676,5.9924,HIGH,UPGRADE_OFACTOR_REQUIRED,False
2025-06-09,BAJAJFINSV,Financial Services,LONG,30.6225,67.2461,36.6236,88.3267,ENTERABLE_TIER_B,TRIGGERED,98.5,FULL,,SIDEWAYS,TRANSITION,LOW,2017.4,51.99489307862305,-35.30201342281873,2.626827752708747,2.247861547748656,-0.1664233638644421,48.22142857142858,88.0151,11.9849,96.2603,78.101,94.0076,96.2603,66.5709,5.9924,LOW,UPGRADE_OFACTOR_REQUIRED,False
2025-06-09,COALINDIA,Oil Gas & Consumable Fuels,LONG,18.0113,61.8438,43.8325,88.7916,ENTERABLE_TIER_B,TRIGGERED,98.5,FULL,,TRANSITION,TRANSITION,LOW,401.0,55.18422328618372,-52.40083507306897,1.7738633608038388,1.321680507354569,0.2664676859793681,6.707142857142856,88.0151,11.9849,91.3277,94.0362,81.0173,91.3277,68.9883,18.9826,HIGH,RESEARCH_ONLY_NO_STANDARD_TRADE,False
2025-06-09,ICICIPRULI,Financial Services,LONG,38.6969,67.3496,28.6527,84.292,ENTERABLE_TIER_B,TRIGGERED,97.2931,FULL,,,TRANSITION,LOW,637.55,54.97558660631222,-58.70870870870872,3.880919823343329,1.4105681369354837,1.8214220259893188,14.139285714285707,88.0151,11.9849,89.9571,76.5193,94.0076,89.9571,90.3814,5.9924,HIGH,UPGRADE_OFACTOR_REQUIRED,False
2025-06-09,IRCTC,Consumer Services,LONG,43.8233,72.3951,28.5718,82.7927,ENTERABLE_TIER_B,TRIGGERED,97.2931,FULL,,,TRANSITION,LOW,787.9,56.71444789034457,-23.984142715559983,3.345126094027272,0.9607251075024594,0.718163164092851,15.975000000000025,88.0151,11.9849,74.5644,82.4726,94.0076,74.5644,88.6072,5.9924,HIGH,UPGRADE_OFACTOR_REQUIRED,False
2025-06-09,MARUTI,Automobile and Auto Components,LONG,39.3957,71.671,32.2753,78.0474,ENTERABLE_TIER_B,TRIGGERED,98.5,FULL,,TRANSITION,TRANSITION,LOW,12637.0,59.22299219073481,-21.59090909090909,3.5204939729587426,1.0253067150405084,0.2330237734581914,201.57142857142856,88.0151,11.9849,53.3995,66.0666,93.6364,53.3995,95.4359,6.3636,MEDIUM,UPGRADE_OFACTOR_REQUIRED,False
2025-06-09,NLCINDIA,Power,LONG,49.1242,73.1437,24.0195,74.873,ENTERABLE_TIER_B,TRIGGERED,97.2931,FULL,,,TRANSITION,LOW,241.75,56.32993795165886,-32.55484784147202,2.7758088309467515,0.9963902161747342,0.5211469965710122,5.639285714285713,88.0151,11.9849,54.5864,66.3078,94.0076,54.5864,91.1336,5.9924,MEDIUM,UPGRADE_OFACTOR_REQUIRED,False
2025-06-09,PREMIERENE,Capital Goods,LONG,48.883,76.9415,28.0585,90.2051,ENTERABLE_TIER_B,TRIGGERED,97.2931,FULL,,,TRANSITION,LOW,1062.2,55.55544866645878,-47.10526315789468,4.606579531827284,2.637779696107251,1.648790274815861,33.96071428571429,88.0151,11.9849,97.4137,89.8706,94.0076,97.4137,74.4411,5.9924,LOW,QUALIFIED_FOR_INTRADAY_REVALIDATION,True
2025-06-09,SYRMA,OTHER,LONG,57.613,78.0494,20.4364,77.0566,ENTERABLE_TIER_B,TRIGGERED,97.2931,FULL,,,TRANSITION,LOW,547.5,59.46805927535062,-51.258992805755376,7.8449668654707665,0.9836384418640156,2.1024256677750826,16.732142857142865,88.0151,11.9849,60.2263,71.9104,94.0076,60.2263,96.8922,5.9924,HIGH,QUALIFIED_FOR_INTRADAY_REVALIDATION,True
2025-06-09,USHAMART,OTHER,LONG,41.2439,70.3673,29.1234,78.2067,ENTERABLE_TIER_B,TRIGGERED,97.2931,FULL,,,TRANSITION,LOW,316.95,53.95123910798091,-61.01973684210535,0.2513973825815041,1.5774139375672072,-0.1756476950190582,8.792857142857144,88.0151,11.9849,88.5513,47.0024,94.0076,88.5513,86.58,5.9924,LOW,UPGRADE_OFACTOR_REQUIRED,False
2025-06-09,WIPRO,Information Technology,LONG,10.0595,56.7827,46.7232,81.4722,ENTERABLE_TIER_B,TRIGGERED,98.5,FULL,,TRANSITION,TRANSITION,LOW,251.29,53.52188566028468,-25.11904761904777,-3.487397529878813,1.126162038893442,-0.1317944145212242,3.7528571428571422,88.0151,11.9849,72.9806,77.9368,62.4382,72.9806,77.5105,37.5618,LOW,RESEARCH_ONLY_NO_STANDARD_TRADE,False
2025-06-10,NATCOPHARM,OTHER,LONG,41.2539,71.6749,30.421,67.8631,ENTERABLE_TIER_B,TRIGGERED,97.2931,FULL,,,SIDEWAYS,LOW,881.65,57.22339629704589,-56.53472740851381,-0.2121569185769484,1.4822384507083397,0.7625328432299754,19.360714285714295,56.0031,43.9969,43.3647,50.6217,78.0016,43.3647,85.641,21.9984,LOW,UPGRADE_OFACTOR_REQUIRED,False
2025-06-10,ONGC,Oil Gas & Consumable Fuels,LONG,21.2592,61.0485,39.7893,82.5403,ENTERABLE_TIER_B,TRIGGERED,98.5,FULL,,SIDEWAYS,SIDEWAYS,LOW,244.68,54.697227665639645,-38.71829105473957,1.0645198790864208,0.8112819633987416,-0.122441581270167,4.180000000000001,56.0031,43.9969,77.8708,80.0,64.4918,77.8708,96.9378,35.5082,LOW,RESEARCH_ONLY_NO_STANDARD_TRADE,False
2025-06-10,TIINDIA,Automobile and Auto Components,LONG,42.8493,72.0763,29.227,74.5877,ENTERABLE_TIER_B,TRIGGERED,97.2931,FULL,,,SIDEWAYS,LOW,3088.7,59.04695488796137,-19.855832241153472,4.840923154125006,0.989565305679778,1.775111385893577,63.985714285714266,56.0031,43.9969,51.1506,69.3056,73.3711,51.1506,96.0616,26.6289,LOW,UPGRADE_OFACTOR_REQUIRED,False
2025-06-10,TRIDENT,OTHER,LONG,42.2384,68.5824,26.344,82.8611,ENTERABLE_TIER_B,TRIGGERED,97.2931,FULL,,,SIDEWAYS,LOW,31.36,57.73230977536678,-73.52941176470591,6.746736558728005,0.9661353008314992,2.274631845948352,1.0235714285714284,56.0031,43.9969,88.7974,82.8053,78.0016,88.7974,84.7592,21.9984,LOW,UPGRADE_OFACTOR_REQUIRED,False
2025-06-11,BAJAJ-AUTO,Automobile and Auto Components,LONG,40.1034,70.3655,30.2621,83.0979,ENTERABLE_TIER_B,TRIGGERED,98.5,FULL,,UPWARD,SIDEWAYS,LOW,8719.0,59.00100109061078,-48.648648648648646,4.134390001931463,0.8763531115699247,1.3537526426219384,154.21428571428572,69.0903,30.9097,80.0926,71.7277,75.6251,80.0926,86.7717,24.3749,MEDIUM,UPGRADE_OFACTOR_REQUIRED,False
2025-06-11,BBTC,OTHER,LONG,41.5253,68.0229,26.4976,76.7047,ENTERABLE_TIER_B,TRIGGERED,97.2931,FULL,,,SIDEWAYS,LOW,2008.1,58.88085095670105,-53.59307359307367,3.9647686956739863,1.3855367571930717,1.615345881314818,47.80714285714292,69.0903,30.9097,67.843,78.9153,84.5452,67.843,69.2096,15.4549,MEDIUM,UPGRADE_OFACTOR_REQUIRED,False
2025-06-11,BHARTIARTL,Telecommunication,LONG,21.7288,59.395,37.6662,81.0728,ENTERABLE_TIER_B,TRIGGERED,98.5,FULL,,SIDEWAYS,SIDEWAYS,LOW,1860.2,54.075976001496414,-42.6666666666666,3.2026859216118377,0.7789432141624296,0.6189847754669487,24.328571428571426,69.0903,30.9097,67.0209,79.6124,67.0487,67.0209,89.6418,32.9513,MEDIUM,RESEARCH_ONLY_NO_STANDARD_TRADE,False
2025-06-11,CHENNPETRO,OTHER,LONG,48.7428,78.3315,29.5887,81.0835,ENTERABLE_TIER_B,TRIGGERED,97.2931,FULL,,,SIDEWAYS,LOW,683.65,58.682003936308895,-59.15104740904082,7.97504090433778,2.169842943023972,1.3328925378790275,22.11785714285714,69.0903,30.9097,65.5934,74.229,84.5452,65.5934,68.6226,15.4549,LOW,QUALIFIED_FOR_INTRADAY_REVALIDATION,True
2025-06-11,COALINDIA,Oil Gas & Consumable Fuels,LONG,18.3399,62.6397,44.2998,84.0388,ENTERABLE_TIER_B,TRIGGERED,98.5,FULL,,SIDEWAYS,SIDEWAYS,LOW,402.1,56.16388585476221,-37.185929648241135,1.940792037668816,1.5838907358283043,0.3307851161744288,6.278571428571427,69.0903,30.9097,80.8608,76.4278,77.7784,80.8608,52.8555,22.2216,MEDIUM,RESEARCH_ONLY_NO_STANDARD_TRADE,False
2025-06-11,ICICIPRULI,Financial Services,LONG,38.5332,63.8448,25.3116,82.624,ENTERABLE_TIER_B,TRIGGERED,97.2931,FULL,,,SIDEWAYS,LOW,642.2,57.35221314804424,-60.59806508355307,4.356000531695289,0.8551775434669565,1.5314130988701184,14.214285714285706,69.0903,30.9097,84.1122,86.2111,84.5452,84.1122,85.0854,15.4549,MEDIUM,RESEARCH_ONLY_NO_STANDARD_TRADE,False
2025-06-12,APOLLOHOSP,Healthcare,LONG,19.6916,61.2553,41.5637,81.4015,ENTERABLE_TIER_B,TRIGGERED,98.5,FULL,,SIDEWAYS,SIDEWAYS,LOW,6996.5,55.09859064947625,-36.312056737588655,1.9236514462175105,1.2457974616295862,0.0815666269644486,115.53571428571428,57.4763,42.5237,73.4714,76.9768,65.9466,73.4714,79.7465,34.0534,LOW,RESEARCH_ONLY_NO_STANDARD_TRADE,False
2025-06-12,BAJAJFINSV,Financial Services,LONG,20.8195,63.9603,43.1408,84.4283,ENTERABLE_TIER_B,TRIGGERED,98.5,FULL,,SIDEWAYS,SIDEWAYS,LOW,2028.8,53.64992446015367,-27.651006711409423,2.9719820259332,1.874517169061878,0.00682366890721,47.32857142857144,57.4763,42.5237,77.2653,85.9704,73.9894,77.2653,73.8847,26.0107,LOW,RESEARCH_ONLY_NO_STANDARD_TRADE,False
2025-06-12,BERGEPAINT,Consumer Durables,LONG,14.153,51.6525,37.4995,77.1556,ENTERABLE_TIER_B,TRIGGERED,97.2931,FULL,,,SIDEWAYS,LOW,568.55,54.66182518322388,-45.23809523809532,4.567006514204798,1.2308776667030663,1.1827874932837523,14.592857142857149,57.4763,42.5237,78.2656,79.442,42.2481,78.2656,91.6397,57.7519,LOW,RESEARCH_ONLY_NO_STANDARD_TRADE,False
2025-06-16,J&KBANK,OTHER,LONG,23.5318,55.1421,31.6103,79.1236,ENTERABLE_TIER_B,TRIGGERED,97.2931,FULL,,,SIDEWAYS,LOW,105.02,53.327049624537366,-60.72463768115944,4.195980819765708,0.8788222405039195,2.022553800686256,3.4757142857142846,47.5586,52.4414,82.1523,73.1854,68.7806,82.1523,84.8089,31.2195,LOW,RESEARCH_ONLY_NO_STANDARD_TRADE,False
2025-06-16,JIOFIN,Financial Services,LONG,36.151,66.6585,30.5075,74.9248,ENTERABLE_TIER_B,TRIGGERED,98.5,FULL,,UPWARD,SIDEWAYS,LOW,294.15,62.1622987565348,-52.156057494866666,9.099778762532669,0.997001537524221,3.1129843372708863,7.34285714285714,47.5586,52.4414,53.3333,63.7743,57.6895,53.3333,95.642,42.3105,LOW,UPGRADE_OFACTOR_REQUIRED,False
2025-06-16,JUBLPHARMA,OTHER,LONG,51.0808,69.5144,18.4336,80.3811,ENTERABLE_TIER_B,TRIGGERED,97.2931,FULL,,,SIDEWAYS,LOW,1126.4,61.17034958461967,-49.96232102486808,10.39707137691387,0.8382750474757892,3.734779409903208,40.49285714285717,47.5586,52.4414,90.3687,64.6357,68.7806,90.3687,82.9106,31.2195,LOW,UPGRADE_OFACTOR_REQUIRED,False
2025-06-16,RELIANCE,Oil Gas & Consumable Fuels,LONG,12.4328,57.8191,45.3863,79.8387,ENTERABLE_TIER_B,TRIGGERED,98.5,FULL,,SIDEWAYS,SIDEWAYS,LOW,1437.8,56.71514081729145,-42.19178082191775,4.191027277848953,0.9025853915706228,1.0781571699925976,20.59999999999999,47.5586,52.4414,70.0,73.9806,49.6906,70.0,91.068,50.3094,LOW,RESEARCH_ONLY_NO_STANDARD_TRADE,False
2025-06-16,ZFCVINDIA,OTHER,LONG,18.0219,53.5569,35.535,80.7333,ENTERABLE_TIER_B,TRIGGERED,97.2931,FULL,,,SIDEWAYS,LOW,13325.0,51.85438061320506,-57.453416149068325,3.5397823256162675,1.043651168912823,1.1702057796111178,485.3571428571428,47.5586,52.4414,96.4013,66.8698,68.7806,96.4013,88.2149,31.2195,LOW,RESEARCH_ONLY_NO_STANDARD_TRADE,False
2025-06-17,AMBER,OTHER,LONG,27.2801,62.0001,34.72,82.1458,ENTERABLE_TIER_B,TRIGGERED,97.2931,FULL,,,SIDEWAYS,LOW,6529.5,53.66708681713143,-42.0,1.5481023834346923,0.8705343684328948,0.6144830103915074,190.0,46.925,53.075,77.2456,78.8421,63.7904,77.2456,90.2105,36.2096,LOW,RESEARCH_ONLY_NO_STANDARD_TRADE,False
2025-06-17,APARINDS,Capital Goods,LONG,40.9288,69.7342,28.8054,79.3714,ENTERABLE_TIER_B,TRIGGERED,97.2931,FULL,,,SIDEWAYS,LOW,7981.5,60.92202557321407,-55.41353383458647,11.88031208697403,1.5410235029475643,4.032393038072381,243.5,46.925,53.075,82.0602,67.5565,67.3698,82.0602,86.6119,32.6302,LOW,UPGRADE_OFACTOR_REQUIRED,False
2025-06-17,CANFINHOME,OTHER,LONG,46.3641,70.2987,23.9346,70.5436,ENTERABLE_TIER_B,TRIGGERED,97.2931,FULL,,,SIDEWAYS,LOW,793.35,59.272964398581486,-46.743295019157,7.412335151119636,1.295290299779744,2.188097973202038,20.86785714285716,46.925,53.075,59.8425,69.81,63.7904,59.8425,93.8662,36.2096,LOW,UPGRADE_OFACTOR_REQUIRED,False
2025-06-17,NAM-INDIA,Financial Services,LONG,31.6193,60.3749,28.7556,74.8567,ENTERABLE_TIER_B,TRIGGERED,97.2931,FULL,,,SIDEWAYS,LOW,761.95,58.59076103969861,-55.60704355885074,11.086938695277418,0.7928788685178214,2.6264351435785445,26.91785714285716,46.925,53.075,63.2772,67.3822,51.1432,63.2772,93.9817,48.8568,LOW,RESEARCH_ONLY_NO_STANDARD_TRADE,False
2025-06-17,POWERINDIA,Capital Goods,LONG,60.288,82.6432,22.3552,72.7007,ENTERABLE_TIER_B,TRIGGERED,97.2931,FULL,,,SIDEWAYS,LOW,18654.0,60.37807169527627,-45.96030192899077,18.064955549898706,1.2757751858181146,3.320390190472978,849.2142857142857,46.925,53.075,56.9445,52.5208,67.3698,56.9445,95.4782,32.6302,LOW,WAIT_FOR_XFACTOR,False
2025-06-18,ACMESOLAR,OTHER,LONG,41.8571,67.3647,25.5076,78.4144,ENTERABLE_TIER_B,TRIGGERED,97.2931,FULL,,,SIDEWAYS,LOW,253.75,58.726221050035264,-45.86764257395551,9.230644102590448,0.9317658049699976,1.888585758122638,8.969285714285718,54.3264,45.6736,82.6445,71.0122,68.1151,82.6445,89.2968,31.8849,LOW,UPGRADE_OFACTOR_REQUIRED,False
2025-06-18,EMCURE,OTHER,LONG,46.1753,76.2731,30.0978,84.6936,ENTERABLE_TIER_B,TRIGGERED,97.2931,FULL,,,SIDEWAYS,LOW,1338.9,62.849440964439104,-77.53191489361694,12.219226486037444,2.24140988274505,4.232218702223238,49.271428571428565,54.3264,45.6736,93.0589,79.7854,68.1151,93.0589,84.6564,31.8849,LOW,QUALIFIED_FOR_INTRADAY_REVALIDATION,True
2025-06-18,FEDERALBNK,Financial Services,LONG,29.2665,61.4968,32.2303,83.5348,ENTERABLE_TIER_B,TRIGGERED,97.2931,FULL,,,SIDEWAYS,LOW,207.08,55.74503791806323,-51.82841068917002,3.8942319331486073,0.7808117277872341,1.1045931522976815,4.660000000000001,54.3264,45.6736,83.2403,78.7124,58.7315,83.2403,88.6695,41.2685,LOW,RESEARCH_ONLY_NO_STANDARD_TRADE,False
2025-06-18,GODIGIT,OTHER,LONG,48.7497,79.9016,31.1519,77.3608,ENTERABLE_TIER_B,TRIGGERED,97.2931,FULL,,,SIDEWAYS,LOW,344.9,63.07259843653746,-49.58949096880141,8.40612059684722,2.5510003031537978,2.703722205469192,12.35357142857142,54.3264,45.6736,62.8852,73.6109,68.1151,62.8852,84.1341,31.8849,LOW,QUALIFIED_FOR_INTRADAY_REVALIDATION,True
2025-06-18,GRAPHITE,OTHER,LONG,39.4335,69.9417,30.5082,74.1288,ENTERABLE_TIER_B,TRIGGERED,97.2931,FULL,,,SIDEWAYS,LOW,553.7,58.200707474111,-48.689138576779015,8.910677216470834,1.1877598053568736,1.9841577556996324,22.225000000000005,54.3264,45.6736,71.5036,55.7255,68.1151,71.5036,90.6412,31.8849,LOW,UPGRADE_OFACTOR_REQUIRED,False
2025-06-18,M&M,Automobile and Auto Components,LONG,10.1417,55.6257,45.484,83.0722,ENTERABLE_TIER_B,TRIGGERED,98.5,FULL,,SIDEWAYS,SIDEWAYS,LOW,3041.1,52.22595303535892,-47.799043062201,2.610265447051376,0.949690957770641,0.4389520663449476,67.39285714285714,54.3264,45.6736,95.41,67.6524,53.1271,95.41,79.9385,46.8729,LOW,RESEARCH_ONLY_NO_STANDARD_TRADE,False
2025-06-18,MINDACORP,OTHER,LONG,31.0163,60.5502,29.5339,82.0045,ENTERABLE_TIER_B,TRIGGERED,97.2931,FULL,,,SIDEWAYS,LOW,538.4,52.46281165131177,-62.082777036048086,2.700996480788393,1.4351636159660508,1.634188173016729,18.432142857142853,54.3264,45.6736,97.5405,71.3544,68.1151,97.5405,68.3162,31.8849,LOW,RESEARCH_ONLY_NO_STANDARD_TRADE,False
2025-06-18,TRENT,Consumer Services,LONG,42.643,69.55,26.907,76.5454,ENTERABLE_TIER_B,TRIGGERED,98.5,FULL,,UPWARD,SIDEWAYS,LOW,5735.0,56.60800913386839,-46.413502109704645,4.141856087781175,1.008530556335734,1.3912201302428748,139.57142857142858,54.3264,45.6736,51.4347,69.0481,68.1957,51.4347,93.1218,31.8043,LOW,UPGRADE_OFACTOR_REQUIRED,False
2025-06-19,ASTERDM,OTHER,LONG,26.0469,61.6156,35.5687,78.0977,ENTERABLE_TIER_B,TRIGGERED,97.2931,FULL,,,SIDEWAYS,LOW,571.4,55.23552208803221,-44.5283018867925,7.141775950747733,0.8203391749308234,1.5604084361912207,17.524999999999995,49.3216,50.6784,72.7437,79.9144,55.1671,72.7437,96.5763,44.8329,LOW,RESEARCH_ONLY_NO_STANDARD_TRADE,False
2025-06-19,TVSMOTOR,Automobile and Auto Components,LONG,5.1139,52.1305,47.0166,84.2082,ENTERABLE_TIER_B,TRIGGERED,98.5,FULL,,SIDEWAYS,SIDEWAYS,LOW,2779.9,54.4511994699326,-26.54502648616827,3.672387842574595,0.871785655569331,0.4705582643894657,57.91428571428576,49.3216,50.6784,85.7836,87.775,45.4487,85.7836,74.3759,54.5513,LOW,RESEARCH_ONLY_NO_STANDARD_TRADE,False
2025-06-20,BHARTIHEXA,Telecommunication,LONG,44.2176,70.5167,26.2991,73.316,ENTERABLE_TIER_B,TRIGGERED,97.2931,FULL,,,SIDEWAYS,LOW,1819.2,59.47628836195326,-56.16760828625231,9.006582560636044,1.1300188284010249,1.1606202403994272,62.950000000000045,67.0224,32.9776,74.1806,55.2661,65.8145,74.1806,83.606,34.1855,MEDIUM,UPGRADE_OFACTOR_REQUIRED,False
2025-06-20,BRITANNIA,Fast Moving Consumer Goods,LONG,14.4973,60.0727,45.5754,80.7936,ENTERABLE_TIER_B,TRIGGERED,98.5,FULL,,TRANSITION,SIDEWAYS,LOW,5587.0,55.63794756713165,-47.05882352941177,3.4527494314296834,1.470822806093449,0.6711343634203053,93.07142857142856,67.0224,32.9776,88.9153,67.3369,44.04,88.9153,94.4129,55.96,LOW,RESEARCH_ONLY_NO_STANDARD_TRADE,False
2025-06-20,BSOFT,OTHER,LONG,20.0161,57.4598,37.4437,76.66,ENTERABLE_TIER_B,TRIGGERED,97.2931,FULL,,,SIDEWAYS,LOW,421.4,53.9526589107866,-33.88235294117655,0.4523116337215611,0.8248070067703489,0.7895156138311611,11.989285714285712,67.0224,32.9776,69.014,71.4745,60.2035,69.014,94.6619,39.7965,MEDIUM,RESEARCH_ONLY_NO_STANDARD_TRADE,False
2025-06-20,CUMMINSIND,Capital Goods,LONG,38.0639,65.762,27.6981,82.3233,ENTERABLE_TIER_B,TRIGGERED,97.2931,FULL,,,SIDEWAYS,LOW,3271.5,57.552872897404455,-71.39411480945483,5.705634885405599,0.7455662180332425,2.292448403867159,61.814285714285816,67.0224,32.9776,91.221,61.627,64.5968,91.221,77.0927,35.4032,MEDIUM,UPGRADE_OFACTOR_REQUIRED,False
2025-06-20,FEDERALBNK,Financial Services,LONG,27.5896,63.3101,35.7205,79.1861,ENTERABLE_TIER_B,TRIGGERED,97.2931,FULL,,,SIDEWAYS,LOW,207.51,55.59664846682048,-57.30800990916603,3.8973360431408977,0.9051133395213852,0.9115789988033928,4.825000000000001,67.0224,32.9776,82.5907,67.171,59.2879,82.5907,95.9378,40.7121,LOW,RESEARCH_ONLY_NO_STANDARD_TRADE,False
2025-06-20,HDFCAMC,Financial Services,LONG,32.4219,62.7245,30.3026,83.4157,ENTERABLE_TIER_B,TRIGGERED,97.2931,FULL,,,SIDEWAYS,LOW,4958.6,56.64371411946182,-55.32907237864907,7.742688908863186,0.7655458301147228,1.936111383601288,155.94285714285712,67.0224,32.9776,88.0683,76.4529,59.2879,88.0683,95.7164,40.7121,LOW,RESEARCH_ONLY_NO_STANDARD_TRADE,False
2025-06-20,HINDALCO,Metals & Mining,LONG,2.3121,52.9787,50.6666,81.0633,ENTERABLE_TIER_B,TRIGGERED,98.5,FULL,,SIDEWAYS,SIDEWAYS,LOW,649.15,52.26263668966807,-42.33038348082606,0.9933034153020812,1.4533961394033232,0.1234939952390007,11.928571428571413,67.0224,32.9776,83.8064,64.6228,51.9953,83.8064,82.0599,48.0047,LOW,RESEARCH_ONLY_NO_STANDARD_TRADE,False
2025-06-20,JMFINANCIL,OTHER,LONG,36.6938,62.8653,26.1715,79.7769,ENTERABLE_TIER_B,TRIGGERED,97.2931,FULL,,,SIDEWAYS,LOW,140.21,59.51934324544672,-55.85840707964599,15.10027214001093,0.7573745271062382,5.036615482699045,6.961428571428577,67.0224,32.9776,77.9068,82.1301,60.2035,77.9068,78.2803,39.7965,LOW,RESEARCH_ONLY_NO_STANDARD_TRADE,False
2025-06-20,LALPATHLAB,OTHER,LONG,26.8363,58.3603,31.524,75.4861,ENTERABLE_TIER_B,TRIGGERED,97.2931,FULL,,,SIDEWAYS,LOW,2912.3,56.46174446048525,-42.73753185293037,3.7659408375704815,1.1707287580255468,1.2281225876776616,69.0,67.0224,32.9776,69.8841,72.8116,60.2035,69.8841,87.4203,39.7965,MEDIUM,RESEARCH_ONLY_NO_STANDARD_TRADE,False
2025-06-20,MOTILALOFS,Financial Services,LONG,23.1543,61.5007,38.3464,86.2986,ENTERABLE_TIER_B,TRIGGERED,97.2931,FULL,,,SIDEWAYS,LOW,825.55,56.57892967203757,-74.74279835390952,8.67843032306584,0.8569958475007263,2.475749008869404,29.4,67.0224,32.9776,98.4354,85.6463,59.2879,98.4354,82.585,40.7121,LOW,RESEARCH_ONLY_NO_STANDARD_TRADE,False
2025-06-20,NAM-INDIA,Financial Services,LONG,42.3504,69.0517,26.7013,77.4613,ENTERABLE_TIER_B,TRIGGERED,97.2931,FULL,,,SIDEWAYS,LOW,759.45,56.72327221535148,-57.92400370713619,9.80979919349721,1.0802327023210512,2.005950775814333,30.4214285714286,67.0224,32.9776,78.8143,64.5645,59.2879,78.8143,94.6748,40.7121,LOW,UPGRADE_OFACTOR_REQUIRED,False
2025-06-20,POONAWALLA,OTHER,LONG,28.9741,65.4407,36.4666,80.6294,ENTERABLE_TIER_B,TRIGGERED,97.2931,FULL,,,SIDEWAYS,LOW,414.9,56.39945145999535,-51.2717536813923,7.341131093268533,1.5879687260609774,1.8810673251414436,11.14999999999999,67.0224,32.9776,86.5471,74.1704,60.2035,86.5471,78.8341,39.7965,MEDIUM,UPGRADE_OFACTOR_REQUIRED,False
2025-06-20,POWERINDIA,Capital Goods,LONG,45.8082,78.1724,32.3642,80.9978,ENTERABLE_TIER_B,TRIGGERED,97.2931,FULL,,,SIDEWAYS,LOW,18684.0,60.00013103181444,-45.1216102879508,16.38009152801395,1.8837207549331616,3.1598998224171924,868.0714285714286,67.0224,32.9776,72.7211,71.9839,64.5968,72.7211,81.0615,35.4032,LOW,QUALIFIED_FOR_INTRADAY_REVALIDATION,True
2025-06-20,SRF,Chemicals,LONG,14.0851,55.5776,41.4925,84.4216,ENTERABLE_TIER_B,TRIGGERED,97.2931,FULL,,,SIDEWAYS,LOW,3030.1,51.28710525053632,-51.85459940652827,2.410887712310223,1.18686228118235,1.0128859625552915,66.54999999999998,67.0224,32.9776,88.56,84.0721,53.7929,88.56,87.6183,46.2071,LOW,RESEARCH_ONLY_NO_STANDARD_TRADE,False
2025-06-20,TIMKEN,OTHER,LONG,48.8006,69.5419,20.7413,75.176,ENTERABLE_TIER_B,TRIGGERED,97.2931,FULL,,,SIDEWAYS,LOW,3279.2,59.13118680824649,-61.230468750000064,9.57484645274711,1.022895367628407,2.661093226531033,98.97857142857144,67.0224,32.9776,75.3145,60.7188,60.2035,75.3145,91.0688,39.7965,MEDIUM,UPGRADE_OFACTOR_REQUIRED,False
2025-06-20,UNOMINDA,Automobile and Auto Components,LONG,33.709,64.1663,30.4573,77.7796,ENTERABLE_TIER_B,TRIGGERED,97.2931,FULL,,,SIDEWAYS,LOW,1061.6,57.83199551309991,-53.67412140575091,7.119578061599379,1.2114468988879208,2.1810609840651685,32.992857142857154,67.0224,32.9776,76.4798,68.963,53.8175,76.4798,93.4531,46.1825,LOW,RESEARCH_ONLY_NO_STANDARD_TRADE,False
2025-06-20,USHAMART,OTHER,LONG,6.6385,52.0908,45.4523,74.9615,ENTERABLE_TIER_B,TRIGGERED,97.2931,FULL,,,SIDEWAYS,LOW,315.0,53.40240094934413,-27.840909090909012,0.0671107825081944,2.201683570094448,-0.0911521016712774,8.707142857142843,67.0224,32.9776,69.2015,65.7752,60.2035,69.2015,81.6243,39.7965,LOW,RESEARCH_ONLY_NO_STANDARD_TRADE,False
2025-06-20,ZEEL,OTHER,LONG,38.5894,66.7595,28.1701,75.3451,ENTERABLE_TIER_B,TRIGGERED,97.2931,FULL,,,SIDEWAYS,LOW,133.08,57.07272236219741,-59.384079023823325,9.286229503296248,1.055741230347203,2.6035148944255906,5.272142857142855,67.0224,32.9776,70.1955,56.1469,60.2035,70.1955,86.3433,39.7965,MEDIUM,UPGRADE_OFACTOR_REQUIRED,False
2025-06-23,BHARATFORG,Automobile and Auto Components,LONG,30.1245,68.7915,38.667,82.8284,ENTERABLE_TIER_B,TRIGGERED,97.2931,FULL,,,SIDEWAYS,LOW,1295.8,57.41019063847169,-57.056798623063735,6.042391704738142,2.1336858671142678,1.811980545859816,33.65714285714283,53.9817,46.0183,84.8076,75.399,46.8501,84.8076,89.0662,53.1499,LOW,UPGRADE_OFACTOR_REQUIRED,False
2025-06-23,BSOFT,OTHER,LONG,9.7316,52.8233,43.0917,80.0564,ENTERABLE_TIER_B,TRIGGERED,97.2931,FULL,,,SIDEWAYS,LOW,420.05,53.01326525081932,-40.48843187660665,0.1262868474350203,0.8084190316038832,0.7552363558187984,11.985714285714282,53.9817,46.0183,76.9309,74.9702,59.6788,76.9309,94.3266,40.3212,LOW,RESEARCH_ONLY_NO_STANDARD_TRADE,False
2025-06-23,CDSL,OTHER,LONG,49.5835,75.9297,26.3462,72.3475,ENTERABLE_TIER_B,TRIGGERED,97.2931,FULL,,,SIDEWAYS,LOW,1723.3,64.36341729197571,-44.33249370277083,15.441761299095049,1.0834891431351832,3.902567265072235,63.342857142857206,53.9817,46.0183,43.7085,63.1845,59.6788,43.7085,89.4542,40.3212,LOW,WAIT_FOR_XFACTOR,False
2025-06-23,CHOICEIN,OTHER,LONG,20.3223,56.3728,36.0505,80.0233,ENTERABLE_TIER_B,TRIGGERED,97.2931,FULL,,,SIDEWAYS,LOW,704.2,62.78349073252999,-44.76190476190465,9.66281043846848,0.9770380065102886,1.5146787545382527,16.489285714285707,53.9817,46.0183,87.8911,79.3806,59.6788,87.8911,93.6929,40.3212,LOW,RESEARCH_ONLY_NO_STANDARD_TRADE,False
2025-06-23,DIVISLAB,Healthcare,LONG,24.8687,62.3637,37.495,84.1098,ENTERABLE_TIER_B,TRIGGERED,98.5,FULL,,SIDEWAYS,SIDEWAYS,LOW,6636.0,56.89646832691921,-55.65110565110565,5.334057738873285,1.227149257272397,1.1032781285423607,117.35714285714286,53.9817,46.0183,89.5192,74.0962,55.5415,89.5192,90.2861,44.4585,LOW,RESEARCH_ONLY_NO_STANDARD_TRADE,False
2025-06-23,EIDPARRY,OTHER,LONG,14.0193,50.0827,36.0634,78.7833,ENTERABLE_TIER_B,TRIGGERED,97.2931,FULL,,,SIDEWAYS,LOW,973.0,56.21659503901975,-53.99449035812672,7.210192201753187,0.9681331113881976,1.2344719924505334,27.2,53.9817,46.0183,96.6789,58.4559,59.6788,96.6789,89.7059,40.3212,LOW,RESEARCH_ONLY_NO_STANDARD_TRADE,False
2025-06-23,ENGINERSIN,OTHER,LONG,51.6179,78.2947,26.6768,76.2536,ENTERABLE_TIER_B,TRIGGERED,97.2931,FULL,,,SIDEWAYS,LOW,228.79,60.59401892571529,-52.1370112155199,13.917013866415976,1.0287635044647276,2.956334869291185,9.301428571428575,53.9817,46.0183,72.8106,56.0498,59.6788,72.8106,96.0866,40.3212,LOW,QUALIFIED_FOR_INTRADAY_REVALIDATION,True
2025-06-23,GESHIP,OTHER,LONG,47.3304,70.4957,23.1653,73.4374,ENTERABLE_TIER_B,TRIGGERED,97.2931,FULL,,,SIDEWAYS,LOW,994.55,58.79006956777259,-48.05825242718453,5.410245174452204,0.9780926949026604,1.3157756678404804,35.735714285714266,53.9817,46.0183,56.7519,64.7412,59.6788,56.7519,96.698,40.3212,LOW,UPGRADE_OFACTOR_REQUIRED,False
2025-06-23,HAL,Capital Goods,LONG,27.8428,61.8155,33.9727,86.1028,ENTERABLE_TIER_B,TRIGGERED,98.5,FULL,,SIDEWAYS,SIDEWAYS,LOW,5028.2,56.15600030275927,-39.20792079207927,7.899169009680674,1.0501358374831489,1.3663761671548098,126.24999999999991,53.9817,46.0183,90.3842,82.5109,66.2403,90.3842,89.9248,33.7597,LOW,RESEARCH_ONLY_NO_STANDARD_TRADE,False
2025-06-23,JIOFIN,Financial Services,LONG,27.5012,60.7786,33.2774,84.4411,ENTERABLE_TIER_B,TRIGGERED,98.5,FULL,,TRANSITION,SIDEWAYS,LOW,293.15,57.98867825777379,-56.26283367556481,7.501328214573752,0.8053847637846099,1.8963893408846983,7.617857142857141,53.9817,46.0183,92.4738,70.0703,60.6091,92.4738,85.5602,39.391,LOW,RESEARCH_ONLY_NO_STANDARD_TRADE,False
2025-06-23,PHOENIXLTD,Realty,LONG,19.93,61.8677,41.9377,81.8176,ENTERABLE_TIER_B,TRIGGERED,97.2931,FULL,,,SIDEWAYS,LOW,1621.4,53.6931247609914,-48.971193415637785,1.4117629360571542,0.9474181657230334,0.4330580765596638,50.15714285714286,53.9817,46.0183,71.5029,79.9829,76.9908,71.5029,90.9883,23.0092,LOW,RESEARCH_ONLY_NO_STANDARD_TRADE,False
2025-06-23,VEDL,Metals & Mining,LONG,14.6683,55.3933,40.725,85.8666,ENTERABLE_TIER_B,TRIGGERED,98.5,FULL,,SIDEWAYS,SIDEWAYS,LOW,449.85,52.211037812855984,-54.44964871194374,2.255048068937995,0.8152985662305995,1.03739380919386,11.985714285714286,53.9817,46.0183,99.6246,73.969,51.434,99.6246,94.6603,48.566,LOW,RESEARCH_ONLY_NO_STANDARD_TRADE,False
2025-06-24,ABBOTINDIA,Healthcare,LONG,27.5924,58.8354,31.243,73.4949,ENTERABLE_TIER_B,TRIGGERED,97.2931,FULL,,,SIDEWAYS,LOW,31535.0,54.74022611443619,-41.82389937106918,2.7388227326549304,1.079069658417669,0.6761627812961473,680.3571428571429,51.4399,48.5601,75.699,74.4252,57.4894,75.699,84.4199,42.5106,LOW,RESEARCH_ONLY_NO_STANDARD_TRADE,False
2025-06-24,ABSLAMC,OTHER,LONG,31.1994,58.5552,27.3558,81.1519,ENTERABLE_TIER_B,TRIGGERED,97.2931,FULL,,,SIDEWAYS,LOW,766.7,57.12194276050078,-60.76923076923072,7.043268562682776,0.8193662733483752,1.8243627075062123,24.560714285714287,51.4399,48.5601,88.8779,91.5312,59.3296,88.8779,88.1111,40.6704,LOW,RESEARCH_ONLY_NO_STANDARD_TRADE,False
2025-06-24,BAJAJHLDNG,Financial Services,LONG,24.5701,60.1552,35.5851,82.8319,ENTERABLE_TIER_B,TRIGGERED,98.5,FULL,,SIDEWAYS,SIDEWAYS,LOW,13774.0,54.71159602331164,-65.75901974132063,6.422280172719201,0.7467892092770114,1.4131677400538458,403.57142857142856,51.4399,48.5601,96.1345,66.7965,63.5508,96.1345,96.2336,36.4492,LOW,RESEARCH_ONLY_NO_STANDARD_TRADE,False
2025-06-24,BHARTIHEXA,Telecommunication,LONG,58.9303,76.706,17.7757,67.9795,ENTERABLE_TIER_B,TRIGGERED,97.2931,FULL,,,SIDEWAYS,LOW,1855.5,62.39793127104555,-28.74449339207049,10.52025547099676,0.8931742829107552,1.3506901071363042,59.10000000000002,51.4399,48.5601,44.4839,63.4518,68.7194,44.4839,93.5702,31.2807,LOW,WAIT_FOR_XFACTOR,False
2025-06-24,BHEL,Capital Goods,LONG,26.0076,64.5387,38.5311,74.9882,ENTERABLE_TIER_B,TRIGGERED,97.2931,FULL,,,SIDEWAYS,LOW,259.95,60.21107005867274,-18.965517241379413,8.13167822784763,1.6051255039699774,1.077180443192025,6.675000000000002,51.4399,48.5601,61.3983,65.5431,64.4835,61.3983,76.9288,35.5165,LOW,RESEARCH_ONLY_NO_STANDARD_TRADE,False
2025-06-24,CCL,OTHER,LONG,47.352,71.909,24.557,73.6422,ENTERABLE_TIER_B,TRIGGERED,97.2931,FULL,,,SIDEWAYS,LOW,850.35,59.83929905777046,-45.28957528957528,12.842214881564436,1.1493893809244853,1.5564705434136896,31.535714285714292,51.4399,48.5601,85.4345,47.8686,59.3296,85.4345,90.2967,40.6704,LOW,UPGRADE_OFACTOR_REQUIRED,False
2025-06-24,CESC,OTHER,LONG,14.8589,52.1465,37.2876,79.7952,ENTERABLE_TIER_B,TRIGGERED,97.2931,FULL,,,SIDEWAYS,LOW,166.56,52.07327391866724,-51.85185185185188,2.7756510220311315,1.0366296905004349,-0.0263726024946731,4.319285714285708,51.4399,48.5601,91.2563,68.7911,59.3296,91.2563,92.684,40.6704,LOW,RESEARCH_ONLY_NO_STANDARD_TRADE,False
2025-06-24,DELHIVERY,OTHER,LONG,47.6591,76.9891,29.33,67.6983,ENTERABLE_TIER_B,TRIGGERED,97.2931,FULL,,,SIDEWAYS,LOW,377.05,66.0066111592687,-7.567567567567599,13.071336457569462,2.3579078359243693,2.1883290377464037,11.64642857142856,51.4399,48.5601,25.3562,49.3407,59.3296,25.3562,90.3833,40.6704,LOW,WAIT_FOR_XFACTOR,False
2025-06-24,FSL,OTHER,LONG,22.8125,56.8644,34.0519,75.2155,ENTERABLE_TIER_B,TRIGGERED,97.2931,FULL,,,SIDEWAYS,LOW,386.55,57.48760203100096,-32.12927756653987,6.000120332743537,0.9342999762978506,1.1060552397859855,11.874999999999996,51.4399,48.5601,68.2526,77.9368,59.3296,68.2526,95.1158,40.6704,LOW,RESEARCH_ONLY_NO_STANDARD_TRADE,False
2025-06-24,HINDCOPPER,OTHER,LONG,33.2474,65.2953,32.0479,80.903,ENTERABLE_TIER_B,TRIGGERED,97.2931,FULL,,,SIDEWAYS,LOW,257.36,58.36024746581087,-40.4149377593361,7.842291382299279,0.7802509480649502,2.0136968726272726,8.723571428571423,51.4399,48.5601,71.8388,82.4842,59.3296,71.8388,80.0999,40.6704,LOW,UPGRADE_OFACTOR_REQUIRED,False
2025-06-24,M&MFIN,Financial Services,LONG,33.9053,64.4802,30.5749,83.1494,ENTERABLE_TIER_B,TRIGGERED,97.2931,FULL,,,SIDEWAYS,LOW,269.0,52.23845361443596,-66.27118644067801,0.5341055849336317,1.1884383415249573,0.1565342692795294,7.689285714285717,51.4399,48.5601,93.3891,71.6489,63.5508,93.3891,91.9368,36.4492,LOW,RESEARCH_ONLY_NO_STANDARD_TRADE,False
2025-06-24,RAMCOCEM,OTHER,LONG,21.6822,54.253,32.5708,82.7336,ENTERABLE_TIER_B,TRIGGERED,97.2931,FULL,,,SIDEWAYS,LOW,1020.85,52.41060367332583,-69.62168266516095,4.059058580358987,0.8831949097155639,1.32225932056197,28.8642857142857,51.4399,48.5601,98.4352,75.1943,59.3296,98.4352,87.5971,40.6704,LOW,RESEARCH_ONLY_NO_STANDARD_TRADE,False
2025-06-24,SAIL,Metals & Mining,LONG,29.3472,67.3524,38.0052,81.3536,ENTERABLE_TIER_B,TRIGGERED,97.2931,FULL,,,SIDEWAYS,LOW,130.74,58.50288880611527,-43.19868095630653,6.617393214960682,1.4716987236053762,0.9821637346881388,3.0721428571428557,51.4399,48.5601,85.0701,64.9756,51.7889,85.0701,72.5273,48.2111,LOW,UPGRADE_OFACTOR_REQUIRED,False
2025-06-24,TATAINVEST,Financial Services,LONG,26.9087,59.9546,33.0459,86.0747,ENTERABLE_TIER_B,TRIGGERED,97.2931,FULL,,,SIDEWAYS,LOW,6731.5,54.80738064652125,-66.6826923076923,4.689623353737421,0.7463685246320789,1.1834016165390495,255.42857142857144,51.4399,48.5601,99.9804,91.1521,63.5508,99.9804,78.6242,36.4492,LOW,RESEARCH_ONLY_NO_STANDARD_TRADE,False
2025-06-24,TITAGARH,OTHER,LONG,45.796,73.5128,27.7168,75.0921,ENTERABLE_TIER_B,TRIGGERED,97.2931,FULL,,,SIDEWAYS,LOW,922.85,57.90875835896916,-34.82570061517426,6.722304266478703,2.8900453714358068,0.8379780786195247,34.03571428571427,51.4399,48.5601,67.9014,61.3935,59.3296,67.9014,92.7723,40.6704,LOW,UPGRADE_OFACTOR_REQUIRED,False
2025-06-24,TVSMOTOR,Automobile and Auto Components,LONG,24.7842,67.3093,42.5251,69.3871,ENTERABLE_TIER_B,TRIGGERED,98.5,FULL,,SIDEWAYS,SIDEWAYS,LOW,2837.1,60.26788016977327,-16.742909423604722,5.334074167577255,1.889326343606656,0.6619886232011097,62.50714285714288,51.4399,48.5601,29.592,57.7552,48.0494,29.592,76.5787,51.9506,LOW,UPGRADE_OFACTOR_REQUIRED,False
2025-06-25,AARTIIND,OTHER,LONG,25.7644,61.3976,35.6332,75.5361,ENTERABLE_TIER_B,TRIGGERED,97.2931,FULL,,,SIDEWAYS,LOW,470.6,55.93884996477228,-36.917866215071925,4.509781352536029,1.696678179494033,-0.3584060055883274,14.03571428571428,64.0493,35.9507,78.9941,56.8244,66.94,78.9941,92.1628,33.06,MEDIUM,RESEARCH_ONLY_NO_STANDARD_TRADE,False
2025-06-25,ADANIENT,Metals & Mining,LONG,5.0019,53.3541,48.3522,85.8269,ENTERABLE_TIER_B,TRIGGERED,98.5,FULL,,SIDEWAYS,SIDEWAYS,LOW,2527.2,54.070186589284575,-52.69275474622241,2.9988970260323606,0.9103130963041038,0.1891223420490783,67.48571428571434,64.0493,35.9507,86.5552,91.05,54.4818,86.5552,91.4649,45.5182,LOW,RESEARCH_ONLY_NO_STANDARD_TRADE,False
2025-06-25,ANANTRAJ,OTHER,LONG,52.8914,77.3427,24.4513,75.3105,ENTERABLE_TIER_B,TRIGGERED,97.2931,FULL,,,SIDEWAYS,LOW,566.25,59.96671867764322,-37.70491803278692,6.753219279832367,1.120279130336167,0.961083296761933,26.246428571428577,64.0493,35.9507,70.0086,62.1282,66.94,70.0086,94.4373,33.06,LOW,WAIT_FOR_XFACTOR,False
2025-06-25,APARINDS,Capital Goods,LONG,38.7506,69.3027,30.5521,75.5806,ENTERABLE_TIER_B,TRIGGERED,97.2931,FULL,,,SIDEWAYS,LOW,8083.0,61.130750200041184,-37.79193205944798,11.13796063109172,1.35362267403539,2.517760689090773,262.6428571428572,64.0493,35.9507,76.1082,74.8708,58.4183,76.1082,86.0647,41.5817,LOW,UPGRADE_OFACTOR_REQUIRED,False
2025-06-25,BIOCON,Healthcare,LONG,35.2099,71.7426,36.5327,73.9095,ENTERABLE_TIER_B,TRIGGERED,97.2931,FULL,,,SIDEWAYS,LOW,351.4,57.0779885831172,-35.76248313090423,3.2025637600770134,2.534153959726408,1.2572300130225516,10.553571428571413,64.0493,35.9507,55.0863,68.3519,61.9199,55.0863,84.6497,38.0801,LOW,UPGRADE_OFACTOR_REQUIRED,False
2025-06-25,BOSCHLTD,Automobile and Auto Components,LONG,4.0706,51.1751,47.1045,83.7963,ENTERABLE_TIER_B,TRIGGERED,98.5,FULL,,SIDEWAYS,SIDEWAYS,LOW,31755.0,53.552395811132925,-56.21621621621622,3.3637158144615884,1.2435458238442696,0.903295059305356,558.5714285714286,64.0493,35.9507,95.4348,79.5908,57.209,95.4348,76.3683,42.791,LOW,RESEARCH_ONLY_NO_STANDARD_TRADE,False
2025-06-25,CLEAN,OTHER,LONG,46.9142,74.5048,27.5906,69.6182,ENTERABLE_TIER_B,TRIGGERED,97.2931,FULL,,,SIDEWAYS,LOW,1502.7,61.880326046083205,-23.124999999999968,9.950560970714234,2.023251652920728,1.8122367559401265,48.05000000000002,64.0493,35.9507,61.984,51.9667,66.94,61.984,84.0166,33.06,LOW,WAIT_FOR_XFACTOR,False
2025-06-25,CUB,OTHER,LONG,38.6795,67.6276,28.9481,72.1469,ENTERABLE_TIER_B,TRIGGERED,97.2931,FULL,,,SIDEWAYS,LOW,199.02,58.27829333354389,-43.93442622950819,6.693143428033692,1.2511382128325237,0.5750267430848242,5.406428571428568,64.0493,35.9507,74.5118,55.3864,66.94,74.5118,93.5632,33.06,MEDIUM,UPGRADE_OFACTOR_REQUIRED,False
2025-06-25,HFCL,OTHER,LONG,26.2332,60.6181,34.3849,81.061,ENTERABLE_TIER_B,TRIGGERED,97.2931,FULL,,,SIDEWAYS,LOW,87.15,53.84509641584795,-45.82772543741581,1.313204277875637,1.071129543203455,-0.7210749097229363,3.5514285714285734,64.0493,35.9507,93.0075,58.3266,66.94,93.0075,94.9316,33.06,MEDIUM,RESEARCH_ONLY_NO_STANDARD_TRADE,False
2025-06-25,HUDCO,Financial Services,LONG,30.3304,63.215,32.8846,80.0191,ENTERABLE_TIER_B,TRIGGERED,97.2931,FULL,,,SIDEWAYS,LOW,239.61,56.82546065161698,-33.79721669980115,5.959178697505216,1.0136617901925211,0.0820523091002095,7.872142857142849,64.0493,35.9507,72.8409,66.6673,68.2355,72.8409,95.7318,31.7645,MEDIUM,RESEARCH_ONLY_NO_STANDARD_TRADE,False
2025-06-25,KALYANKJIL,Consumer Durables,LONG,11.8924,56.9462,45.0538,78.5055,ENTERABLE_TIER_B,TRIGGERED,97.2931,FULL,,,SIDEWAYS,LOW,540.35,53.78962724734576,-41.40323824209717,1.7184451457922894,2.145519079488605,-0.9651172482911085,15.564285714285726,64.0493,35.9507,87.0323,51.2988,53.1714,87.0323,93.7035,46.8287,LOW,RESEARCH_ONLY_NO_STANDARD_TRADE,False
2025-06-25,LTFOODS,OTHER,LONG,45.3623,71.6468,26.2845,83.0782,ENTERABLE_TIER_B,TRIGGERED,97.2931,FULL,,,SIDEWAYS,LOW,448.9,56.815222510072935,-37.02531645569622,10.031273906806176,1.3326446466686075,1.929699835950856,21.507142857142867,64.0493,35.9507,95.0637,68.7546,66.94,95.0637,95.4434,33.06,LOW,UPGRADE_OFACTOR_REQUIRED,False
2025-06-25,MOTHERSON,Automobile and Auto Components,LONG,22.1617,60.8599,38.6982,86.5497,ENTERABLE_TIER_B,TRIGGERED,98.5,FULL,,TRANSITION,SIDEWAYS,LOW,153.36,55.68912435950847,-52.07967193907434,5.432186828879994,0.8394769359735534,0.902587420383044,4.314999999999998,64.0493,35.9507,98.7872,81.46,57.209,98.7872,83.8702,42.791,LOW,RESEARCH_ONLY_NO_STANDARD_TRADE,False
2025-06-25,NBCC,OTHER,LONG,55.2986,78.6761,23.3775,76.9928,ENTERABLE_TIER_B,TRIGGERED,97.2931,FULL,,,SIDEWAYS,LOW,124.9,62.17444987517652,-33.39090385722502,14.303504183934391,1.0517919289594269,2.2174069468198185,4.319285714285712,64.0493,35.9507,59.1599,70.5507,66.94,59.1599,95.74,33.06,LOW,QUALIFIED_FOR_INTRADAY_REVALIDATION,True
2025-06-25,NIACL,Financial Services,LONG,32.81,60.7565,27.9465,77.4157,ENTERABLE_TIER_B,TRIGGERED,97.2931,FULL,,,SIDEWAYS,LOW,190.25,57.65122348866422,-56.15763546798029,6.42083784229941,1.0960637312369237,1.0649746225394026,6.95214285714286,64.0493,35.9507,75.3074,78.7116,68.2355,75.3074,75.5471,31.7645,MEDIUM,RESEARCH_ONLY_NO_STANDARD_TRADE,False
2025-06-25,PHOENIXLTD,Realty,LONG,21.9706,62.2139,40.2433,82.0585,ENTERABLE_TIER_B,TRIGGERED,97.2931,FULL,,,SIDEWAYS,LOW,1619.3,53.19043418219878,-50.41152263374487,1.2327300520730269,1.0687645901336524,0.4282363019168446,50.542857142857166,64.0493,35.9507,75.6312,75.2289,82.0247,75.6312,93.1148,17.9753,MEDIUM,RESEARCH_ONLY_NO_STANDARD_TRADE,False
2025-06-25,PNBHOUSING,OTHER,LONG,31.3672,65.3289,33.9617,79.3295,ENTERABLE_TIER_B,TRIGGERED,97.2931,FULL,,,SIDEWAYS,LOW,1083.1,56.40984494695714,-50.865051903114285,6.083319556585556,1.0028499090134315,0.5568352600329458,31.564285714285703,64.0493,35.9507,76.0383,65.0238,66.94,76.0383,82.3852,33.06,MEDIUM,UPGRADE_OFACTOR_REQUIRED,False
2025-06-25,PTCIL,OTHER,LONG,5.3909,50.3003,44.9094,80.8259,ENTERABLE_TIER_B,TRIGGERED,97.2931,FULL,,,SIDEWAYS,LOW,14910.0,53.24788075301717,-47.28370221327968,4.416930634943072,1.7533515268620148,0.5146008350886824,677.7142857142857,64.0493,35.9507,99.8623,66.5346,66.94,99.8623,80.6408,33.06,LOW,RESEARCH_ONLY_NO_STANDARD_TRADE,False
2025-06-25,SAILIFE,OTHER,LONG,24.8041,59.3165,34.5124,79.3204,ENTERABLE_TIER_B,TRIGGERED,97.2931,FULL,,,SIDEWAYS,LOW,759.15,54.215540788554456,-50.17564402810308,3.434299316928286,0.8972748459953324,0.8138645450350415,30.35357142857143,64.0493,35.9507,73.9514,83.9887,66.94,73.9514,76.1478,33.06,MEDIUM,RESEARCH_ONLY_NO_STANDARD_TRADE,False
2025-06-25,SJVN,Power,LONG,6.441,51.3615,44.9205,77.5944,ENTERABLE_TIER_B,TRIGGERED,97.2931,FULL,,,SIDEWAYS,LOW,100.79,54.39817812883649,-39.01310717039313,3.0382992515815856,1.559867628474942,-0.120558210066192,3.037142857142857,64.0493,35.9507,68.9182,71.8156,44.4892,68.9182,80.1129,55.5108,LOW,RESEARCH_ONLY_NO_STANDARD_TRADE,False
2025-06-25,SRF,Chemicals,LONG,22.5462,63.929,41.3828,73.3124,ENTERABLE_TIER_B,TRIGGERED,97.2931,FULL,,,SIDEWAYS,LOW,3080.5,57.75486675331033,-52.15869311551928,3.794440827906109,1.284337232821139,0.8312069595354231,59.22857142857148,64.0493,35.9507,58.421,62.5181,51.6668,58.421,83.5215,48.3332,LOW,RESEARCH_ONLY_NO_STANDARD_TRADE,False
2025-06-25,SYRMA,OTHER,LONG,17.8102,55.3296,37.5194,77.9505,ENTERABLE_TIER_B,TRIGGERED,97.2931,FULL,,,SIDEWAYS,LOW,538.85,56.35128328461105,-21.43579373104148,5.040328759739528,1.306951307511378,0.0810133143141186,18.010714285714283,64.0493,35.9507,68.5095,77.2358,66.94,68.5095,77.68,33.06,MEDIUM,RESEARCH_ONLY_NO_STANDARD_TRADE,False
2025-06-25,ZENSARTECH,OTHER,LONG,31.3124,61.4992,30.1868,82.1443,ENTERABLE_TIER_B,TRIGGERED,97.2931,FULL,,,SIDEWAYS,LOW,852.45,56.53678909517188,-56.95681973954754,6.832918574898822,1.1685268431353806,1.787205025737974,29.1,64.0493,35.9507,87.8179,79.244,66.94,87.8179,77.5258,33.06,MEDIUM,RESEARCH_ONLY_NO_STANDARD_TRADE,False
2025-06-26,ADANIPORTS,Services,LONG,35.2859,68.5734,33.2875,79.4923,ENTERABLE_TIER_B,TRIGGERED,98.5,FULL,,SIDEWAYS,TRANSITION,LOW,1429.3,58.06238775202934,-39.83990147783252,6.661416832925013,1.036916387593767,0.2702967100065649,32.91428571428576,76.8172,23.1828,77.649,58.559,66.3782,77.649,95.5035,33.6218,MEDIUM,UPGRADE_OFACTOR_REQUIRED,False
2025-06-26,DIVISLAB,Healthcare,LONG,12.3034,55.5719,43.2685,85.7181,ENTERABLE_TIER_B,TRIGGERED,98.5,FULL,,SIDEWAYS,TRANSITION,LOW,6616.0,55.30149419760974,-60.565110565110565,4.565759441878496,1.0441468311624509,0.8638219729105558,116.35714285714286,76.8172,23.1828,95.2302,73.5298,65.7658,95.2302,95.8748,34.2343,MEDIUM,RESEARCH_ONLY_NO_STANDARD_TRADE,False
2025-06-26,EXIDEIND,Automobile and Auto Components,LONG,17.8656,58.3858,40.5202,83.9778,ENTERABLE_TIER_B,TRIGGERED,97.2931,FULL,,,TRANSITION,LOW,388.85,53.9694144270324,-53.00751879699246,1.909976186587086,1.0080336912182026,0.0561963063097073,9.364285714285716,76.8172,23.1828,94.3224,79.7101,63.0969,94.3224,96.5828,36.9031,MEDIUM,RESEARCH_ONLY_NO_STANDARD_TRADE,False
2025-06-26,HONASA,OTHER,LONG,20.4787,56.3783,35.8996,80.9029,ENTERABLE_TIER_B,TRIGGERED,97.2931,FULL,,,TRANSITION,LOW,312.55,59.11269131549081,-56.1608300907911,10.579584146658286,0.9774907141928794,2.093714326807048,10.171428571428567,76.8172,23.1828,97.8043,70.5056,67.1103,97.8043,86.8258,32.8897,MEDIUM,RESEARCH_ONLY_NO_STANDARD_TRADE,False
2025-06-26,ICICIBANK,Financial Services,LONG,9.6282,54.4679,44.8397,77.1869,ENTERABLE_TIER_B,TRIGGERED,98.5,FULL,,SIDEWAYS,TRANSITION,LOW,1439.1,54.73238343664434,-43.829113924050674,2.588327585164917,1.4464199927882062,-0.0299684083607352,19.16428571428571,76.8172,23.1828,71.8052,63.6824,71.1106,71.8052,82.4674,28.8894,MEDIUM,RESEARCH_ONLY_NO_STANDARD_TRADE,False
2025-06-26,ICICIPRULI,Financial Services,LONG,28.3882,62.6783,34.2901,76.1996,ENTERABLE_TIER_B,TRIGGERED,97.2931,FULL,,,TRANSITION,LOW,647.3,58.57033327342028,-11.390284757119224,4.221619562823089,2.569250537285015,0.4914908177004317,13.27142857142856,76.8172,23.1828,57.2892,63.5307,71.1106,57.2892,89.7524,28.8894,LOW,RESEARCH_ONLY_NO_STANDARD_TRADE,False
2025-06-26,JSL,Metals & Mining,LONG,49.3012,77.9906,28.6894,77.5629,ENTERABLE_TIER_B,TRIGGERED,97.2931,FULL,,,TRANSITION,LOW,694.05,56.93676096673234,-49.056603773585,6.854271546106476,1.6041238628509251,1.495742095396889,22.44642857142856,76.8172,23.1828,72.3193,62.4885,70.6078,72.3193,89.7534,29.3922,MEDIUM,QUALIFIED_FOR_INTRADAY_REVALIDATION,True
2025-06-26,JSWENERGY,Power,LONG,23.8965,66.9932,43.0967,78.5375,ENTERABLE_TIER_B,TRIGGERED,98.5,FULL,,TRANSITION,TRANSITION,LOW,516.95,55.38637009971099,-40.79563182527296,1.9568871791039435,2.119090256351325,0.2904151476976592,15.232142857142852,76.8172,23.1828,65.6428,69.932,51.9748,65.6428,90.8089,48.0252,LOW,UPGRADE_OFACTOR_REQUIRED,False
2025-06-26,NCC,OTHER,LONG,13.6296,53.3692,39.7396,83.0704,ENTERABLE_TIER_B,TRIGGERED,97.2931,FULL,,,TRANSITION,LOW,230.97,53.87683387566884,-44.64856230031953,2.528374280249025,1.0973060865820567,-0.2131990606722461,5.882142857142861,76.8172,23.1828,93.5851,75.7231,67.1103,93.5851,93.2678,32.8897,MEDIUM,RESEARCH_ONLY_NO_STANDARD_TRADE,False
2025-06-26,PREMIERENE,Capital Goods,LONG,22.8794,60.6984,37.819,83.9681,ENTERABLE_TIER_B,TRIGGERED,97.2931,FULL,,,TRANSITION,LOW,1043.9,53.148041439474014,-46.93877551020402,2.532302496630661,0.7839206747611126,-0.2803247976506682,40.34999999999999,76.8172,23.1828,90.2024,76.3073,59.3605,90.2024,90.9789,40.6395,LOW,RESEARCH_ONLY_NO_STANDARD_TRADE,False
2025-06-26,SBICARD,Financial Services,LONG,35.5905,67.2875,31.697,81.3593,ENTERABLE_TIER_B,TRIGGERED,97.2931,FULL,,,TRANSITION,LOW,975.3,55.66935639910781,-55.236576289207946,6.100022835310854,1.122714883097398,1.4210791207009024,24.91428571428572,76.8172,23.1828,86.0254,64.1972,71.1106,86.0254,87.7179,28.8894,MEDIUM,UPGRADE_OFACTOR_REQUIRED,False
2025-06-26,SYRMA,OTHER,LONG,17.9347,56.1892,38.2545,77.8111,ENTERABLE_TIER_B,TRIGGERED,97.2931,FULL,,,TRANSITION,LOW,539.35,56.54045450122838,-20.42467138523764,4.963833713688328,0.9985333748029696,0.2873938051638653,18.410714285714285,76.8172,23.1828,67.7181,80.3375,67.1103,67.7181,85.5519,32.8897,MEDIUM,RESEARCH_ONLY_NO_STANDARD_TRADE,False
2025-06-27,ABREL,OTHER,LONG,44.5844,71.4063,26.8219,79.2686,ENTERABLE_TIER_B,TRIGGERED,97.2931,FULL,,,TRANSITION,LOW,2397.6,58.13141229275362,-64.83364140480597,8.772626939813723,1.0783663856875514,2.739493780970066,78.8214285714286,76.9863,23.0137,78.8425,72.7993,68.7895,78.8425,90.7639,31.2106,MEDIUM,UPGRADE_OFACTOR_REQUIRED,False
2025-06-27,ADANIGREEN,Power,LONG,13.6231,58.3991,44.776,78.042,ENTERABLE_TIER_B,TRIGGERED,98.5,FULL,,SIDEWAYS,TRANSITION,LOW,1015.6,56.67309119255702,-41.48648648648648,3.83805038346729,2.2776881489630334,0.0885474779876767,32.292857142857144,76.9863,23.0137,60.8169,72.0062,54.9629,60.8169,61.2298,45.0371,LOW,RESEARCH_ONLY_NO_STANDARD_TRADE,False
2025-06-27,BAJAJHLDNG,Financial Services,LONG,40.4082,70.5847,30.1765,67.8311,ENTERABLE_TIER_B,TRIGGERED,98.5,FULL,,UPWARD,TRANSITION,LOW,14134.0,60.268725650339775,-39.27444794952682,8.44228683545443,1.1602983634648754,1.3827664637653878,361.8571428571428,76.9863,23.0137,41.9568,57.2207,70.8075,41.9568,70.5961,29.1926,MEDIUM,UPGRADE_OFACTOR_REQUIRED,False
2025-06-27,BHARATFORG,Automobile and Auto Components,LONG,28.994,63.4188,34.4248,79.2339,ENTERABLE_TIER_B,TRIGGERED,97.2931,FULL,,,TRANSITION,LOW,1309.7,59.46203371178736,-55.27472527472523,6.43136726449255,1.0425981434415568,1.3266085151013245,30.785714285714302,76.9863,23.0137,71.7185,71.6752,65.3604,71.7185,80.7703,34.6396,MEDIUM,RESEARCH_ONLY_NO_STANDARD_TRADE,False
2025-06-27,CASTROLIND,OTHER,LONG,16.9162,54.2459,37.3297,75.99,ENTERABLE_TIER_B,TRIGGERED,97.2931,FULL,,,TRANSITION,LOW,217.02,58.62625230320047,-38.925583443417,3.1720939433734667,1.195291893285048,0.1740604434729044,5.583571428571427,76.9863,23.0137,64.5149,74.7115,68.7895,64.5149,90.1139,31.2106,MEDIUM,RESEARCH_ONLY_NO_STANDARD_TRADE,False
2025-06-27,CENTRALBK,OTHER,LONG,25.3259,63.3933,38.0674,81.9829,ENTERABLE_TIER_B,TRIGGERED,97.2931,FULL,,,TRANSITION,LOW,39.2,56.13850886239467,-35.388127853881194,-0.1937948879074807,1.58046762677768,0.2638631448733459,1.2042857142857148,76.9863,23.0137,87.3507,76.7497,68.7895,87.3507,90.3677,31.2106,MEDIUM,RESEARCH_ONLY_NO_STANDARD_TRADE,False
2025-06-27,DIVISLAB,Healthcare,LONG,20.5784,63.8795,43.3011,79.5151,ENTERABLE_TIER_B,TRIGGERED,98.5,FULL,,SIDEWAYS,TRANSITION,LOW,6658.0,57.57443473516387,-50.24570024570025,5.052349812681952,1.4536092616444416,0.868746041013931,118.71428571428572,76.9863,23.0137,73.0305,63.9471,69.3831,73.0305,87.87,30.6169,MEDIUM,RESEARCH_ONLY_NO_STANDARD_TRADE,False
2025-06-27,FINCABLES,OTHER,LONG,18.0469,54.8754,36.8285,81.5054,ENTERABLE_TIER_B,TRIGGERED,97.2931,FULL,,,TRANSITION,LOW,958.6,53.29996237121496,-49.90099009900988,1.695704477660386,0.8580535100076865,-0.0826025623712314,25.417857142857144,76.9863,23.0137,99.541,68.4474,68.7895,99.541,74.1914,31.2106,MEDIUM,RESEARCH_ONLY_NO_STANDARD_TRADE,False
2025-06-27,HEROMOTOCO,Automobile and Auto Components,LONG,11.8733,56.8027,44.9294,85.5852,ENTERABLE_TIER_B,TRIGGERED,97.2931,FULL,,,TRANSITION,LOW,4320.3,54.54002584456314,-59.04897090134831,3.788458469555152,0.9470459062567632,0.8365484040894098,88.5285714285714,76.9863,23.0137,91.6637,84.0503,65.3604,91.6637,86.6258,34.6396,MEDIUM,RESEARCH_ONLY_NO_STANDARD_TRADE,False
2025-06-27,IFCI,OTHER,LONG,17.4673,54.5146,37.0473,80.5443,ENTERABLE_TIER_B,TRIGGERED,97.2931,FULL,,,TRANSITION,LOW,64.49,59.57130227444736,-39.105691056910594,15.187439569211636,0.9709476570344888,2.7083312862797384,2.921428571428573,76.9863,23.0137,79.8158,74.8068,68.7895,79.8158,90.9633,31.2106,LOW,RESEARCH_ONLY_NO_STANDARD_TRADE,False
2025-06-27,NATCOPHARM,OTHER,LONG,8.0168,51.6095,43.5927,82.6401,ENTERABLE_TIER_B,TRIGGERED,97.2931,FULL,,,TRANSITION,LOW,884.45,53.10993301178727,-72.54498714652952,-0.0243361862759419,1.3083663754251362,0.4111110548977775,29.10357142857145,76.9863,23.0137,91.8567,74.6423,68.7895,91.8567,70.4504,31.2106,MEDIUM,RESEARCH_ONLY_NO_STANDARD_TRADE,False
2025-06-27,PTCIL,OTHER,LONG,17.1945,54.4865,37.292,79.6351,ENTERABLE_TIER_B,TRIGGERED,97.2931,FULL,,,TRANSITION,LOW,15067.0,55.34261302845493,-39.38631790744467,5.199806594722413,1.174647607743211,0.6140590680583539,651.0,76.9863,23.0137,80.3687,81.3825,68.7895,80.3687,91.828,31.2106,MEDIUM,RESEARCH_ONLY_NO_STANDARD_TRADE,False
2025-06-27,SUZLON,Capital Goods,LONG,38.0239,71.9431,33.9192,72.2825,ENTERABLE_TIER_B,TRIGGERED,97.2931,FULL,,,TRANSITION,LOW,67.32,60.51386869614895,-28.165374677002664,8.552921510134974,1.5315041018251303,0.8384441507716854,2.075000000000002,76.9863,23.0137,51.2771,44.6747,54.5444,51.2771,92.6747,45.4556,LOW,UPGRADE_OFACTOR_REQUIRED,False
2025-06-27,UNIONBANK,Financial Services,LONG,28.1586,64.7336,36.575,86.6084,ENTERABLE_TIER_B,TRIGGERED,97.2931,FULL,,,TRANSITION,LOW,149.06,57.52878292560466,-38.80341880341879,8.413627865607104,1.1104046556797889,1.2167450362391494,4.159285714285717,76.9863,23.0137,93.9653,86.3438,70.8075,93.9653,72.6876,29.1926,MEDIUM,RESEARCH_ONLY_NO_STANDARD_TRADE,False
2025-06-30,ANANTRAJ,OTHER,LONG,33.1481,64.6927,31.5446,80.3048,ENTERABLE_TIER_B,TRIGGERED,97.2931,FULL,,,TRANSITION,LOW,566.45,58.85197274832924,-22.201607915893558,6.206351819883015,0.9607610451378172,1.4432700884130476,25.360714285714288,75.8023,24.1977,68.2711,80.9154,71.722,68.2711,86.83,28.278,MEDIUM,RESEARCH_ONLY_NO_STANDARD_TRADE,False
2025-06-30,BDL,Capital Goods,LONG,17.9536,58.1006,40.147,78.3945,ENTERABLE_TIER_B,TRIGGERED,97.2931,FULL,,,TRANSITION,LOW,1943.2,58.84148209817408,-18.124642652944555,13.215464841002346,1.0035774337719323,1.2046037683420756,72.37142857142862,75.8023,24.1977,67.1187,67.0588,61.9462,67.1187,93.5334,38.0538,LOW,RESEARCH_ONLY_NO_STANDARD_TRADE,False
2025-06-30,CANBK,Financial Services,LONG,31.8508,64.9741,33.1233,78.1531,ENTERABLE_TIER_B,TRIGGERED,98.5,FULL,,SIDEWAYS,TRANSITION,LOW,114.2,60.62472067696152,-33.3333333333333,8.195867079578823,1.2917234863086589,0.7792640479297445,3.1671428571428586,75.8023,24.1977,65.4263,65.521,71.9668,65.4263,94.8218,28.0333,MEDIUM,RESEARCH_ONLY_NO_STANDARD_TRADE,False
2025-06-30,GVT&D,Capital Goods,LONG,27.4744,61.0593,33.5849,82.6683,ENTERABLE_TIER_B,TRIGGERED,97.2931,FULL,,,TRANSITION,LOW,2361.1,60.91173590456593,-46.925675675675706,16.307467339379627,1.0021723740557067,3.9854777949108513,102.02142857142856,75.8023,24.1977,90.5216,77.4949,61.9462,90.5216,78.3967,38.0538,LOW,RESEARCH_ONLY_NO_STANDARD_TRADE,False
2025-06-30,IOB,OTHER,LONG,10.0373,52.5156,42.4783,81.9785,ENTERABLE_TIER_B,TRIGGERED,97.2931,FULL,,,TRANSITION,LOW,38.98,54.05351607473629,-34.34125269978407,-0.732527090723624,1.6591616489895504,-0.4229623721148748,1.2542857142857156,75.8023,24.1977,82.5133,77.9954,71.722,82.5133,80.5467,28.278,MEDIUM,RESEARCH_ONLY_NO_STANDARD_TRADE,False
2025-06-30,NIACL,Financial Services,LONG,42.6406,71.4971,28.8565,71.0317,ENTERABLE_TIER_B,TRIGGERED,97.2931,FULL,,,TRANSITION,LOW,192.48,58.44505565221501,-49.29187192118229,7.186804979596951,1.8371698091423805,0.981057038938549,7.500714285714289,75.8023,24.1977,57.4485,55.5776,71.9668,57.4485,93.494,28.0333,MEDIUM,UPGRADE_OFACTOR_REQUIRED,False
2025-06-30,UCOBANK,OTHER,LONG,19.01,54.406,35.396,73.6066,ENTERABLE_TIER_B,TRIGGERED,97.2931,FULL,,,TRANSITION,LOW,32.4,57.77556558932595,-20.58823529411772,-0.0099429658913052,1.0508677474163968,-0.8892244009264662,1.005,75.8023,24.1977,52.3051,68.1592,71.722,52.3051,94.0299,28.278,MEDIUM,RESEARCH_ONLY_NO_STANDARD_TRADE,False
2025-07-01,BANKINDIA,Financial Services,LONG,19.5424,60.8709,41.3285,81.0051,ENTERABLE_TIER_B,TRIGGERED,97.2931,FULL,,,TRANSITION,LOW,121.09,56.2512149050102,-29.874908020603392,4.403328993423455,1.5302473694964354,-0.2032803071567187,3.2078571428571445,77.8221,22.1779,83.5404,56.1078,67.968,83.5404,94.8876,32.032,MEDIUM,RESEARCH_ONLY_NO_STANDARD_TRADE,False
2025-07-01,KIMS,OTHER,LONG,40.1206,70.1276,30.007,65.1976,ENTERABLE_TIER_B,TRIGGERED,97.2931,FULL,,,TRANSITION,LOW,686.25,58.40319317766564,-4.962610469068633,5.650519638928775,1.664436825223384,0.4901522010838176,23.04999999999998,77.8221,22.1779,22.5018,53.5011,69.0905,22.5018,93.6659,30.9095,LOW,UPGRADE_OFACTOR_REQUIRED,False
2025-07-02,CEATLTD,OTHER,LONG,16.6942,60.2207,43.5265,81.445,ENTERABLE_TIER_B,TRIGGERED,97.2931,FULL,,,TRANSITION,LOW,3685.0,53.81337521403447,-32.3667252489748,5.431044658437472,1.713993746212785,0.0609459053028027,102.37142857142862,80.9293,19.0707,88.3529,69.9526,69.6376,88.3529,72.6486,30.3623,MEDIUM,RESEARCH_ONLY_NO_STANDARD_TRADE,False
2025-07-02,DIXON,Consumer Durables,LONG,50.1845,79.206,29.0215,69.6132,ENTERABLE_TIER_B,TRIGGERED,97.2931,FULL,,,TRANSITION,LOW,15163.0,56.83697221952714,-4.706477732793522,1.90924531406477,1.7338383929398302,-0.5439918432591228,529.4285714285714,80.9293,19.0707,22.3691,53.4215,86.0054,22.3691,92.9736,13.9946,LOW,WAIT_FOR_XFACTOR,False
2025-07-02,HOMEFIRST,OTHER,LONG,39.5676,63.8787,24.3111,75.2976,ENTERABLE_TIER_B,TRIGGERED,97.2931,FULL,,,TRANSITION,LOW,1352.1,56.634627113142535,-52.65088362787597,10.132737938086333,1.1034349685331828,3.0551939438634954,62.92142857142861,80.9293,19.0707,58.3661,74.8257,69.6376,58.3661,89.8922,30.3623,LOW,RESEARCH_ONLY_NO_STANDARD_TRADE,False
2025-07-02,JKTYRE,OTHER,LONG,30.1054,60.6114,30.506,76.3165,ENTERABLE_TIER_B,TRIGGERED,97.2931,FULL,,,TRANSITION,LOW,367.05,56.88368299835177,-16.0,5.808923262456774,2.903622920664388,0.0544540705144387,10.47499999999999,80.9293,19.0707,75.4813,58.3771,69.6376,75.4813,89.4988,30.3623,LOW,RESEARCH_ONLY_NO_STANDARD_TRADE,False
2025-07-02,TATACHEM,OTHER,LONG,21.5587,56.4014,34.8427,83.2427,ENTERABLE_TIER_B,TRIGGERED,97.2931,FULL,,,TRANSITION,LOW,934.15,57.45093786192127,-27.457264957265032,3.921892189827005,0.7859696876639627,1.1723747681773182,18.532142857142865,80.9293,19.0707,95.3144,78.308,69.6376,95.3144,80.8981,30.3623,MEDIUM,RESEARCH_ONLY_NO_STANDARD_TRADE,False
2025-07-02,WELCORP,OTHER,LONG,32.3808,66.1904,33.8096,83.0735,ENTERABLE_TIER_B,TRIGGERED,97.2931,FULL,,,TRANSITION,LOW,937.9,58.292816119210165,-21.38836772983116,8.90742751190391,2.7672425082944336,2.0263528183744475,31.000000000000018,80.9293,19.0707,79.4086,75.0968,69.6376,79.4086,77.9355,30.3623,LOW,UPGRADE_OFACTOR_REQUIRED,False
2025-07-02,ZENSARTECH,OTHER,LONG,32.4268,63.0714,30.6446,87.8804,ENTERABLE_TIER_B,TRIGGERED,97.2931,FULL,,,TRANSITION,LOW,852.2,56.291722807050114,-58.3072100313479,5.850456993558508,2.9554911183047774,1.1377597431409652,24.43571428571428,80.9293,19.0707,96.1532,90.0965,69.6376,96.1532,52.8559,30.3623,LOW,RESEARCH_ONLY_NO_STANDARD_TRADE,False
2025-07-03,ERIS,OTHER,LONG,49.4865,73.7707,24.2842,74.5328,ENTERABLE_TIER_B,TRIGGERED,97.2931,FULL,,,TRANSITION,LOW,1718.6,57.84717119013709,-56.52851355562481,9.705972361372236,1.1072390581341225,1.287779548798869,76.3714285714286,76.5737,23.4263,79.6303,43.382,67.6018,79.6303,90.939,32.3982,LOW,UPGRADE_OFACTOR_REQUIRED,False
2025-07-03,MOTHERSON,Automobile and Auto Components,LONG,19.2011,56.0658,36.8647,86.3502,ENTERABLE_TIER_B,TRIGGERED,98.5,FULL,,SIDEWAYS,TRANSITION,LOW,154.28,56.04139891255063,-19.54022988505754,4.993836638901605,0.859382792435838,0.8895668871476399,3.791428571428568,76.5737,23.4263,89.3004,90.3994,70.712,89.3004,79.7438,29.288,MEDIUM,RESEARCH_ONLY_NO_STANDARD_TRADE,False
2025-07-03,PFIZER,OTHER,LONG,28.7061,66.7346,38.0285,78.5289,ENTERABLE_TIER_B,TRIGGERED,97.2931,FULL,,,TRANSITION,LOW,5783.0,65.69072704979598,-38.18181818181818,11.492472846774213,1.99249187408166,2.2030615142208543,153.35714285714286,76.5737,23.4263,73.3085,79.6553,67.6018,73.3085,87.741,32.3982,MEDIUM,UPGRADE_OFACTOR_REQUIRED,False
2025-07-03,TATACHEM,OTHER,LONG,28.4848,66.2983,37.8135,77.3342,ENTERABLE_TIER_B,TRIGGERED,97.2931,FULL,,,TRANSITION,LOW,945.0,61.15600253247017,-10.756972111553754,4.955280262800994,1.5909406432433928,1.2077393133334842,18.71071428571429,76.5737,23.4263,59.3014,74.6669,67.6018,59.3014,88.4558,32.3982,MEDIUM,UPGRADE_OFACTOR_REQUIRED,False
2025-07-03,THERMAX,Capital Goods,LONG,1.0112,51.0645,50.0533,84.9951,ENTERABLE_TIER_B,TRIGGERED,97.2931,FULL,,,TRANSITION,LOW,3483.9,52.19842077684056,-47.093425605536304,0.5083281929287707,1.9440631216036863,-0.3506856025666097,114.11428571428569,76.5737,23.4263,99.5385,77.9169,58.3791,99.5385,65.0175,41.6209,LOW,RESEARCH_ONLY_NO_STANDARD_TRADE,False
2025-07-04,ABDL,OTHER,LONG,32.26,62.9588,30.6988,75.9202,ENTERABLE_TIER_B,TRIGGERED,97.2931,FULL,,,TRANSITION,LOW,432.9,58.74431707680317,-34.06408094435086,9.7970230578386,1.0712349833071202,2.0198358211932166,12.482142857142852,73.9082,26.0918,74.9776,65.0701,65.3044,74.9776,90.226,34.6956,MEDIUM,RESEARCH_ONLY_NO_STANDARD_TRADE,False
2025-07-04,BHARATFORG,Automobile and Auto Components,LONG,29.0615,63.7792,34.7177,81.0596,ENTERABLE_TIER_B,TRIGGERED,97.2931,FULL,,,TRANSITION,LOW,1314.5,57.954679214692334,-32.19076005961243,5.871652663657269,0.8388334941472357,1.1251220569525784,30.85000000000004,73.9082,26.0918,77.9254,69.7893,68.2597,77.9254,95.4619,31.7403,MEDIUM,RESEARCH_ONLY_NO_STANDARD_TRADE,False
2025-07-04,BLUEJET,OTHER,LONG,21.1885,57.0568,35.8683,76.8521,ENTERABLE_TIER_B,TRIGGERED,97.2931,FULL,,,TRANSITION,LOW,897.25,55.55837695450735,-45.28377298161469,7.167591829343797,1.315473788804914,0.3175598638055921,34.50714285714285,73.9082,26.0918,84.211,50.9087,65.3044,84.211,91.0164,34.6956,MEDIUM,RESEARCH_ONLY_NO_STANDARD_TRADE,False
2025-07-04,CIPLA,Healthcare,LONG,16.6538,58.7622,42.1084,84.4989,ENTERABLE_TIER_B,TRIGGERED,98.5,FULL,,SIDEWAYS,TRANSITION,LOW,1513.3,54.26428453252097,-37.78195488721827,1.1713237649298445,0.9081156857102272,0.2634014458284362,22.37142857142861,73.9082,26.0918,79.4828,83.1928,79.2275,79.4828,86.2324,20.7725,MEDIUM,RESEARCH_ONLY_NO_STANDARD_TRADE,False
2025-07-04,HAL,Capital Goods,LONG,6.5513,52.6023,46.051,82.5013,ENTERABLE_TIER_B,TRIGGERED,98.5,FULL,,SIDEWAYS,TRANSITION,LOW,4993.2,55.32148655856165,-40.10356731875731,5.799551358977651,1.0402937837224338,0.2941434795759947,103.87857142857143,73.9082,26.0918,77.0886,80.9778,54.111,77.0886,89.6803,45.8889,LOW,RESEARCH_ONLY_NO_STANDARD_TRADE,False
2025-07-07,BALRAMCHIN,OTHER,LONG,15.3164,54.982,39.6656,72.1906,ENTERABLE_TIER_B,TRIGGERED,97.2931,FULL,,,SIDEWAYS,LOW,602.8,58.89089417944329,-35.5555555555557,4.927174865942261,1.8230648472598008,0.3817708557175919,13.946428571428571,65.2731,34.7269,77.318,56.8348,61.4853,77.318,85.0858,38.5147,MEDIUM,RESEARCH_ONLY_NO_STANDARD_TRADE,False
2025-07-07,HOMEFIRST,OTHER,LONG,48.9881,72.5553,23.5672,62.0176,ENTERABLE_TIER_B,TRIGGERED,97.2931,FULL,,,SIDEWAYS,LOW,1394.6,60.99522118787518,-45.27265594350728,12.36742928561256,0.9917215903513468,2.767572419665352,60.87142857142861,65.2731,34.7269,23.9107,51.1101,61.4853,23.9107,95.7944,38.5147,LOW,UPGRADE_OFACTOR_REQUIRED,False
2025-07-07,MOTHERSON,Automobile and Auto Components,LONG,11.2644,53.9929,42.7285,79.1277,ENTERABLE_TIER_B,TRIGGERED,98.5,FULL,,SIDEWAYS,SIDEWAYS,LOW,155.24,57.719398190650615,-11.052166224580017,5.299679189409951,0.8524775770250644,0.9100383505185616,3.658571428571424,65.2731,34.7269,62.8999,76.2749,61.6227,62.8999,91.9094,38.3773,MEDIUM,RESEARCH_ONLY_NO_STANDARD_TRADE,False
2025-07-07,NYKAA,Consumer Services,LONG,15.8709,59.6662,43.7953,85.7505,ENTERABLE_TIER_B,TRIGGERED,97.2931,FULL,,,SIDEWAYS,LOW,201.52,50.69698562089346,-56.14861329147035,3.1168360693135595,1.762483312303026,0.9520127957260068,6.268571428571428,65.2731,34.7269,92.2577,85.8979,46.2203,92.2577,89.7265,53.7797,LOW,RESEARCH_ONLY_NO_STANDARD_TRADE,False
2025-07-07,TATAPOWER,Power,LONG,4.1998,52.4995,48.2997,86.7162,ENTERABLE_TIER_B,TRIGGERED,98.5,FULL,,SIDEWAYS,SIDEWAYS,LOW,401.2,51.71920647825085,-34.44816053511712,1.9537145173648656,1.112046225263258,0.5034917132291329,7.571428571428571,65.2731,34.7269,97.0723,85.2075,47.8782,97.0723,87.5849,52.1218,LOW,RESEARCH_ONLY_NO_STANDARD_TRADE,False
2025-07-07,TIMKEN,OTHER,LONG,25.2843,57.0819,31.7976,79.5797,ENTERABLE_TIER_B,TRIGGERED,97.2931,FULL,,,SIDEWAYS,LOW,3353.3,55.67190433081758,-49.43229022431454,7.949029479740199,0.7629125442982185,2.0418622917031013,110.80000000000004,65.2731,34.7269,85.6348,72.8159,61.4853,85.6348,95.0542,38.5147,MEDIUM,RESEARCH_ONLY_NO_STANDARD_TRADE,False
2025-07-08,GVT&D,Capital Goods,LONG,31.3142,68.9269,37.6127,78.8693,ENTERABLE_TIER_B,TRIGGERED,97.2931,FULL,,,SIDEWAYS,LOW,2382.9,60.81414078098278,-56.08237547892711,14.037322020025565,1.6374905242636688,2.7037556880148585,85.13571428571429,63.9192,36.0808,77.0093,70.4472,52.7036,77.0093,93.3753,47.2964,LOW,UPGRADE_OFACTOR_REQUIRED,False
2025-07-08,INTELLECT,OTHER,LONG,26.3041,64.1935,37.8894,79.805,ENTERABLE_TIER_B,TRIGGERED,97.2931,FULL,,,SIDEWAYS,LOW,1166.1,58.6314706540187,-22.912743251726308,12.264466258371684,1.051973454424065,1.3914105959247904,43.65000000000001,63.9192,36.0808,76.2963,78.0985,56.1367,76.2963,90.0115,43.8633,LOW,RESEARCH_ONLY_NO_STANDARD_TRADE,False
2025-07-08,LALPATHLAB,OTHER,LONG,16.4117,57.0271,40.6154,76.989,ENTERABLE_TIER_B,TRIGGERED,97.2931,FULL,,,SIDEWAYS,LOW,2880.0,56.53582552394658,-26.47058823529412,2.740850797681848,1.3211863112634024,-0.1418433771028067,70.94285714285714,63.9192,36.0808,71.7613,68.9327,56.1367,71.7613,75.7551,43.8633,LOW,RESEARCH_ONLY_NO_STANDARD_TRADE,False
2025-07-08,NAM-INDIA,Financial Services,LONG,1.3927,46.3997,45.007,70.5667,ENTERABLE_TIER_B,TRIGGERED,97.2931,FULL,,,SIDEWAYS,LOW,788.1,56.66534835651272,-31.07947805456696,8.831389130577433,0.7988958054826882,2.154913567886853,22.267857142857142,63.9192,36.0808,56.3272,71.3488,41.1101,56.3272,72.7859,58.8899,LOW,RESEARCH_ONLY_NO_STANDARD_TRADE,False
2025-07-09,AJANTPHARM,Healthcare,LONG,22.6071,60.4695,37.8624,77.9409,ENTERABLE_TIER_B,TRIGGERED,97.2931,FULL,,,SIDEWAYS,LOW,2627.2,52.95265203850188,-40.66815144766155,0.8847705216398648,1.0178014217484184,0.3811946759212228,71.68571428571431,62.3435,37.6565,68.971,79.6891,67.7621,68.971,88.338,32.2379,MEDIUM,RESEARCH_ONLY_NO_STANDARD_TRADE,False
2025-07-09,BLUEJET,OTHER,LONG,36.3052,67.1386,30.8334,68.6051,ENTERABLE_TIER_B,TRIGGERED,97.2931,FULL,,,SIDEWAYS,LOW,911.85,57.35346744520039,-11.8365180467091,8.200207306344868,1.482627558525801,0.7437942970541657,34.81785714285713,62.3435,37.6565,50.849,53.1849,57.7121,50.849,90.637,42.2879,LOW,UPGRADE_OFACTOR_REQUIRED,False
2025-07-09,CAMS,OTHER,LONG,17.3098,61.057,43.7472,83.7421,ENTERABLE_TIER_B,TRIGGERED,97.2931,FULL,,,SIDEWAYS,LOW,4190.8,52.92523230640139,-51.88732394366192,3.615246935005364,1.0359893591963918,0.9312472967747488,101.59285714285708,62.3435,37.6565,91.3216,68.738,57.7121,91.3216,95.8265,42.2879,LOW,RESEARCH_ONLY_NO_STANDARD_TRADE,False
2025-07-09,ZYDUSLIFE,Healthcare,LONG,11.4235,54.4924,43.0689,85.1558,ENTERABLE_TIER_B,TRIGGERED,98.5,FULL,,SIDEWAYS,SIDEWAYS,LOW,978.45,54.92151355612115,-51.47887323943655,3.465442125529718,0.9129581356073142,1.477486998741252,16.52500000000001,62.3435,37.6565,97.1962,79.5461,67.7621,97.1962,89.5915,32.2379,MEDIUM,RESEARCH_ONLY_NO_STANDARD_TRADE,False
2025-07-10,HEG,OTHER,LONG,6.747,49.1808,42.4338,80.5535,ENTERABLE_TIER_B,TRIGGERED,97.2931,FULL,,,SIDEWAYS,LOW,501.15,50.94166502767946,-58.02083333333338,1.6764814612427246,0.8161488842315926,-0.0255812652719892,13.88928571428572,57.0882,42.9118,91.3602,79.4086,57.9067,91.3602,84.3044,42.0933,LOW,RESEARCH_ONLY_NO_STANDARD_TRADE,False
2025-07-10,LLOYDSME,Metals & Mining,LONG,21.661,56.3139,34.6529,81.1295,ENTERABLE_TIER_B,TRIGGERED,97.2931,FULL,,,SIDEWAYS,LOW,1522.5,54.56444953419141,-61.3013698630137,7.507086998538092,0.9415154913413352,1.5743768969442515,46.92142857142856,57.0882,42.9118,97.4923,63.9397,40.0316,97.4923,82.524,59.9684,LOW,RESEARCH_ONLY_NO_STANDARD_TRADE,False
2025-07-10,SAMMAANCAP,OTHER,LONG,30.0222,66.8363,36.8141,82.1641,ENTERABLE_TIER_B,TRIGGERED,97.2931,FULL,,,SIDEWAYS,LOW,132.0,53.44278962825877,-51.44047205831309,4.098685817450088,1.941463448409348,0.8228116673152577,6.847857142857142,57.0882,42.9118,83.1918,68.2236,57.9067,83.1918,90.5372,42.0933,LOW,UPGRADE_OFACTOR_REQUIRED,False
2025-07-10,SIGNATURE,OTHER,LONG,18.3296,58.865,40.5354,78.1514,ENTERABLE_TIER_B,TRIGGERED,97.2931,FULL,,,SIDEWAYS,LOW,1266.9,57.5700561981619,-38.71428571428559,3.647825009087986,2.563314158798056,0.2814553886710784,24.964285714285715,57.0882,42.9118,65.4573,73.402,57.9067,65.4573,56.578,42.0933,LOW,RESEARCH_ONLY_NO_STANDARD_TRADE,False
2025-07-11,AFFLE,OTHER,LONG,35.8881,65.3535,29.4654,78.0341,ENTERABLE_TIER_B,TRIGGERED,97.2931,FULL,,,SIDEWAYS,LOW,1987.6,60.191110485398106,-50.49180327868857,9.513038034701845,1.272822895862002,2.3730209768278128,64.0214285714286,58.7608,41.2392,70.6661,70.8847,62.5326,70.6661,81.2563,37.4674,LOW,UPGRADE_OFACTOR_REQUIRED,False
2025-07-11,HOMEFIRST,OTHER,LONG,41.862,67.6185,25.7565,75.6693,ENTERABLE_TIER_B,TRIGGERED,97.2931,FULL,,,SIDEWAYS,LOW,1385.9,58.96047239127154,-59.69215969215962,10.221495108954556,0.7547258959381107,2.3839783878692464,65.96428571428571,58.7608,41.2392,61.7773,74.5317,62.5326,61.7773,88.8424,37.4674,LOW,UPGRADE_OFACTOR_REQUIRED,False
2025-07-11,ICICIGI,Financial Services,LONG,25.2156,59.1068,33.8912,78.8976,ENTERABLE_TIER_B,TRIGGERED,98.5,FULL,,UPWARD,SIDEWAYS,LOW,2012.2,56.00093666201463,-56.1630218687871,4.363457348945299,0.8282604520800353,1.400196357595883,30.450000000000028,58.7608,41.2392,73.6727,70.8374,48.0958,73.6727,85.9442,51.9042,LOW,RESEARCH_ONLY_NO_STANDARD_TRADE,False
2025-07-11,NATIONALUM,Metals & Mining,LONG,7.012,49.817,42.805,85.3664,ENTERABLE_TIER_B,TRIGGERED,97.2931,FULL,,,SIDEWAYS,LOW,189.5,53.56911482224384,-65.53398058252431,3.163504796046222,0.906260856332674,0.9646850321149008,4.6014285714285705,58.7608,41.2392,91.72,90.0031,45.112,91.72,70.8786,54.888,LOW,RESEARCH_ONLY_NO_STANDARD_TRADE,False
2025-07-11,NEULANDLAB,OTHER,LONG,12.9242,54.868,41.9438,72.9055,ENTERABLE_TIER_B,TRIGGERED,97.2931,FULL,,,SIDEWAYS,LOW,12301.0,54.18656995201218,-19.7136563876652,1.5116727773985823,1.4793885415944283,-0.4742606754459332,380.07142857142856,58.7608,41.2392,64.0068,40.8532,62.5326,64.0068,91.8963,37.4674,LOW,RESEARCH_ONLY_NO_STANDARD_TRADE,False
2025-07-11,PARADEEP,OTHER,LONG,11.4669,49.9572,38.4903,76.1638,ENTERABLE_TIER_B,TRIGGERED,97.2931,FULL,,,SIDEWAYS,LOW,164.71,54.34523463230111,-37.3033707865168,7.088755622794048,0.8248690348225752,-0.1496589454935242,4.9807142857142805,58.7608,41.2392,75.4654,62.2544,62.5326,75.4654,94.8602,37.4674,LOW,RESEARCH_ONLY_NO_STANDARD_TRADE,False
2025-07-11,THERMAX,Capital Goods,LONG,3.0116,46.1276,43.116,80.2122,ENTERABLE_TIER_B,TRIGGERED,97.2931,FULL,,,SIDEWAYS,LOW,3465.0,51.25222820162062,-46.97269489513253,0.0611090193695357,0.7475067814876232,-0.189416833997815,93.92857142857146,58.7608,41.2392,90.1414,75.5133,57.4766,90.1414,91.057,42.5234,LOW,RESEARCH_ONLY_NO_STANDARD_TRADE,False
2025-07-11,WHIRLPOOL,OTHER,LONG,37.2388,62.0694,24.8306,78.043,ENTERABLE_TIER_B,TRIGGERED,97.2931,FULL,,,SIDEWAYS,LOW,1372.5,54.89136206060596,-62.946089597570285,5.532838374376849,0.8526215441898989,1.1496186528136552,42.8142857142857,58.7608,41.2392,94.1998,58.4251,62.5326,94.1998,94.8615,37.4674,LOW,RESEARCH_ONLY_NO_STANDARD_TRADE,False
2025-07-11,ZYDUSLIFE,Healthcare,LONG,20.793,56.9568,36.1638,83.9255,ENTERABLE_TIER_B,TRIGGERED,98.5,FULL,,SIDEWAYS,SIDEWAYS,LOW,979.6,55.12153059420921,-59.847844463229066,3.37436791784868,0.9962245375315364,1.1456797145770985,16.78214285714287,58.7608,41.2392,92.4324,77.2377,67.1136,92.4324,86.6525,32.8864,LOW,RESEARCH_ONLY_NO_STANDARD_TRADE,False
2025-07-14,CLEAN,OTHER,LONG,21.7051,58.935,37.2299,76.5969,ENTERABLE_TIER_B,TRIGGERED,97.2931,FULL,,,SIDEWAYS,LOW,1455.6,51.940836760064165,-61.67441860465133,4.052936918941474,1.7553441253750628,0.5821392324261209,41.31428571428574,62.2613,37.7387,97.5392,60.1107,69.6372,97.5392,82.4758,30.3629,MEDIUM,RESEARCH_ONLY_NO_STANDARD_TRADE,False
2025-07-14,CONCORDBIO,OTHER,LONG,9.7105,47.8063,38.0958,81.5384,ENTERABLE_TIER_B,TRIGGERED,97.2931,FULL,,,SIDEWAYS,LOW,1836.8,52.749105203576704,-24.65842550422907,2.8940415399335717,0.8287638687390807,-0.2521873586211861,60.87142857142861,62.2613,37.7387,94.3049,73.2551,69.6372,94.3049,89.7489,30.3629,LOW,RESEARCH_ONLY_NO_STANDARD_TRADE,False
2025-07-14,ICICIGI,Financial Services,LONG,23.2754,59.5961,36.3207,74.9018,ENTERABLE_TIER_B,TRIGGERED,98.5,FULL,,TRANSITION,SIDEWAYS,LOW,2019.7,57.35792872881346,-55.24239007891756,4.592102804948964,1.061785845878578,1.3133594689412362,32.30714285714287,62.2613,37.7387,67.4479,63.4756,54.0957,67.4479,73.0091,45.9043,LOW,RESEARCH_ONLY_NO_STANDARD_TRADE,False
2025-07-14,INDIANB,Financial Services,LONG,12.4393,51.9232,39.4839,84.5783,ENTERABLE_TIER_B,TRIGGERED,97.2931,FULL,,,SIDEWAYS,LOW,635.1,53.08028430938791,-58.06861499364678,4.167314274342721,0.8545774105820326,0.8908743534293846,13.57142857142858,62.2613,37.7387,93.8719,84.5263,54.0957,93.8719,71.2632,45.9043,LOW,RESEARCH_ONLY_NO_STANDARD_TRADE,False
2025-07-14,J&KBANK,OTHER,LONG,44.1637,70.5675,26.4038,75.0346,ENTERABLE_TIER_B,TRIGGERED,97.2931,FULL,,,SIDEWAYS,LOW,111.79,55.31854945396726,-47.60244115082819,6.14848074280655,0.9428180988207494,1.7289182514547423,3.557857142857145,62.2613,37.7387,60.0415,68.7452,69.6372,60.0415,92.5798,30.3629,MEDIUM,UPGRADE_OFACTOR_REQUIRED,False
2025-07-14,JSL,Metals & Mining,LONG,5.8851,51.6843,45.7992,78.8318,ENTERABLE_TIER_B,TRIGGERED,97.2931,FULL,,,SIDEWAYS,LOW,691.1,54.216943806257305,-55.94989561586632,4.313064227192473,1.2117898932422884,0.6422902815547066,16.935714285714273,62.2613,37.7387,75.9483,76.7356,52.2791,75.9483,88.4268,47.7209,LOW,RESEARCH_ONLY_NO_STANDARD_TRADE,False
2025-07-14,KEI,Capital Goods,LONG,28.593,62.5232,33.9302,80.9586,ENTERABLE_TIER_B,TRIGGERED,97.2931,FULL,,,SIDEWAYS,LOW,3732.6,52.826784541133335,-61.26656848306333,4.331157157003488,1.1987009355292315,0.8363655461009842,99.25714285714284,62.2613,37.7387,99.6239,51.399,57.0041,99.6239,90.9729,42.9959,LOW,RESEARCH_ONLY_NO_STANDARD_TRADE,False
2025-07-14,M&MFIN,Financial Services,LONG,2.5203,45.9717,43.4514,80.7708,ENTERABLE_TIER_B,TRIGGERED,97.2931,FULL,,,SIDEWAYS,LOW,268.15,50.95284809072977,-42.434210526315965,0.1829096768869398,0.7857707303062699,0.0935253884272142,5.653571428571427,62.2613,37.7387,85.9381,78.067,54.0957,85.9381,95.4011,45.9043,LOW,RESEARCH_ONLY_NO_STANDARD_TRADE,False
2025-07-14,MAXHEALTH,Healthcare,LONG,29.1467,61.8787,32.732,85.6896,ENTERABLE_TIER_B,TRIGGERED,98.5,FULL,,SIDEWAYS,SIDEWAYS,LOW,1249.6,52.83825444197494,-52.05148833467423,4.840418447053255,0.8370251281560918,1.5331734850609713,35.45714285714286,62.2613,37.7387,97.1609,66.6076,73.8726,97.1609,84.6575,26.1274,MEDIUM,RESEARCH_ONLY_NO_STANDARD_TRADE,False
2025-07-14,MPHASIS,Information Technology,LONG,21.5699,57.688,36.1181,77.7063,ENTERABLE_TIER_B,TRIGGERED,97.2931,FULL,,,SIDEWAYS,LOW,2829.5,58.26083830845531,-46.09226077011056,6.072125813508384,0.8536857257544035,2.3619676667202607,65.22857142857141,62.2613,37.7387,71.6995,72.4047,40.3486,71.6995,89.3298,59.6514,LOW,RESEARCH_ONLY_NO_STANDARD_TRADE,False
2025-07-14,SOBHA,OTHER,LONG,26.5016,64.2293,37.7277,67.9832,ENTERABLE_TIER_B,TRIGGERED,97.2931,FULL,,,SIDEWAYS,LOW,1544.9,57.36559640083885,-16.017699115044167,6.736803461703374,1.945980977103741,0.7092675848674188,42.35714285714285,62.2613,37.7387,47.2108,50.9882,69.6372,47.2108,82.9073,30.3629,MEDIUM,RESEARCH_ONLY_NO_STANDARD_TRADE,False
2025-07-14,TBOTEK,OTHER,LONG,35.3323,63.5796,28.2473,80.8624,ENTERABLE_TIER_B,TRIGGERED,97.2931,FULL,,,SIDEWAYS,LOW,1347.4,52.17562554376422,-68.07969478592618,3.144056297458405,1.0429247712584222,1.470291913047724,55.81428571428569,62.2613,37.7387,93.9741,73.8418,69.6372,93.9741,91.1134,30.3629,MEDIUM,RESEARCH_ONLY_NO_STANDARD_TRADE,False
2025-07-14,UPL,Chemicals,LONG,16.9132,55.7292,38.816,80.1576,ENTERABLE_TIER_B,TRIGGERED,97.2931,FULL,,,SIDEWAYS,LOW,659.5,52.0076971528112,-55.15463917525773,1.7429768463264097,0.8620128373070766,0.8802551538108424,14.971428571428556,62.2613,37.7387,85.9399,65.9351,44.8926,85.9399,93.855,55.1074,LOW,RESEARCH_ONLY_NO_STANDARD_TRADE,False
2025-07-15,APOLLOHOSP,Healthcare,LONG,36.928,67.3404,30.4124,78.1272,ENTERABLE_TIER_B,TRIGGERED,98.5,FULL,,TRANSITION,SIDEWAYS,LOW,7360.5,55.4128063064282,-44.67046379170057,3.905773535986232,0.9710069019402592,1.2564350361327463,144.17857142857142,58.3278,41.6722,61.587,63.1013,74.5936,61.587,96.2546,25.4063,LOW,UPGRADE_OFACTOR_REQUIRED,False
2025-07-15,CHOICEIN,OTHER,LONG,22.7125,58.0557,35.3432,81.8535,ENTERABLE_TIER_B,TRIGGERED,97.2931,FULL,,,SIDEWAYS,LOW,705.2,53.12363748950744,-63.445761166818485,5.655480099702,1.155916708318088,0.5357040221464187,18.103571428571417,58.3278,41.6722,92.1747,75.6954,70.3889,92.1747,65.0898,29.6111,LOW,RESEARCH_ONLY_NO_STANDARD_TRADE,False
2025-07-15,PNBHOUSING,OTHER,LONG,29.8139,63.1568,33.3429,72.2878,ENTERABLE_TIER_B,TRIGGERED,97.2931,FULL,,,SIDEWAYS,LOW,1099.6,56.95629863624757,-50.76708507670861,4.995272620611142,0.891683766205509,0.6334393075959203,23.94285714285716,58.3278,41.6722,53.6535,64.4153,70.3889,53.6535,87.6372,29.6111,LOW,RESEARCH_ONLY_NO_STANDARD_TRADE,False
2025-07-15,SHRIRAMFIN,Financial Services,LONG,23.6552,62.638,38.9828,79.0195,ENTERABLE_TIER_B,TRIGGERED,98.5,FULL,,SIDEWAYS,SIDEWAYS,LOW,684.45,54.52467034977677,-57.267441860465006,-2.3238515026504145,0.7874179570622454,0.2957474935711096,15.589285714285706,58.3278,41.6722,68.9637,64.7194,61.1011,68.9637,90.8912,38.8989,LOW,RESEARCH_ONLY_NO_STANDARD_TRADE,False
2025-07-15,TATAPOWER,Power,LONG,15.839,57.6133,41.7743,73.911,ENTERABLE_TIER_B,TRIGGERED,98.5,FULL,,SIDEWAYS,SIDEWAYS,LOW,403.9,54.83795511106028,-47.204968944099456,2.299877891888571,0.7772416795735982,0.2857875852196462,6.41785714285714,58.3278,41.6722,60.7865,68.5253,60.5873,60.7865,91.2743,39.4127,LOW,RESEARCH_ONLY_NO_STANDARD_TRADE,False
2025-07-15,TBOTEK,OTHER,LONG,56.8392,74.346,17.5068,65.6628,ENTERABLE_TIER_B,TRIGGERED,97.2931,FULL,,,SIDEWAYS,LOW,1404.2,60.33714666698087,-48.550046772684745,7.232958979029436,1.1534588519721387,1.5751441315083805,57.86428571428569,58.3278,41.6722,35.6252,58.4545,70.3889,35.6252,95.5067,29.6111,LOW,WAIT_FOR_XFACTOR,False
2025-07-16,ASIANPAINT,Consumer Durables,LONG,33.7711,66.2173,32.4462,78.9408,ENTERABLE_TIER_B,TRIGGERED,98.5,FULL,,UPWARD,SIDEWAYS,LOW,2410.5,56.86536366618338,-48.27452500969366,2.7525336580365622,1.0666079649324345,1.498106834639265,54.87142857142859,62.0255,37.9745,58.6245,71.2054,79.1198,58.6245,91.3252,20.8803,MEDIUM,UPGRADE_OFACTOR_REQUIRED,False
2025-07-16,BANDHANBNK,OTHER,LONG,46.4057,78.2906,31.8849,77.6429,ENTERABLE_TIER_B,TRIGGERED,97.2931,FULL,,,SIDEWAYS,LOW,183.68,57.181197774147726,-47.10920770877941,6.206450774939447,1.8305455823445345,0.5341769309879656,4.681428571428571,62.0255,37.9745,63.9996,60.5249,75.6023,63.9996,95.1297,24.3977,MEDIUM,QUALIFIED_FOR_INTRADAY_REVALIDATION,True
2025-07-16,BRITANNIA,Fast Moving Consumer Goods,LONG,23.4319,60.1233,36.6914,84.2402,ENTERABLE_TIER_B,TRIGGERED,98.5,FULL,,TRANSITION,SIDEWAYS,LOW,5786.5,55.51132051155818,-56.91699604743083,3.828323218853416,1.0386294279595236,1.0200350651268566,107.53571428571428,62.0255,37.9745,83.6953,81.2155,71.8246,83.6953,84.1913,28.1754,MEDIUM,RESEARCH_ONLY_NO_STANDARD_TRADE,False
2025-07-16,CHOLAHLDNG,OTHER,LONG,35.8522,65.574,29.7218,79.7074,ENTERABLE_TIER_B,TRIGGERED,97.2931,FULL,,,SIDEWAYS,LOW,2104.9,57.258530622172685,-55.521472392638,7.762375203895854,0.918160089165108,1.598417030694543,81.85714285714288,62.0255,37.9745,72.8592,83.4346,75.6023,72.8592,86.2688,24.3977,MEDIUM,UPGRADE_OFACTOR_REQUIRED,False
2025-07-16,CROMPTON,OTHER,LONG,12.3827,53.8124,41.4297,82.2745,ENTERABLE_TIER_B,TRIGGERED,97.2931,FULL,,,SIDEWAYS,LOW,350.25,52.390128181564265,-41.2280701754386,0.8104794978015407,0.8447236150026702,-0.2236628531452361,7.421428571428573,62.0255,37.9745,82.573,84.6391,75.6023,82.573,83.8306,24.3977,MEDIUM,RESEARCH_ONLY_NO_STANDARD_TRADE,False
2025-07-16,DIVISLAB,Healthcare,LONG,35.0803,66.266,31.1857,81.4637,ENTERABLE_TIER_B,TRIGGERED,98.5,FULL,,TRANSITION,SIDEWAYS,LOW,6831.0,57.181397375748695,-45.67901234567901,4.789153259597403,0.8683027281487048,1.1338626388232496,132.60714285714286,62.0255,37.9745,67.9253,75.8686,79.2836,67.9253,91.4032,20.7164,MEDIUM,UPGRADE_OFACTOR_REQUIRED,False
2025-07-16,FACT,OTHER,LONG,6.2486,46.2756,40.027,81.7632,ENTERABLE_TIER_B,TRIGGERED,97.2931,FULL,,,SIDEWAYS,LOW,970.6,53.46494411949608,-23.40076544559865,5.803212311392862,0.7653159550172725,-0.5727837774250669,26.892857142857142,62.0255,37.9745,87.2457,73.2271,75.6023,87.2457,84.7543,24.3977,LOW,RESEARCH_ONLY_NO_STANDARD_TRADE,False
2025-07-16,FEDERALBNK,Financial Services,LONG,31.5632,67.0352,35.472,74.2855,ENTERABLE_TIER_B,TRIGGERED,97.2931,FULL,,,SIDEWAYS,LOW,214.69,57.73175644234159,-39.01542983100659,4.4955355683435085,0.9322129177007829,0.7839309544268985,3.9407142857142903,62.0255,37.9745,51.1425,69.3457,65.2555,51.1425,92.7932,34.7445,MEDIUM,UPGRADE_OFACTOR_REQUIRED,False
2025-07-16,FINCABLES,OTHER,LONG,22.6004,54.3105,31.7101,80.1454,ENTERABLE_TIER_B,TRIGGERED,97.2931,FULL,,,SIDEWAYS,LOW,958.95,50.283969831521,-66.74816625916857,0.8809588120015651,0.8392528682060874,0.11950851463474,20.36785714285714,62.0255,37.9745,92.1199,72.3093,75.6023,92.1199,88.5113,24.3977,MEDIUM,RESEARCH_ONLY_NO_STANDARD_TRADE,False
2025-07-16,IDBI,OTHER,LONG,47.7839,74.7745,26.9906,75.9976,ENTERABLE_TIER_B,TRIGGERED,97.2931,FULL,,,SIDEWAYS,LOW,100.63,57.012406012786926,-54.08745247148289,7.865190037485241,0.9646121841259572,1.5223108092343185,3.147857142857144,62.0255,37.9745,51.7555,69.1219,75.6023,51.7555,80.8123,24.3977,MEDIUM,WAIT_FOR_XFACTOR,False
2025-07-16,INDIANB,Financial Services,LONG,19.7054,60.9894,41.284,79.2261,ENTERABLE_TIER_B,TRIGGERED,97.2931,FULL,,,SIDEWAYS,LOW,641.5,56.76926201685924,-43.98395721925135,4.911505298174132,1.159862145858994,0.789637611356949,13.207142857142864,62.0255,37.9745,64.552,76.5279,65.2555,64.552,74.5592,34.7445,MEDIUM,RESEARCH_ONLY_NO_STANDARD_TRADE,False
2025-07-16,UNIONBANK,Financial Services,LONG,25.5398,64.409,38.8692,85.6696,ENTERABLE_TIER_B,TRIGGERED,97.2931,FULL,,,SIDEWAYS,LOW,148.34,52.44046491431571,-52.64623955431752,4.830100292580074,1.140115707754063,0.3685483463034696,4.017857142857143,62.0255,37.9745,91.9277,77.8987,65.2555,91.9277,87.456,34.7445,MEDIUM,RESEARCH_ONLY_NO_STANDARD_TRADE,False
2025-07-17,GODREJPROP,Realty,LONG,4.9993,54.2386,49.2393,80.3855,ENTERABLE_TIER_B,TRIGGERED,97.2931,FULL,,,SIDEWAYS,LOW,2337.0,54.07767947937993,-24.986985944820415,2.5363617635620552,1.9567863557055736,-0.5358346884909125,55.571428571428605,60.0556,39.9444,78.8021,67.6812,44.1611,78.8021,90.7147,55.8389,LOW,RESEARCH_ONLY_NO_STANDARD_TRADE,False
2025-07-17,JSWSTEEL,Metals & Mining,LONG,22.1138,59.0393,36.9255,84.7974,ENTERABLE_TIER_B,TRIGGERED,98.5,FULL,,TRANSITION,SIDEWAYS,LOW,1034.2,53.86862228753762,-63.03939962476536,1.9150451333618363,0.8181238274010098,0.7594812586309317,17.68571428571431,60.0556,39.9444,91.5845,75.7997,62.3868,91.5845,83.0372,37.6132,MEDIUM,RESEARCH_ONLY_NO_STANDARD_TRADE,False
2025-07-17,NUVAMA,OTHER,LONG,56.718,82.2188,25.5008,78.1093,ENTERABLE_TIER_B,TRIGGERED,97.2931,FULL,,,SIDEWAYS,LOW,7818.5,58.030633130783066,-50.25491624180626,10.243136411618751,1.9302861810899128,1.1449686173891829,347.4642857142857,60.0556,39.9444,58.2883,66.8455,76.554,58.2883,91.1933,23.4461,MEDIUM,QUALIFIED_FOR_INTRADAY_REVALIDATION,True
2025-07-17,SAMMAANCAP,OTHER,LONG,29.5312,63.6115,34.0803,89.9299,ENTERABLE_TIER_B,TRIGGERED,97.2931,FULL,,,SIDEWAYS,LOW,130.93,52.87577565725231,-62.36734693877548,3.188256862178462,1.0167917583559396,0.124877779717911,5.507142857142858,60.0556,39.9444,99.2676,92.7367,76.554,99.2676,80.0259,23.4461,MEDIUM,RESEARCH_ONLY_NO_STANDARD_TRADE,False
2025-07-17,TATASTEEL,Metals & Mining,LONG,32.4169,63.6288,31.2119,84.2089,ENTERABLE_TIER_B,TRIGGERED,98.5,FULL,,UPWARD,SIDEWAYS,LOW,159.9,52.73549503228685,-75.3820033955857,2.925523134097588,0.8518651354443393,0.591564855865973,3.162142857142858,60.0556,39.9444,94.4447,64.834,62.3868,94.4447,89.8803,37.6132,MEDIUM,RESEARCH_ONLY_NO_STANDARD_TRADE,False
2025-07-18,MANAPPURAM,OTHER,LONG,24.1467,61.7803,37.6336,87.5097,ENTERABLE_TIER_B,TRIGGERED,97.2931,FULL,,,SIDEWAYS,LOW,271.3,56.93040704751113,-45.9954233409611,7.037337043631098,1.0137314014999608,1.0682543584799886,6.432142857142854,55.887,44.113,94.4549,89.739,76.4693,94.4549,71.3937,23.5308,LOW,RESEARCH_ONLY_NO_STANDARD_TRADE,False
2025-07-18,SAMMAANCAP,OTHER,LONG,61.4248,83.6804,22.2556,73.464,ENTERABLE_TIER_B,TRIGGERED,97.2931,FULL,,,SIDEWAYS,LOW,136.12,58.32862220607111,-35.927078701645115,7.0272952097792745,1.3630697395006484,0.535769909190082,5.588571428571428,55.887,44.113,47.6491,57.9141,76.4693,47.6491,94.4172,23.5308,LOW,WAIT_FOR_XFACTOR,False
2025-07-18,TATASTEEL,Metals & Mining,LONG,44.1105,74.0927,29.9822,77.5267,ENTERABLE_TIER_B,TRIGGERED,98.5,FULL,,UPWARD,SIDEWAYS,LOW,162.37,57.67964395043423,-54.41426146010184,4.363414862730087,1.2025989422956953,0.6666244098208612,3.172857142857144,55.887,44.113,53.4909,71.3823,72.2499,53.4909,95.2094,27.7501,LOW,QUALIFIED_FOR_INTRADAY_REVALIDATION,True
2025-07-21,BANDHANBNK,OTHER,LONG,11.7905,60.9146,49.1241,85.7661,ENTERABLE_TIER_B,TRIGGERED,97.2931,FULL,,,SIDEWAYS,LOW,182.25,53.39567532586325,-50.58479532163748,4.707954390028935,1.8964144955748776,0.9215613077138476,4.710000000000004,49.2799,50.7201,95.7466,69.8514,72.2934,95.7466,83.1847,27.7066,LOW,RESEARCH_ONLY_NO_STANDARD_TRADE,False
2025-07-21,HINDALCO,Metals & Mining,LONG,29.2286,66.0092,36.7806,88.4741,ENTERABLE_TIER_B,TRIGGERED,98.5,FULL,,UPWARD,SIDEWAYS,LOW,682.7,56.91913622920677,-54.56498388829203,3.201036548974284,1.0458363198304916,0.5603902541283786,12.728571428571431,49.2799,50.7201,97.0408,88.3726,69.8963,97.0408,86.0157,30.1037,LOW,UPGRADE_OFACTOR_REQUIRED,False
2025-07-21,HINDCOPPER,OTHER,LONG,48.0705,74.4749,26.4044,79.9261,ENTERABLE_TIER_B,TRIGGERED,97.2931,FULL,,,SIDEWAYS,LOW,273.8,60.61736446743819,-49.20071047957363,8.007886315174721,0.8337453593446938,1.284723079074381,7.135714285714272,49.2799,50.7201,69.5522,70.8509,72.2934,69.5522,87.6677,27.7066,LOW,QUALIFIED_FOR_INTRADAY_REVALIDATION,True
2025-07-21,PCBL,OTHER,LONG,28.6563,62.7722,34.1159,80.4856,ENTERABLE_TIER_B,TRIGGERED,97.2931,FULL,,,SIDEWAYS,LOW,421.8,55.48720709850121,-39.44020356234096,3.5768332278680943,1.074918980699776,1.227718345160889,12.37142857142858,49.2799,50.7201,70.0115,81.4088,72.2934,70.0115,73.4873,27.7066,LOW,RESEARCH_ONLY_NO_STANDARD_TRADE,False
2025-07-21,POONAWALLA,OTHER,LONG,39.9156,70.8655,30.9499,86.7045,ENTERABLE_TIER_B,TRIGGERED,97.2931,FULL,,,SIDEWAYS,LOW,458.85,59.82952469538999,-64.60526315789461,8.718407084379521,1.4518413494286575,1.6996737846747747,10.074999999999992,49.2799,50.7201,98.3292,78.7593,72.2934,98.3292,72.0099,27.7066,LOW,UPGRADE_OFACTOR_REQUIRED,False
2025-07-22,EXIDEIND,Automobile and Auto Components,LONG,29.898,66.3539,36.4559,66.5953,ENTERABLE_TIER_B,TRIGGERED,97.2931,FULL,,,SIDEWAYS,LOW,394.25,60.56952809130432,-6.92307692307704,2.764579657189553,1.6319169722021865,0.2232266144234189,6.832142857142856,52.97,47.03,21.7425,53.0455,58.8842,21.7425,92.0962,41.1158,LOW,UPGRADE_OFACTOR_REQUIRED,False
2025-07-22,HOMEFIRST,OTHER,LONG,37.357,64.9036,27.5466,82.8796,ENTERABLE_TIER_B,TRIGGERED,97.2931,FULL,,,SIDEWAYS,LOW,1393.4,56.798136421018704,-47.63948497854072,8.436348785039996,0.8483144016346624,1.841418533463482,50.1785714285714,52.97,47.03,85.0667,85.4918,72.6934,85.0667,87.0064,27.3066,LOW,RESEARCH_ONLY_NO_STANDARD_TRADE,False
2025-07-22,NUVAMA,OTHER,LONG,43.3721,71.6541,28.282,85.5763,ENTERABLE_TIER_B,TRIGGERED,97.2931,FULL,,,SIDEWAYS,LOW,7779.5,56.44789968426787,-48.41810172206648,8.801133737956514,0.7440789855405056,1.2946373602802264,328.2142857142857,52.97,47.03,84.5223,90.494,72.6934,84.5223,87.0207,27.3066,LOW,UPGRADE_OFACTOR_REQUIRED,False
2025-07-22,POWERGRID,Power,LONG,19.8747,58.0243,38.1496,78.9832,ENTERABLE_TIER_B,TRIGGERED,98.5,FULL,,TRANSITION,SIDEWAYS,LOW,297.8,53.71310898063367,-44.34389140271468,0.8852956742498902,0.87783650879498,0.271461840969522,4.22857142857142,52.97,47.03,81.9876,69.2568,63.9316,81.9876,90.0676,36.0684,LOW,RESEARCH_ONLY_NO_STANDARD_TRADE,False
2025-07-23,APOLLOHOSP,Healthcare,LONG,35.0864,68.7387,33.6523,83.8763,ENTERABLE_TIER_B,TRIGGERED,98.5,FULL,,UPWARD,SIDEWAYS,LOW,7373.5,55.85939815490551,-54.936974789915965,3.491712347805309,0.9418958206950994,0.6805459562565633,110.46428571428572,55.8413,44.1587,96.907,53.107,75.9992,96.907,94.0252,24.0008,LOW,UPGRADE_OFACTOR_REQUIRED,False
2025-07-23,HINDCOPPER,OTHER,LONG,44.5842,74.0185,29.4343,80.7316,ENTERABLE_TIER_B,TRIGGERED,97.2931,FULL,,,SIDEWAYS,LOW,276.05,61.84327885068451,-27.88671023965133,8.338433443717513,1.1541129489718096,1.3973290217932364,7.421428571428562,55.8413,44.1587,64.625,78.1713,73.272,64.625,79.2493,26.728,LOW,QUALIFIED_FOR_INTRADAY_REVALIDATION,True
2025-07-23,MARUTI,Automobile and Auto Components,LONG,10.8545,56.4471,45.5926,80.8116,ENTERABLE_TIER_B,TRIGGERED,98.5,FULL,,SIDEWAYS,SIDEWAYS,LOW,12627.0,54.27139300746034,-28.205128205128204,1.5336908452514293,1.213386508687472,-0.0383128705568536,173.35714285714286,55.8413,44.1587,68.0813,79.9258,58.4293,68.0813,78.7721,41.5707,LOW,RESEARCH_ONLY_NO_STANDARD_TRADE,False
2025-07-23,SBIN,Financial Services,LONG,19.1125,61.0062,41.8937,77.3576,ENTERABLE_TIER_B,TRIGGERED,98.5,FULL,,TRANSITION,SIDEWAYS,LOW,820.65,55.97028177946257,-56.90104166666676,2.282874148492258,1.3487781539716124,0.6488762127968138,10.71071428571428,55.8413,44.1587,62.1096,65.8286,53.662,62.1096,83.0077,46.338,LOW,RESEARCH_ONLY_NO_STANDARD_TRADE,False
2025-07-23,TATAINVEST,Financial Services,LONG,13.7495,53.5336,39.7841,74.865,ENTERABLE_TIER_B,TRIGGERED,97.2931,FULL,,,SIDEWAYS,LOW,6775.5,56.6476519921945,-36.81434599156118,3.2464017094130884,1.2891785352184364,0.1228983800611741,137.53571428571428,55.8413,44.1587,65.0879,73.2433,53.662,65.0879,74.8429,46.338,LOW,RESEARCH_ONLY_NO_STANDARD_TRADE,False
2025-07-24,BAJAJHLDNG,Financial Services,LONG,36.6844,72.6668,35.9824,79.2615,ENTERABLE_TIER_B,TRIGGERED,98.5,FULL,,TRANSITION,SIDEWAYS,LOW,14165.0,55.54947663855904,-26.772793053545588,4.77846226489117,2.416213831349794,0.5731342419677907,303.2142857142857,43.9707,56.0293,85.0381,65.1731,48.4411,85.0381,94.8551,51.5589,LOW,UPGRADE_OFACTOR_REQUIRED,False
2025-07-24,BANDHANBNK,OTHER,LONG,31.932,63.7653,31.8333,78.3716,ENTERABLE_TIER_B,TRIGGERED,97.2931,FULL,,,SIDEWAYS,LOW,184.15,55.91361221983462,-27.87456445993033,5.337299680905818,0.808686605830257,0.8037960332027839,4.257857142857144,43.9707,56.0293,64.9589,72.2865,63.3982,64.9589,95.4907,36.6018,LOW,RESEARCH_ONLY_NO_STANDARD_TRADE,False
2025-07-24,MAXHEALTH,Healthcare,LONG,22.9871,62.433,39.4459,86.7182,ENTERABLE_TIER_B,TRIGGERED,98.5,FULL,,SIDEWAYS,SIDEWAYS,LOW,1267.4,56.366451427352295,-39.52641165755909,5.288812910057757,1.1311852801325128,0.550403470309391,32.00714285714282,43.9707,56.0293,87.5965,89.2524,70.0598,87.5965,73.256,29.9402,LOW,RESEARCH_ONLY_NO_STANDARD_TRADE,False
2025-07-24,TRIDENT,OTHER,LONG,29.3032,59.4211,30.1179,81.0066,ENTERABLE_TIER_B,TRIGGERED,97.2931,FULL,,,SIDEWAYS,LOW,31.53,53.29134205295848,-47.14714714714713,3.267369990853476,1.1200001952658076,0.4027171165920048,0.8314285714285715,43.9707,56.0293,89.2153,74.9828,63.3982,89.2153,82.1993,36.6018,LOW,RESEARCH_ONLY_NO_STANDARD_TRADE,False
2025-08-18,JINDALSTEL,Metals & Mining,LONG,24.7816,64.1323,39.3507,80.6437,ENTERABLE_TIER_B,TRIGGERED,98.5,FULL,,TRANSITION,SIDEWAYS,LOW,992.85,55.05481311518883,-36.03491271820444,3.8359406831247567,1.1047609395261275,0.9894252855283788,25.55357142857144,42.218,57.782,73.2653,79.8854,46.7194,73.2653,89.5122,53.2806,LOW,RESEARCH_ONLY_NO_STANDARD_TRADE,False
2025-08-18,NAM-INDIA,Financial Services,LONG,14.5404,58.024,43.4836,73.8819,ENTERABLE_TIER_B,TRIGGERED,97.2931,FULL,,,SIDEWAYS,LOW,828.65,57.07715600628342,-12.725450901803658,6.160793760403278,1.8195542619062897,0.1692582911964529,21.050000000000004,42.218,57.782,62.4149,58.7648,41.2738,62.4149,87.9335,58.7262,LOW,RESEARCH_ONLY_NO_STANDARD_TRADE,False
2025-08-18,SHREECEM,Construction Materials,LONG,27.5304,64.4097,36.8793,74.144,ENTERABLE_TIER_B,TRIGGERED,98.5,FULL,,SIDEWAYS,SIDEWAYS,LOW,31340.0,58.28772877638221,-30.20833333333333,2.706380211826734,1.2215562647570122,-0.1296133751333024,648.9285714285714,42.218,57.782,52.5371,63.9406,61.8148,52.5371,64.2488,38.1852,LOW,RESEARCH_ONLY_NO_STANDARD_TRADE,False
2025-08-18,TORNTPHARM,Healthcare,LONG,25.1811,65.2114,40.0303,77.5007,ENTERABLE_TIER_B,TRIGGERED,98.5,FULL,,TRANSITION,SIDEWAYS,LOW,3651.6,60.19812210375562,-45.78434665770912,6.030091805628263,1.125649880443383,1.4571192048501158,78.42857142857146,42.218,57.782,67.8689,67.1548,42.5878,67.8689,88.0656,57.4122,LOW,UPGRADE_OFACTOR_REQUIRED,False
2025-08-19,MRF,Automobile and Auto Components,LONG,25.4261,63.5178,38.0917,79.9338,ENTERABLE_TIER_B,TRIGGERED,97.2931,FULL,,,SIDEWAYS,LOW,146535.0,54.21355085902884,-28.718929254302104,3.134082525060017,2.887085651971711,-0.5899309423099223,3347.5,50.4089,49.5911,83.0471,60.7468,71.16,83.0471,72.6363,28.8399,LOW,RESEARCH_ONLY_NO_STANDARD_TRADE,False
2025-08-19,NATIONALUM,Metals & Mining,LONG,20.359,58.855,38.496,78.4297,ENTERABLE_TIER_B,TRIGGERED,97.2931,FULL,,,SIDEWAYS,LOW,191.31,54.45721040685854,-3.7225042301184255,2.371753503620715,0.9297517365480472,-0.0325044105225683,4.328571428571428,50.4089,49.5911,71.0143,70.429,50.288,71.0143,98.2442,49.712,LOW,RESEARCH_ONLY_NO_STANDARD_TRADE,False
2025-08-19,SWIGGY,Consumer Services,LONG,44.9173,74.1206,29.2033,80.0626,ENTERABLE_TIER_B,TRIGGERED,97.2931,FULL,,,SIDEWAYS,LOW,409.7,57.34614733304068,-13.292117465224138,6.465383796434064,0.8295909326910359,0.7631046049500402,15.021428571428572,50.4089,49.5911,67.036,72.8388,68.2534,67.036,97.204,31.7466,LOW,QUALIFIED_FOR_INTRADAY_REVALIDATION,True
2025-08-25,JKCEMENT,Construction Materials,LONG,28.3329,61.8339,33.501,84.2968,ENTERABLE_TIER_B,TRIGGERED,97.2931,FULL,,,SIDEWAYS,LOW,6949.5,53.136475304707055,-64.94464944649447,8.328423517781127,1.1071227420576213,2.6580749890643776,264.25,46.8628,53.1372,95.1056,81.457,47.9069,95.1056,95.9886,52.0931,LOW,RESEARCH_ONLY_NO_STANDARD_TRADE,False
2025-08-26,DABUR,Fast Moving Consumer Goods,LONG,12.6104,57.3459,44.7355,81.0884,ENTERABLE_TIER_B,TRIGGERED,97.2931,FULL,,,SIDEWAYS,LOW,522.4,54.4736020641644,-37.169312169312285,2.8796214238048137,1.0862040938138997,0.4394971355258623,11.792857142857144,45.8077,54.1923,75.8611,82.023,47.1993,75.8611,85.0757,52.8007,LOW,RESEARCH_ONLY_NO_STANDARD_TRADE,False
2025-08-28,JKCEMENT,Construction Materials,LONG,33.9668,66.1306,32.1638,79.8512,ENTERABLE_TIER_B,TRIGGERED,97.2931,FULL,,,SIDEWAYS,LOW,6986.0,54.15120871334252,-61.09646810753822,8.313337501793061,1.5856030561185264,2.108765539934492,273.35714285714283,43.9224,56.0776,98.2989,50.9799,53.7799,98.2989,95.0248,46.2201,LOW,UPGRADE_OFACTOR_REQUIRED,False
2025-09-01,ABDL,OTHER,LONG,32.9986,61.1381,28.1395,68.8064,ENTERABLE_TIER_B,TRIGGERED,97.2931,FULL,,,SIDEWAYS,LOW,516.95,58.57156263862804,-41.752096924510646,10.304398593130385,1.0722028382680122,1.8821401061789853,16.1357142857143,42.2886,57.7114,61.7722,63.683,40.0838,61.7722,83.7627,59.9162,LOW,RESEARCH_ONLY_NO_STANDARD_TRADE,False
2025-09-01,ASAHIINDIA,OTHER,LONG,25.9482,57.7135,31.7653,75.9494,ENTERABLE_TIER_B,TRIGGERED,97.2931,FULL,,,SIDEWAYS,LOW,858.95,53.77144176536302,-46.20879120879116,5.499612949048648,2.5814063465435053,1.2919981488536367,26.31785714285714,42.2886,57.7114,70.888,68.7665,40.0838,70.888,81.7614,59.9162,LOW,RESEARCH_ONLY_NO_STANDARD_TRADE,False
2025-09-01,JKCEMENT,Construction Materials,LONG,39.3048,72.9139,33.6091,84.5559,ENTERABLE_TIER_B,TRIGGERED,97.2931,FULL,,,SIDEWAYS,LOW,7067.5,56.40895151111079,-54.45598687807545,8.978283610741208,1.399547547402961,1.779112413850534,236.28571428571428,42.2886,57.7114,85.5048,86.5417,55.8713,85.5048,90.3507,44.1287,LOW,UPGRADE_OFACTOR_REQUIRED,False
2025-09-02,AADHARHFC,OTHER,LONG,13.8969,49.9193,36.0224,79.0283,ENTERABLE_TIER_B,TRIGGERED,97.2931,FULL,,,SIDEWAYS,LOW,507.9,54.16707698774455,-60.21798365122624,4.408411255179243,0.9189788489228424,0.7721310000353879,12.178571428571432,43.6495,56.3505,86.219,79.9648,46.8719,86.219,73.5601,53.1281,LOW,RESEARCH_ONLY_NO_STANDARD_TRADE,False
2025-09-02,ACMESOLAR,OTHER,LONG,21.0656,53.9485,32.8829,77.6786,ENTERABLE_TIER_B,TRIGGERED,97.2931,FULL,,,SIDEWAYS,LOW,287.2,53.71697530447205,-61.21621621621632,6.304832976599409,0.8095951110339816,1.2570705313686033,12.414285714285716,43.6495,56.3505,73.9413,81.6341,46.8719,73.9413,87.756,53.1281,LOW,RESEARCH_ONLY_NO_STANDARD_TRADE,False
2025-09-02,FORCEMOT,OTHER,LONG,39.6207,68.4183,28.7976,84.0324,ENTERABLE_TIER_B,TRIGGERED,97.2931,FULL,,,SIDEWAYS,LOW,19497.0,54.77293595021938,-73.53982300884955,15.83174756412854,0.8205183447830111,3.5186970498966263,961.2857142857144,43.6495,56.3505,90.5058,77.2388,46.8719,90.5058,97.3369,53.1281,LOW,UPGRADE_OFACTOR_REQUIRED,False
2025-09-03,FORCEMOT,OTHER,LONG,40.2726,67.5443,27.2717,84.1328,ENTERABLE_TIER_B,TRIGGERED,97.2931,FULL,,,SIDEWAYS,LOW,19785.0,56.65088778331565,-67.92975970425138,16.881330563269554,0.8309538320225487,3.282022712744934,978.4285714285714,55.0783,44.9217,80.4925,86.509,60.2933,80.4925,85.9366,39.7067,LOW,UPGRADE_OFACTOR_REQUIRED,False
2025-09-03,INDHOTEL,Consumer Services,LONG,24.9992,62.5662,37.567,81.9884,ENTERABLE_TIER_B,TRIGGERED,98.5,FULL,,TRANSITION,SIDEWAYS,LOW,773.95,54.539331073600586,-61.33979015334943,1.3978521126974222,0.8431146366191821,0.5162113257564691,17.43214285714286,55.0783,44.9217,72.197,77.2833,74.5696,72.197,81.7578,25.4304,LOW,RESEARCH_ONLY_NO_STANDARD_TRADE,False
2025-09-03,PATANJALI,Fast Moving Consumer Goods,LONG,1.5989,49.2543,47.6554,77.9179,ENTERABLE_TIER_B,TRIGGERED,97.2931,FULL,,,SIDEWAYS,LOW,1816.5,53.47968959060248,-20.572916666666615,1.5303085288453553,1.126255671136282,-0.1061491744036338,33.98571428571432,55.0783,44.9217,68.2318,74.4599,46.9397,68.2318,93.5267,53.0603,LOW,RESEARCH_ONLY_NO_STANDARD_TRADE,False
2025-09-03,SUMICHEM,OTHER,LONG,13.4151,49.5202,36.1051,76.2998,ENTERABLE_TIER_B,TRIGGERED,97.2931,FULL,,,SIDEWAYS,LOW,590.55,53.34388228681624,-31.80639585133981,3.762765710828481,1.2278118091778387,-0.3570610672110363,18.925000000000004,55.0783,44.9217,85.7332,53.5007,60.2933,85.7332,90.5945,39.7067,LOW,RESEARCH_ONLY_NO_STANDARD_TRADE,False
2025-09-05,ABCAPITAL,Financial Services,LONG,6.2538,52.5265,46.2727,81.4674,ENTERABLE_TIER_B,TRIGGERED,97.2931,FULL,,,SIDEWAYS,LOW,281.1,54.8603102742176,-57.36040609137036,6.37750366584582,1.255353278133723,1.0032565685530224,7.774999999999998,53.0917,46.9083,81.0504,73.2476,44.054,81.0504,78.3923,55.946,LOW,RESEARCH_ONLY_NO_STANDARD_TRADE,False
2025-09-08,3MINDIA,Diversified,LONG,18.7754,61.3453,42.5699,82.3752,ENTERABLE_TIER_B,TRIGGERED,97.2931,FULL,,,SIDEWAYS,LOW,30835.0,52.01892873625104,-47.78481012658228,1.6521543593200223,1.7548721616306098,0.1503920438890909,752.1428571428571,56.7466,43.2534,96.4324,71.8139,64.533,96.4324,93.3523,35.467,LOW,RESEARCH_ONLY_NO_STANDARD_TRADE,False
2025-09-08,ABDL,OTHER,LONG,32.0677,59.7015,27.6338,77.1027,ENTERABLE_TIER_B,TRIGGERED,97.2931,FULL,,,SIDEWAYS,LOW,510.2,55.03509747137294,-60.4145077720208,7.73589644512067,0.958531961716554,0.949789067661194,17.210714285714307,56.7466,43.2534,81.5909,68.6242,62.8618,81.5909,87.4497,37.1382,LOW,RESEARCH_ONLY_NO_STANDARD_TRADE,False
2025-09-08,ABSLAMC,OTHER,LONG,23.8457,56.5296,32.6839,78.0955,ENTERABLE_TIER_B,TRIGGERED,97.2931,FULL,,,SIDEWAYS,LOW,854.9,52.66023249567686,-61.03448275862071,3.507731591878764,0.8697716906533122,-0.4546877375765282,24.47142857142855,56.7466,43.2534,95.7501,54.8044,62.8618,95.7501,93.9521,37.1382,LOW,RESEARCH_ONLY_NO_STANDARD_TRADE,False
2025-09-08,INDIANB,Financial Services,LONG,15.8254,64.2027,48.3773,81.4685,ENTERABLE_TIER_B,TRIGGERED,97.2931,FULL,,,SIDEWAYS,LOW,670.45,58.27796663075927,-31.234567901234517,4.397686039139255,2.0308804248870764,0.8715872364942691,11.46071428571428,56.7466,43.2534,75.9323,79.0589,48.1307,75.9323,56.1982,51.8693,LOW,RESEARCH_ONLY_NO_STANDARD_TRADE,False
2025-09-08,SHYAMMETL,OTHER,LONG,19.8886,55.255,35.3664,74.5154,ENTERABLE_TIER_B,TRIGGERED,97.2931,FULL,,,SIDEWAYS,LOW,945.35,54.149488495705306,-31.4583333333333,3.0173474838250938,1.112664189910239,-0.2840384498275368,22.385714285714283,56.7466,43.2534,78.6173,63.6375,62.8618,78.6173,91.6911,37.1382,LOW,RESEARCH_ONLY_NO_STANDARD_TRADE,False
2025-09-08,TIINDIA,Automobile and Auto Components,LONG,36.7889,71.9786,35.1897,79.3691,ENTERABLE_TIER_B,TRIGGERED,97.2931,FULL,,,SIDEWAYS,LOW,3072.3,54.641010990474754,-50.63505503810324,3.0040324895574138,2.0729493738909146,0.6321560584706432,111.42857142857146,56.7466,43.2534,82.6885,59.9026,78.3733,82.6885,91.8513,21.6267,LOW,UPGRADE_OFACTOR_REQUIRED,False
2025-09-09,AADHARHFC,OTHER,LONG,15.7225,53.097,37.3745,79.2497,ENTERABLE_TIER_B,TRIGGERED,97.2931,FULL,,,SIDEWAYS,LOW,512.4,55.21188586069711,-50.35765379113027,4.514996154566702,0.8644724620143677,0.7840666718416317,12.939285714285726,59.2308,40.7692,77.7808,83.3067,64.1204,77.7808,79.7516,35.8796,LOW,RESEARCH_ONLY_NO_STANDARD_TRADE,False
2025-09-09,HINDUNILVR,Fast Moving Consumer Goods,LONG,25.9728,60.9329,34.9601,79.6887,ENTERABLE_TIER_B,TRIGGERED,98.5,FULL,,TRANSITION,SIDEWAYS,LOW,2642.0,58.0889897720973,-66.87306501547988,5.018229030845512,0.9113556029619244,1.529847034446281,55.62142857142853,59.2308,40.7692,67.2788,77.9222,47.0637,67.2788,96.9796,52.9363,LOW,RESEARCH_ONLY_NO_STANDARD_TRADE,False
2025-09-09,MARICO,Fast Moving Consumer Goods,LONG,13.3527,54.5503,41.1976,80.2222,ENTERABLE_TIER_B,TRIGGERED,97.2931,FULL,,,SIDEWAYS,LOW,732.5,54.17407359884311,-52.683896620278375,2.0749289595134845,0.8055310669478495,0.6398868025817386,15.753571428571425,59.2308,40.7692,72.7998,79.5602,47.0637,72.7998,94.0331,52.9363,LOW,RESEARCH_ONLY_NO_STANDARD_TRADE,False
2025-09-09,MPHASIS,Information Technology,LONG,29.8295,62.0558,32.2263,76.3704,ENTERABLE_TIER_B,TRIGGERED,97.2931,FULL,,,SIDEWAYS,LOW,2853.3,54.06728201058159,-44.09722222222215,3.3796695684276883,0.920952672863876,0.8223099926645869,86.45000000000002,59.2308,40.7692,67.0445,69.6009,53.4331,67.0445,89.3117,46.5669,LOW,RESEARCH_ONLY_NO_STANDARD_TRADE,False
2025-09-09,OLECTRA,OTHER,LONG,54.7871,75.5523,20.7652,72.3534,ENTERABLE_TIER_B,TRIGGERED,97.2931,FULL,,,SIDEWAYS,LOW,1567.9,59.40180483485541,-61.41851106639836,11.409174663733278,0.9179194208788728,2.6073452481139188,65.23571428571428,59.2308,40.7692,55.4794,53.8903,64.1204,55.4794,95.6466,35.8796,LOW,WAIT_FOR_XFACTOR,False
2025-09-10,CCL,OTHER,LONG,43.6205,67.0148,23.3943,69.5596,ENTERABLE_TIER_B,TRIGGERED,97.2931,FULL,,,TRANSITION,LOW,917.5,57.03935737334611,-39.73214285714285,6.313987818939753,1.260717387904274,1.2006901269638195,28.846428571428564,70.8579,29.1421,45.8685,67.067,73.8454,45.8685,89.0454,26.1546,MEDIUM,UPGRADE_OFACTOR_REQUIRED,False
2025-09-10,NAM-INDIA,Financial Services,LONG,14.333,54.3935,40.0605,83.768,ENTERABLE_TIER_B,TRIGGERED,97.2931,FULL,,,TRANSITION,LOW,820.9,52.16210706474904,-62.23873664653973,3.078441775935527,0.8259131936960253,-0.2945293740526104,25.175000000000004,70.8579,29.1421,95.7961,82.7607,58.4275,95.7961,83.9523,41.5725,LOW,RESEARCH_ONLY_NO_STANDARD_TRADE,False
2025-09-10,SBILIFE,Financial Services,LONG,13.2089,57.8154,44.6065,82.0347,ENTERABLE_TIER_B,TRIGGERED,98.5,FULL,,SIDEWAYS,TRANSITION,LOW,1833.7,52.75841686439559,-47.80487804878045,1.4215328723961491,0.9783628392587675,-0.3995511592070284,37.70000000000001,70.8579,29.1421,90.6454,60.0,58.4275,90.6454,89.496,41.5725,LOW,RESEARCH_ONLY_NO_STANDARD_TRADE,False
2025-09-10,SBIN,Financial Services,LONG,11.6447,58.1648,46.5201,80.4102,ENTERABLE_TIER_B,TRIGGERED,98.5,FULL,,SIDEWAYS,TRANSITION,LOW,818.2,56.17814480497658,-43.30935251798548,1.2432466747558992,1.2866593051057202,-0.0526869935877858,8.953571428571431,70.8579,29.1421,76.4154,65.1536,58.4275,76.4154,71.4081,41.5725,LOW,RESEARCH_ONLY_NO_STANDARD_TRADE,False
2025-09-11,3MINDIA,Diversified,LONG,14.7415,51.6145,36.873,74.9183,ENTERABLE_TIER_B,TRIGGERED,97.2931,FULL,,,SIDEWAYS,LOW,30970.0,53.75126820149872,-39.24050632911393,1.953594516555564,0.996133275513154,0.1522224782934502,731.0714285714286,64.2515,35.7485,76.8149,77.8407,73.7481,76.8149,90.9722,26.2519,MEDIUM,RESEARCH_ONLY_NO_STANDARD_TRADE,False
2025-09-11,FACT,OTHER,LONG,24.7027,57.4901,32.7874,85.3006,ENTERABLE_TIER_B,TRIGGERED,97.2931,FULL,,,SIDEWAYS,LOW,981.45,52.39684346070017,-45.65987599645701,2.8845048299031517,0.8805717446873894,0.5192747216269415,35.18214285714286,64.2515,35.7485,97.1482,84.026,70.6783,97.1482,67.5404,29.3216,MEDIUM,RESEARCH_ONLY_NO_STANDARD_TRADE,False
2025-09-11,FSL,OTHER,LONG,19.6035,56.3595,36.756,75.4801,ENTERABLE_TIER_B,TRIGGERED,97.2931,FULL,,,SIDEWAYS,LOW,365.35,54.30210139275442,-39.19413919413909,1.744217630170064,1.291676197826821,-0.1348836499863374,11.714285714285714,64.2515,35.7485,72.2988,68.0732,70.6783,72.2988,95.3902,29.3216,MEDIUM,RESEARCH_ONLY_NO_STANDARD_TRADE,False
2025-09-11,INDIAMART,OTHER,LONG,26.1021,59.981,33.8789,74.9726,ENTERABLE_TIER_B,TRIGGERED,97.2931,FULL,,,SIDEWAYS,LOW,2612.4,55.07670368853608,-42.11136890951269,2.6851840611079902,1.0006786661020783,0.0432458681398984,53.52142857142859,64.2515,35.7485,72.8831,69.3581,70.6783,72.8831,89.238,29.3216,MEDIUM,RESEARCH_ONLY_NO_STANDARD_TRADE,False
2025-09-11,SAGILITY,OTHER,LONG,25.0134,62.5067,37.4933,87.7982,ENTERABLE_TIER_B,TRIGGERED,97.2931,FULL,,,SIDEWAYS,LOW,44.7,51.96305437466955,-53.03265940902017,2.059991232668623,2.7282183928476718,-0.3891519214841325,1.76357142857143,64.2515,35.7485,96.56,83.8963,70.6783,96.56,45.565,29.3216,LOW,RESEARCH_ONLY_NO_STANDARD_TRADE,False
2025-09-12,BELRISE,OTHER,LONG,53.0429,76.8948,23.8519,79.7077,ENTERABLE_TIER_B,TRIGGERED,97.2931,FULL,,,TRANSITION,LOW,144.27,58.39040059387136,-43.90394088669945,11.70644517674594,0.924682226670792,1.6515629823584457,5.462857142857144,71.3239,28.6761,67.0746,67.3431,72.7456,67.0746,92.4582,27.2544,MEDIUM,QUALIFIED_FOR_INTRADAY_REVALIDATION,True
2025-09-12,GVT&D,Capital Goods,LONG,24.7154,58.6112,33.8958,82.4446,ENTERABLE_TIER_B,TRIGGERED,97.2931,FULL,,,TRANSITION,LOW,2788.2,55.63946156933995,-31.37055837563461,8.562341002337835,0.8785838499855838,0.9838556343919564,90.5285714285715,71.3239,28.6761,82.2119,71.0147,79.058,82.2119,96.9954,20.942,MEDIUM,RESEARCH_ONLY_NO_STANDARD_TRADE,False
2025-09-12,HDFCLIFE,Financial Services,LONG,15.8191,59.6198,43.8007,85.837,ENTERABLE_TIER_B,TRIGGERED,98.5,FULL,,SIDEWAYS,TRANSITION,LOW,779.65,54.51901490693734,-42.84403669724775,1.8316442240721704,0.7922197162149727,0.0295884910297427,17.317857142857147,71.3239,28.6761,94.88,78.0573,57.2168,94.88,95.8424,42.7832,LOW,RESEARCH_ONLY_NO_STANDARD_TRADE,False
2025-09-12,NAM-INDIA,Financial Services,LONG,18.0776,58.5794,40.5018,82.5746,ENTERABLE_TIER_B,TRIGGERED,97.2931,FULL,,,TRANSITION,LOW,827.75,54.23346366603088,-47.1635150166852,3.718107883010244,1.044997020456731,-0.0493070714333187,23.96428571428573,71.3239,28.6761,83.0999,83.7258,57.2168,83.0999,74.2116,42.7832,LOW,RESEARCH_ONLY_NO_STANDARD_TRADE,False
2025-09-12,SARDAEN,OTHER,LONG,36.8514,67.5386,30.6872,83.4944,ENTERABLE_TIER_B,TRIGGERED,97.2931,FULL,,,TRANSITION,LOW,589.9,60.5084482527466,-39.490445859872665,12.200793758392454,1.023411682661003,2.828585045953017,21.34285714285713,71.3239,28.6761,84.952,81.3521,72.7456,84.952,76.6667,27.2544,LOW,UPGRADE_OFACTOR_REQUIRED,False
2025-09-15,APOLLOTYRE,Automobile and Auto Components,LONG,38.33,63.4563,25.1263,77.2022,ENTERABLE_TIER_B,TRIGGERED,97.2931,FULL,,,SIDEWAYS,LOW,479.2,59.333834114515135,-41.98645598194135,3.5626540624868084,0.7608196901359722,1.4261221903958694,11.849999999999994,65.2268,34.7732,63.2489,70.8017,82.6134,63.2489,75.6962,17.3866,MEDIUM,RESEARCH_ONLY_NO_STANDARD_TRADE,False
2025-09-15,GODREJIND,Diversified,LONG,31.565,61.8389,30.2739,76.7891,ENTERABLE_TIER_B,TRIGGERED,97.2931,FULL,,,SIDEWAYS,LOW,1243.5,60.28123205495367,-45.77777777777778,4.205418529065131,1.2664366791741688,0.6709968941984867,29.635714285714307,65.2268,34.7732,89.1122,49.5204,66.1184,89.1122,64.5023,33.8816,LOW,RESEARCH_ONLY_NO_STANDARD_TRADE,False
2025-09-16,CCL,OTHER,LONG,39.2917,67.1377,27.846,75.6412,ENTERABLE_TIER_B,TRIGGERED,97.2931,FULL,,,SIDEWAYS,LOW,917.0,56.00895523529058,-40.17857142857143,5.65427659797737,1.215335162718223,0.9158090763156264,29.88214285714286,70.5633,29.4367,63.1385,77.2439,77.7675,63.1385,84.3385,22.2325,MEDIUM,UPGRADE_OFACTOR_REQUIRED,False
2025-09-16,ENDURANCE,Automobile and Auto Components,LONG,53.1701,76.5227,23.3526,80.377,ENTERABLE_TIER_B,TRIGGERED,97.2931,FULL,,,SIDEWAYS,LOW,2922.2,57.24196945006397,-50.06349206349215,8.04202948883027,1.70543398108847,2.207582459760709,107.19285714285706,70.5633,29.4367,88.345,64.5872,85.2816,88.345,84.7005,14.7183,MEDIUM,QUALIFIED_FOR_INTRADAY_REVALIDATION,True
2025-09-16,FORCEMOT,OTHER,LONG,42.0576,74.2536,32.196,79.6301,ENTERABLE_TIER_B,TRIGGERED,97.2931,FULL,,,SIDEWAYS,LOW,19734.0,57.28776048646236,-13.768707482993197,14.213413211462084,1.5424514348515694,0.3874663525462107,991.0,70.5633,29.4367,68.2577,62.9465,77.7675,68.2577,89.2634,22.2325,LOW,QUALIFIED_FOR_INTRADAY_REVALIDATION,True
2025-09-17,BLUESTARCO,Consumer Durables,LONG,24.5888,63.5695,38.9807,74.4862,ENTERABLE_TIER_B,TRIGGERED,97.2931,FULL,,,SIDEWAYS,LOW,1940.2,61.3340885253881,-58.46514352665491,5.752342755874103,1.2814940484078785,1.211417276584397,42.51428571428573,65.1847,34.8153,52.8472,70.7392,57.476,52.8472,91.7204,42.5241,LOW,RESEARCH_ONLY_NO_STANDARD_TRADE,False
2025-09-17,CHAMBLFERT,OTHER,LONG,25.2022,60.3218,35.1196,81.4256,ENTERABLE_TIER_B,TRIGGERED,97.2931,FULL,,,SIDEWAYS,LOW,554.2,53.55244959911794,-52.26824457593683,0.1313700218691925,0.82808778626135,-0.0972195243229917,14.639285714285707,65.1847,34.8153,84.4482,76.365,72.9258,84.4482,86.8846,27.0741,MEDIUM,RESEARCH_ONLY_NO_STANDARD_TRADE,False
2025-09-17,CREDITACC,OTHER,LONG,31.2993,67.1063,35.807,82.0508,ENTERABLE_TIER_B,TRIGGERED,97.2931,FULL,,,SIDEWAYS,LOW,1360.2,57.09756399365166,-40.49999999999997,5.521800864929212,2.138958819031133,0.273065262830966,40.01428571428572,65.1847,34.8153,88.0959,69.8108,72.9258,88.0959,71.4102,27.0741,LOW,UPGRADE_OFACTOR_REQUIRED,False
2025-09-17,ULTRACEMCO,Construction Materials,LONG,4.9648,51.4593,46.4945,79.571,ENTERABLE_TIER_B,TRIGGERED,98.5,FULL,,SIDEWAYS,SIDEWAYS,LOW,12721.0,57.81206171127634,-48.64165588615783,3.001775307591316,1.285447258991709,0.1955204379516187,194.8571428571429,65.1847,34.8153,66.4883,78.0352,47.4736,66.4883,83.783,52.5264,LOW,RESEARCH_ONLY_NO_STANDARD_TRADE,False
2025-09-18,INDHOTEL,Consumer Services,LONG,11.0209,59.9937,48.9728,79.9391,ENTERABLE_TIER_B,TRIGGERED,98.5,FULL,,SIDEWAYS,SIDEWAYS,LOW,782.05,56.39306520453807,-28.340080971659955,1.8396308465651023,2.335903613111288,0.6206444409859537,13.032142857142835,64.7764,35.2236,70.01,69.7671,61.161,70.01,71.1483,38.8389,LOW,RESEARCH_ONLY_NO_STANDARD_TRADE,False
2025-09-18,LATENTVIEW,OTHER,LONG,34.8597,65.5598,30.7001,69.5663,ENTERABLE_TIER_B,TRIGGERED,97.2931,FULL,,,SIDEWAYS,LOW,427.95,58.00584634772203,-25.987525987525974,2.545981094779516,2.050509370868652,0.3714282226068533,9.571428571428577,64.7764,35.2236,56.5025,60.5075,65.5059,56.5025,91.4328,34.4941,LOW,UPGRADE_OFACTOR_REQUIRED,False
2025-09-18,SYRMA,OTHER,LONG,44.9663,67.9328,22.9665,79.6825,ENTERABLE_TIER_B,TRIGGERED,97.2931,FULL,,,SIDEWAYS,LOW,811.85,58.02495960287186,-42.12808539026017,12.7660445780046,0.764452322866233,3.2780132699591427,37.335714285714296,64.7764,35.2236,69.2921,78.7871,65.5059,69.2921,93.4111,34.4941,LOW,UPGRADE_OFACTOR_REQUIRED,False
2025-09-19,JSL,Metals & Mining,LONG,39.3282,69.2189,29.8907,73.2806,ENTERABLE_TIER_B,TRIGGERED,97.2931,FULL,,,SIDEWAYS,LOW,778.95,59.18278680706613,-19.42003514938481,7.243883157828469,0.994879536977854,1.0810047274959729,23.12857142857141,59.1981,40.8019,63.0111,60.3088,72.2181,63.0111,80.8894,27.7819,LOW,UPGRADE_OFACTOR_REQUIRED,False
2025-09-19,LEMONTREE,OTHER,LONG,34.7594,63.2789,28.5195,83.1853,ENTERABLE_TIER_B,TRIGGERED,97.2931,FULL,,,SIDEWAYS,LOW,172.9,58.84381879190896,-48.56429463171034,8.913665597461984,0.8593618940361081,2.8693908523378475,5.729285714285715,59.1981,40.8019,87.7937,83.244,63.9874,87.7937,65.7898,36.0126,LOW,RESEARCH_ONLY_NO_STANDARD_TRADE,False
2025-09-22,BAJAJ-AUTO,Automobile and Auto Components,LONG,25.9986,63.6696,37.671,85.8534,ENTERABLE_TIER_B,TRIGGERED,98.5,FULL,,TRANSITION,SIDEWAYS,LOW,9054.5,56.83004906232439,-80.72289156626506,4.276154506725588,1.1919874074474164,1.4682098679555688,182.4642857142857,53.9401,46.0599,89.0024,79.174,74.4761,89.0024,69.1995,25.5238,LOW,RESEARCH_ONLY_NO_STANDARD_TRADE,False
2025-09-22,ULTRACEMCO,Construction Materials,LONG,6.1057,56.3008,50.1951,82.3537,ENTERABLE_TIER_B,TRIGGERED,98.5,FULL,,SIDEWAYS,SIDEWAYS,LOW,12650.0,54.05712173552402,-57.82664941785252,2.2371351955665597,2.125547132191222,0.2042819138116583,192.0,53.9401,46.0599,81.1111,77.5,46.3578,81.1111,88.3333,53.6422,LOW,RESEARCH_ONLY_NO_STANDARD_TRADE,False
2025-09-23,APLAPOLLO,Capital Goods,LONG,18.6191,56.0572,37.4381,79.9266,ENTERABLE_TIER_B,TRIGGERED,97.2931,FULL,,,SIDEWAYS,LOW,1683.0,54.490322622229485,-50.14367816091957,0.9297273329206962,0.9726515106088108,0.822811942133798,28.607142857142858,60.0321,39.9679,74.8781,75.1111,71.8658,74.8781,83.3608,28.1342,MEDIUM,RESEARCH_ONLY_NO_STANDARD_TRADE,False
2025-09-23,CARBORUNIV,OTHER,LONG,26.2126,54.2985,28.0859,74.7794,ENTERABLE_TIER_B,TRIGGERED,97.2931,FULL,,,SIDEWAYS,LOW,972.0,54.43579942105421,-55.55555555555557,1.9654216832582423,0.838399808636736,1.3281090231681776,28.01428571428572,60.0321,39.9679,68.8135,73.0138,58.3295,68.8135,90.6476,41.6705,LOW,RESEARCH_ONLY_NO_STANDARD_TRADE,False
2025-09-24,ASTRAL,Capital Goods,LONG,17.6622,55.835,38.1728,84.1664,ENTERABLE_TIER_B,TRIGGERED,97.2931,FULL,,,SIDEWAYS,LOW,1439.9,51.62205699615342,-68.28644501278751,0.4714389580496163,0.9399515746513324,0.6757987745969561,29.850000000000023,52.9755,47.0245,92.842,75.6114,70.2544,92.842,85.6616,29.7456,LOW,RESEARCH_ONLY_NO_STANDARD_TRADE,False
2025-09-24,CCL,OTHER,LONG,32.8132,64.293,31.4798,72.7112,ENTERABLE_TIER_B,TRIGGERED,97.2931,FULL,,,SIDEWAYS,LOW,919.3,56.440933414310855,-16.71875000000007,5.252770201164365,1.4709281635231126,0.5323608381710416,27.325000000000006,52.9755,47.0245,58.4568,70.064,55.0292,58.4568,93.1199,44.9708,LOW,RESEARCH_ONLY_NO_STANDARD_TRADE,False
2025-09-25,APLAPOLLO,Capital Goods,LONG,34.6033,66.4692,31.8659,83.5965,ENTERABLE_TIER_B,TRIGGERED,97.2931,FULL,,,SIDEWAYS,LOW,1688.3,55.78508096888984,-52.20458553791907,1.1903585018819702,2.602075006506398,0.6972851846918446,27.985714285714284,56.0294,43.9706,77.8101,79.561,73.2651,77.8101,84.7065,26.7349,LOW,UPGRADE_OFACTOR_REQUIRED,False
2025-09-25,POLYMED,OTHER,LONG,5.6816,54.4719,48.7903,80.5541,ENTERABLE_TIER_B,TRIGGERED,97.2931,FULL,,,SIDEWAYS,LOW,2031.8,52.56295059567357,-43.13280363223616,-1.2299480715642983,2.2274291347923585,-0.4435457688127227,62.2785714285715,56.0294,43.9706,83.1028,69.1708,60.3083,83.1028,69.0423,39.6917,LOW,RESEARCH_ONLY_NO_STANDARD_TRADE,False
2025-09-25,SAMMAANCAP,OTHER,LONG,29.7964,64.8431,35.0467,84.2948,ENTERABLE_TIER_B,TRIGGERED,97.2931,FULL,,,SIDEWAYS,LOW,136.41,54.98526127952316,-71.5524034672972,4.6621231221994375,1.156983002345077,2.0308231391955345,4.041428571428568,56.0294,43.9706,95.8925,64.2701,60.3083,95.8925,75.2563,39.6917,LOW,RESEARCH_ONLY_NO_STANDARD_TRADE,False
2025-09-25,TITAGARH,OTHER,LONG,8.0924,49.3271,41.2347,84.1908,ENTERABLE_TIER_B,TRIGGERED,97.2931,FULL,,,SIDEWAYS,LOW,900.75,51.49150410091945,-51.03256552819699,1.8540105541457557,0.8975898134529529,1.8780936029377509,25.26785714285713,56.0294,43.9706,83.8662,89.3145,60.3083,83.8662,63.1943,39.6917,LOW,RESEARCH_ONLY_NO_STANDARD_TRADE,False
2025-09-26,MOTHERSON,Automobile and Auto Components,LONG,34.0707,66.0239,31.9532,76.2319,ENTERABLE_TIER_B,TRIGGERED,98.5,FULL,,UPWARD,SIDEWAYS,LOW,105.66,52.470408431045016,-45.21172638436482,-4.434974190713911,0.9288595300429991,1.7171103106864392,3.002142857142858,55.2311,44.7689,49.9691,68.0228,70.2475,49.9691,95.3367,29.7525,LOW,UPGRADE_OFACTOR_REQUIRED,False
2025-09-26,SAMMAANCAP,OTHER,LONG,31.3316,64.579,33.2474,81.6497,ENTERABLE_TIER_B,TRIGGERED,97.2931,FULL,,,SIDEWAYS,LOW,137.82,57.14538071874582,-60.44129235618611,5.54839199989768,1.121808423780971,1.9343001365372008,4.108571428571428,55.2311,44.7689,84.3255,63.783,55.917,84.3255,90.459,44.083,LOW,RESEARCH_ONLY_NO_STANDARD_TRADE,False
2025-09-29,AFCONS,OTHER,LONG,29.099,59.0255,29.9265,79.7528,ENTERABLE_TIER_B,TRIGGERED,97.2931,FULL,,,SIDEWAYS,LOW,448.1,54.06998094404656,-67.50313676286063,2.662186505814361,1.1904927479318277,1.2000740857487104,12.353571428571424,57.0977,42.9023,95.5344,61.1448,57.1599,95.5344,58.2307,42.8401,LOW,RESEARCH_ONLY_NO_STANDARD_TRADE,False
2025-09-29,BANKINDIA,Financial Services,LONG,39.2671,65.5889,26.3218,75.7254,ENTERABLE_TIER_B,TRIGGERED,97.2931,FULL,,,SIDEWAYS,LOW,118.77,55.160457510699935,-46.49042844120336,2.5318236486108687,0.9741620854216162,1.2043560537285798,2.882142857142859,57.0977,42.9023,62.0074,65.1648,70.0067,62.0074,84.3172,29.9933,LOW,UPGRADE_OFACTOR_REQUIRED,False
2025-09-29,HINDALCO,Metals & Mining,LONG,40.3273,72.094,31.7667,77.4324,ENTERABLE_TIER_B,TRIGGERED,98.5,FULL,,UPWARD,SIDEWAYS,LOW,753.8,63.42687959582968,-41.18438761776602,5.749620080517926,1.0914588975962791,1.3151950763122913,14.232142857142865,57.0977,42.9023,59.0949,74.8457,77.8082,59.0949,85.9473,22.1918,LOW,UPGRADE_OFACTOR_REQUIRED,False
2025-09-29,JINDALSTEL,Metals & Mining,LONG,38.8602,70.0815,31.2213,84.3767,ENTERABLE_TIER_B,TRIGGERED,98.5,FULL,,UPWARD,SIDEWAYS,LOW,1043.35,55.04466515547122,-62.00000000000032,4.327041722371503,1.0733703901292426,1.2545397582892492,21.28571428571432,57.0977,42.9023,83.4161,84.4966,77.8082,83.4161,83.745,22.1918,LOW,UPGRADE_OFACTOR_REQUIRED,False
2025-09-29,PNB,Financial Services,LONG,37.3743,69.0207,31.6464,79.1373,ENTERABLE_TIER_B,TRIGGERED,98.5,FULL,,UPWARD,SIDEWAYS,LOW,109.51,53.22549016096518,-52.78846153846147,2.1204549131195463,1.205164996658341,1.221794156555363,2.432857142857141,57.0977,42.9023,64.6643,73.5291,70.0067,64.6643,88.1621,29.9933,LOW,UPGRADE_OFACTOR_REQUIRED,False
2025-09-29,SAILIFE,OTHER,LONG,38.0023,65.2944,27.2921,69.4129,ENTERABLE_TIER_B,TRIGGERED,97.2931,FULL,,,SIDEWAYS,LOW,885.2,53.48270658234061,-49.35400516795858,4.7294331415524455,0.8100227671655992,0.8898307011699121,23.03214285714285,57.0977,42.9023,62.4727,56.0614,57.1599,62.4727,88.1904,42.8401,LOW,UPGRADE_OFACTOR_REQUIRED,False
2025-09-29,UCOBANK,OTHER,LONG,23.3598,61.613,38.2532,78.7798,ENTERABLE_TIER_B,TRIGGERED,97.2931,FULL,,,SIDEWAYS,LOW,29.86,52.11277711697304,-57.83972125435538,-0.4778128054378063,2.005887018275456,0.8994709169468648,0.8621428571428572,57.0977,42.9023,78.5805,73.5543,57.1599,78.5805,75.8741,42.8401,LOW,RESEARCH_ONLY_NO_STANDARD_TRADE,False
2025-09-30,ADANIPORTS,Services,LONG,25.9565,61.7361,35.7796,80.5286,ENTERABLE_TIER_B,TRIGGERED,98.5,FULL,,UPWARD,SIDEWAYS,LOW,1403.5,54.2567824588329,-69.2033293697978,1.7760382644162025,0.8124746196928934,0.8918204951762952,26.100000000000023,49.5279,50.4721,70.6641,75.0192,56.5521,70.6641,93.1034,43.4479,LOW,RESEARCH_ONLY_NO_STANDARD_TRADE,False
2025-09-30,AEGISLOG,OTHER,LONG,38.9903,64.9776,25.9873,72.6123,ENTERABLE_TIER_B,TRIGGERED,97.2931,FULL,,,SIDEWAYS,LOW,765.75,54.86564064791006,-44.970662196144175,2.8424012074473635,0.9194725285179748,1.49814430268641,32.707142857142856,49.5279,50.4721,59.596,62.8216,49.6616,59.596,91.1334,50.3384,LOW,RESEARCH_ONLY_NO_STANDARD_TRADE,False
2025-09-30,CRAFTSMAN,OTHER,LONG,5.6086,47.4629,41.8543,75.4908,ENTERABLE_TIER_B,TRIGGERED,97.2931,FULL,,,SIDEWAYS,LOW,6793.5,51.65575406667983,-28.437917222963957,4.114143163453741,0.9430608815545694,0.1637897108919777,158.03571428571428,49.5279,50.4721,92.5439,50.5175,49.6616,92.5439,98.3548,50.3384,LOW,RESEARCH_ONLY_NO_STANDARD_TRADE,False
2025-09-30,CREDITACC,OTHER,LONG,3.6904,50.4615,46.7711,81.2789,ENTERABLE_TIER_B,TRIGGERED,97.2931,FULL,,,SIDEWAYS,LOW,1353.2,50.86533673295644,-46.54545454545452,3.2980123387722142,1.126569654844615,0.8195819573928187,43.73571428571428,49.5279,50.4721,91.9898,78.7816,49.6616,91.9898,85.2752,50.3384,LOW,RESEARCH_ONLY_NO_STANDARD_TRADE,False
2025-09-30,KEC,OTHER,LONG,32.8737,60.9171,28.0434,76.4743,ENTERABLE_TIER_B,TRIGGERED,97.2931,FULL,,,SIDEWAYS,LOW,872.95,54.26187063960715,-59.06193078324221,2.3946084601243838,0.834060832327256,0.5172312799589697,26.25,49.5279,50.4721,85.219,46.9714,49.6616,85.219,87.8857,50.3384,LOW,RESEARCH_ONLY_NO_STANDARD_TRADE,False
2025-09-30,NMDC,Metals & Mining,LONG,47.8864,73.9204,26.034,80.2822,ENTERABLE_TIER_B,TRIGGERED,97.2931,FULL,,,SIDEWAYS,LOW,76.35,58.02129582376555,-53.70843989769848,4.291544047329114,1.429572517134977,1.416602795440773,1.4949999999999986,49.5279,50.4721,70.68,70.5686,73.3832,70.68,93.311,26.6168,LOW,UPGRADE_OFACTOR_REQUIRED,False
2025-09-30,SAIL,Metals & Mining,LONG,45.5207,70.6768,25.1561,74.6509,ENTERABLE_TIER_B,TRIGGERED,97.2931,FULL,,,SIDEWAYS,LOW,134.48,57.68132961918397,-45.04219409282716,4.300910463758178,0.9144697514244916,1.5654983299638678,3.029999999999997,49.5279,50.4721,58.5589,66.3366,73.3832,58.5589,89.4389,26.6168,LOW,UPGRADE_OFACTOR_REQUIRED,False
2025-10-01,ABDL,OTHER,LONG,33.095,59.3363,26.2413,74.2034,ENTERABLE_TIER_B,TRIGGERED,97.2931,FULL,,,SIDEWAYS,LOW,530.1,53.700663848403366,-58.51239669421484,6.390774234794553,0.9694457354700892,0.6825555424591453,17.439285714285717,58.703,41.297,90.185,51.8329,53.1304,90.185,77.2926,46.8696,LOW,RESEARCH_ONLY_NO_STANDARD_TRADE,False
2025-10-01,ALKEM,Healthcare,LONG,19.5497,56.485,36.9353,79.8792,ENTERABLE_TIER_B,TRIGGERED,97.2931,FULL,,,SIDEWAYS,LOW,5459.5,55.80865925142675,-57.5492341356674,3.6432207486472135,0.9514714140488952,0.9834892283471386,88.75,58.703,41.297,85.8404,68.9014,46.1883,85.8404,87.831,53.8117,LOW,RESEARCH_ONLY_NO_STANDARD_TRADE,False
2025-10-01,CHOLAHLDNG,OTHER,LONG,30.4121,63.6115,33.1994,74.0359,ENTERABLE_TIER_B,TRIGGERED,97.2931,FULL,,,SIDEWAYS,LOW,1907.6,52.15261956767774,-51.792382374906666,0.8887392000776885,1.346188411764741,0.7361622617584935,73.62142857142854,58.703,41.297,74.9348,55.1218,53.1304,74.9348,95.1645,46.8696,LOW,RESEARCH_ONLY_NO_STANDARD_TRADE,False
2025-10-01,IREDA,Financial Services,LONG,34.5163,67.2581,32.7418,81.2005,ENTERABLE_TIER_B,TRIGGERED,97.2931,FULL,,,SIDEWAYS,LOW,152.68,54.00157571542945,-61.49855907780974,0.007800032520147,2.4523705435602032,0.4480392534735769,4.590000000000002,58.703,41.297,69.4118,74.6405,72.808,69.4118,76.5577,27.1919,LOW,UPGRADE_OFACTOR_REQUIRED,False
2025-10-01,LT,Construction,LONG,23.9346,61.6947,37.7601,76.1961,ENTERABLE_TIER_B,TRIGGERED,98.5,FULL,,TRANSITION,SIDEWAYS,LOW,3670.3,54.899990332718055,-50.48622366288485,1.81821803806175,1.129605617368596,0.6587334143298162,62.19285714285719,58.703,41.297,53.5156,64.4332,66.2061,53.5156,88.6161,33.7939,LOW,RESEARCH_ONLY_NO_STANDARD_TRADE,False
2025-10-01,NBCC,OTHER,LONG,31.8771,62.7588,30.8817,75.4633,ENTERABLE_TIER_B,TRIGGERED,97.2931,FULL,,,SIDEWAYS,LOW,109.48,53.9101969343709,-61.75999999999999,1.285607981838038,0.99051145549997,0.631680867457385,3.2071428571428595,58.703,41.297,62.0119,61.5857,53.1304,62.0119,92.2673,46.8696,LOW,RESEARCH_ONLY_NO_STANDARD_TRADE,False
2025-10-01,NEWGEN,OTHER,LONG,2.3732,49.6983,47.3251,81.3317,ENTERABLE_TIER_B,TRIGGERED,97.2931,FULL,,,SIDEWAYS,LOW,899.8,51.29806999577891,-63.783783783783846,-3.5242790109028976,1.114462414358606,-0.3196129174730912,25.35714285714284,58.703,41.297,76.693,84.5408,53.1304,76.693,66.2423,46.8696,LOW,RESEARCH_ONLY_NO_STANDARD_TRADE,False
2025-10-01,SAIL,Metals & Mining,LONG,37.2292,70.66,33.4308,76.5798,ENTERABLE_TIER_B,TRIGGERED,97.2931,FULL,,,SIDEWAYS,LOW,134.92,58.52326718130062,-45.86826347305407,4.485704048070651,1.8561161369927437,1.5366545305301984,3.075714285714284,58.703,41.297,55.3166,71.7789,76.8764,55.3166,76.2007,23.1236,LOW,UPGRADE_OFACTOR_REQUIRED,False
2025-10-03,GAIL,Oil Gas & Consumable Fuels,LONG,12.7717,53.954,41.1823,83.7213,ENTERABLE_TIER_B,TRIGGERED,98.5,FULL,,SIDEWAYS,SIDEWAYS,LOW,177.36,50.776609278728806,-48.1608212147134,-0.6637056394715134,0.9348290946751592,-0.1780729016087161,3.0050000000000017,56.0422,43.9578,96.2174,61.6639,69.6607,96.2174,94.8087,30.3393,LOW,RESEARCH_ONLY_NO_STANDARD_TRADE,False
2025-10-03,GRAPHITE,OTHER,LONG,25.119,57.2313,32.1123,74.6095,ENTERABLE_TIER_B,TRIGGERED,97.2931,FULL,,,SIDEWAYS,LOW,555.15,54.20743709521648,-55.48076923076928,2.296663816954423,0.970905049269458,1.0341258748942956,16.32142857142858,56.0422,43.9578,68.2217,65.8118,53.3353,68.2217,92.8928,46.6647,LOW,RESEARCH_ONLY_NO_STANDARD_TRADE,False
2025-10-03,ITI,OTHER,LONG,19.9702,55.3639,35.3937,73.2307,ENTERABLE_TIER_B,TRIGGERED,97.2931,FULL,,,SIDEWAYS,LOW,315.85,55.40310646002961,-50.877192982456094,2.45281158889622,0.9348766780012944,0.3447379717050691,9.839285714285705,56.0422,43.9578,81.1131,59.1434,53.3353,81.1131,92.4791,46.6647,LOW,RESEARCH_ONLY_NO_STANDARD_TRADE,False
2025-10-06,CESC,OTHER,LONG,21.1328,58.075,36.9422,76.2784,ENTERABLE_TIER_B,TRIGGERED,97.2931,FULL,,,SIDEWAYS,LOW,166.42,55.03649860093365,-50.802568218298624,0.984560429977186,0.739897786884439,0.3277391116204498,4.481428571428568,61.5679,38.4321,66.231,79.2923,57.436,66.231,88.6643,42.564,LOW,RESEARCH_ONLY_NO_STANDARD_TRADE,False
2025-10-06,ELECON,OTHER,LONG,41.4324,67.2524,25.82,69.9027,ENTERABLE_TIER_B,TRIGGERED,97.2931,FULL,,,SIDEWAYS,LOW,602.5,55.73919283261672,-40.883280757097765,2.5194250454459004,0.7968087139570564,0.2702467527801654,17.803571428571438,61.5679,38.4321,68.995,52.0321,57.436,68.995,94.8325,42.564,LOW,UPGRADE_OFACTOR_REQUIRED,False
2025-10-06,HBLENGINE,OTHER,LONG,29.3043,66.4235,37.1192,79.5846,ENTERABLE_TIER_B,TRIGGERED,97.2931,FULL,,,SIDEWAYS,LOW,859.65,59.58261613514055,-50.20689655172416,13.223651564405095,1.3581535984990658,1.6905754246663636,32.96785714285714,61.5679,38.4321,73.6157,66.6948,57.436,73.6157,91.5675,42.564,LOW,UPGRADE_OFACTOR_REQUIRED,False
2025-10-06,TEJASNET,OTHER,LONG,10.9614,55.6954,44.734,79.9755,ENTERABLE_TIER_B,TRIGGERED,97.2931,FULL,,,SIDEWAYS,LOW,601.55,53.08757739420985,-45.4797047970481,-2.260766903505805,1.3887221302391344,-0.3275282232121229,16.667857142857127,61.5679,38.4321,77.8216,76.6017,57.436,77.8216,80.4414,42.564,LOW,RESEARCH_ONLY_NO_STANDARD_TRADE,False
2025-10-07,ACC,Construction Materials,LONG,11.0625,52.0182,40.9557,78.6004,ENTERABLE_TIER_B,TRIGGERED,97.2931,FULL,,,SIDEWAYS,LOW,1857.6,53.81580134809578,-51.70603674540696,0.1270913285216693,0.764025949635581,-0.0449912079244115,31.685714285714266,62.3715,37.6285,85.251,72.2272,43.4251,85.251,96.9702,56.5749,LOW,RESEARCH_ONLY_NO_STANDARD_TRADE,False
2025-10-07,BHARTIARTL,Telecommunication,LONG,21.9935,62.2657,40.2722,78.2896,ENTERABLE_TIER_B,TRIGGERED,98.5,FULL,,SIDEWAYS,SIDEWAYS,LOW,1929.0,54.61946786321751,-37.14063714063709,1.1651933899426088,1.1307216253751773,-0.074932604646067,30.06428571428572,62.3715,37.6285,73.9115,61.416,81.1857,73.9115,77.3818,18.8143,MEDIUM,RESEARCH_ONLY_NO_STANDARD_TRADE,False
2025-10-07,INDUSTOWER,Telecommunication,LONG,31.929,66.3946,34.4656,76.6858,ENTERABLE_TIER_B,TRIGGERED,97.2931,FULL,,,SIDEWAYS,LOW,357.9,55.79969377578796,-24.276169265033563,-0.2058137097459292,0.957008495249173,0.163324159579018,7.9607142857142845,62.3715,37.6285,65.8322,63.5711,81.1857,65.8322,90.4531,18.8143,MEDIUM,UPGRADE_OFACTOR_REQUIRED,False
2025-10-07,IRFC,Financial Services,LONG,27.1035,64.7327,37.6292,80.2558,ENTERABLE_TIER_B,TRIGGERED,98.5,FULL,,TRANSITION,SIDEWAYS,LOW,127.08,53.63522141381122,-40.581270182992455,-0.4452960941796673,1.1965868004630031,-0.155560327274701,2.3999999999999986,62.3715,37.6285,79.8611,66.1667,76.448,79.8611,93.1667,23.552,MEDIUM,RESEARCH_ONLY_NO_STANDARD_TRADE,False
2025-10-07,RVNL,Construction,LONG,45.3765,74.1987,28.8222,75.3803,ENTERABLE_TIER_B,TRIGGERED,97.2931,FULL,,,SIDEWAYS,LOW,354.85,58.61256634976684,-44.37869822485206,1.3052172332735237,1.1327154181673154,0.6086793620065839,9.31071428571428,62.3715,37.6285,47.5515,66.2754,78.5934,47.5515,94.415,21.4067,MEDIUM,WAIT_FOR_XFACTOR,False
2025-10-07,TATASTEEL,Metals & Mining,LONG,21.9879,61.6464,39.6585,85.247,ENTERABLE_TIER_B,TRIGGERED,98.5,FULL,,SIDEWAYS,SIDEWAYS,LOW,171.43,56.60746771298773,-38.44367015098719,4.246395876324661,0.9334253146627286,1.0432800964736757,3.1657142857142877,62.3715,37.6285,81.4365,86.9856,71.3618,81.4365,90.2708,28.6382,MEDIUM,RESEARCH_ONLY_NO_STANDARD_TRADE,False
2025-10-08,AFCONS,OTHER,LONG,25.0105,62.2046,37.1941,75.4163,ENTERABLE_TIER_B,TRIGGERED,97.2931,FULL,,,SIDEWAYS,LOW,459.0,60.464200379680754,-40.150564617314906,4.442205097360063,1.70483485572503,1.0257550112834708,12.992857142857142,59.1833,40.8167,66.3918,73.37,51.8,66.3918,81.8362,48.2,LOW,RESEARCH_ONLY_NO_STANDARD_TRADE,False
2025-10-08,CESC,OTHER,LONG,23.8219,61.1436,37.3217,79.8997,ENTERABLE_TIER_B,TRIGGERED,97.2931,FULL,,,SIDEWAYS,LOW,166.19,53.8779968116114,-52.648475120385214,0.8577675565021682,1.4585244539810185,0.2866837121309159,4.745714285714284,59.1833,40.8167,82.4403,73.534,51.8,82.4403,77.5798,48.2,LOW,RESEARCH_ONLY_NO_STANDARD_TRADE,False
2025-10-08,CIEINDIA,OTHER,LONG,22.8699,57.6685,34.7986,81.3051,ENTERABLE_TIER_B,TRIGGERED,97.2931,FULL,,,SIDEWAYS,LOW,418.15,53.26244946183221,-59.21951219512199,0.8548841590725528,2.4976223290380486,0.3927618428532212,14.660714285714278,59.1833,40.8167,94.7933,75.0353,51.8,94.7933,67.6687,48.2,LOW,RESEARCH_ONLY_NO_STANDARD_TRADE,False
2025-10-08,PCBL,OTHER,LONG,15.1906,56.6492,41.4586,80.3119,ENTERABLE_TIER_B,TRIGGERED,97.2931,FULL,,,SIDEWAYS,LOW,388.15,52.03164853826212,-69.2942254812099,-0.2514952405451438,1.4919566442113257,-0.4410898957153181,11.017857142857148,59.1833,40.8167,94.3879,59.8833,51.8,94.3879,78.7618,48.2,LOW,RESEARCH_ONLY_NO_STANDARD_TRADE,False
2025-10-09,GRASIM,Construction Materials,LONG,6.7228,53.069,46.3462,83.9325,ENTERABLE_TIER_B,TRIGGERED,98.5,FULL,,SIDEWAYS,SIDEWAYS,LOW,2810.6,52.53978508465292,-47.69596199524945,1.02068182051421,0.8381041691572723,-0.0726158103076346,51.57857142857146,60.4952,39.5048,96.5102,74.8733,42.7639,96.5102,94.804,57.236,LOW,RESEARCH_ONLY_NO_STANDARD_TRADE,False
2025-10-09,INFY,Information Technology,LONG,14.1519,56.7519,42.6,76.6797,ENTERABLE_TIER_B,TRIGGERED,98.5,FULL,,SIDEWAYS,SIDEWAYS,LOW,1509.3,55.80410145061385,-33.8983050847458,0.4086886172476881,0.8537047783677673,-0.3433402293688919,29.22857142857143,60.4952,39.5048,55.7853,69.4819,54.9194,55.7853,93.5679,45.0806,LOW,RESEARCH_ONLY_NO_STANDARD_TRADE,False
2025-10-09,JSL,Metals & Mining,LONG,29.8276,62.2313,32.4037,82.3956,ENTERABLE_TIER_B,TRIGGERED,97.2931,FULL,,,SIDEWAYS,LOW,770.15,52.16642778169755,-51.41651597347802,3.854279169298532,0.765330512078945,0.3499652667407953,25.41071428571426,60.4952,39.5048,91.5062,70.6423,78.2064,91.5062,97.0878,21.7936,MEDIUM,RESEARCH_ONLY_NO_STANDARD_TRADE,False
2025-10-09,NHPC,Power,LONG,18.4367,59.1622,40.7255,78.394,ENTERABLE_TIER_B,TRIGGERED,97.2931,FULL,,,SIDEWAYS,LOW,86.67,56.77874147932037,-44.6584938704028,2.706396371544668,0.8796087843377662,1.098302684456959,1.7514285714285722,60.4952,39.5048,83.0805,66.6558,43.6842,83.0805,66.8842,56.3158,LOW,RESEARCH_ONLY_NO_STANDARD_TRADE,False
2025-10-10,GRASIM,Construction Materials,LONG,0.7576,52.1825,51.4249,85.7937,ENTERABLE_TIER_B,TRIGGERED,98.5,FULL,,SIDEWAYS,SIDEWAYS,LOW,2811.0,52.61878242334913,-47.50593824228029,1.0013355856054174,1.16215924270849,-0.0261022890291735,51.68571428571431,60.4195,39.5805,96.7754,82.4323,46.98,96.7754,83.1288,53.02,LOW,RESEARCH_ONLY_NO_STANDARD_TRADE,False
2025-10-10,HFCL,OTHER,LONG,25.0746,63.7928,38.7182,75.7209,ENTERABLE_TIER_B,TRIGGERED,97.2931,FULL,,,SIDEWAYS,LOW,76.04,55.24255209401498,-27.863247863247743,0.6015104665047797,1.139124729726971,0.3236241177868659,2.480714285714289,60.4195,39.5805,65.6954,72.7498,50.9943,65.6954,73.7172,49.0057,LOW,RESEARCH_ONLY_NO_STANDARD_TRADE,False
2025-10-10,IRFC,Financial Services,LONG,14.5722,58.0384,43.4662,84.5266,ENTERABLE_TIER_B,TRIGGERED,98.5,FULL,,SIDEWAYS,SIDEWAYS,LOW,126.5,52.07912945593547,-44.369369369369366,-0.7295936213802906,0.9227514319729594,-0.149026363418771,2.5449999999999995,60.4195,39.5805,95.3373,72.0236,70.9541,95.3373,88.998,29.0459,MEDIUM,RESEARCH_ONLY_NO_STANDARD_TRADE,False
2025-10-10,TEJASNET,OTHER,LONG,3.1818,50.6149,47.4331,81.8896,ENTERABLE_TIER_B,TRIGGERED,97.2931,FULL,,,SIDEWAYS,LOW,600.3,52.72548152750736,-43.28657314629265,-2.0485608666462225,1.165029108723376,-0.1779873801897568,15.742857142857124,60.4195,39.5805,85.062,83.9927,50.9943,85.062,78.784,49.0057,LOW,RESEARCH_ONLY_NO_STANDARD_TRADE,False
2025-10-10,WELSPUNLIV,OTHER,LONG,9.8012,49.2313,39.4301,67.8335,ENTERABLE_TIER_B,TRIGGERED,97.2931,FULL,,,SIDEWAYS,LOW,122.77,56.797686902327456,-20.61068702290081,0.3025532597092241,0.9773914781847024,-0.4775112380661498,3.190000000000001,60.4195,39.5805,42.8945,50.2194,50.9943,42.8945,90.8464,49.0057,LOW,RESEARCH_ONLY_NO_STANDARD_TRADE,False
2025-10-13,GVT&D,Capital Goods,LONG,23.4862,60.389,36.9028,86.3545,ENTERABLE_TIER_B,TRIGGERED,97.2931,FULL,,,SIDEWAYS,LOW,3028.5,55.60984128162722,-55.94671741198857,8.661907550569904,1.064086021011829,2.181214883135248,96.02857142857148,57.3934,42.6066,91.0547,92.9188,51.4086,91.0547,83.9631,48.5914,LOW,RESEARCH_ONLY_NO_STANDARD_TRADE,False
2025-10-13,HEG,OTHER,LONG,16.4031,52.5132,36.1101,79.8369,ENTERABLE_TIER_B,TRIGGERED,97.2931,FULL,,,SIDEWAYS,LOW,519.45,53.26961591903496,-63.37325349301394,1.945556602813833,0.762651875847129,0.7037006289065495,17.171428571428585,57.3934,42.6066,88.576,69.1348,48.4132,88.576,93.1281,51.5868,LOW,RESEARCH_ONLY_NO_STANDARD_TRADE,False
2025-10-13,TATASTEEL,Metals & Mining,LONG,21.5582,60.9189,39.3607,81.4208,ENTERABLE_TIER_B,TRIGGERED,98.5,FULL,,SIDEWAYS,SIDEWAYS,LOW,173.03,56.75165103571586,-40.9751924721984,4.487701503867737,0.7966324402126834,1.2161239815735363,3.6092857142857135,57.3934,42.6066,70.3081,76.505,69.1415,70.3081,91.4665,30.8585,LOW,RESEARCH_ONLY_NO_STANDARD_TRADE,False
2025-10-14,KPIL,OTHER,LONG,4.8521,51.2158,46.3637,73.9649,ENTERABLE_TIER_B,TRIGGERED,97.2931,FULL,,,SIDEWAYS,LOW,1272.4,55.42572258223337,-14.039735099337628,3.2730891611041018,1.5908626888195174,0.1652341200032779,29.664285714285743,51.0452,48.9548,63.2442,77.8859,40.8015,63.2442,85.7067,59.1985,LOW,RESEARCH_ONLY_NO_STANDARD_TRADE,False
2025-10-14,LICI,Financial Services,LONG,19.2933,59.9622,40.6689,81.1167,ENTERABLE_TIER_B,TRIGGERED,98.5,FULL,,TRANSITION,SIDEWAYS,LOW,902.0,54.81777587215732,-37.16283716283716,0.8985636236629679,1.405510012612715,0.3828370201523247,14.514285714285718,51.0452,48.9548,72.0276,80.7087,58.1546,72.0276,88.9764,41.8454,LOW,RESEARCH_ONLY_NO_STANDARD_TRADE,False
2025-10-14,TVSMOTOR,Automobile and Auto Components,LONG,16.4136,56.9351,40.5215,82.1331,ENTERABLE_TIER_B,TRIGGERED,98.5,FULL,,SIDEWAYS,SIDEWAYS,LOW,3505.0,61.43609249578847,-21.12192329708073,6.645843160536941,0.9629593252384868,1.1151209971396094,65.07142857142864,51.0452,48.9548,78.2188,81.067,45.0992,78.2188,92.0088,54.9008,LOW,RESEARCH_ONLY_NO_STANDARD_TRADE,False
2025-10-15,AFCONS,OTHER,LONG,14.5903,59.528,44.9377,81.7428,ENTERABLE_TIER_B,TRIGGERED,97.2931,FULL,,,SIDEWAYS,LOW,457.0,55.247511556835065,-50.62146892655362,3.2387509608851794,2.0361281280692847,1.1053082770798892,12.803571428571423,58.4549,41.5451,88.1934,81.2552,42.569,88.1934,90.94,57.431,LOW,RESEARCH_ONLY_NO_STANDARD_TRADE,False
2025-10-15,ANURAS,OTHER,LONG,23.5163,64.769,41.2527,64.3703,ENTERABLE_TIER_B,TRIGGERED,97.2931,FULL,,,SIDEWAYS,LOW,1131.8,59.29830494523012,-13.052208835341377,3.2087530379719054,1.814446231048121,0.0659213885351652,33.20714285714288,58.4549,41.5451,23.5104,46.0357,42.569,23.5104,84.3407,57.431,LOW,RESEARCH_ONLY_NO_STANDARD_TRADE,False
2025-10-15,BEL,Capital Goods,LONG,12.4719,56.5205,44.0486,81.328,ENTERABLE_TIER_B,TRIGGERED,98.5,FULL,,SIDEWAYS,SIDEWAYS,LOW,408.1,55.180607977391546,-32.25108225108217,3.58806826591457,0.7683373404694245,1.1517814907861992,9.089285714285705,58.4549,41.5451,88.0262,77.556,43.8265,88.0262,90.5383,56.1735,LOW,RESEARCH_ONLY_NO_STANDARD_TRADE,False
2025-10-15,BPCL,Oil Gas & Consumable Fuels,LONG,35.854,71.4581,35.6041,81.8177,ENTERABLE_TIER_B,TRIGGERED,98.5,FULL,,UPWARD,SIDEWAYS,LOW,337.9,56.37722778773046,-46.70231729055265,3.151916177588429,2.2076389241539447,1.2929903318445086,8.185714285714283,58.4549,41.5451,76.1984,71.4136,68.0016,76.1984,86.0733,31.9984,LOW,UPGRADE_OFACTOR_REQUIRED,False
2025-10-15,CARTRADE,OTHER,LONG,27.8604,60.9554,33.095,79.0984,ENTERABLE_TIER_B,TRIGGERED,97.2931,FULL,,,SIDEWAYS,LOW,2487.8,53.3701116772453,-65.39862403885066,7.391996790382775,0.8398138701652864,0.9035967732981988,87.88571428571433,58.4549,41.5451,80.7894,70.2341,42.569,80.7894,92.1717,57.431,LOW,RESEARCH_ONLY_NO_STANDARD_TRADE,False
2025-10-15,CGPOWER,Capital Goods,LONG,2.2884,48.9023,46.6139,83.6037,ENTERABLE_TIER_B,TRIGGERED,98.5,FULL,,TRANSITION,SIDEWAYS,LOW,757.3,55.19581701976812,-43.07692307692319,4.258540173953658,0.8688148955898544,0.5079554533386509,15.303571428571429,58.4549,41.5451,99.9782,66.8051,43.8265,99.9782,94.2497,56.1735,LOW,RESEARCH_ONLY_NO_STANDARD_TRADE,False
2025-10-15,ESCORTS,Capital Goods,LONG,18.5256,56.9107,38.3851,71.7861,ENTERABLE_TIER_B,TRIGGERED,97.2931,FULL,,,SIDEWAYS,LOW,3682.6,55.48304316412282,-17.768595041322385,3.639572897379817,0.7430631501489865,0.1387042194138791,108.40000000000006,58.4549,41.5451,59.4496,70.2214,43.8265,59.4496,97.2694,56.1735,LOW,RESEARCH_ONLY_NO_STANDARD_TRADE,False
2025-10-15,GRASIM,Construction Materials,LONG,11.8286,56.2663,44.4377,80.6345,ENTERABLE_TIER_B,TRIGGERED,98.5,FULL,,SIDEWAYS,SIDEWAYS,LOW,2816.8,53.62966429449659,-12.358703843255206,1.162248705941065,0.912854356984424,-0.0209025313130136,49.22857142857148,58.4549,41.5451,84.9139,65.386,46.7656,84.9139,93.4185,53.2344,LOW,RESEARCH_ONLY_NO_STANDARD_TRADE,False
2025-10-15,IDEA,Telecommunication,LONG,53.2483,73.29,20.0417,78.2506,ENTERABLE_TIER_B,TRIGGERED,97.2931,FULL,,,SIDEWAYS,LOW,8.75,56.94768988511089,-43.33333333333335,12.197365476820906,0.7760456168643357,3.925031995939524,0.4649999999999997,58.4549,41.5451,69.319,67.3118,74.8245,69.319,93.9785,25.1755,LOW,UPGRADE_OFACTOR_REQUIRED,False
2025-10-15,NMDC,Metals & Mining,LONG,21.2405,61.2228,39.9823,85.7652,ENTERABLE_TIER_B,TRIGGERED,97.2931,FULL,,,SIDEWAYS,LOW,76.71,54.30831263600648,-53.82978723404271,3.377132363725771,0.7616488472372072,0.9976419269558572,1.7864285714285708,58.4549,41.5451,94.8127,80.072,66.3887,94.8127,90.5958,33.6113,LOW,RESEARCH_ONLY_NO_STANDARD_TRADE,False
2025-10-16,AFCONS,OTHER,LONG,13.6205,57.7274,44.1069,79.3909,ENTERABLE_TIER_B,TRIGGERED,97.2931,FULL,,,SIDEWAYS,LOW,459.2,56.88387414332796,-45.64971751412427,3.6108835314373193,1.5488429155437375,1.06830163324557,12.189285714285708,61.4307,38.5693,77.0017,82.9358,42.2532,77.0017,94.0932,57.7468,LOW,RESEARCH_ONLY_NO_STANDARD_TRADE,False
2025-10-16,GAIL,Oil Gas & Consumable Fuels,LONG,4.4226,52.8145,48.3919,82.0378,ENTERABLE_TIER_B,TRIGGERED,98.5,FULL,,SIDEWAYS,SIDEWAYS,LOW,179.17,53.13973041459966,-35.49180327868866,0.3974043344415083,1.3503247222302048,0.151440036227264,3.750714285714289,61.4307,38.5693,73.1607,77.9242,66.6048,73.1607,82.6166,33.3952,MEDIUM,RESEARCH_ONLY_NO_STANDARD_TRADE,False
2025-10-16,HEG,OTHER,LONG,11.9489,50.9415,38.9926,79.9524,ENTERABLE_TIER_B,TRIGGERED,97.2931,FULL,,,SIDEWAYS,LOW,521.35,53.97625733443166,-59.58083832335331,2.1760841823019548,0.91893192486438,0.5645201546004316,17.957142857142866,61.4307,38.5693,83.4421,79.3954,42.2532,83.4421,88.751,57.7468,LOW,RESEARCH_ONLY_NO_STANDARD_TRADE,False
2025-10-16,M&M,Automobile and Auto Components,LONG,11.782,54.1222,42.3402,71.784,ENTERABLE_TIER_B,TRIGGERED,98.5,FULL,,SIDEWAYS,SIDEWAYS,LOW,3560.8,59.07593514010054,-6.828193832598922,4.774906858860662,1.0306529939785494,0.2202436044372677,70.91428571428575,61.4307,38.5693,41.5351,64.7462,44.1945,41.5351,93.0056,55.8055,LOW,RESEARCH_ONLY_NO_STANDARD_TRADE,False
2025-10-16,MOTHERSON,Automobile and Auto Components,LONG,0.8827,47.7644,46.8817,77.6338,ENTERABLE_TIER_B,TRIGGERED,98.5,FULL,,SIDEWAYS,SIDEWAYS,LOW,107.27,56.82248664973547,-16.97612732095494,-1.264275828440894,1.079809392974361,0.3320129100894093,2.452142857142857,61.4307,38.5693,72.2827,57.9144,44.1945,72.2827,79.1203,55.8055,LOW,RESEARCH_ONLY_NO_STANDARD_TRADE,False
2025-10-16,RRKABEL,OTHER,LONG,13.7307,52.7398,39.0091,72.4068,ENTERABLE_TIER_B,TRIGGERED,97.2931,FULL,,,SIDEWAYS,LOW,1277.5,56.20702278140527,-14.679715302491092,1.2346964266431824,0.7625315791466734,0.4042483187169099,31.96428571428573,61.4307,38.5693,63.8764,69.5911,42.2532,63.8764,97.1218,57.7468,LOW,RESEARCH_ONLY_NO_STANDARD_TRADE,False
2025-10-16,SOBHA,OTHER,LONG,6.7403,48.5972,41.8569,73.709,ENTERABLE_TIER_B,TRIGGERED,97.2931,FULL,,,SIDEWAYS,LOW,1546.5,57.33496559657375,-14.781491002570704,2.39643681708116,1.2853845044674133,-0.8316015438750906,50.7214285714286,61.4307,38.5693,62.363,66.5625,42.2532,62.363,94.1642,57.7468,LOW,RESEARCH_ONLY_NO_STANDARD_TRADE,False
2025-10-17,COALINDIA,Oil Gas & Consumable Fuels,LONG,1.4891,47.6045,46.1154,81.9013,ENTERABLE_TIER_B,TRIGGERED,98.5,FULL,,TRANSITION,SIDEWAYS,LOW,388.8,53.79627899912658,-40.802675585284085,0.4966549507218507,0.7933584557800601,-0.2246171767156534,5.157142857142852,62.4884,37.5116,81.6113,72.4654,61.1885,81.6113,94.5706,38.8115,LOW,RESEARCH_ONLY_NO_STANDARD_TRADE,False
2025-10-20,ACE,OTHER,LONG,7.4317,49.8455,42.4138,64.8883,ENTERABLE_TIER_B,TRIGGERED,97.2931,FULL,,,SIDEWAYS,LOW,1112.5,57.187747889855565,-5.223880597014926,0.988838594315588,1.340493472681784,-0.1849198345457041,21.29285714285717,63.752,36.248,36.0505,48.7152,41.715,36.0505,93.425,58.285,LOW,RESEARCH_ONLY_NO_STANDARD_TRADE,False
2025-10-20,BPCL,Oil Gas & Consumable Fuels,LONG,20.7124,59.335,38.6226,86.6216,ENTERABLE_TIER_B,TRIGGERED,98.5,FULL,,TRANSITION,SIDEWAYS,LOW,337.7,55.89136944201712,-65.35626535626534,2.8282998926910463,0.8462998068437619,0.994972479146084,7.353571428571428,63.752,36.248,89.2116,88.033,65.9102,89.2116,87.2171,34.0898,MEDIUM,RESEARCH_ONLY_NO_STANDARD_TRADE,False
2025-10-20,JUBLPHARMA,OTHER,LONG,0.3069,47.8867,47.5798,75.5327,ENTERABLE_TIER_B,TRIGGERED,97.2931,FULL,,,SIDEWAYS,LOW,1096.3,51.4013775067038,-41.38888888888893,0.043707343589275,1.0607189817930522,-0.1936345905375442,33.32142857142859,63.752,36.248,82.4937,71.0697,41.715,82.4937,93.3976,58.285,LOW,RESEARCH_ONLY_NO_STANDARD_TRADE,False
2025-10-20,NBCC,OTHER,LONG,18.2938,58.6309,40.3371,70.2677,ENTERABLE_TIER_B,TRIGGERED,97.2931,FULL,,,SIDEWAYS,LOW,113.48,56.95085633563603,-18.80977683315618,3.697465652963437,0.8091552110012158,1.127473303597358,3.1585714285714306,63.752,36.248,50.6106,69.9864,41.715,50.6106,94.5545,58.285,LOW,RESEARCH_ONLY_NO_STANDARD_TRADE,False
2025-10-20,YESBANK,Financial Services,LONG,35.5634,66.653,31.0896,76.0116,ENTERABLE_TIER_B,TRIGGERED,97.2931,FULL,,,SIDEWAYS,LOW,22.64,57.85238098834714,-51.39318885448916,7.510357680451774,1.2274470835456686,2.841051184608636,0.6421428571428566,63.752,36.248,50.634,68.8543,62.4192,50.634,80.0667,37.5808,MEDIUM,UPGRADE_OFACTOR_REQUIRED,False
2025-10-23,CARTRADE,OTHER,LONG,13.1862,54.4445,41.2583,76.4837,ENTERABLE_TIER_B,TRIGGERED,97.2931,FULL,,,TRANSITION,LOW,2518.4,55.84896478500063,-44.37772925764182,7.514322547678971,0.9014072349786958,0.817484707012188,78.5714285714286,72.7839,27.2161,64.3636,76.6327,47.7448,64.3636,58.6109,52.2552,LOW,RESEARCH_ONLY_NO_STANDARD_TRADE,False
2025-10-23,CHOLAHLDNG,OTHER,LONG,1.3733,54.135,52.7617,70.4016,ENTERABLE_TIER_B,TRIGGERED,97.2931,FULL,,,TRANSITION,LOW,1896.1,53.12076995277598,-28.41163310961976,0.8072034717809405,1.8914600966475037,-0.0828754455489707,54.01428571428572,72.7839,27.2161,69.9524,50.1613,47.7448,69.9524,90.5951,52.2552,LOW,RESEARCH_ONLY_NO_STANDARD_TRADE,False
2025-10-23,LICI,Financial Services,LONG,3.5782,52.6562,49.078,82.3627,ENTERABLE_TIER_B,TRIGGERED,98.5,FULL,,SIDEWAYS,TRANSITION,LOW,899.95,53.83521529740203,-56.575342465753366,0.6732116682212118,1.6497313642960771,0.127149798360633,12.46071428571428,72.7839,27.2161,80.9267,77.6899,65.0054,80.9267,84.1101,34.9945,MEDIUM,RESEARCH_ONLY_NO_STANDARD_TRADE,False
2025-10-23,TIINDIA,Automobile and Auto Components,LONG,5.1263,48.59,43.4637,69.3234,ENTERABLE_TIER_B,TRIGGERED,97.2931,FULL,,,TRANSITION,LOW,3206.4,54.65804033151083,-21.78841309823669,2.930551229268192,1.037844743505541,-0.0629882803326631,72.6285714285715,72.7839,27.2161,50.0243,48.6153,47.3405,50.0243,95.8143,52.6595,LOW,RESEARCH_ONLY_NO_STANDARD_TRADE,False
2025-10-24,CHENNPETRO,OTHER,LONG,23.9447,64.05,40.1053,84.8512,ENTERABLE_TIER_B,TRIGGERED,97.2931,FULL,,,SIDEWAYS,LOW,772.35,53.73026847350929,-60.89405139035548,5.329250385730522,1.4194931582671813,0.8901442932867131,32.48571428571431,70.7146,29.2854,99.1483,68.54,49.2593,99.1483,91.1961,50.7406,LOW,RESEARCH_ONLY_NO_STANDARD_TRADE,False
2025-10-24,HINDCOPPER,OTHER,LONG,41.0207,69.9382,28.9175,78.9004,ENTERABLE_TIER_B,TRIGGERED,97.2931,FULL,,,SIDEWAYS,LOW,343.1,59.99814413536147,-60.70460704607044,15.71214262051706,0.7690024645498837,4.210601957472706,14.74642857142857,70.7146,29.2854,73.9372,67.721,49.2593,73.9372,94.8462,50.7406,LOW,UPGRADE_OFACTOR_REQUIRED,False
2025-10-24,PETRONET,Oil Gas & Consumable Fuels,LONG,8.5484,54.1496,45.6012,77.5456,ENTERABLE_TIER_B,TRIGGERED,97.2931,FULL,,,SIDEWAYS,LOW,281.05,53.48103218490637,-57.49999999999993,-0.238349652087536,0.9850571443591446,0.1338897791840423,5.039285714285711,70.7146,29.2854,68.6464,69.4401,57.2502,68.6464,84.5216,42.7497,LOW,RESEARCH_ONLY_NO_STANDARD_TRADE,False
2025-10-24,PFOCUS,OTHER,LONG,3.6116,48.3085,44.6969,75.6158,ENTERABLE_TIER_B,TRIGGERED,97.2931,FULL,,,SIDEWAYS,LOW,178.49,55.41992532354793,-44.89038785834739,7.090619704026113,1.448169711118338,-0.3777236686496663,8.045714285714286,70.7146,29.2854,68.882,60.625,49.2593,68.882,79.0696,50.7406,LOW,RESEARCH_ONLY_NO_STANDARD_TRADE,False
2025-10-27,IOB,OTHER,LONG,19.5733,57.9032,38.3299,70.9461,ENTERABLE_TIER_B,TRIGGERED,97.2931,FULL,,,TRANSITION,LOW,40.38,54.7360607194673,-42.388059701492445,2.905757792267368,1.0341140029208895,0.6046361978025013,1.2814285714285714,80.2362,19.7638,58.1457,70.9699,55.2882,58.1457,80.6466,44.7118,LOW,RESEARCH_ONLY_NO_STANDARD_TRADE,False
2025-10-27,LICI,Financial Services,LONG,12.7646,54.495,41.7304,81.7605,ENTERABLE_TIER_B,TRIGGERED,98.5,FULL,,SIDEWAYS,TRANSITION,LOW,897.65,52.1452319683152,-62.87671232876725,0.4174641988818058,1.0018970775068994,0.0884289468182338,13.053571428571429,80.2362,19.7638,94.7779,62.922,69.5752,94.7779,90.3475,30.4248,MEDIUM,RESEARCH_ONLY_NO_STANDARD_TRADE,False
2025-10-27,NSLNISP,OTHER,LONG,21.4319,57.0642,35.6323,71.3259,ENTERABLE_TIER_B,TRIGGERED,97.2931,FULL,,,TRANSITION,LOW,45.61,57.18604600425994,-30.415754923413576,6.128093269073939,1.2384014967804893,0.1920420916615157,1.152857142857144,80.2362,19.7638,51.9166,67.0384,55.2882,51.9166,95.1425,44.7118,LOW,RESEARCH_ONLY_NO_STANDARD_TRADE,False
2025-10-27,TITAGARH,OTHER,LONG,12.6524,55.2279,42.5755,73.2585,ENTERABLE_TIER_B,TRIGGERED,97.2931,FULL,,,TRANSITION,LOW,895.9,52.31727675625849,-50.92150170648473,1.1064194595143864,1.1676295251907471,-0.2972146841830846,20.985714285714284,80.2362,19.7638,76.4999,53.0157,55.2882,76.4999,92.1852,44.7118,LOW,RESEARCH_ONLY_NO_STANDARD_TRADE,False
2025-10-28,BHEL,Capital Goods,LONG,10.8155,60.0662,49.2507,85.6115,ENTERABLE_TIER_B,TRIGGERED,97.2931,FULL,,,TRANSITION,LOW,237.34,54.40779183437444,-51.310861423220935,1.3526964279915348,1.7481919122661542,0.241686446351562,4.899285714285715,84.9978,15.0022,97.6323,74.5269,54.1125,97.6323,90.5292,45.8876,LOW,RESEARCH_ONLY_NO_STANDARD_TRADE,False
2025-10-28,IFCI,OTHER,LONG,5.9283,48.9163,42.988,81.964,ENTERABLE_TIER_B,TRIGGERED,97.2931,FULL,,,TRANSITION,LOW,56.37,51.65773056329784,-65.55386949924132,0.5839291402878388,0.8502289528219202,0.1100090537656293,1.7942857142857136,84.9978,15.0022,92.5133,77.2611,61.343,92.5133,77.707,38.657,LOW,RESEARCH_ONLY_NO_STANDARD_TRADE,False
2025-10-28,LICI,Financial Services,LONG,13.7427,56.879,43.1363,87.2169,ENTERABLE_TIER_B,TRIGGERED,98.5,FULL,,SIDEWAYS,TRANSITION,LOW,899.9,53.454516671316,-56.71232876712341,0.6474393520069108,2.5957194201029883,0.1245655232770951,13.878571428571432,84.9978,15.0022,90.8732,87.4627,75.4103,90.8732,40.3397,24.5897,LOW,RESEARCH_ONLY_NO_STANDARD_TRADE,False
2025-10-28,NYKAA,Consumer Services,LONG,28.3896,62.9246,34.535,81.2615,ENTERABLE_TIER_B,TRIGGERED,97.2931,FULL,,,TRANSITION,LOW,256.86,56.45882139553401,-61.40161725067375,7.3376405468856065,0.8949035014639863,1.679597733810211,6.88142857142857,84.9978,15.0022,73.8669,81.748,54.6814,73.8669,84.6543,45.3186,LOW,RESEARCH_ONLY_NO_STANDARD_TRADE,False
2025-10-28,SRF,Chemicals,LONG,10.9798,57.2011,46.2213,85.9014,ENTERABLE_TIER_B,TRIGGERED,97.2931,FULL,,,TRANSITION,LOW,3027.7,50.764736687037846,-71.88485804416413,1.0482594434742425,1.775035718511557,1.2932938343232,70.0285714285715,84.9978,15.0022,93.6693,81.8931,54.6928,93.6693,91.3749,45.3072,LOW,RESEARCH_ONLY_NO_STANDARD_TRADE,False
2025-10-29,AARTIIND,OTHER,LONG,25.2411,61.1542,35.9131,65.8697,ENTERABLE_TIER_B,TRIGGERED,97.2931,FULL,,,UPWARD,LOW,385.85,56.13850511079245,-11.94444444444432,-1.183169355559906,1.5541879471847255,-0.2609930002572651,7.414285714285711,97.2932,2.7068,27.8645,56.7187,75.7374,27.8645,88.4008,24.2626,LOW,RESEARCH_ONLY_NO_STANDARD_TRADE,False
2025-10-29,AFCONS,OTHER,LONG,21.5906,55.8085,34.2179,82.056,ENTERABLE_TIER_B,TRIGGERED,97.2931,FULL,,,UPWARD,LOW,453.3,53.54799113084445,-61.62927981109796,2.113341294129192,0.8325754977422992,0.0080457650506089,9.557142857142852,97.2932,2.7068,95.1345,76.3528,75.7374,95.1345,88.9088,24.2626,HIGH,RESEARCH_ONLY_NO_STANDARD_TRADE,False
2025-10-29,AUROPHARMA,Healthcare,LONG,13.3526,57.9873,44.6347,81.1793,ENTERABLE_TIER_B,TRIGGERED,97.2931,FULL,,,UPWARD,LOW,1111.7,55.31280345303524,-50.39246467817878,1.1978018424557382,1.1821662505038404,0.2599282374145513,23.72857142857143,97.2932,2.7068,72.5366,78.0855,70.9545,72.5366,81.6255,29.0455,MEDIUM,RESEARCH_ONLY_NO_STANDARD_TRADE,False
2025-10-29,IFCI,OTHER,LONG,28.0701,61.2721,33.202,77.9847,ENTERABLE_TIER_B,TRIGGERED,97.2931,FULL,,,UPWARD,LOW,57.07,54.62335193394826,-41.76470588235298,1.772799154930688,0.8463209064873939,0.2387029928017965,1.6071428571428563,97.2932,2.7068,70.7763,73.3689,75.7374,70.7763,90.5422,24.2626,HIGH,RESEARCH_ONLY_NO_STANDARD_TRADE,False
2025-10-29,SYRMA,OTHER,LONG,23.5104,62.1239,38.6135,81.3842,ENTERABLE_TIER_B,TRIGGERED,97.2931,FULL,,,UPWARD,LOW,816.95,53.96745452853517,-38.34304746044958,6.098388832909348,1.293402834747732,-0.4687598408153604,29.74285714285714,97.2932,2.7068,70.8726,78.8184,75.7374,70.8726,86.8204,24.2626,MEDIUM,RESEARCH_ONLY_NO_STANDARD_TRADE,False
2025-10-30,GMDCLTD,OTHER,LONG,11.268,53.4607,42.1927,87.7096,ENTERABLE_TIER_B,TRIGGERED,97.2931,FULL,,,UPWARD,LOW,595.1,55.90997247709305,-60.497835497835496,11.703165561342692,0.8946042683781875,1.4564240051067847,23.02142857142857,92.0457,7.9543,95.4246,82.6249,75.9531,95.4246,82.7986,24.0469,MEDIUM,RESEARCH_ONLY_NO_STANDARD_TRADE,False
2025-10-30,MMTC,OTHER,LONG,34.6444,63.3428,28.6984,75.6093,ENTERABLE_TIER_B,TRIGGERED,97.2931,FULL,,,UPWARD,LOW,69.62,57.81908244384175,-54.60030165912508,4.030438274600068,0.9019632335187726,0.4789274919043328,2.0814285714285714,92.0457,7.9543,64.8158,71.1736,75.9531,64.8158,85.9712,24.0469,HIGH,RESEARCH_ONLY_NO_STANDARD_TRADE,False
2025-10-30,ONESOURCE,OTHER,LONG,9.1625,53.8258,44.6633,83.769,ENTERABLE_TIER_B,TRIGGERED,97.2931,FULL,,,UPWARD,LOW,1848.7,51.46888402763228,-36.52024117140388,-0.2059125708947559,1.410870402605698,-0.03041638135936,49.92142857142856,92.0457,7.9543,94.3044,85.0966,75.9531,94.3044,92.5483,24.0469,MEDIUM,RESEARCH_ONLY_NO_STANDARD_TRADE,False
2025-10-30,PFOCUS,OTHER,LONG,13.3731,53.7647,40.3916,76.6076,ENTERABLE_TIER_B,TRIGGERED,97.2931,FULL,,,UPWARD,LOW,177.65,53.549984939797305,-30.23809523809521,5.74252409624381,1.4382699022893228,0.2592436171381731,7.33,92.0457,7.9543,62.3101,67.4216,75.9531,62.3101,69.7135,24.0469,MEDIUM,RESEARCH_ONLY_NO_STANDARD_TRADE,False
2025-10-30,SYRMA,OTHER,LONG,29.1024,62.3494,33.247,78.4503,ENTERABLE_TIER_B,TRIGGERED,97.2931,FULL,,,UPWARD,LOW,823.15,55.15183650840417,-33.18068276436304,6.66604957672796,0.7561003842920665,-0.1550853045519102,29.39285714285713,92.0457,7.9543,62.7857,75.4362,75.9531,62.7857,90.8141,24.0469,MEDIUM,RESEARCH_ONLY_NO_STANDARD_TRADE,False
2025-10-30,VOLTAS,Consumer Durables,LONG,23.4705,58.0639,34.5934,81.2637,ENTERABLE_TIER_B,TRIGGERED,97.2931,FULL,,,UPWARD,LOW,1419.8,53.68026683380244,-44.85219164118251,2.3990667208960144,0.8185412201920744,0.9336688913717752,33.0642857142857,92.0457,7.9543,72.246,76.0467,77.8131,72.246,93.4673,22.1868,HIGH,RESEARCH_ONLY_NO_STANDARD_TRADE,False
2025-10-31,BDL,Capital Goods,LONG,12.55,56.2436,43.6936,85.9329,ENTERABLE_TIER_B,TRIGGERED,97.2931,FULL,,,TRANSITION,LOW,1529.9,49.95999102836042,-44.90481522956319,-1.726083614895653,1.560849714788744,-0.2378185832204759,36.52142857142864,87.6185,12.3815,91.7491,79.4093,66.8648,91.7491,81.2713,33.1352,MEDIUM,RESEARCH_ONLY_NO_STANDARD_TRADE,False
2025-10-31,GABRIEL,OTHER,LONG,27.7398,63.5482,35.8084,85.393,ENTERABLE_TIER_B,TRIGGERED,97.2931,FULL,,,TRANSITION,LOW,1273.9,52.41164730369084,-44.8962655601659,7.271406245840298,1.5857512303760526,0.6264275623104897,52.12857142857144,87.6185,12.3815,96.9243,87.7994,72.616,96.9243,58.4873,27.384,MEDIUM,RESEARCH_ONLY_NO_STANDARD_TRADE,False
2025-10-31,IOB,OTHER,LONG,7.4994,56.1165,48.6171,84.646,ENTERABLE_TIER_B,TRIGGERED,97.2931,FULL,,,TRANSITION,LOW,40.11,52.45818278726376,-50.447761194029866,1.8801964583471416,1.8092146103306863,0.662179694667289,1.2914285714285707,87.6185,12.3815,86.3717,89.7788,72.616,86.3717,63.4513,27.384,MEDIUM,RESEARCH_ONLY_NO_STANDARD_TRADE,False
2025-10-31,J&KBANK,OTHER,LONG,3.2778,51.3358,48.058,85.3894,ENTERABLE_TIER_B,TRIGGERED,97.2931,FULL,,,TRANSITION,LOW,106.13,51.79300710481678,-56.08695652173915,1.2807685522562728,1.4881421396697652,0.8205107117643127,2.9857142857142867,87.6185,12.3815,92.3525,94.7751,72.616,92.3525,60.2105,27.384,MEDIUM,RESEARCH_ONLY_NO_STANDARD_TRADE,False
2025-10-31,ONESOURCE,OTHER,LONG,6.3509,51.0779,44.727,82.6668,ENTERABLE_TIER_B,TRIGGERED,97.2931,FULL,,,TRANSITION,LOW,1854.1,52.57456441361739,-31.869078380706316,0.0828200816485855,1.1880479953405638,0.0280332422308536,49.25714285714285,87.6185,12.3815,91.4259,86.7633,72.616,91.4259,87.6566,27.384,MEDIUM,RESEARCH_ONLY_NO_STANDARD_TRADE,False
2025-10-31,SCHAEFFLER,Automobile and Auto Components,LONG,3.9315,49.0988,45.1673,79.3682,ENTERABLE_TIER_B,TRIGGERED,97.2931,FULL,,,TRANSITION,LOW,4021.4,52.08992495264432,-37.135837135837086,0.466235995812661,1.4131903101884455,-0.853347252869944,90.0857142857143,87.6185,12.3815,98.1869,56.6635,57.9285,98.1869,94.4053,42.0715,LOW,RESEARCH_ONLY_NO_STANDARD_TRADE,False
2025-10-31,YESBANK,Financial Services,LONG,35.261,69.9385,34.6775,85.8781,ENTERABLE_TIER_B,TRIGGERED,97.2931,FULL,,,TRANSITION,LOW,22.74,56.72353230112996,-69.19642857142864,6.125974427107311,1.4999793686503735,1.4989690149110717,0.5557142857142855,87.6185,12.3815,97.8406,66.1697,75.7701,97.8406,65.4499,24.2299,MEDIUM,UPGRADE_OFACTOR_REQUIRED,False
2025-11-03,AAVAS,OTHER,LONG,5.6581,46.4831,40.825,80.8913,ENTERABLE_TIER_B,TRIGGERED,97.2931,FULL,,,TRANSITION,LOW,1649.5,50.87694664113216,-53.120759837177765,-1.2184153742031247,1.0330427253282968,0.3541297662008245,38.59285714285716,81.1053,18.8947,87.6402,86.1114,68.1392,87.6402,73.052,31.8608,LOW,RESEARCH_ONLY_NO_STANDARD_TRADE,False
2025-11-03,APOLLOHOSP,Healthcare,LONG,30.4933,64.7766,34.2833,78.8897,ENTERABLE_TIER_B,TRIGGERED,98.5,FULL,,UPWARD,TRANSITION,LOW,7824.5,52.69435142857324,-61.3154960981048,1.922822516385826,1.1118457595245903,0.4221883009978456,126.57142857142856,81.1053,18.8947,89.7028,48.4876,64.1836,89.7028,93.5214,35.8165,LOW,RESEARCH_ONLY_NO_STANDARD_TRADE,False
2025-11-03,M&M,Automobile and Auto Components,LONG,16.5061,56.2696,39.7635,82.818,ENTERABLE_TIER_B,TRIGGERED,98.5,FULL,,SIDEWAYS,TRANSITION,LOW,3548.9,52.286814600269054,-51.249999999999964,2.8043810043225545,0.9343854213762618,0.4471620975353225,59.98571428571433,81.1053,18.8947,81.5678,74.7273,59.0442,81.5678,72.5935,40.9558,LOW,RESEARCH_ONLY_NO_STANDARD_TRADE,False
2025-11-03,MOTHERSON,Automobile and Auto Components,LONG,4.3478,49.7822,45.4344,84.1607,ENTERABLE_TIER_B,TRIGGERED,98.5,FULL,,SIDEWAYS,TRANSITION,LOW,105.57,49.72924671409548,-59.56204379562055,-2.186025811505486,0.7816912687219736,0.4343358896757663,2.4978571428571428,81.1053,18.8947,97.5979,71.976,59.0442,97.5979,91.5127,40.9558,LOW,RESEARCH_ONLY_NO_STANDARD_TRADE,False
2025-11-03,MOTILALOFS,Financial Services,LONG,48.2993,72.4404,24.1411,82.1227,ENTERABLE_TIER_B,TRIGGERED,97.2931,FULL,,,TRANSITION,LOW,1008.9,53.09538165300379,-56.59287776708372,5.953151629352648,1.0899724530889372,2.1605771384941286,34.94642857142856,81.1053,18.8947,87.8815,55.7036,74.859,87.8815,94.1625,25.141,MEDIUM,UPGRADE_OFACTOR_REQUIRED,False
2025-11-03,NMDC,Metals & Mining,LONG,3.3906,48.6747,45.2841,87.3161,ENTERABLE_TIER_B,TRIGGERED,97.2931,FULL,,,TRANSITION,LOW,75.92,52.15734780137783,-37.832310838445686,1.8205756273097164,1.092838045480695,0.0806020195229933,1.537857142857144,81.1053,18.8947,98.3093,83.8737,72.9976,98.3093,77.111,27.0024,LOW,RESEARCH_ONLY_NO_STANDARD_TRADE,False
2025-11-03,RECLTD,Financial Services,LONG,18.4104,60.8946,42.4842,78.4099,ENTERABLE_TIER_B,TRIGGERED,98.5,FULL,,SIDEWAYS,TRANSITION,LOW,379.2,53.16199692454327,-43.750000000000085,-0.0065343217596388,1.038687288288676,0.0955535367314192,7.710714285714289,81.1053,18.8947,64.7244,73.0245,74.859,64.7244,95.5906,25.141,MEDIUM,RESEARCH_ONLY_NO_STANDARD_TRADE,False
2025-11-03,YESBANK,Financial Services,LONG,33.0745,66.5847,33.5102,82.1219,ENTERABLE_TIER_B,TRIGGERED,97.2931,FULL,,,TRANSITION,LOW,22.97,59.37718838728946,-55.98086124401922,6.950987691532476,0.7623704441024133,1.4894430708336812,0.5664285714285712,81.1053,18.8947,77.4023,68.9281,74.859,77.4023,87.2888,25.141,MEDIUM,UPGRADE_OFACTOR_REQUIRED,False
2025-11-04,M&M,Automobile and Auto Components,LONG,14.2648,60.6854,46.4206,76.4348,ENTERABLE_TIER_B,TRIGGERED,98.5,FULL,,TRANSITION,TRANSITION,LOW,3581.2,55.56111816182239,-43.88888888888897,3.615037933743649,1.7314768664820743,0.4878096693881887,62.59285714285722,73.5463,26.4537,53.7487,71.8818,52.0267,53.7487,67.025,47.9733,LOW,RESEARCH_ONLY_NO_STANDARD_TRADE,False
2025-11-04,YESBANK,Financial Services,LONG,23.9065,62.1355,38.229,83.8549,ENTERABLE_TIER_B,TRIGGERED,97.2931,FULL,,,TRANSITION,LOW,23.02,59.95209784713848,-31.690140845070413,6.93598510020653,0.9800054884555858,1.490884531090071,0.5492857142857138,73.5463,26.4537,77.2432,83.9792,69.1531,77.2432,67.2302,30.8469,MEDIUM,RESEARCH_ONLY_NO_STANDARD_TRADE,False
2025-11-06,TIMKEN,OTHER,LONG,7.5827,57.2192,49.6365,68.4748,ENTERABLE_TIER_B,TRIGGERED,97.2931,FULL,,,SIDEWAYS,LOW,3054.4,54.77951398142957,-45.70586067084405,0.8914610692965725,2.2739689835147034,0.6047195962058637,70.15000000000006,64.3571,35.6429,43.4878,61.0549,49.6758,43.4878,82.7227,50.3242,LOW,RESEARCH_ONLY_NO_STANDARD_TRADE,False
2025-11-07,ADANIPORTS,Services,LONG,17.8265,57.2311,39.4046,81.6284,ENTERABLE_TIER_B,TRIGGERED,98.5,FULL,,TRANSITION,SIDEWAYS,LOW,1448.3,54.9303878437568,-51.51898734177221,2.5143478618094424,0.9115865327398462,0.6398196052299776,28.321428571428587,62.7448,37.2552,89.984,67.0921,51.0108,89.984,77.826,48.9892,LOW,RESEARCH_ONLY_NO_STANDARD_TRADE,False
2025-11-07,BAJAJFINSV,Financial Services,LONG,31.4763,63.5648,32.0885,77.1386,ENTERABLE_TIER_B,TRIGGERED,98.5,FULL,,TRANSITION,SIDEWAYS,LOW,2102.1,53.88390323421663,-61.03810775295668,2.4699329182376366,1.0067570790053624,0.6367467922679593,41.8571428571429,62.7448,37.2552,91.248,43.3311,64.6634,91.248,90.5392,35.3367,LOW,RESEARCH_ONLY_NO_STANDARD_TRADE,False
2025-11-07,NBCC,OTHER,LONG,12.2465,51.3277,39.0812,80.7338,ENTERABLE_TIER_B,TRIGGERED,97.2931,FULL,,,SIDEWAYS,LOW,113.39,51.91083061313573,-64.20000000000002,2.269801928443686,0.9126103396253245,1.058905330144196,2.970000000000001,62.7448,37.2552,95.376,58.3838,48.4582,95.376,90.8418,51.5419,LOW,RESEARCH_ONLY_NO_STANDARD_TRADE,False
2025-11-07,PPLPHARMA,OTHER,LONG,6.9346,47.4145,40.4799,82.8887,ENTERABLE_TIER_B,TRIGGERED,97.2931,FULL,,,SIDEWAYS,LOW,199.15,50.24588141395404,-55.73951434878583,0.2019216985407418,0.8180664194277547,0.4780833057639796,5.04357142857143,62.7448,37.2552,97.7992,75.0177,48.4582,97.7992,84.6934,51.5419,LOW,RESEARCH_ONLY_NO_STANDARD_TRADE,False
2025-11-10,BAJAJFINSV,Financial Services,LONG,29.5381,66.6052,37.0671,82.4776,ENTERABLE_TIER_B,TRIGGERED,98.5,FULL,,UPWARD,SIDEWAYS,LOW,2118.3,56.86017513529273,-50.394218134034034,3.151162930480124,1.144355301635139,0.6598234597700059,42.1071428571429,67.5742,32.4258,73.8603,79.1009,70.1171,73.8603,91.9254,29.883,MEDIUM,UPGRADE_OFACTOR_REQUIRED,False
2025-11-10,GABRIEL,OTHER,LONG,10.5353,54.5362,44.0009,74.6702,ENTERABLE_TIER_B,TRIGGERED,97.2931,FULL,,,SIDEWAYS,LOW,1269.2,51.7653733514063,-47.1153846153846,5.934044295466749,1.2551101486243343,0.2073378873714796,46.62857142857143,67.5742,32.4258,89.0982,61.3113,50.9839,89.0982,90.7353,49.0161,LOW,RESEARCH_ONLY_NO_STANDARD_TRADE,False
2025-11-10,HUDCO,Financial Services,LONG,29.2685,62.4344,33.1659,78.256,ENTERABLE_TIER_B,TRIGGERED,97.2931,FULL,,,SIDEWAYS,LOW,233.79,54.68422836569489,-42.34561494551118,3.1494479503859347,1.2381593600413592,0.8099521177741376,5.83142857142857,67.5742,32.4258,62.342,75.3748,70.1171,62.342,81.754,29.883,MEDIUM,RESEARCH_ONLY_NO_STANDARD_TRADE,False
2025-11-11,BHARTIARTL,Telecommunication,LONG,35.9199,70.4548,34.5349,86.3764,ENTERABLE_TIER_B,TRIGGERED,98.5,FULL,,UPWARD,SIDEWAYS,LOW,2042.3,53.90973532447924,-65.06276150627619,3.5068641685035047,1.5902980440979264,1.339102048992605,43.68571428571435,66.9815,33.0185,90.2943,77.2008,83.4907,90.2943,86.6318,16.5093,MEDIUM,UPGRADE_OFACTOR_REQUIRED,False
2025-11-11,COFORGE,Information Technology,LONG,28.0999,67.3851,39.2852,73.1621,ENTERABLE_TIER_B,TRIGGERED,97.2931,FULL,,,SIDEWAYS,LOW,1797.1,57.25632911618965,-45.84432717678103,-5.82606288296865,1.3635092363156924,0.8966455955967746,42.9357142857143,66.9815,33.0185,52.1843,63.3871,49.5321,52.1843,97.2983,50.4679,LOW,UPGRADE_OFACTOR_REQUIRED,False
2025-11-11,LT,Construction,LONG,25.5429,61.0306,35.4877,73.2055,ENTERABLE_TIER_B,TRIGGERED,98.5,FULL,,TRANSITION,SIDEWAYS,LOW,3955.0,61.24280273397094,-46.479481641468645,5.043339234746176,0.9285394984864168,1.358808476066924,68.53571428571432,66.9815,33.0185,48.6302,66.149,45.5399,48.6302,93.1131,54.4601,LOW,RESEARCH_ONLY_NO_STANDARD_TRADE,False
2025-11-12,ADANIGREEN,Power,LONG,13.0748,53.2556,40.1808,83.6197,ENTERABLE_TIER_B,TRIGGERED,98.5,FULL,,SIDEWAYS,SIDEWAYS,LOW,1070.8,52.78289285930965,-56.97258641239577,3.559933932247122,0.903483298748582,0.7364493438446948,45.30000000000001,69.4596,30.5404,84.7756,81.8102,45.1855,84.7756,78.7196,54.8144,LOW,RESEARCH_ONLY_NO_STANDARD_TRADE,False
2025-11-12,ECLERX,OTHER,LONG,31.6933,62.6488,30.9555,80.9115,ENTERABLE_TIER_B,TRIGGERED,97.2931,FULL,,,SIDEWAYS,LOW,4487.5,53.232583472171285,-61.76327325864586,5.896461818109128,0.8421350009952038,1.527748028077113,191.4928571428571,69.4596,30.5404,86.0621,73.5134,51.2958,86.0621,86.7358,48.7042,LOW,RESEARCH_ONLY_NO_STANDARD_TRADE,False
2025-11-12,HEROMOTOCO,Automobile and Auto Components,LONG,26.8121,65.5639,38.7518,80.6712,ENTERABLE_TIER_B,TRIGGERED,97.2931,FULL,,,SIDEWAYS,LOW,5534.0,54.95853471782834,-39.39720129171152,4.67464003758438,1.0716756904281235,-0.1169153231476157,124.67857142857144,69.4596,30.5404,91.0436,63.9072,60.4804,91.0436,92.621,39.5196,MEDIUM,UPGRADE_OFACTOR_REQUIRED,False
2025-11-12,INDIGO,Services,LONG,8.478,55.6051,47.1271,84.8294,ENTERABLE_TIER_B,TRIGGERED,98.5,FULL,,SIDEWAYS,SIDEWAYS,LOW,5795.5,53.848752680465694,-37.00495049504951,1.0699318012884131,0.9237650409761312,-0.2506833404272902,122.39285714285714,69.4596,30.5404,84.6396,85.7835,56.5295,84.6396,90.5223,43.4705,LOW,RESEARCH_ONLY_NO_STANDARD_TRADE,False
2025-11-12,MOTHERSON,Automobile and Auto Components,LONG,15.7596,64.1765,48.4169,85.5246,ENTERABLE_TIER_B,TRIGGERED,98.5,FULL,,SIDEWAYS,SIDEWAYS,LOW,105.92,52.44642238835868,-43.52392065344225,-1.2829973545522102,2.011158126155406,-0.0906542591673619,2.624285714285712,69.4596,30.5404,92.0232,78.5084,60.4804,92.0232,85.8247,39.5196,LOW,RESEARCH_ONLY_NO_STANDARD_TRADE,False
2025-11-12,PETRONET,Oil Gas & Consumable Fuels,LONG,11.1224,53.3983,42.2759,83.664,ENTERABLE_TIER_B,TRIGGERED,97.2931,FULL,,,SIDEWAYS,LOW,280.45,51.62282609971954,-39.7306397306399,-0.237344805754127,0.9509557658373364,0.0071075040713565,5.632142857142855,69.4596,30.5404,87.7489,87.2162,75.1478,87.7489,82.955,24.8522,MEDIUM,RESEARCH_ONLY_NO_STANDARD_TRADE,False
2025-11-13,EMCURE,OTHER,LONG,11.4283,56.0896,44.6613,76.8477,ENTERABLE_TIER_B,TRIGGERED,97.2931,FULL,,,TRANSITION,LOW,1379.4,53.10803704146123,-53.625954198473245,1.6506201547900867,1.8058201064962185,0.1337565195966919,52.535714285714285,71.5309,28.4691,70.9531,72.4378,51.7383,70.9531,69.5445,48.2617,LOW,RESEARCH_ONLY_NO_STANDARD_TRADE,False
2025-11-13,HINDALCO,Metals & Mining,LONG,35.3038,66.6844,31.3806,86.2689,ENTERABLE_TIER_B,TRIGGERED,98.5,FULL,,UPWARD,TRANSITION,LOW,811.95,55.36084410208957,-55.46084176877991,5.67397403443182,0.7634216155821704,1.039461727056567,21.66428571428571,71.5309,28.4691,94.4994,76.0897,70.2741,94.4994,91.5991,29.7258,MEDIUM,UPGRADE_OFACTOR_REQUIRED,False
2025-11-13,LICI,Financial Services,LONG,8.5318,59.7712,51.2394,84.2947,ENTERABLE_TIER_B,TRIGGERED,98.5,FULL,,SIDEWAYS,TRANSITION,LOW,902.85,51.17318777052724,-65.6400384985563,0.6153886335889732,1.8491383800625891,0.2755044758717433,20.26785714285715,71.5309,28.4691,91.1272,70.9885,60.5139,91.1272,88.948,39.4862,MEDIUM,RESEARCH_ONLY_NO_STANDARD_TRADE,False
2025-11-13,NH,OTHER,LONG,5.6875,50.0748,44.3873,84.5099,ENTERABLE_TIER_B,TRIGGERED,97.2931,FULL,,,TRANSITION,LOW,1777.1,49.6914312174112,-62.40000000000013,-0.6255811477185828,1.1010382233156495,0.2218823802983143,47.51428571428573,71.5309,28.4691,99.5791,82.9946,51.7383,99.5791,81.5634,48.2617,LOW,RESEARCH_ONLY_NO_STANDARD_TRADE,False
2025-11-14,AXISBANK,Financial Services,LONG,36.1308,68.7805,32.6497,73.9304,ENTERABLE_TIER_B,TRIGGERED,98.5,FULL,,UPWARD,TRANSITION,LOW,1241.6,62.4661440348993,-34.94949494949532,5.279150087521409,0.8539541133439936,1.147170587879204,16.557142857142853,75.3375,24.6625,57.4403,52.6488,70.8349,57.4403,89.3701,29.1652,MEDIUM,UPGRADE_OFACTOR_REQUIRED,False
2025-11-14,HEROMOTOCO,Automobile and Auto Components,LONG,6.9205,54.21,47.2895,84.0018,ENTERABLE_TIER_B,TRIGGERED,97.2931,FULL,,,TRANSITION,LOW,5538.5,55.02484136173326,-30.666666666666668,4.462650383974013,1.765943492637818,0.0789237511430006,123.25,75.3375,24.6625,86.8289,75.3347,59.8187,86.8289,70.4665,40.1813,LOW,RESEARCH_ONLY_NO_STANDARD_TRADE,False
2025-11-17,GPIL,OTHER,LONG,28.4443,65.2978,36.8535,75.4876,ENTERABLE_TIER_B,TRIGGERED,97.2931,FULL,,,TRANSITION,LOW,276.1,58.54062217943959,-49.64285714285706,9.913325019464205,1.2563745258557637,2.054990623256459,11.20857142857142,72.7028,27.2972,64.2179,71.0936,56.8132,64.2179,76.0897,43.1868,LOW,UPGRADE_OFACTOR_REQUIRED,False
2025-11-17,HAL,Capital Goods,LONG,9.4104,54.876,45.4656,80.6468,ENTERABLE_TIER_B,TRIGGERED,98.5,FULL,,SIDEWAYS,TRANSITION,LOW,4795.2,53.89413845013625,-31.84810126582283,1.5550530857371672,1.1732268825545635,0.0091483575097097,96.55000000000004,72.7028,27.2972,68.966,74.1481,66.2143,68.966,89.7255,33.7857,MEDIUM,RESEARCH_ONLY_NO_STANDARD_TRADE,False
2025-11-17,INFY,Information Technology,LONG,16.8491,56.4027,39.5536,81.7564,ENTERABLE_TIER_B,TRIGGERED,98.5,FULL,,SIDEWAYS,TRANSITION,LOW,1507.6,51.92160220586689,-46.86648501362404,0.4554319595264832,0.825045809635405,0.5636256872684811,25.85714285714289,72.7028,27.2972,75.7772,76.6409,56.1865,75.7772,95.9779,43.8135,LOW,RESEARCH_ONLY_NO_STANDARD_TRADE,False
2025-11-17,JSWSTEEL,Metals & Mining,LONG,20.9613,59.0224,38.0611,86.5732,ENTERABLE_TIER_B,TRIGGERED,98.5,FULL,,SIDEWAYS,TRANSITION,LOW,1175.5,52.746848357514416,-61.3434727503169,3.3913228173367016,0.7502085817583347,0.7721996948860008,24.95714285714288,72.7028,27.2972,98.1301,83.8122,63.2747,98.1301,95.9931,36.7253,MEDIUM,RESEARCH_ONLY_NO_STANDARD_TRADE,False
2025-11-17,KPRMILL,Textiles,LONG,29.7429,62.2509,32.508,76.1021,ENTERABLE_TIER_B,TRIGGERED,97.2931,FULL,,,TRANSITION,LOW,1086.3,54.76979591987594,-35.49905838041434,2.2353413751232085,0.8432992229207176,0.8746762109955629,38.99285714285712,72.7028,27.2972,67.6522,79.1757,62.5523,67.6522,87.1771,37.4477,MEDIUM,RESEARCH_ONLY_NO_STANDARD_TRADE,False
2025-11-17,PTCIL,OTHER,LONG,33.2623,60.3306,27.0683,73.5267,ENTERABLE_TIER_B,TRIGGERED,97.2931,FULL,,,TRANSITION,LOW,17324.0,58.167425724288194,-52.407407407407405,7.502975064669142,0.7875851939652396,1.8752046152045807,458.07142857142856,72.7028,27.2972,80.2942,67.3413,56.8132,80.2942,95.1973,43.1868,LOW,RESEARCH_ONLY_NO_STANDARD_TRADE,False
2025-11-18,GRANULES,OTHER,LONG,4.7618,47.2336,42.4718,80.6577,ENTERABLE_TIER_B,TRIGGERED,97.2931,FULL,,,SIDEWAYS,LOW,561.45,53.61264663697298,-40.25590551181092,4.00588748406169,0.8632410425123473,0.2214149069342545,14.70714285714284,60.5774,39.4226,95.2971,71.7144,48.733,95.2971,90.3448,51.267,LOW,RESEARCH_ONLY_NO_STANDARD_TRADE,False
2025-11-18,GRAPHITE,OTHER,LONG,38.1511,71.8035,33.6524,76.3323,ENTERABLE_TIER_B,TRIGGERED,97.2931,FULL,,,SIDEWAYS,LOW,596.4,56.6778670228237,-41.8745275888133,5.538732667606165,1.6988183998522166,0.5557983519052937,29.550000000000004,60.5774,39.4226,68.652,59.4585,48.733,68.652,85.2453,51.267,LOW,UPGRADE_OFACTOR_REQUIRED,False
2025-11-19,ATHERENERG,OTHER,LONG,22.5095,60.9657,38.4562,85.473,ENTERABLE_TIER_B,TRIGGERED,97.2931,FULL,,,SIDEWAYS,LOW,685.0,56.28684270663742,-26.464285714285683,14.791629983715136,0.9221689358074056,1.0162385430595868,38.22142857142856,61.1112,38.8888,94.2179,79.4356,50.141,94.2179,96.8604,49.859,LOW,RESEARCH_ONLY_NO_STANDARD_TRADE,False
2025-11-19,EMCURE,OTHER,LONG,5.4844,52.547,47.0626,83.064,ENTERABLE_TIER_B,TRIGGERED,97.2931,FULL,,,SIDEWAYS,LOW,1370.1,51.20362096083456,-59.5419847328245,0.810376976582863,1.2510300782859498,0.294385702203665,55.4642857142857,61.1112,38.8888,87.1569,89.1101,50.141,87.1569,86.4417,49.859,LOW,RESEARCH_ONLY_NO_STANDARD_TRADE,False
2025-11-19,GVT&D,Capital Goods,LONG,24.7266,62.0887,37.3621,85.1851,ENTERABLE_TIER_B,TRIGGERED,97.2931,FULL,,,SIDEWAYS,LOW,3044.2,51.31134613321854,-79.4995735001422,4.196923963726931,1.0474912575879785,0.7426582000088029,119.05714285714294,61.1112,38.8888,93.0202,76.3139,59.2197,93.0202,94.6916,40.7803,LOW,RESEARCH_ONLY_NO_STANDARD_TRADE,False
2025-11-19,IOB,OTHER,LONG,18.7538,54.1265,35.3727,77.6776,ENTERABLE_TIER_B,TRIGGERED,97.2931,FULL,,,SIDEWAYS,LOW,40.12,53.66830135385754,-35.67073170731711,1.7816564332490372,0.8363889216453366,0.0299566398188275,1.054285714285714,61.1112,38.8888,80.0813,71.5447,50.141,80.0813,95.0678,49.859,LOW,RESEARCH_ONLY_NO_STANDARD_TRADE,False
2025-11-19,MAHABANK,Financial Services,LONG,45.9589,74.6296,28.6707,68.103,ENTERABLE_TIER_B,TRIGGERED,97.2931,FULL,,,SIDEWAYS,LOW,61.14,60.53501039159176,-8.467741935483904,6.806180263748108,1.4670541471955774,0.9947896617105292,1.860714285714286,61.1112,38.8888,22.1088,53.2653,68.1933,22.1088,90.9712,31.8068,LOW,WAIT_FOR_XFACTOR,False
2025-11-19,NESTLEIND,Fast Moving Consumer Goods,LONG,7.0696,49.7404,42.6708,74.8272,ENTERABLE_TIER_B,TRIGGERED,98.5,FULL,,SIDEWAYS,SIDEWAYS,LOW,1279.0,57.586805888622486,-26.683937823834142,-5.3654629648578895,0.8184976799519869,0.5395339152238194,16.678571428571463,61.1112,38.8888,74.3183,61.6274,45.8775,74.3183,97.6017,54.1225,LOW,RESEARCH_ONLY_NO_STANDARD_TRADE,False
2025-11-19,SUNDARMFIN,Financial Services,LONG,27.7281,60.5627,32.8346,77.2107,ENTERABLE_TIER_B,TRIGGERED,97.2931,FULL,,,SIDEWAYS,LOW,4713.6,53.31369919244538,-49.48251748251738,1.2261717662659046,1.0405707014872447,0.97177651834612,125.07142857142853,61.1112,38.8888,93.1213,65.2359,68.1933,93.1213,97.9532,31.8068,MEDIUM,RESEARCH_ONLY_NO_STANDARD_TRADE,False
2025-11-20,ATHERENERG,OTHER,LONG,15.9562,57.5567,41.6005,78.6092,ENTERABLE_TIER_B,TRIGGERED,97.2931,FULL,,,SIDEWAYS,LOW,697.0,58.31845060586016,-17.89285714285711,16.172899461272483,0.8540478337888954,1.322672470413769,37.52857142857142,61.2538,38.7462,66.6787,71.3818,46.333,66.6787,92.539,53.6671,LOW,RESEARCH_ONLY_NO_STANDARD_TRADE,False
2025-11-20,BAJAJFINSV,Financial Services,LONG,14.646,57.7221,43.0761,82.2617,ENTERABLE_TIER_B,TRIGGERED,98.5,FULL,,SIDEWAYS,SIDEWAYS,LOW,2095.6,53.50124654431555,-18.866855524079423,2.0358729443198555,1.343614849627561,-0.0951445653123364,47.307142857142885,61.2538,38.7462,95.4411,55.4401,61.8132,95.4411,92.0519,38.1868,MEDIUM,RESEARCH_ONLY_NO_STANDARD_TRADE,False
2025-11-20,ICICIPRULI,Financial Services,LONG,21.1868,54.9339,33.7471,75.5058,ENTERABLE_TIER_B,TRIGGERED,97.2931,FULL,,,SIDEWAYS,LOW,618.4,54.581808571631306,-36.61971830985912,1.350532520511789,0.851300023773048,1.0364568639498684,11.717857142857149,61.2538,38.7462,66.5895,68.0829,61.8132,66.5895,91.2953,38.1868,MEDIUM,RESEARCH_ONLY_NO_STANDARD_TRADE,False
2025-11-20,TATACONSUM,Fast Moving Consumer Goods,LONG,5.8951,54.8496,48.9545,84.0683,ENTERABLE_TIER_B,TRIGGERED,98.5,FULL,,SIDEWAYS,SIDEWAYS,LOW,1173.9,54.82394683822936,-42.0058139534882,3.1086216824022475,1.408186094727493,0.5175782566750159,27.850000000000023,61.2538,38.7462,84.7636,84.3447,46.789,84.7636,92.1005,53.211,LOW,RESEARCH_ONLY_NO_STANDARD_TRADE,False
2025-11-21,UNITDSPR,Fast Moving Consumer Goods,LONG,25.6091,61.1278,35.5187,74.1314,ENTERABLE_TIER_B,TRIGGERED,98.5,FULL,,TRANSITION,SIDEWAYS,LOW,1427.1,58.08528019096243,-60.100376411543365,3.461780926301092,0.8302165778122236,1.2579563659496575,26.907142857142844,56.4283,43.5717,64.3465,52.7263,43.2983,64.3465,95.6889,56.7017,LOW,RESEARCH_ONLY_NO_STANDARD_TRADE,False
2025-11-24,ESCORTS,Capital Goods,LONG,8.6894,51.4021,42.7127,79.9679,ENTERABLE_TIER_B,TRIGGERED,97.2931,FULL,,,SIDEWAYS,LOW,3670.2,52.56395044961167,-58.28779599271409,1.5905521358680743,1.3899397923008867,-0.3836596659339514,95.4857142857143,52.1918,47.8082,91.4053,69.0844,49.0904,91.4053,93.3812,50.9096,LOW,RESEARCH_ONLY_NO_STANDARD_TRADE,False
2025-11-24,TORNTPHARM,Healthcare,LONG,11.5293,53.5536,42.0243,80.2144,ENTERABLE_TIER_B,TRIGGERED,98.5,FULL,,TRANSITION,SIDEWAYS,LOW,3718.4,54.12759229849713,-46.853546910755085,2.6391323309832733,1.18041205848661,1.1213301943833738,78.07142857142857,52.1918,47.8082,78.5282,80.3769,42.1882,78.5282,83.5535,57.8118,LOW,RESEARCH_ONLY_NO_STANDARD_TRADE,False
2025-11-26,BAJAJFINSV,Financial Services,LONG,9.5915,52.6242,43.0327,79.2791,ENTERABLE_TIER_B,TRIGGERED,98.5,FULL,,TRANSITION,SIDEWAYS,LOW,2085.1,52.619874199272914,-23.91055045871574,1.5474303611036808,0.7710828883706465,-0.2606975731112929,50.34285714285714,57.6783,42.3217,79.9574,56.9353,57.2767,79.9574,97.2985,42.7233,LOW,RESEARCH_ONLY_NO_STANDARD_TRADE,False
2025-11-26,ESCORTS,Capital Goods,LONG,14.8021,54.653,39.8509,77.2736,ENTERABLE_TIER_B,TRIGGERED,97.2931,FULL,,,SIDEWAYS,LOW,3686.6,53.67444658573692,-17.665952890792315,1.9553566571328087,0.9239642160826008,-0.1686212725601644,89.45714285714287,57.6783,42.3217,76.376,70.2651,53.7886,76.376,85.2443,46.2114,LOW,RESEARCH_ONLY_NO_STANDARD_TRADE,False
2025-11-26,LAURUSLABS,Healthcare,LONG,32.5926,69.7222,37.1296,85.3475,ENTERABLE_TIER_B,TRIGGERED,97.2931,FULL,,,SIDEWAYS,LOW,986.6,58.213300946229936,-74.15019762845847,6.79322336131778,1.7377478930709696,1.690977456079482,21.69285714285714,57.6783,42.3217,95.6207,75.568,52.3967,95.6207,94.7448,47.6033,LOW,UPGRADE_OFACTOR_REQUIRED,False
2025-11-26,MARICO,Fast Moving Consumer Goods,LONG,10.1744,54.6954,44.521,81.5999,ENTERABLE_TIER_B,TRIGGERED,97.2931,FULL,,,SIDEWAYS,LOW,734.1,52.95634102188264,-52.43697478991585,1.4219659333590866,1.155825543649304,0.6935580350686978,13.949999999999989,57.6783,42.3217,76.6189,80.7885,47.8976,76.6189,90.2509,52.1024,LOW,RESEARCH_ONLY_NO_STANDARD_TRADE,False
2025-11-26,VEDL,Metals & Mining,LONG,25.3929,63.715,38.3221,78.8813,ENTERABLE_TIER_B,TRIGGERED,98.5,FULL,,SIDEWAYS,SIDEWAYS,LOW,516.3,57.54743511806371,-46.04316546762602,6.285325498303374,0.8215483152984758,1.0785883767305504,11.835714285714284,57.6783,42.3217,76.4554,65.5281,45.6639,76.4554,97.6343,54.3361,LOW,RESEARCH_ONLY_NO_STANDARD_TRADE,False
2025-11-26,YESBANK,Financial Services,LONG,19.0899,60.0486,40.9587,76.2171,ENTERABLE_TIER_B,TRIGGERED,97.2931,FULL,,,SIDEWAYS,LOW,22.93,55.25327575889396,-34.18803418803412,4.308754807927322,0.8100025997815886,0.3982796169094339,0.415714285714286,57.6783,42.3217,64.7194,69.2096,57.2767,64.7194,93.2646,42.7233,LOW,RESEARCH_ONLY_NO_STANDARD_TRADE,False
2025-11-27,IDFCFIRSTB,Financial Services,LONG,15.685,59.4481,43.7631,85.5286,ENTERABLE_TIER_B,TRIGGERED,97.2931,FULL,,,SIDEWAYS,LOW,80.5,58.59467214138754,-40.59405940594056,5.621835583468879,1.091110377907842,1.0994499544019252,1.5235714285714277,58.9756,41.0244,90.7017,82.1472,56.4605,90.7017,78.9967,43.5395,LOW,RESEARCH_ONLY_NO_STANDARD_TRADE,False
2025-11-28,EICHERMOT,Automobile and Auto Components,LONG,22.8871,59.1219,36.2348,77.883,ENTERABLE_TIER_B,TRIGGERED,98.5,FULL,,SIDEWAYS,SIDEWAYS,LOW,7053.5,54.03617975664232,-37.59153783563873,4.052414333002731,0.7865014772622635,0.8957364304717167,144.64285714285714,54.7674,45.2326,59.6593,73.037,53.7658,59.6593,96.8198,46.2342,LOW,RESEARCH_ONLY_NO_STANDARD_TRADE,False
2025-11-28,KALYANKJIL,Consumer Durables,LONG,8.8922,54.4383,45.5461,78.0389,ENTERABLE_TIER_B,TRIGGERED,97.2931,FULL,,,SIDEWAYS,LOW,505.35,54.26499710779474,-26.88022284122558,0.3091870335015642,1.134564751217753,-0.2080179623262487,12.535714285714274,54.7674,45.2326,84.0057,57.5613,48.6544,84.0057,85.641,51.3456,LOW,RESEARCH_ONLY_NO_STANDARD_TRADE,False
2025-11-28,YESBANK,Financial Services,LONG,16.3665,59.526,43.1595,81.0883,ENTERABLE_TIER_B,TRIGGERED,97.2931,FULL,,,SIDEWAYS,LOW,22.93,55.068499920016144,-34.18803418803412,4.037508430817506,0.809735572729775,0.4633263444078277,0.4071428571428573,54.7674,45.2326,70.9357,80.3509,55.2876,70.9357,88.2105,44.7124,LOW,RESEARCH_ONLY_NO_STANDARD_TRADE,False
2025-12-01,IDFCFIRSTB,Financial Services,LONG,24.0084,62.924,38.9156,83.1468,ENTERABLE_TIER_B,TRIGGERED,97.2931,FULL,,,SIDEWAYS,LOW,80.71,58.96738662248041,-36.435643564356525,5.527410419778277,0.8777479672505163,1.0705549890054995,1.4399999999999995,59.5931,40.4069,80.7639,79.1667,56.844,80.7639,90.8333,43.156,LOW,RESEARCH_ONLY_NO_STANDARD_TRADE,False
2025-12-03,INDUSTOWER,Telecommunication,LONG,28.8094,66.4784,37.669,84.7659,ENTERABLE_TIER_B,TRIGGERED,97.2931,FULL,,,SIDEWAYS,LOW,404.65,60.30217186114204,-49.86666666666679,6.202926851862492,2.158943389834944,1.755800278225589,7.982142857142849,57.2018,42.7982,84.7576,83.9642,59.3237,84.7576,56.6532,40.6763,LOW,UPGRADE_OFACTOR_REQUIRED,False
2025-12-03,TATACOMM,Telecommunication,LONG,4.9071,52.8533,47.9462,85.5706,ENTERABLE_TIER_B,TRIGGERED,97.2931,FULL,,,SIDEWAYS,LOW,1864.9,51.8921235095957,-59.38615274803703,3.2167708623257907,2.092342766301181,0.1511594900659155,49.871428571428574,57.2018,42.7982,96.4709,82.6755,59.3237,96.4709,74.334,40.6763,LOW,RESEARCH_ONLY_NO_STANDARD_TRADE,False
2025-12-04,BANKBARODA,Financial Services,LONG,7.0099,54.8776,47.8677,86.7682,ENTERABLE_TIER_B,TRIGGERED,98.5,FULL,,SIDEWAYS,SIDEWAYS,LOW,288.2,54.53717547719832,-67.74193548387096,5.5515123497281165,0.9167398841628964,1.4799910456917025,6.428571428571424,64.1973,35.8027,99.2741,83.2,46.0889,99.2741,89.7333,53.9111,LOW,RESEARCH_ONLY_NO_STANDARD_TRADE,False
2025-12-04,CANBK,Financial Services,LONG,21.9761,58.7365,36.7604,85.8461,ENTERABLE_TIER_B,TRIGGERED,98.5,FULL,,UPWARD,SIDEWAYS,LOW,147.39,58.20511995598186,-73.72972972972997,9.801120937830976,0.8258948369718575,2.8556961940504544,3.574285714285712,64.1973,35.8027,95.2811,82.3181,46.0889,95.2811,84.3325,53.9111,LOW,RESEARCH_ONLY_NO_STANDARD_TRADE,False
2025-12-04,UNITDSPR,Fast Moving Consumer Goods,LONG,1.3382,51.4971,50.1589,83.6462,ENTERABLE_TIER_B,TRIGGERED,98.5,FULL,,SIDEWAYS,SIDEWAYS,LOW,1431.9,54.09859450446897,-50.20408163265287,2.661508965648216,1.0587727820531585,0.9513261440779548,24.27857142857144,64.1973,35.8027,97.968,72.6508,40.2641,97.968,91.1033,59.7359,LOW,RESEARCH_ONLY_NO_STANDARD_TRADE,False
2025-12-04,UPL,Chemicals,LONG,23.5308,60.4961,36.9653,81.1491,ENTERABLE_TIER_B,TRIGGERED,97.2931,FULL,,,SIDEWAYS,LOW,756.45,59.57107994421208,-43.44444444444434,4.901521469010757,1.0579138663464824,1.261677377434663,15.03214285714286,64.1973,35.8027,90.354,70.1972,42.1983,90.354,93.3476,57.8017,LOW,RESEARCH_ONLY_NO_STANDARD_TRADE,False
2025-12-05,BANKBARODA,Financial Services,LONG,22.8854,60.8214,37.936,75.0493,ENTERABLE_TIER_B,TRIGGERED,98.5,FULL,,SIDEWAYS,TRANSITION,LOW,292.6,58.82647468013933,-48.81720430107512,6.91594150683828,0.8158173830894764,1.4480803754325178,6.557142857142854,72.1076,27.8924,56.358,63.0937,55.2052,56.358,91.4597,44.7948,LOW,RESEARCH_ONLY_NO_STANDARD_TRADE,False
2025-12-05,CANBK,Financial Services,LONG,30.8808,62.0714,31.1906,82.4168,ENTERABLE_TIER_B,TRIGGERED,98.5,FULL,,UPWARD,TRANSITION,LOW,148.64,60.37203159940259,-60.21621621621645,10.350295903229696,0.8201349758551114,2.6468384819308657,3.4678571428571394,72.1076,27.8924,78.7669,77.5077,55.2052,78.7669,90.6571,44.7948,LOW,RESEARCH_ONLY_NO_STANDARD_TRADE,False
2025-12-05,COROMANDEL,Chemicals,LONG,16.546,54.6024,38.0564,77.6943,ENTERABLE_TIER_B,TRIGGERED,97.2931,FULL,,,TRANSITION,LOW,2300.3,54.69107157742248,-55.42222222222214,1.6091034440029837,0.9382030843778532,1.4105817522376427,61.61428571428571,72.1076,27.8924,70.6724,70.5912,48.439,70.6724,90.4568,51.561,LOW,RESEARCH_ONLY_NO_STANDARD_TRADE,False
2025-12-05,GMRAIRPORT,Services,LONG,32.9033,65.7753,32.872,79.4416,ENTERABLE_TIER_B,TRIGGERED,97.2931,FULL,,,TRANSITION,LOW,103.51,59.11400359011649,-53.26594090202173,7.277678949457247,1.0598789396272903,2.8740047249348866,2.9557142857142837,72.1076,27.8924,72.0316,66.0319,54.8466,72.0316,93.7748,45.1534,LOW,UPGRADE_OFACTOR_REQUIRED,False
2025-12-05,PNBHOUSING,OTHER,LONG,12.1743,54.5791,42.4048,75.9762,ENTERABLE_TIER_B,TRIGGERED,97.2931,FULL,,,TRANSITION,LOW,903.85,52.10017264780221,-52.20293724966619,1.042164422437716,1.1640665519255498,-0.0386573722768686,22.403571428571443,72.1076,27.8924,91.7126,53.8466,42.1061,91.7126,96.3399,57.8939,LOW,RESEARCH_ONLY_NO_STANDARD_TRADE,False
2025-12-05,RELIANCE,Oil Gas & Consumable Fuels,LONG,17.466,57.6539,40.1879,80.6282,ENTERABLE_TIER_B,TRIGGERED,98.5,FULL,,TRANSITION,TRANSITION,LOW,1540.6,59.12406316914847,-57.48587570621479,4.251711369876422,0.9858772727741612,1.410973047643339,23.32857142857144,72.1076,27.8924,81.1533,65.7073,44.9747,81.1533,91.0839,55.0253,LOW,RESEARCH_ONLY_NO_STANDARD_TRADE,False
2025-12-09,APOLLOTYRE,Automobile and Auto Components,LONG,10.0508,55.2089,45.1581,82.3625,ENTERABLE_TIER_B,TRIGGERED,97.2931,FULL,,,SIDEWAYS,LOW,524.6,54.372955430706895,-51.77304964539007,3.979459581061418,1.368457031398706,0.8397665921465638,12.432142857142866,58.6447,41.3553,89.1276,81.9822,51.6137,89.1276,79.4082,48.3863,LOW,RESEARCH_ONLY_NO_STANDARD_TRADE,False
2025-12-09,AXISBANK,Financial Services,LONG,17.1873,58.4508,41.2635,79.4443,ENTERABLE_TIER_B,TRIGGERED,98.5,FULL,,TRANSITION,SIDEWAYS,LOW,1275.9,58.35365435026125,-57.34693877551002,4.587841029649511,0.821059202800691,1.1322882411857398,19.64285714285717,58.6447,41.3553,70.4558,74.1382,41.2291,70.4558,88.8,58.7709,LOW,RESEARCH_ONLY_NO_STANDARD_TRADE,False
2025-12-09,BANKBARODA,Financial Services,LONG,18.391,57.4655,39.0745,77.1349,ENTERABLE_TIER_B,TRIGGERED,98.5,FULL,,SIDEWAYS,SIDEWAYS,LOW,289.85,54.71373936120856,-60.645161290322434,5.570976597474823,0.8746165390838408,1.1691790646738769,7.107142857142853,58.6447,41.3553,86.2345,52.1608,41.2291,86.2345,97.1859,58.7709,LOW,RESEARCH_ONLY_NO_STANDARD_TRADE,False
2025-12-10,INDUSTOWER,Telecommunication,LONG,14.3501,56.0189,41.6688,87.3862,ENTERABLE_TIER_B,TRIGGERED,97.2931,FULL,,,SIDEWAYS,LOW,404.25,55.77977072998871,-60.43956043956044,5.075032310866323,0.9920936710135037,1.4303676991279877,9.614285714285703,52.0448,47.9552,97.9544,88.7667,47.7998,97.9544,86.4785,52.2002,LOW,RESEARCH_ONLY_NO_STANDARD_TRADE,False
2025-12-11,SBILIFE,Financial Services,LONG,2.3186,51.0475,48.7289,86.3853,ENTERABLE_TIER_B,TRIGGERED,98.5,FULL,,SIDEWAYS,SIDEWAYS,LOW,2006.9,56.57292569249324,-58.86262924667644,3.746681477878713,0.7553666706183947,0.8807366749425587,41.21428571428568,50.7327,49.2673,96.1826,88.9359,40.6084,96.1826,89.6153,59.3916,LOW,RESEARCH_ONLY_NO_STANDARD_TRADE,False
2025-12-12,INDHOTEL,Consumer Services,LONG,6.437,54.2052,47.7682,81.2701,ENTERABLE_TIER_B,TRIGGERED,98.5,FULL,,SIDEWAYS,SIDEWAYS,LOW,735.05,52.76696099601098,-41.01731601731608,-0.0133428185551452,0.9978805672110792,-0.0149957590048912,14.271428571428585,55.4033,44.5967,75.1485,78.4184,46.0308,75.1485,83.4635,53.9692,LOW,RESEARCH_ONLY_NO_STANDARD_TRADE,False
2025-12-12,MCX,Financial Services,LONG,35.6834,66.579,30.8956,79.9558,ENTERABLE_TIER_B,TRIGGERED,97.2931,FULL,,,SIDEWAYS,LOW,10162.0,56.930464313228335,-46.21409921671018,8.835689045086678,0.895181832864629,1.9498743604206596,326.60714285714283,55.4033,44.5967,74.6178,76.7305,45.797,74.6178,96.8157,54.203,LOW,UPGRADE_OFACTOR_REQUIRED,False
2025-12-12,UNIONBANK,Financial Services,LONG,20.7386,58.3176,37.579,84.1703,ENTERABLE_TIER_B,TRIGGERED,97.2931,FULL,,,SIDEWAYS,LOW,152.74,53.61956385754888,-51.89075630252098,3.912468139727205,0.7697846658183453,0.4131505456245417,4.093571428571423,55.4033,44.5967,95.8716,71.5652,45.797,95.8716,96.8731,54.203,LOW,RESEARCH_ONLY_NO_STANDARD_TRADE,False
2025-12-15,360ONE,Financial Services,LONG,16.2342,60.0703,43.8361,84.6412,ENTERABLE_TIER_B,TRIGGERED,97.2931,FULL,,,SIDEWAYS,LOW,1144.7,53.98008039509465,-50.849056603773455,2.715110013875855,1.528408639770775,0.5399366239000246,36.00714285714285,53.7711,46.2289,88.9929,84.0032,43.037,88.9929,85.2252,56.963,LOW,RESEARCH_ONLY_NO_STANDARD_TRADE,False
2025-12-16,ALKEM,Healthcare,LONG,4.0367,50.319,46.2823,79.5731,ENTERABLE_TIER_B,TRIGGERED,97.2931,FULL,,,SIDEWAYS,LOW,5663.5,52.38060454469015,-53.578732106339466,1.7762817416518126,0.8442942730903872,0.0383846926839063,97.39285714285714,45.0875,54.9125,98.785,67.3487,40.2337,98.785,93.8394,59.7663,LOW,RESEARCH_ONLY_NO_STANDARD_TRADE,False
2025-12-17,LAURUSLABS,Healthcare,LONG,12.2717,54.4952,42.2235,85.2152,ENTERABLE_TIER_B,TRIGGERED,97.2931,FULL,,,SIDEWAYS,LOW,1010.0,54.95519892833925,-55.6169429097606,5.296387481414371,0.893115207786192,1.0436565015150578,23.91785714285717,47.0571,52.9429,91.7704,85.9519,42.5069,91.7704,85.283,57.4931,LOW,RESEARCH_ONLY_NO_STANDARD_TRADE,False
2025-12-18,BIOCON,Healthcare,LONG,1.456,49.5169,48.0609,84.8873,ENTERABLE_TIER_B,TRIGGERED,97.2931,FULL,,,SIDEWAYS,LOW,392.25,52.3505221642848,-54.80378890392424,2.703219560259565,1.0917058755421358,-0.0628892760725272,10.171428571428564,42.416,57.584,96.6901,75.618,42.6049,96.6901,87.4157,57.3951,LOW,RESEARCH_ONLY_NO_STANDARD_TRADE,False
2025-12-19,UPL,Chemicals,LONG,17.2697,58.7429,41.4732,80.7844,ENTERABLE_TIER_B,TRIGGERED,97.2931,FULL,,,SIDEWAYS,LOW,751.55,53.662159129892586,-45.0563204005007,3.0538689134673054,2.5185663010300856,0.4827812163612699,16.007142857142842,42.8175,57.1825,92.4825,71.7626,43.1778,92.4825,94.3775,56.8222,LOW,RESEARCH_ONLY_NO_STANDARD_TRADE,False
2025-12-22,BSE,Financial Services,LONG,18.7658,58.8733,40.1075,79.5282,ENTERABLE_TIER_B,TRIGGERED,97.2931,FULL,,,SIDEWAYS,LOW,2775.5,54.85895066608529,-40.55232558139535,4.636663209990379,1.2003361357922164,-0.0370916112375397,97.7714285714286,53.3326,46.6674,88.722,58.5564,49.3087,88.722,96.4407,50.6913,LOW,RESEARCH_ONLY_NO_STANDARD_TRADE,False
2025-12-22,CARTRADE,OTHER,LONG,10.3307,52.0826,41.7519,78.582,ENTERABLE_TIER_B,TRIGGERED,97.2931,FULL,,,SIDEWAYS,LOW,2902.4,52.31681348534919,-42.293488824101054,4.736202428305385,0.994635055320424,-1.6974168815243418,141.77142857142857,53.3326,46.6674,94.0985,54.1798,41.539,94.0985,95.3728,58.461,LOW,RESEARCH_ONLY_NO_STANDARD_TRADE,False
2025-12-22,CEMPRO,OTHER,LONG,30.3786,58.4003,28.0217,75.7865,ENTERABLE_TIER_B,TRIGGERED,97.2931,FULL,,,SIDEWAYS,LOW,823.3,51.991321734392216,-37.87781350482321,0.8455478558433496,0.7983438827459681,-0.277926451219247,25.90000000000001,53.3326,46.6674,80.3861,67.1042,41.539,80.3861,96.4479,58.461,LOW,RESEARCH_ONLY_NO_STANDARD_TRADE,False
2025-12-22,IDBI,OTHER,LONG,5.8002,54.6142,48.814,74.0708,ENTERABLE_TIER_B,TRIGGERED,97.2931,FULL,,,SIDEWAYS,LOW,100.17,55.210910574771056,-27.003816793893105,2.9883007050700985,1.786129583321876,-0.0451608789185615,2.5585714285714283,53.3326,46.6674,55.1312,70.2959,41.539,55.1312,55.7566,58.461,LOW,RESEARCH_ONLY_NO_STANDARD_TRADE,False
2025-12-22,NAVINFLUOR,OTHER,LONG,2.4327,52.2485,49.8158,81.8567,ENTERABLE_TIER_B,TRIGGERED,97.2931,FULL,,,SIDEWAYS,LOW,5883.5,52.86376916587516,-43.358876117496806,5.557872686647062,1.1450916604519326,1.1123131204029912,184.57142857142856,53.3326,46.6674,87.629,75.5108,41.539,87.629,90.4644,58.461,LOW,RESEARCH_ONLY_NO_STANDARD_TRADE,False
2025-12-22,PNB,Financial Services,LONG,7.5457,55.6297,48.084,83.6365,ENTERABLE_TIER_B,TRIGGERED,98.5,FULL,,SIDEWAYS,SIDEWAYS,LOW,121.31,53.76091419744832,-41.807909604519736,2.644725715364904,1.1912808608758894,-0.3575337841372339,2.847142857142857,53.3326,46.6674,81.8063,84.4054,49.3087,81.8063,92.5539,50.6913,LOW,RESEARCH_ONLY_NO_STANDARD_TRADE,False
2025-12-22,TRITURBINE,OTHER,LONG,5.2737,52.9302,47.6565,77.3477,ENTERABLE_TIER_B,TRIGGERED,97.2931,FULL,,,SIDEWAYS,LOW,536.4,51.69809967778174,-48.551724137931096,0.1390047968045822,1.5713087671098451,-0.2717706666339226,14.235714285714293,53.3326,46.6674,91.9451,70.2158,41.539,91.9451,94.8018,58.461,LOW,RESEARCH_ONLY_NO_STANDARD_TRADE,False
2025-12-23,CEMPRO,OTHER,LONG,19.9617,55.568,35.6063,77.1476,ENTERABLE_TIER_B,TRIGGERED,97.2931,FULL,,,SIDEWAYS,LOW,826.65,52.79350128982884,-20.53846153846157,1.214882769251976,0.8349355190118503,-0.1177102087863418,25.375000000000007,56.9868,43.0132,78.3777,75.7241,48.3919,78.3777,92.1182,51.6081,LOW,RESEARCH_ONLY_NO_STANDARD_TRADE,False
2025-12-23,HDFCBANK,Financial Services,LONG,3.2175,49.6927,46.4752,85.095,ENTERABLE_TIER_B,TRIGGERED,98.5,FULL,,SIDEWAYS,SIDEWAYS,LOW,996.6,50.49836891675859,-32.85302593659932,-5.734997162068574,1.0655220449708414,-0.3232059407717793,11.335714285714287,56.9868,43.0132,99.2943,68.5948,52.2142,99.2943,91.8841,47.7858,LOW,RESEARCH_ONLY_NO_STANDARD_TRADE,False
2025-12-23,MUTHOOTFIN,Financial Services,LONG,30.4659,62.8914,32.4255,76.9418,ENTERABLE_TIER_B,TRIGGERED,97.2931,FULL,,,SIDEWAYS,LOW,3808.2,60.92680595255577,-33.277685030606705,9.400740065766454,0.8342813401299305,1.9163830380093057,70.99285714285715,56.9868,43.0132,69.8467,78.4767,52.2142,69.8467,93.4078,47.7858,LOW,RESEARCH_ONLY_NO_STANDARD_TRADE,False
2025-12-24,HDFCBANK,Financial Services,LONG,4.9213,51.5955,46.6742,86.0051,ENTERABLE_TIER_B,TRIGGERED,98.5,FULL,,SIDEWAYS,SIDEWAYS,LOW,997.2,50.87467556568826,-31.123919308357177,-5.50515976068676,0.8285104185669118,-0.2586480463174072,10.957142857142856,58.2835,41.7165,93.5811,84.6675,48.9243,93.5811,91.9687,51.0757,LOW,RESEARCH_ONLY_NO_STANDARD_TRADE,False
2025-12-26,BHEL,Capital Goods,LONG,2.1125,48.9986,46.8861,82.5342,ENTERABLE_TIER_B,TRIGGERED,97.2931,FULL,,,SIDEWAYS,LOW,281.5,54.40741091782873,-30.303030303030287,5.228149305237422,1.0433766831053113,0.6321239036491272,7.235714285714287,44.8166,55.1834,84.7055,75.3998,42.2857,84.7055,77.3346,57.7143,LOW,RESEARCH_ONLY_NO_STANDARD_TRADE,False
2025-12-26,INDUSINDBK,Financial Services,LONG,4.8626,53.0027,48.1401,83.3239,ENTERABLE_TIER_B,TRIGGERED,97.2931,FULL,,,SIDEWAYS,LOW,849.85,54.68623524540545,-49.89495798319325,3.4003906655464355,1.4338573631543277,0.65822199494674,19.046428571428574,44.8166,55.1834,91.9932,73.2233,44.9259,91.9932,80.9938,55.0741,LOW,RESEARCH_ONLY_NO_STANDARD_TRADE,False
2025-12-30,BHARTIARTL,Telecommunication,LONG,18.9013,63.2679,44.3666,84.4795,ENTERABLE_TIER_B,TRIGGERED,98.5,FULL,,SIDEWAYS,SIDEWAYS,LOW,2099.8,50.63863905463567,-50.95238095238081,1.8172874047623389,1.505296767622006,0.2512889545205046,33.2642857142857,41.6008,58.3992,93.6368,66.0898,66.6595,93.6368,96.3925,33.3406,LOW,RESEARCH_ONLY_NO_STANDARD_TRADE,False
2025-12-31,MUTHOOTFIN,Financial Services,LONG,10.7079,54.5081,43.8002,81.5305,ENTERABLE_TIER_B,TRIGGERED,97.2931,FULL,,,SIDEWAYS,LOW,3811.7,59.01766472656973,-39.16958479239627,8.051095082379502,0.8162507098846475,1.376726807318264,77.2928571428572,48.5308,51.4692,74.7928,83.9571,51.4017,74.7928,75.5217,48.5983,LOW,RESEARCH_ONLY_NO_STANDARD_TRADE,False
2025-12-31,PTCIL,OTHER,LONG,25.1317,61.7015,36.5698,72.6199,ENTERABLE_TIER_B,TRIGGERED,97.2931,FULL,,,SIDEWAYS,LOW,18582.0,56.40519981081727,-23.435914778491718,6.864952383635557,1.208857334776281,1.1592507508148395,728.0714285714286,48.5308,51.4692,66.3037,71.4314,44.5284,66.3037,91.2097,55.4716,LOW,RESEARCH_ONLY_NO_STANDARD_TRADE,False
2025-12-31,SIGNATURE,OTHER,LONG,9.751,54.2178,44.4668,75.9056,ENTERABLE_TIER_B,TRIGGERED,97.2931,FULL,,,SIDEWAYS,LOW,1127.4,52.20283750874774,-54.75206611570238,1.2253880584163055,1.0675162231105797,0.5876433511215475,16.299999999999986,48.5308,51.4692,96.2168,58.5276,44.5284,96.2168,95.8282,55.4716,LOW,RESEARCH_ONLY_NO_STANDARD_TRADE,False
2025-12-31,UNIONBANK,Financial Services,LONG,9.9609,52.9236,42.9627,75.184,ENTERABLE_TIER_B,TRIGGERED,97.2931,FULL,,,SIDEWAYS,LOW,153.76,55.39478468525683,-22.250970245795617,3.390190479554003,1.0765801783102948,0.1766165051870614,2.7607142857142883,48.5308,51.4692,52.6693,65.5162,51.4017,52.6693,77.6869,48.5983,LOW,RESEARCH_ONLY_NO_STANDARD_TRADE,False
2026-01-01,IDEA,Telecommunication,LONG,61.2892,78.1446,16.8554,76.2187,ENTERABLE_TIER_B,TRIGGERED,97.2931,FULL,,,SIDEWAYS,LOW,11.6,55.645270570835706,-47.0588235294118,12.859364289590106,2.7167082036753007,3.236666472203718,0.6321428571428569,53.6605,46.3395,75.2693,51.9096,72.4144,75.2693,79.1186,27.5856,LOW,QUALIFIED_FOR_INTRADAY_REVALIDATION,True
2026-01-01,SIGNATURE,OTHER,LONG,8.7812,47.2218,38.4406,82.4006,ENTERABLE_TIER_B,TRIGGERED,97.2931,FULL,,,SIDEWAYS,LOW,1128.7,52.77174077173824,-58.06451612903224,1.2982546542504962,0.8252829706941746,0.5357375247228634,15.878571428571409,53.6605,46.3395,92.6106,85.641,47.1155,92.6106,92.6946,52.8846,LOW,RESEARCH_ONLY_NO_STANDARD_TRADE,False
2026-01-05,ASIANPAINT,Consumer Durables,LONG,2.5078,48.3181,45.8103,75.6974,ENTERABLE_TIER_B,TRIGGERED,98.5,FULL,,TRANSITION,SIDEWAYS,LOW,2815.6,54.598242895139,-13.333333333333432,3.4451164427250243,0.7574468624327608,-0.1256633970245652,44.65000000000003,56.9317,43.0683,60.2986,58.2531,49.7047,60.2986,88.8914,50.2953,LOW,RESEARCH_ONLY_NO_STANDARD_TRADE,False
2026-01-05,SWANCORP,OTHER,LONG,29.2955,63.0471,33.7516,73.2393,ENTERABLE_TIER_B,TRIGGERED,97.2931,FULL,,,SIDEWAYS,LOW,472.4,56.69704346693842,-50.96153846153855,2.849096106389502,1.5017226424397845,0.7338491764718522,13.74642857142857,56.9317,43.0683,59.638,65.3728,56.1944,59.638,79.9221,43.8056,LOW,RESEARCH_ONLY_NO_STANDARD_TRADE,False
2026-01-06,ATHERENERG,OTHER,LONG,19.557,60.5967,41.0397,87.0561,ENTERABLE_TIER_B,TRIGGERED,97.2931,FULL,,,SIDEWAYS,LOW,694.45,49.344662415821794,-61.98856137263523,4.849619111150398,1.2832994250035512,1.7148942176362656,33.44285714285716,49.7534,50.2466,98.0514,82.7766,57.4543,98.0514,85.4079,42.5457,LOW,RESEARCH_ONLY_NO_STANDARD_TRADE,False
2026-01-06,SYNGENE,OTHER,LONG,14.4366,53.8633,39.4267,75.4045,ENTERABLE_TIER_B,TRIGGERED,97.2931,FULL,,,SIDEWAYS,LOW,655.65,54.32704437757382,-35.34798534798532,1.1913313086678112,0.8450384621194809,0.4579353848439754,11.982142857142858,49.7534,50.2466,69.6493,81.4724,57.4543,69.6493,86.9806,42.5457,LOW,RESEARCH_ONLY_NO_STANDARD_TRADE,False
2026-01-07,LINDEINDIA,Chemicals,LONG,14.0415,53.9282,39.8867,80.8622,ENTERABLE_TIER_B,TRIGGERED,97.2931,FULL,,,SIDEWAYS,LOW,5968.0,52.25681488169796,-20.338983050847457,-0.6237052447172791,0.9385676929243572,0.0215818971182049,102.71428571428572,55.7844,44.2156,87.3922,85.2017,71.5529,87.3922,87.5382,28.4471,LOW,RESEARCH_ONLY_NO_STANDARD_TRADE,False
2026-01-08,FACT,OTHER,LONG,28.2966,56.6052,28.3086,75.2121,ENTERABLE_TIER_B,TRIGGERED,97.2931,FULL,,,SIDEWAYS,LOW,891.15,53.3342897034162,-46.72316384180793,0.4985207474631535,0.7438921176547182,0.7310880486960937,25.375000000000007,51.1997,48.8003,65.78,72.8079,53.3931,65.78,76.67,46.6069,LOW,RESEARCH_ONLY_NO_STANDARD_TRADE,False
2026-01-09,HCLTECH,Information Technology,LONG,9.0287,55.9398,46.9111,80.1718,ENTERABLE_TIER_B,TRIGGERED,98.5,FULL,,SIDEWAYS,SIDEWAYS,LOW,1661.4,55.97965540432583,-23.876404494381983,3.301319215663859,1.6358063103781384,0.1841493519335671,28.9214285714286,47.5833,52.4167,71.0941,80.2223,53.348,71.0941,81.1904,46.652,LOW,RESEARCH_ONLY_NO_STANDARD_TRADE,False
2026-01-09,THELEELA,OTHER,LONG,29.3351,57.5045,28.1694,69.3057,ENTERABLE_TIER_B,TRIGGERED,97.2931,FULL,,,SIDEWAYS,LOW,428.9,54.58851402447882,-51.88781014023738,1.8009791627801552,1.1552930378469353,0.8322754994192284,14.074999999999998,47.5833,52.4167,63.2445,61.2078,47.493,63.2445,83.2327,52.507,LOW,RESEARCH_ONLY_NO_STANDARD_TRADE,False
2026-01-12,APLAPOLLO,Capital Goods,LONG,32.2145,63.1744,30.9599,67.9106,ENTERABLE_TIER_B,TRIGGERED,97.2931,FULL,,,SIDEWAYS,LOW,1904.8,58.09929155329329,-60.59986366734837,5.433489049169385,0.9598002539579388,2.163720264512741,43.38571428571429,46.5152,53.4848,53.3333,46.7106,46.1269,53.3333,96.3122,53.8731,LOW,RESEARCH_ONLY_NO_STANDARD_TRADE,False
2026-01-12,KARURVYSYA,OTHER,LONG,21.6191,56.2609,34.6418,78.2068,ENTERABLE_TIER_B,TRIGGERED,97.2931,FULL,,,SIDEWAYS,LOW,263.6,53.99816421486581,-51.32500761498621,4.872268245478177,0.8028645326004555,2.2163610378475456,9.906428571428563,46.5152,53.4848,76.0728,75.3695,42.8993,76.0728,86.2715,57.1007,LOW,RESEARCH_ONLY_NO_STANDARD_TRADE,False
2026-01-12,NLCINDIA,Power,LONG,29.879,59.8421,29.9631,75.4566,ENTERABLE_TIER_B,TRIGGERED,97.2931,FULL,,,SIDEWAYS,LOW,255.9,51.48112936533251,-56.91056910569102,1.314682113864038,1.0082375908304266,1.547934240959847,11.003571428571425,46.5152,53.4848,83.4781,55.2872,61.43,83.4781,90.0032,38.5701,LOW,RESEARCH_ONLY_NO_STANDARD_TRADE,False
2026-01-12,PNB,Financial Services,LONG,23.992,60.4011,36.4091,78.0906,ENTERABLE_TIER_B,TRIGGERED,98.5,FULL,,TRANSITION,SIDEWAYS,LOW,123.16,53.955802553883096,-43.64261168384885,2.6001178605552835,1.02810466479737,0.7964411915785087,2.507857142857145,46.5152,53.4848,66.7977,67.3028,52.8734,66.7977,94.7365,47.1266,LOW,RESEARCH_ONLY_NO_STANDARD_TRADE,False
2026-01-12,TVSMOTOR,Automobile and Auto Components,LONG,18.5833,57.7398,39.1565,71.8816,ENTERABLE_TIER_B,TRIGGERED,98.5,FULL,,TRANSITION,SIDEWAYS,LOW,3754.8,55.69518732069771,-42.845234787440894,4.241104180891228,1.056976082575038,1.505307564172497,76.94999999999995,46.5152,53.4848,65.8826,47.7583,46.4706,65.8826,91.475,53.5294,LOW,RESEARCH_ONLY_NO_STANDARD_TRADE,False
2026-01-16,AMBUJACEM,Construction Materials,LONG,16.2999,58.7155,42.4156,80.1459,ENTERABLE_TIER_B,TRIGGERED,98.5,FULL,,SIDEWAYS,SIDEWAYS,LOW,553.75,52.85025407863161,-43.48314606741578,0.102818492659715,1.0140754543002968,-0.029444025773871,10.028571428571436,44.6588,55.3412,77.9463,67.8917,65.2259,77.9463,81.2536,34.7741,LOW,RESEARCH_ONLY_NO_STANDARD_TRADE,False
2026-01-16,ICICIPRULI,Financial Services,LONG,44.3886,72.419,28.0304,77.5226,ENTERABLE_TIER_B,TRIGGERED,97.2931,FULL,,,SIDEWAYS,LOW,678.0,60.96465310388867,-48.77222692633357,5.443131267681442,2.872914917377168,1.7962888290813683,16.450000000000014,44.6588,55.3412,59.3718,73.9818,46.5127,59.3718,86.0182,53.4873,LOW,UPGRADE_OFACTOR_REQUIRED,False
2026-01-16,PERSISTENT,Information Technology,LONG,27.2992,64.9693,37.6701,80.7965,ENTERABLE_TIER_B,TRIGGERED,97.2931,FULL,,,SIDEWAYS,LOW,6403.0,54.24528718034499,-40.0,4.001748408056936,1.6029492653622033,0.4503664651394752,151.32142857142858,44.6588,55.3412,72.8062,75.2844,53.257,72.8062,80.439,46.743,LOW,RESEARCH_ONLY_NO_STANDARD_TRADE,False
2026-01-16,UPL,Chemicals,LONG,33.2419,65.6139,32.372,81.2314,ENTERABLE_TIER_B,TRIGGERED,97.2931,FULL,,,SIDEWAYS,LOW,790.15,57.68879422551147,-43.4055118110237,4.666518145300254,1.132206587645055,0.9714102884974064,18.77857142857145,44.6588,55.3412,73.7467,76.356,56.4462,73.7467,85.5154,43.5538,LOW,UPGRADE_OFACTOR_REQUIRED,False
2026-02-09,ALKEM,Healthcare,LONG,5.1035,54.6918,49.5883,81.9551,ENTERABLE_TIER_B,TRIGGERED,97.2931,FULL,,,SIDEWAYS,LOW,5750.5,55.03939087213656,-15.252152521525216,1.871535997047872,1.830482342998127,0.0205931497128987,143.0,49.6925,50.3075,86.6667,77.4825,40.1763,86.6667,86.1538,59.8237,LOW,RESEARCH_ONLY_NO_STANDARD_TRADE,False
2026-02-09,GICRE,Financial Services,LONG,21.6781,61.3501,39.672,64.6056,ENTERABLE_TIER_B,TRIGGERED,97.2931,FULL,,,SIDEWAYS,LOW,384.0,60.38149998954936,-14.72602739726032,2.286262376029405,1.7772625647905451,0.3517857994214039,11.157142857142844,49.6925,50.3075,28.2074,56.9245,40.8008,28.2074,84.5839,59.1992,LOW,RESEARCH_ONLY_NO_STANDARD_TRADE,False
2026-02-09,GRAPHITE,OTHER,LONG,21.4289,58.0921,36.6632,81.5764,ENTERABLE_TIER_B,TRIGGERED,97.2931,FULL,,,SIDEWAYS,LOW,637.3,54.03055424936938,-39.36015511391181,5.767076608403137,2.429145298319213,0.8063057813784166,32.34999999999999,49.6925,50.3075,77.8671,78.4853,43.9557,77.8671,78.2998,56.0443,LOW,RESEARCH_ONLY_NO_STANDARD_TRADE,False
2026-02-09,TORNTPHARM,Healthcare,LONG,5.5004,55.0191,49.5187,82.6156,ENTERABLE_TIER_B,TRIGGERED,98.5,FULL,,SIDEWAYS,SIDEWAYS,LOW,3997.2,53.94538416130856,-26.130530432657164,3.258359663732351,1.67818063713778,0.6446988469034831,108.91428571428573,49.6925,50.3075,93.2332,77.5971,40.1763,93.2332,92.1039,59.8237,LOW,RESEARCH_ONLY_NO_STANDARD_TRADE,False
2026-02-10,CHAMBLFERT,OTHER,LONG,28.083,65.1034,37.0204,65.1563,ENTERABLE_TIER_B,TRIGGERED,97.2931,FULL,,,SIDEWAYS,LOW,453.75,57.05922236167522,-5.438813349814559,0.0620752609249633,1.4883890492008092,-0.6827601413107247,15.082142857142852,58.1717,41.8283,22.6016,53.561,55.3195,22.6016,94.1653,44.6805,LOW,UPGRADE_OFACTOR_REQUIRED,False
2026-02-10,FIRSTCRY,OTHER,LONG,29.8064,63.4534,33.647,66.7057,ENTERABLE_TIER_B,TRIGGERED,97.2931,FULL,,,SIDEWAYS,LOW,283.45,55.39365075734432,-17.755681818181824,-2.9633749811684718,2.722031703879882,-1.1271360623440505,11.14999999999999,58.1717,41.8283,26.6816,55.6951,55.3195,26.6816,77.5785,44.6805,LOW,RESEARCH_ONLY_NO_STANDARD_TRADE,False
2026-02-10,MUTHOOTFIN,Financial Services,LONG,27.7608,63.0486,35.2878,80.7699,ENTERABLE_TIER_B,TRIGGERED,97.2931,FULL,,,SIDEWAYS,LOW,3882.0,54.18294598262734,-36.19756427604872,4.890903588719883,0.7938212144187174,-0.6533869967515522,186.87142857142857,58.1717,41.8283,76.3153,73.7145,47.3553,76.3153,97.8595,52.6447,LOW,RESEARCH_ONLY_NO_STANDARD_TRADE,False
2026-02-11,BRITANNIA,Fast Moving Consumer Goods,LONG,14.0209,61.3573,47.3364,70.083,ENTERABLE_TIER_B,TRIGGERED,98.5,FULL,,SIDEWAYS,SIDEWAYS,LOW,6019.0,57.25304161275174,-28.781512605042018,1.7728107356499063,1.953030568605856,-0.1618581695493607,148.71428571428572,55.2862,44.7138,31.95,59.17,48.4859,31.95,63.1508,51.5141,LOW,RESEARCH_ONLY_NO_STANDARD_TRADE,False
2026-02-11,CANHLIFE,OTHER,LONG,31.1092,66.8443,35.7351,71.6024,ENTERABLE_TIER_B,TRIGGERED,97.2931,FULL,,,SIDEWAYS,LOW,148.64,58.32236548598943,-57.6551724137932,7.860031067145574,1.288094195329928,1.2096224303439762,6.112857142857144,55.2862,44.7138,61.9381,65.7771,57.485,61.9381,90.4464,42.515,LOW,UPGRADE_OFACTOR_REQUIRED,False
2026-02-12,EMMVEE,OTHER,LONG,6.8966,48.1519,41.2553,69.7471,ENTERABLE_TIER_B,TRIGGERED,97.2931,FULL,,,SIDEWAYS,LOW,207.26,57.46087810336555,-17.79844961240313,1.6854847281052074,1.0100993978749615,0.6160045707210448,8.969999999999999,52.4256,47.5744,55.2583,49.3423,50.8032,55.2583,92.33,49.1968,LOW,RESEARCH_ONLY_NO_STANDARD_TRADE,False
2026-02-17,DELHIVERY,OTHER,LONG,44.3944,69.1559,24.7615,69.578,ENTERABLE_TIER_B,TRIGGERED,97.2931,FULL,,,SIDEWAYS,LOW,434.85,57.71278565500947,-44.51672862453529,3.3059318170748995,0.9451649170198358,1.2598519026750856,15.046428571428574,54.5566,45.4434,45.0589,59.193,54.4913,45.0589,97.6074,45.5087,LOW,UPGRADE_OFACTOR_REQUIRED,False
2026-02-17,IRB,OTHER,LONG,17.7361,51.5015,33.7654,76.0129,ENTERABLE_TIER_B,TRIGGERED,97.2931,FULL,,,SIDEWAYS,LOW,42.61,51.719758238582166,-44.7876447876448,0.6832968252334712,0.7871350188926106,1.2793755919310563,1.2621428571428577,54.5566,45.4434,65.0858,76.8647,54.4913,65.0858,95.88,45.5087,LOW,RESEARCH_ONLY_NO_STANDARD_TRADE,False
2026-02-17,J&KBANK,OTHER,LONG,18.58,53.93,35.35,79.0259,ENTERABLE_TIER_B,TRIGGERED,97.2931,FULL,,,SIDEWAYS,LOW,104.55,53.19240061234195,-25.00000000000005,1.1907249179365604,0.8022240247338869,0.2852179153459,2.700714285714286,54.5566,45.4434,86.4974,69.6377,54.4913,86.4974,84.4486,45.5087,LOW,RESEARCH_ONLY_NO_STANDARD_TRADE,False
2026-02-20,ICICIBANK,Financial Services,LONG,16.3421,56.0921,39.75,85.6013,ENTERABLE_TIER_B,TRIGGERED,98.5,FULL,,TRANSITION,SIDEWAYS,LOW,1394.5,50.59300422356727,-65.40983606557391,0.6186312582028343,0.7651797758092064,0.4936850493984041,23.27142857142855,59.2708,40.7292,89.9018,81.9521,60.7938,89.9018,84.1866,39.2062,LOW,RESEARCH_ONLY_NO_STANDARD_TRADE,False
2026-02-20,ZFCVINDIA,OTHER,LONG,17.1264,58.9932,41.8668,85.9014,ENTERABLE_TIER_B,TRIGGERED,97.2931,FULL,,,SIDEWAYS,LOW,15246.0,52.40855859700819,-73.06900102986612,4.020377973948673,2.3995441096382635,1.9047745012343031,531.8571428571429,59.2708,40.7292,96.9227,89.0948,60.2275,96.9227,80.9723,39.7725,LOW,RESEARCH_ONLY_NO_STANDARD_TRADE,False
2026-02-23,CUB,OTHER,LONG,43.4338,72.5896,29.1558,78.8908,ENTERABLE_TIER_B,TRIGGERED,97.2931,FULL,,,TRANSITION,LOW,291.05,54.29512038453916,-28.14465408805027,4.807279383626083,1.3127522515940864,0.125775540768682,8.703571428571431,72.102,27.898,79.4146,56.7993,74.4168,79.4146,91.9573,25.5832,MEDIUM,UPGRADE_OFACTOR_REQUIRED,False
2026-02-23,GRASIM,Construction Materials,LONG,23.453,60.1443,36.6913,84.749,ENTERABLE_TIER_B,TRIGGERED,98.5,FULL,,TRANSITION,TRANSITION,LOW,2873.4,51.7935633284674,-62.0811287477954,1.4757943225228476,0.9774363326165092,0.671297225179184,60.60714285714289,72.102,27.898,90.7767,77.7584,58.4484,90.7767,93.2021,41.5516,LOW,RESEARCH_ONLY_NO_STANDARD_TRADE,False
2026-02-23,J&KBANK,OTHER,LONG,37.9663,72.2922,34.3259,68.6101,ENTERABLE_TIER_B,TRIGGERED,97.2931,FULL,,,TRANSITION,LOW,106.54,57.6715102714788,-4.501607717041591,2.952794261797375,2.2710837498049177,0.4337902736865965,2.4078571428571443,72.102,27.898,30.7683,57.8048,74.4168,30.7683,95.3486,25.5832,LOW,UPGRADE_OFACTOR_REQUIRED,False
2026-02-23,M&MFIN,Financial Services,LONG,30.0577,61.4282,31.3705,80.8372,ENTERABLE_TIER_B,TRIGGERED,97.2931,FULL,,,TRANSITION,LOW,380.2,53.78667011621004,-42.930591259640096,4.975817184790069,0.831523104832684,0.918892197987536,13.310714285714289,72.102,27.898,73.9934,81.8192,73.791,73.9934,89.7827,26.209,MEDIUM,RESEARCH_ONLY_NO_STANDARD_TRADE,False
2026-02-24,APLAPOLLO,Capital Goods,LONG,35.3489,68.3815,33.0326,84.4867,ENTERABLE_TIER_B,TRIGGERED,97.2931,FULL,,,SIDEWAYS,LOW,2195.6,60.68125507013112,-72.21843003412982,8.978483619257485,1.4721307964190358,2.67299959214668,46.50714285714282,58.2504,41.7496,81.6086,77.9819,79.1252,81.6086,84.6905,20.8748,LOW,UPGRADE_OFACTOR_REQUIRED,False
2026-02-24,COALINDIA,Oil Gas & Consumable Fuels,LONG,33.574,68.9168,35.3428,79.6908,ENTERABLE_TIER_B,TRIGGERED,98.5,FULL,,SIDEWAYS,SIDEWAYS,LOW,430.95,55.36456818292253,-21.95512820512829,3.975620078637782,1.1538453779062012,0.2028603764658286,8.910714285714281,58.2504,41.7496,70.8965,60.2725,76.2223,70.8965,95.2866,23.7778,LOW,UPGRADE_OFACTOR_REQUIRED,False
2026-02-24,DELHIVERY,OTHER,LONG,36.0958,67.4643,31.3685,79.2508,ENTERABLE_TIER_B,TRIGGERED,97.2931,FULL,,,SIDEWAYS,LOW,436.75,58.181302732834666,-31.57894736842105,3.329814284272944,0.8206640240831052,1.1561666977114813,10.96785714285714,58.2504,41.7496,73.316,66.6298,69.0547,73.316,89.0589,30.9453,LOW,UPGRADE_OFACTOR_REQUIRED,False
2026-02-24,DMART,Consumer Services,LONG,19.4447,58.4222,38.9775,85.456,ENTERABLE_TIER_B,TRIGGERED,98.5,FULL,,TRANSITION,SIDEWAYS,LOW,3849.3,50.341489195887206,-78.29623287671221,-0.7219020322185531,1.1885304676739927,0.5854763039152734,77.55714285714281,58.2504,41.7496,99.0845,73.8515,59.2447,99.0845,93.2953,40.7553,LOW,RESEARCH_ONLY_NO_STANDARD_TRADE,False
2026-02-24,GRASIM,Construction Materials,LONG,12.4747,54.4212,41.9465,83.0175,ENTERABLE_TIER_B,TRIGGERED,98.5,FULL,,SIDEWAYS,SIDEWAYS,LOW,2879.3,52.43922142341373,-62.9816803537585,1.6289436707979683,0.9705494703781816,0.6230001359909414,59.49285714285715,58.2504,41.7496,86.2448,78.552,47.4787,86.2448,95.0246,52.5213,LOW,RESEARCH_ONLY_NO_STANDARD_TRADE,False
2026-02-24,PVRINOX,OTHER,LONG,32.5536,60.5509,27.9973,80.7683,ENTERABLE_TIER_B,TRIGGERED,97.2931,FULL,,,SIDEWAYS,LOW,1032.1,51.40143258984507,-40.611788112409904,-0.1792427447225169,0.8143790141113256,0.8660474353598441,44.135714285714286,58.2504,41.7496,85.6428,77.0254,69.0547,85.6428,97.4624,30.9453,LOW,RESEARCH_ONLY_NO_STANDARD_TRADE,False
2026-02-25,BPCL,Oil Gas & Consumable Fuels,LONG,31.1008,66.668,35.5672,73.5973,ENTERABLE_TIER_B,TRIGGERED,98.5,FULL,,UPWARD,SIDEWAYS,LOW,381.05,57.04811294509905,-34.44055944055936,3.784263784815433,1.0517052320705385,0.5668643542155359,8.114285714285703,54.5953,45.4047,58.8175,65.2465,61.2411,58.8175,95.8099,38.7589,LOW,UPGRADE_OFACTOR_REQUIRED,False
2026-02-25,DMART,Consumer Services,LONG,15.2391,54.0743,38.8352,81.2792,ENTERABLE_TIER_B,TRIGGERED,98.5,FULL,,TRANSITION,SIDEWAYS,LOW,3888.2,53.75131025546216,-61.64383561643838,0.2722746116562697,0.995893675150784,0.5758943336003597,75.50714285714282,54.5953,45.4047,74.4704,83.8956,54.1566,74.4704,69.4863,45.8434,LOW,RESEARCH_ONLY_NO_STANDARD_TRADE,False
2026-02-25,HINDALCO,Metals & Mining,LONG,3.5353,50.3269,46.7916,86.7861,ENTERABLE_TIER_B,TRIGGERED,98.5,FULL,,DOWNWARD,SIDEWAYS,LOW,937.4,52.07757099190815,-41.03502352326191,3.9103833516295294,0.836801944650603,-0.1929684691307414,27.357142857142858,54.5953,45.4047,92.5248,86.9869,60.0488,92.5248,87.4256,39.9512,LOW,RESEARCH_ONLY_NO_STANDARD_TRADE,False
2026-02-25,ICICIBANK,Financial Services,LONG,21.7092,61.1951,39.4859,82.4278,ENTERABLE_TIER_B,TRIGGERED,98.5,FULL,,SIDEWAYS,SIDEWAYS,LOW,1400.5,52.343241130719086,-65.06717850287909,0.990198633951051,1.283818491928236,0.3256757460131809,19.192857142857147,54.5953,45.4047,79.4194,74.3655,60.5465,79.4194,85.6197,39.4535,LOW,RESEARCH_ONLY_NO_STANDARD_TRADE,False
2026-02-25,NATIONALUM,Metals & Mining,LONG,15.0841,55.5511,40.467,80.6253,ENTERABLE_TIER_B,TRIGGERED,97.2931,FULL,,,SIDEWAYS,LOW,359.8,53.54609340826551,-36.53366583541145,8.734094619934803,1.0798476232101453,-0.4374706459692801,10.999999999999991,54.5953,45.4047,86.2121,52.0,60.0488,86.2121,95.6364,39.9512,LOW,RESEARCH_ONLY_NO_STANDARD_TRADE,False
2026-02-26,GLAND,OTHER,LONG,24.9404,60.9647,36.0243,78.4191,ENTERABLE_TIER_B,TRIGGERED,97.2931,FULL,,,SIDEWAYS,LOW,1861.2,58.20510933989432,-25.18321119253829,3.723993274154164,1.4282619979238202,0.9817367653244456,49.19285714285718,52.5457,47.4543,79.6718,72.3537,62.0487,79.6718,89.0228,37.9513,LOW,RESEARCH_ONLY_NO_STANDARD_TRADE,False
2026-02-26,HINDUNILVR,Fast Moving Consumer Goods,LONG,21.8294,62.4808,40.6514,82.1334,ENTERABLE_TIER_B,TRIGGERED,98.5,FULL,,SIDEWAYS,SIDEWAYS,LOW,2383.3,53.38888408529882,-47.205882352941046,0.2903505552991675,0.952091602912098,-0.2365195407081237,47.63571428571426,52.5457,47.4543,74.6269,76.4043,66.8562,74.6269,96.6412,33.1438,LOW,RESEARCH_ONLY_NO_STANDARD_TRADE,False
2026-02-26,NMDC,Metals & Mining,LONG,2.1173,48.8723,46.755,84.2837,ENTERABLE_TIER_B,TRIGGERED,97.2931,FULL,,,SIDEWAYS,LOW,82.56,53.39417165000397,-44.11027568922299,2.7804542359937927,1.012250611841221,-0.1638317207851475,2.275714285714284,52.5457,47.4543,83.9757,85.4112,50.5161,83.9757,82.4231,49.4839,LOW,RESEARCH_ONLY_NO_STANDARD_TRADE,False
2026-02-27,ATHERENERG,OTHER,LONG,30.5233,63.9432,33.4199,77.9531,ENTERABLE_TIER_B,TRIGGERED,97.2931,FULL,,,SIDEWAYS,LOW,710.9,54.54542626100525,-55.53956834532377,4.971990574501885,0.773552839452981,1.6216481580516162,27.68571428571428,45.3266,54.6734,91.0604,65.1084,51.4661,91.0604,97.3994,48.5339,LOW,RESEARCH_ONLY_NO_STANDARD_TRADE,False
2026-02-27,IGIL,OTHER,LONG,25.3673,61.7816,36.4143,79.0646,ENTERABLE_TIER_B,TRIGGERED,97.2931,FULL,,,SIDEWAYS,LOW,330.0,54.093977153609806,-55.42725173210168,1.2909974283743633,1.4004909068038764,1.0617600620166672,8.492857142857142,45.3266,54.6734,83.3782,72.4474,51.4661,83.3782,93.4062,48.5339,LOW,RESEARCH_ONLY_NO_STANDARD_TRADE,False
2026-02-27,OIL,Oil Gas & Consumable Fuels,LONG,15.9943,57.5963,41.602,80.788,ENTERABLE_TIER_B,TRIGGERED,97.2931,FULL,,,SIDEWAYS,LOW,483.9,57.14645775199894,-20.959332638164785,6.568971444109465,1.34385271794339,0.9068365081743792,15.257142857142863,45.3266,54.6734,76.6339,65.3933,63.4367,76.6339,82.0412,36.5632,LOW,RESEARCH_ONLY_NO_STANDARD_TRADE,False
2026-03-02,ABSLAMC,OTHER,LONG,18.6517,54.3867,35.735,79.1918,ENTERABLE_TIER_B,TRIGGERED,97.2931,FULL,,,SIDEWAYS,NORMAL,876.4,54.38321570669977,-58.93670886075954,5.52680639661615,1.0160032501957057,2.9863452365552368,29.20357142857144,51.3511,48.6489,89.6417,69.8667,49.4607,89.6417,86.7824,50.5393,LOW,RESEARCH_ONLY_NO_STANDARD_TRADE,False
2026-03-02,AXISBANK,Financial Services,LONG,17.635,55.7294,38.0944,79.5004,ENTERABLE_TIER_B,TRIGGERED,98.5,FULL,,SIDEWAYS,SIDEWAYS,NORMAL,1372.3,55.579520190453664,-37.27678571428576,4.431005934298072,0.9420221093996518,1.4767536241149268,23.40714285714289,51.3511,48.6489,69.411,68.0439,59.8683,69.411,78.8099,40.1317,LOW,RESEARCH_ONLY_NO_STANDARD_TRADE,False
2026-03-02,CENTRALBK,OTHER,LONG,7.787,55.6334,47.8464,75.126,ENTERABLE_TIER_B,TRIGGERED,97.2931,FULL,,,SIDEWAYS,NORMAL,38.74,53.61007984145404,-50.46296296296296,2.37992642042802,1.6712417166480609,1.6436674386854755,1.107857142857143,51.3511,48.6489,65.3084,65.6995,49.4607,65.3084,83.3914,50.5393,LOW,RESEARCH_ONLY_NO_STANDARD_TRADE,False
2026-03-02,EICHERMOT,Automobile and Auto Components,LONG,27.0623,61.3995,34.3372,83.3804,ENTERABLE_TIER_B,TRIGGERED,98.5,FULL,,UPWARD,SIDEWAYS,NORMAL,7826.0,54.2139701661252,-55.41838134430727,5.106109239992465,0.869849391256988,2.436044033851577,213.03571428571428,51.3511,48.6489,76.8505,79.2523,73.5822,76.8505,67.9866,26.4178,LOW,RESEARCH_ONLY_NO_STANDARD_TRADE,False
2026-03-02,NAVA,OTHER,LONG,13.5723,55.0301,41.4578,72.2848,ENTERABLE_TIER_B,TRIGGERED,97.2931,FULL,,,SIDEWAYS,NORMAL,576.75,52.75924878799691,-48.27586206896556,1.3894645921415258,1.20784945874201,1.1368069230810496,17.18928571428572,51.3511,48.6489,75.9152,61.0222,49.4607,75.9152,83.2454,50.5393,LOW,RESEARCH_ONLY_NO_STANDARD_TRADE,False
2026-03-02,PNB,Financial Services,LONG,1.59,50.0561,48.4661,85.4019,ENTERABLE_TIER_B,TRIGGERED,98.5,FULL,,TRANSITION,SIDEWAYS,NORMAL,126.05,50.22883365107582,-44.00527009222659,1.8017698699318905,1.188245941490531,1.2296327840627457,3.395714285714284,51.3511,48.6489,89.742,81.1527,59.8683,89.742,68.7842,40.1317,LOW,RESEARCH_ONLY_NO_STANDARD_TRADE,False
2026-03-02,POWERGRID,Power,LONG,42.1279,68.6711,26.5432,83.8897,ENTERABLE_TIER_B,TRIGGERED,98.5,FULL,,UPWARD,SIDEWAYS,NORMAL,296.8,57.43812000776348,-59.95975855130784,5.634104926667008,0.9447380322088748,2.7208427747899715,6.900000000000001,51.3511,48.6489,94.1304,57.6812,74.8049,94.1304,89.5652,25.195,LOW,UPGRADE_OFACTOR_REQUIRED,False
2026-03-02,THELEELA,OTHER,LONG,2.1401,51.0804,48.9403,77.3537,ENTERABLE_TIER_B,TRIGGERED,97.2931,FULL,,,SIDEWAYS,NORMAL,442.45,53.774052050728045,-65.0280898876405,2.6050926685109146,1.947799883770152,0.9064438988908012,13.56785714285714,51.3511,48.6489,96.8922,63.2956,49.4607,96.8922,67.2756,50.5393,LOW,RESEARCH_ONLY_NO_STANDARD_TRADE,False
2026-04-10,ASTRAL,Capital Goods,LONG,38.5693,71.3164,32.7471,80.8705,ENTERABLE_TIER_B,TRIGGERED,97.2931,FULL,,,SIDEWAYS,NORMAL,1630.0,53.94773737092908,-21.68021680216801,3.786087603552292,1.3309795809442604,-0.7720516672419724,68.66428571428573,50.7821,49.2179,80.1983,63.6492,71.6471,80.1983,94.4076,28.3529,LOW,UPGRADE_OFACTOR_REQUIRED,False
2026-04-15,BALRAMCHIN,OTHER,LONG,13.9889,51.8165,37.8276,83.4854,ENTERABLE_TIER_B,TRIGGERED,97.2931,FULL,,,SIDEWAYS,NORMAL,485.35,52.36773229846791,-40.35211267605631,2.9971971735418683,0.8954634703082384,0.3325668117029009,19.542857142857144,62.7251,37.2749,95.5141,83.6257,78.2575,95.5141,94.3713,21.7425,MEDIUM,RESEARCH_ONLY_NO_STANDARD_TRADE,False
2026-04-16,TEJASNET,OTHER,LONG,2.0228,53.7132,51.6904,87.3796,ENTERABLE_TIER_B,TRIGGERED,97.2931,FULL,,,SIDEWAYS,NORMAL,432.25,52.23207035506957,-36.90851735015773,3.127813538207644,1.2701335788212316,1.9042957010615733,23.189285714285717,69.6567,30.3433,90.9944,83.1819,83.9213,90.9944,87.2355,16.0787,LOW,RESEARCH_ONLY_NO_STANDARD_TRADE,False
2026-04-17,GESHIP,OTHER,LONG,30.5897,64.2754,33.6857,83.4641,ENTERABLE_TIER_B,TRIGGERED,97.2931,FULL,,,UPWARD,NORMAL,1424.3,54.33547702342964,-42.755214050494,7.113091058054181,1.4283102722606174,0.5623885086649039,58.40714285714288,93.2827,6.7173,85.1388,73.154,96.6414,85.1388,92.0558,3.3586,MEDIUM,RESEARCH_ONLY_NO_STANDARD_TRADE,False
2026-04-17,LUPIN,Healthcare,LONG,7.3498,53.5645,46.2147,80.1713,ENTERABLE_TIER_B,TRIGGERED,97.2931,FULL,,,UPWARD,NORMAL,2326.1,54.90470296358273,-21.686746987951917,3.079733564131548,0.8709439810000625,0.5039249557599299,56.28571428571435,93.2827,6.7173,78.39,81.4518,60.077,78.39,93.6751,39.923,MEDIUM,RESEARCH_ONLY_NO_STANDARD_TRADE,False
2026-04-21,IEX,OTHER,LONG,24.4892,58.246,33.7568,83.7893,ENTERABLE_TIER_B,TRIGGERED,97.2931,FULL,,,TRANSITION,NORMAL,126.06,50.10836469384127,-48.37837837837838,-0.8305547247877371,1.0556122352083803,1.5702543904325292,4.475000000000002,85.1782,14.8218,79.6574,83.3743,92.5891,79.6574,89.4525,7.4109,MEDIUM,RESEARCH_ONLY_NO_STANDARD_TRADE,False
2026-04-23,IEX,OTHER,LONG,28.3934,64.2854,35.892,83.4817,ENTERABLE_TIER_B,TRIGGERED,97.2931,FULL,,,UPWARD,NORMAL,126.92,51.39112419736184,-47.500000000000014,-0.1162779032460403,1.4976145452675262,1.1594132450439978,4.0464285714285735,92.4199,7.5801,74.8008,81.5146,96.2099,74.8008,88.8297,3.79,HIGH,RESEARCH_ONLY_NO_STANDARD_TRADE,False
2026-04-24,CCL,OTHER,LONG,25.1346,61.4646,36.33,83.3257,ENTERABLE_TIER_B,TRIGGERED,97.2931,FULL,,,TRANSITION,NORMAL,1098.8,54.22776849081775,-62.214022140221374,5.037057689201315,1.13723311399226,1.2896603291510595,45.87857142857144,78.2453,21.7547,88.7529,81.8652,89.1226,88.7529,84.8295,10.8773,MEDIUM,RESEARCH_ONLY_NO_STANDARD_TRADE,False
2026-04-24,DELHIVERY,OTHER,LONG,34.4857,68.2828,33.7971,87.7846,ENTERABLE_TIER_B,TRIGGERED,97.2931,FULL,,,TRANSITION,NORMAL,449.7,52.17667562387886,-51.24999999999999,3.280704624502538,1.4646966217022557,1.9980307340441423,15.771428571428563,78.2453,21.7547,96.2591,79.5833,89.1226,96.2591,94.5471,10.8773,MEDIUM,UPGRADE_OFACTOR_REQUIRED,False
2026-04-27,IEX,OTHER,LONG,39.7428,71.4194,31.6766,84.9472,ENTERABLE_TIER_B,TRIGGERED,97.2931,FULL,,,UPWARD,NORMAL,126.45,50.84939546198348,-71.5767634854772,-0.3766066002881571,1.4017033006815274,0.7169648231472447,4.072142857142858,100.0,0.0,94.6711,60.021,100.0,94.6711,91.6506,0.0,MEDIUM,UPGRADE_OFACTOR_REQUIRED,False
2026-04-27,LUPIN,Healthcare,LONG,24.6887,59.8082,35.1195,85.5023,ENTERABLE_TIER_B,TRIGGERED,97.2931,FULL,,,UPWARD,NORMAL,2324.5,53.12078272335198,-42.13273676360927,2.508599598970412,0.788535774853687,0.3460907089640173,51.857142857142925,100.0,0.0,85.4793,78.1708,90.4564,85.4793,87.2727,9.5436,HIGH,RESEARCH_ONLY_NO_STANDARD_TRADE,False
2026-04-27,SUNTV,OTHER,LONG,33.1515,62.5635,29.412,83.2214,ENTERABLE_TIER_B,TRIGGERED,97.2931,FULL,,,UPWARD,NORMAL,611.0,50.293395652694606,-62.35884567126728,2.590987587300641,1.5367850959438396,1.5602880692205645,22.20357142857144,100.0,0.0,97.6355,68.4735,100.0,97.6355,96.9374,0.0,MEDIUM,RESEARCH_ONLY_NO_STANDARD_TRADE,False
2026-04-27,TENNIND,OTHER,LONG,35.7603,63.0185,27.2582,81.9278,ENTERABLE_TIER_B,TRIGGERED,97.2931,FULL,,,UPWARD,NORMAL,565.35,51.76626075237961,-49.41373534338355,3.2505622773563565,0.982949281337592,1.5640879353897787,22.603571428571424,100.0,0.0,80.2612,83.3655,100.0,80.2612,90.0016,0.0,MEDIUM,RESEARCH_ONLY_NO_STANDARD_TRADE,False
2026-04-27,VEDL,Metals & Mining,LONG,52.4679,77.9138,25.4459,77.7601,ENTERABLE_TIER_B,TRIGGERED,98.5,FULL,,UPWARD,UPWARD,NORMAL,742.5,54.73047849282245,-51.47058823529412,6.734973197083886,1.3009485799410316,2.084160036417817,22.889285714285734,100.0,0.0,53.1513,61.6414,100.0,53.1513,92.8351,0.0,MEDIUM,QUALIFIED_FOR_INTRADAY_REVALIDATION,True
2026-04-29,AFFLE,OTHER,LONG,15.4079,55.172,39.7641,86.534,ENTERABLE_TIER_B,TRIGGERED,97.2931,FULL,,,TRANSITION,NORMAL,1433.1,51.39285886524264,-54.769425142135226,-2.486234467788045,1.117907056721976,0.4829979527989817,42.685714285714326,81.1502,18.8498,95.9705,93.1593,90.5751,95.9705,86.0375,9.4249,MEDIUM,RESEARCH_ONLY_NO_STANDARD_TRADE,False
2026-04-29,LAURUSLABS,Healthcare,LONG,35.2419,67.9759,32.734,78.0154,ENTERABLE_TIER_B,TRIGGERED,97.2931,FULL,,,TRANSITION,NORMAL,1106.1,55.537171317496565,-53.59612724757957,5.176383070965387,1.0416350492629332,2.0194668978006147,28.635714285714307,81.1502,18.8498,65.6082,70.5263,72.6971,65.6082,86.4505,27.3028,MEDIUM,UPGRADE_OFACTOR_REQUIRED,False
2026-04-30,FEDERALBNK,Financial Services,LONG,36.9558,69.9305,32.9747,85.9215,ENTERABLE_TIER_B,TRIGGERED,97.2931,FULL,,,UPWARD,NORMAL,286.95,52.03172688378282,-67.97235023041478,2.688921601792181,1.649380675879609,1.3161629106375354,7.707142857142843,93.0167,6.9833,93.4044,63.9296,96.5084,93.4044,94.81,3.4916,MEDIUM,UPGRADE_OFACTOR_REQUIRED,False
2026-04-30,GLAND,OTHER,LONG,24.9262,62.2334,37.3072,85.0945,ENTERABLE_TIER_B,TRIGGERED,97.2931,FULL,,,UPWARD,NORMAL,1750.8,51.21510347802736,-58.54361932227831,0.4213781041375939,2.216421319186787,0.6646319794202092,52.22142857142855,93.0167,6.9833,95.9021,82.8423,96.5084,95.9021,87.3615,3.4916,LOW,RESEARCH_ONLY_NO_STANDARD_TRADE,False
2026-04-30,LAURUSLABS,Healthcare,LONG,27.6184,63.6479,36.0295,84.9495,ENTERABLE_TIER_B,TRIGGERED,97.2931,FULL,,,UPWARD,NORMAL,1100.95,54.35186776954728,-60.71922544951576,4.528652128464913,1.3747779689358588,1.859393446540457,29.785714285714302,93.0167,6.9833,90.5771,71.8657,73.9985,90.5771,83.8849,26.0015,MEDIUM,RESEARCH_ONLY_NO_STANDARD_TRADE,False
2026-04-30,TECHM,Information Technology,LONG,26.9843,64.2897,37.3054,81.7052,ENTERABLE_TIER_B,TRIGGERED,98.5,FULL,,UPWARD,UPWARD,NORMAL,1473.5,55.183393388481306,-31.430125067971723,0.9412443417706624,0.9930221899551926,0.2261645124562327,46.74285714285713,93.0167,6.9833,68.5513,76.1247,80.624,68.5513,92.7262,19.376,HIGH,RESEARCH_ONLY_NO_STANDARD_TRADE,False
2026-05-04,ETERNAL,Consumer Services,LONG,42.9875,69.1639,26.1764,82.2152,ENTERABLE_TIER_B,TRIGGERED,98.5,FULL,,UPWARD,UPWARD,NORMAL,251.9,52.89170346882271,-43.731778425655925,-0.7778963226366017,0.7809235445227496,1.2133080143241892,9.006428571428566,100.0,0.0,71.6536,69.3552,99.6522,71.6536,95.3367,0.3478,MEDIUM,UPGRADE_OFACTOR_REQUIRED,False
2026-05-04,HEG,OTHER,LONG,50.4809,73.154,22.6731,83.6587,ENTERABLE_TIER_B,TRIGGERED,97.2931,FULL,,,UPWARD,NORMAL,615.75,53.309864192887446,-51.206896551724135,7.079537176047019,1.023465894060162,4.046234689398704,34.899999999999984,100.0,0.0,90.3868,57.0201,100.0,90.3868,95.9312,0.0,LOW,UPGRADE_OFACTOR_REQUIRED,False
2026-05-04,KEC,OTHER,LONG,40.7696,70.7577,29.9881,76.6632,ENTERABLE_TIER_B,TRIGGERED,97.2931,FULL,,,UPWARD,NORMAL,579.45,54.65282994036739,-33.83720930232548,-1.23166175258749,1.158000973558643,0.616491674338644,17.757142857142842,100.0,0.0,51.9912,67.7876,100.0,51.9912,83.3307,0.0,MEDIUM,UPGRADE_OFACTOR_REQUIRED,False
2026-05-05,ABLBL,OTHER,LONG,48.9449,70.4861,21.5412,73.8884,ENTERABLE_TIER_B,TRIGGERED,97.2931,FULL,,,UPWARD,NORMAL,104.79,54.239866245861656,-61.1680327868852,-0.1982432126662021,2.1389700017898736,1.1176978225423853,3.3664285714285733,99.7294,0.2706,78.3054,54.9671,99.8647,78.3054,90.2567,0.1353,LOW,UPGRADE_OFACTOR_REQUIRED,False
2026-05-05,BHARATFORG,Automobile and Auto Components,LONG,47.8213,70.2684,22.4471,76.1538,ENTERABLE_TIER_B,TRIGGERED,97.2931,FULL,,,UPWARD,NORMAL,1866.6,55.8381836574266,-60.18786127167639,6.889652415839595,0.8132121049667252,1.906272223848661,52.44285714285714,99.7294,0.2706,60.0645,63.1599,90.3879,60.0645,91.076,9.612,MEDIUM,UPGRADE_OFACTOR_REQUIRED,False
2026-05-05,IGIL,OTHER,LONG,42.3051,63.5293,21.2242,79.8261,ENTERABLE_TIER_B,TRIGGERED,97.2931,FULL,,,UPWARD,NORMAL,354.0,55.16968557828373,-69.3169092945129,4.859993681878524,0.9437863856713123,1.5934858130584888,14.285714285714274,99.7294,0.2706,77.4367,79.56,99.8647,77.4367,79.56,0.1353,MEDIUM,RESEARCH_ONLY_NO_STANDARD_TRADE,False
2026-05-05,PFC,Financial Services,LONG,55.6015,75.3485,19.747,81.3315,ENTERABLE_TIER_B,TRIGGERED,98.5,FULL,,UPWARD,UPWARD,NORMAL,456.9,56.42901282889707,-61.03092783505159,7.584461364649273,0.7892993840222085,2.649785701322465,13.285714285714278,99.7294,0.2706,71.3853,61.1613,99.8647,71.3853,89.914,0.1353,MEDIUM,QUALIFIED_FOR_INTRADAY_REVALIDATION,True
2026-05-05,SBFC,OTHER,LONG,32.9944,60.502,27.5076,85.3177,ENTERABLE_TIER_B,TRIGGERED,97.2931,FULL,,,UPWARD,NORMAL,93.52,52.11471262711397,-74.10236822001528,-0.0781469262755331,0.8740903426418535,1.0746029262387895,3.1278571428571422,99.7294,0.2706,96.3873,91.9434,99.8647,96.3873,84.3983,0.1353,HIGH,RESEARCH_ONLY_NO_STANDARD_TRADE,False
2026-05-05,SONACOMS,OTHER,LONG,51.2262,75.5796,24.3534,84.5854,ENTERABLE_TIER_B,TRIGGERED,97.2931,FULL,,,UPWARD,NORMAL,577.85,55.425852646740616,-67.57009345794388,7.779272776599779,1.2662140422982104,3.176584516463092,20.514285714285727,99.7294,0.2706,74.27,83.4262,99.8647,74.27,93.8579,0.1353,MEDIUM,QUALIFIED_FOR_INTRADAY_REVALIDATION,True
2026-05-06,AUBANK,Financial Services,LONG,53.6131,78.121,24.5079,77.7605,ENTERABLE_TIER_B,TRIGGERED,97.2931,FULL,,,UPWARD,NORMAL,1024.0,59.10695914288584,-53.77541142303967,5.538576270697823,0.9501164155023164,2.2196193691884414,27.45357142857146,100.0,0.0,51.6638,67.9459,100.0,51.6638,93.5892,0.0,MEDIUM,QUALIFIED_FOR_INTRADAY_REVALIDATION,True
2026-05-06,CHAMBLFERT,OTHER,LONG,31.9992,63.1464,31.1472,78.94,ENTERABLE_TIER_B,TRIGGERED,97.2931,FULL,,,UPWARD,NORMAL,452.65,54.83848571124111,-37.96992481203013,1.5289629782642449,1.087585581054339,0.2128933198453848,9.98928571428572,100.0,0.0,85.1174,57.955,100.0,85.1174,95.7955,0.0,MEDIUM,RESEARCH_ONLY_NO_STANDARD_TRADE,False
2026-05-06,HINDCOPPER,OTHER,LONG,43.0538,69.9358,26.882,82.9854,ENTERABLE_TIER_B,TRIGGERED,97.2931,FULL,,,UPWARD,NORMAL,550.5,54.32737577873797,-49.546485260771,4.267549952142938,0.8533241885870317,1.0522044515632294,16.15357142857143,100.0,0.0,71.936,75.7329,100.0,71.936,92.5713,0.0,HIGH,UPGRADE_OFACTOR_REQUIRED,False
2026-05-06,IOB,OTHER,LONG,34.1828,64.5491,30.3663,75.2969,ENTERABLE_TIER_B,TRIGGERED,97.2931,FULL,,,UPWARD,NORMAL,35.17,56.06671795274885,-64.55026455026447,1.5104646922187344,1.1567456503844942,0.8954561886982583,0.6535714285714285,100.0,0.0,61.5956,68.1749,100.0,61.5956,79.8033,0.0,MEDIUM,RESEARCH_ONLY_NO_STANDARD_TRADE,False
2026-05-06,MUTHOOTFIN,Financial Services,LONG,42.9067,74.0738,31.1671,83.2079,ENTERABLE_TIER_B,TRIGGERED,97.2931,FULL,,,UPWARD,NORMAL,3533.6,54.521814626659264,-46.370530877573145,1.5035164151458713,1.2213252652263196,0.5966023579751949,91.66428571428573,100.0,0.0,83.905,66.2682,100.0,83.905,84.8578,0.0,MEDIUM,QUALIFIED_FOR_INTRADAY_REVALIDATION,True
2026-05-06,PIIND,Chemicals,LONG,43.9104,68.7515,24.8411,78.7077,ENTERABLE_TIER_B,TRIGGERED,97.2931,FULL,,,UPWARD,NORMAL,3071.0,55.365857682811566,-58.42105263157895,0.8012769781473366,1.049456333681801,0.9574518928095,80.78571428571435,100.0,0.0,60.5747,75.2927,100.0,60.5747,88.6118,0.0,HIGH,UPGRADE_OFACTOR_REQUIRED,False
2026-05-06,SAMMAANCAP,OTHER,LONG,38.0571,72.7266,34.6695,80.7203,ENTERABLE_TIER_B,TRIGGERED,97.2931,FULL,,,UPWARD,NORMAL,149.78,54.58861816781879,-42.099737532808426,1.915170393357606,1.7299635523588557,-0.2532480149573803,4.120714285714292,100.0,0.0,84.2827,53.8915,100.0,84.2827,92.1373,0.0,MEDIUM,UPGRADE_OFACTOR_REQUIRED,False
2026-05-06,SBFC,OTHER,LONG,52.3101,79.6151,27.305,80.9893,ENTERABLE_TIER_B,TRIGGERED,97.2931,FULL,,,UPWARD,NORMAL,94.99,56.07017517775749,-62.872421695951125,1.4436414206225872,2.102829348626209,1.0734367920977423,3.019285714285714,100.0,0.0,76.1533,82.6449,100.0,76.1533,94.5683,0.0,LOW,QUALIFIED_FOR_INTRADAY_REVALIDATION,True
2026-05-06,SHRIRAMFIN,Financial Services,LONG,52.0097,77.1014,25.0917,85.163,ENTERABLE_TIER_B,TRIGGERED,98.5,FULL,,UPWARD,UPWARD,NORMAL,1004.1,53.23320199434809,-41.35497529992943,2.1987903433036364,0.825654335506273,-0.4141017102241984,31.66785714285716,100.0,0.0,88.1162,64.5698,100.0,88.1162,95.7686,0.0,MEDIUM,QUALIFIED_FOR_INTRADAY_REVALIDATION,True
2026-05-07,ABB,Capital Goods,LONG,47.5595,69.8436,22.2841,85.0228,ENTERABLE_TIER_B,TRIGGERED,98.5,FULL,,UPWARD,UPWARD,NORMAL,7188.0,59.34538347800719,-64.15571284125379,10.899340784433225,0.7489834918069954,3.2819427818837514,244.7142857142857,99.2854,0.7146,85.6295,69.2703,99.6427,85.6295,85.0438,0.3573,MEDIUM,UPGRADE_OFACTOR_REQUIRED,False
2026-05-07,ACE,OTHER,LONG,40.4987,69.7534,29.2547,82.6946,ENTERABLE_TIER_B,TRIGGERED,97.2931,FULL,,,UPWARD,NORMAL,905.55,55.86739028924808,-63.344051446945336,2.513592160611202,1.5510025138089023,1.090526346868985,22.68214285714288,99.2854,0.7146,85.3997,77.8681,99.6427,85.3997,88.7136,0.3573,MEDIUM,UPGRADE_OFACTOR_REQUIRED,False
2026-05-07,ERIS,OTHER,LONG,27.7494,60.6536,32.9042,84.6549,ENTERABLE_TIER_B,TRIGGERED,97.2931,FULL,,,UPWARD,NORMAL,1383.2,54.00381359237576,-32.86918285086112,0.2593478500233079,0.9604014630272608,0.0633643799957311,53.29285714285715,99.2854,0.7146,93.5388,93.0948,99.6427,93.5388,90.6929,0.3573,MEDIUM,RESEARCH_ONLY_NO_STANDARD_TRADE,False
2026-05-07,NTPC,Power,LONG,44.9668,69.8459,24.8791,80.4862,ENTERABLE_TIER_B,TRIGGERED,98.5,FULL,,UPWARD,UPWARD,NORMAL,400.35,58.01384058986827,-54.14258188824648,5.345644572044007,0.8560116736028487,1.4553736846765528,8.935714285714296,99.2854,0.7146,64.3006,67.7698,99.6427,64.3006,85.8993,0.3573,MEDIUM,UPGRADE_OFACTOR_REQUIRED,False
2026-05-07,SAMMAANCAP,OTHER,LONG,38.0276,68.6613,30.6337,78.0832,ENTERABLE_TIER_B,TRIGGERED,97.2931,FULL,,,UPWARD,NORMAL,151.78,57.25227759972642,-22.162485065710907,3.1670098597611878,0.8785069493707267,0.0484836842924921,4.1507142857142885,99.2854,0.7146,57.5736,69.1619,99.6427,57.5736,91.1341,0.3573,MEDIUM,UPGRADE_OFACTOR_REQUIRED,False
2026-05-08,PERSISTENT,Information Technology,LONG,1.4298,48.2147,46.7849,84.3877,ENTERABLE_TIER_B,TRIGGERED,97.2931,FULL,,,TRANSITION,NORMAL,5113.6,53.84417808401306,-51.2270332776564,-1.5067512674879486,0.804530196171722,-0.9848583267834184,161.54999999999993,87.9301,12.0699,98.4071,61.9684,58.8447,98.4071,94.2061,41.1553,LOW,RESEARCH_ONLY_NO_STANDARD_TRADE,False
2026-05-08,PFC,Financial Services,LONG,46.2645,75.0007,28.7362,86.7285,ENTERABLE_TIER_B,TRIGGERED,98.5,FULL,,UPWARD,TRANSITION,NORMAL,461.35,57.40971224710408,-59.17647058823524,7.771266982999682,0.948313734507414,2.211559253607,12.314285714285704,87.9301,12.0699,86.1408,81.1601,93.965,86.1408,80.8353,6.035,HIGH,QUALIFIED_FOR_INTRADAY_REVALIDATION,True
2026-05-11,CHAMBLFERT,OTHER,LONG,5.2678,46.5868,41.319,79.6382,ENTERABLE_TIER_B,TRIGGERED,97.2931,FULL,,,SIDEWAYS,NORMAL,452.3,53.91004527583829,-32.708333333333194,1.2766922903610474,1.202267007682587,0.4662581015482988,9.692857142857148,43.6972,56.3028,84.6966,74.0015,71.8486,84.6966,82.6676,28.1514,LOW,RESEARCH_ONLY_NO_STANDARD_TRADE,False
2026-05-11,CYIENT,OTHER,LONG,35.7204,65.596,29.8756,74.3299,ENTERABLE_TIER_B,TRIGGERED,97.2931,FULL,,,SIDEWAYS,NORMAL,919.75,55.53338126487701,-39.42307692307692,-0.8713545428469582,1.0250745843735567,0.1832552593060056,30.20357142857144,43.6972,56.3028,78.0931,48.7478,71.8486,78.0931,89.6039,28.1514,LOW,UPGRADE_OFACTOR_REQUIRED,False
2026-05-11,EMCURE,OTHER,LONG,35.5544,60.9322,25.3778,80.2581,ENTERABLE_TIER_B,TRIGGERED,97.2931,FULL,,,SIDEWAYS,NORMAL,1678.0,54.68998814909082,-45.6593571643136,6.552957042204631,0.744419484803563,1.840321029333471,86.32142857142863,43.6972,56.3028,79.7347,80.5842,71.8486,79.7347,87.813,28.1514,LOW,RESEARCH_ONLY_NO_STANDARD_TRADE,False
2026-05-11,HINDUNILVR,Fast Moving Consumer Goods,LONG,37.9899,67.4008,29.4109,80.7779,ENTERABLE_TIER_B,TRIGGERED,98.5,FULL,,UPWARD,SIDEWAYS,NORMAL,2307.2,56.25341367303001,-51.323828920570335,2.1872992779088163,0.8332202197204305,1.3442135751015378,74.32142857142864,43.6972,56.3028,67.9186,74.1663,71.8486,67.9186,94.6718,28.1514,LOW,UPGRADE_OFACTOR_REQUIRED,False
2026-05-14,ABCAPITAL,Financial Services,LONG,20.4489,56.7445,36.2956,85.8717,ENTERABLE_TIER_B,TRIGGERED,97.2931,FULL,,,SIDEWAYS,NORMAL,349.65,53.10612136280111,-68.31168831168833,3.097654467208787,0.8090174595430317,1.5835503325387617,12.042857142857136,44.6507,55.3493,95.4191,84.8873,60.343,95.4191,86.0498,39.657,LOW,RESEARCH_ONLY_NO_STANDARD_TRADE,False
2026-05-14,AEGISVOPAK,OTHER,LONG,29.7761,57.4026,27.6265,78.9127,ENTERABLE_TIER_B,TRIGGERED,97.2931,FULL,,,SIDEWAYS,NORMAL,200.17,51.94322592599399,-57.06849315068497,-0.6595481372016715,0.8207311439953614,1.6721860238650776,10.014285714285718,44.6507,55.3493,92.7038,61.4551,70.057,92.7038,96.2454,29.943,LOW,RESEARCH_ONLY_NO_STANDARD_TRADE,False
2026-05-14,BBTC,OTHER,LONG,31.272,62.2481,30.9761,73.2818,ENTERABLE_TIER_B,TRIGGERED,97.2931,FULL,,,SIDEWAYS,NORMAL,1537.9,53.08603637344518,-46.82080924855481,-1.7878160251467132,2.3109120350260555,0.0844305482163815,48.69285714285717,44.6507,55.3493,75.4584,62.3764,70.057,75.4584,77.9023,29.943,LOW,RESEARCH_ONLY_NO_STANDARD_TRADE,False
2026-05-14,GLENMARK,Healthcare,LONG,47.5278,73.551,26.0232,84.1733,ENTERABLE_TIER_B,TRIGGERED,97.2931,FULL,,,SIDEWAYS,NORMAL,2340.6,55.90097784668667,-58.00000000000004,6.039621997138683,1.2952066047874076,1.525813383748981,72.76428571428586,44.6507,55.3493,87.361,73.6134,72.3254,87.361,94.6127,27.6746,LOW,UPGRADE_OFACTOR_REQUIRED,False
2026-05-14,PIIND,Chemicals,LONG,30.5052,67.1822,36.677,79.7081,ENTERABLE_TIER_B,TRIGGERED,97.2931,FULL,,,SIDEWAYS,NORMAL,3103.6,56.18906225577897,-40.42328042328048,1.7007575358255378,1.7976775837944738,0.8031078084134665,78.18571428571434,44.6507,55.3493,72.7785,77.9499,68.7766,72.7785,66.4389,31.2234,LOW,UPGRADE_OFACTOR_REQUIRED,False
2026-05-14,POWERINDIA,Capital Goods,LONG,48.8577,73.4921,24.6344,84.0819,ENTERABLE_TIER_B,TRIGGERED,97.2931,FULL,,,SIDEWAYS,NORMAL,32290.0,58.2734127046476,-68.4981684981685,16.067930614921533,0.9502467149274126,4.646240680612121,1182.857142857143,44.6507,55.3493,88.8406,69.058,69.0943,88.8406,96.4493,30.9057,LOW,UPGRADE_OFACTOR_REQUIRED,False
2026-05-25,BAJFINANCE,Financial Services,LONG,25.2809,64.0827,38.8018,78.9094,ENTERABLE_TIER_B,TRIGGERED,98.5,FULL,,TRANSITION,SIDEWAYS,NORMAL,941.9,55.85514174868667,-48.76513317191285,1.330644500506925,0.8949788786835002,0.1922018171826862,23.01785714285713,45.1271,54.8729,68.8575,69.6757,48.0548,68.8575,96.3507,51.9452,LOW,RESEARCH_ONLY_NO_STANDARD_TRADE,False
2026-05-25,CESC,OTHER,LONG,42.2944,73.273,30.9786,79.5976,ENTERABLE_TIER_B,TRIGGERED,97.2931,FULL,,,SIDEWAYS,NORMAL,185.59,58.05120092916026,-30.348913759051914,8.124637174229845,1.5885722934309208,1.328844620490257,5.397857142857144,45.1271,54.8729,82.0546,58.5762,57.0693,82.0546,93.3307,42.9307,LOW,UPGRADE_OFACTOR_REQUIRED,False
2026-05-25,CHOLAFIN,Financial Services,LONG,25.8832,63.2446,37.3614,82.0057,ENTERABLE_TIER_B,TRIGGERED,98.5,FULL,,TRANSITION,SIDEWAYS,NORMAL,1591.0,53.715362142923496,-58.98277276456111,0.929332197317123,0.8345001877838643,-0.3403075497388359,47.44999999999998,45.1271,54.8729,88.1911,64.1728,48.0548,88.1911,92.4131,51.9452,LOW,RESEARCH_ONLY_NO_STANDARD_TRADE,False
2026-05-25,DATAPATTNS,OTHER,LONG,29.1168,63.1991,34.0823,79.6954,ENTERABLE_TIER_B,TRIGGERED,97.2931,FULL,,,SIDEWAYS,NORMAL,4096.0,58.41522995454429,-28.071602929210737,14.189629639187473,0.9044048176127952,1.9562933129931623,208.0357142857143,45.1271,54.8729,78.3146,75.7734,57.0693,78.3146,90.0017,42.9307,LOW,RESEARCH_ONLY_NO_STANDARD_TRADE,False
2026-05-25,DIVISLAB,Healthcare,LONG,11.6699,53.9893,42.3194,84.7927,ENTERABLE_TIER_B,TRIGGERED,98.5,FULL,,UPWARD,SIDEWAYS,NORMAL,6756.5,57.29537686476463,-60.0,4.726239569731311,2.41282934896045,2.185089237590313,156.28571428571428,45.1271,54.8729,82.4893,82.9799,69.6268,82.4893,51.755,30.3732,LOW,RESEARCH_ONLY_NO_STANDARD_TRADE,False
2026-05-25,FINCABLES,OTHER,LONG,45.0853,75.2057,30.1204,81.0691,ENTERABLE_TIER_B,TRIGGERED,97.2931,FULL,,,SIDEWAYS,NORMAL,1068.9,59.57863583824896,-60.28430519292133,12.687471716379603,2.0092890030083104,2.875610201520741,50.62857142857143,45.1271,54.8729,76.4527,78.3521,57.0693,76.4527,68.9108,42.9307,LOW,QUALIFIED_FOR_INTRADAY_REVALIDATION,True
2026-05-25,KIRLOSENG,OTHER,LONG,33.9607,65.4089,31.4482,77.7693,ENTERABLE_TIER_B,TRIGGERED,97.2931,FULL,,,SIDEWAYS,NORMAL,1702.8,57.46223965866391,-30.22185014650482,10.72375960781554,0.8728516262512386,1.8495430261765204,82.07857142857146,45.1271,54.8729,83.8691,77.3388,57.0693,83.8691,82.8944,42.9307,LOW,UPGRADE_OFACTOR_REQUIRED,False
2026-05-25,LEMONTREE,OTHER,LONG,11.6761,51.535,39.8589,78.1291,ENTERABLE_TIER_B,TRIGGERED,97.2931,FULL,,,SIDEWAYS,NORMAL,116.76,54.62131542452811,-38.375,-0.6370170474251833,1.3357727117638765,-0.5994065490593459,3.24,45.1271,54.8729,82.4383,67.1605,57.0693,82.4383,80.8642,42.9307,LOW,RESEARCH_ONLY_NO_STANDARD_TRADE,False
2026-05-25,RAILTEL,OTHER,LONG,27.024,61.1545,34.1305,81.9373,ENTERABLE_TIER_B,TRIGGERED,97.2931,FULL,,,SIDEWAYS,NORMAL,328.55,54.98824819089607,-57.56457564575644,3.607089890434892,0.9481086606188118,0.8513666699389307,9.425000000000002,45.1271,54.8729,98.122,68.1698,57.0693,98.122,93.8462,42.9307,LOW,RESEARCH_ONLY_NO_STANDARD_TRADE,False
2026-05-25,TENNIND,OTHER,LONG,39.8975,69.5556,29.6581,81.0364,ENTERABLE_TIER_B,TRIGGERED,97.2931,FULL,,,SIDEWAYS,NORMAL,617.75,56.735837355817,-47.43202416918429,7.000753539503485,1.2575617482377015,0.9852493320215474,21.514285714285727,45.1271,54.8729,78.1308,76.2948,57.0693,78.1308,71.6467,42.9307,LOW,UPGRADE_OFACTOR_REQUIRED,False
2026-05-25,UNOMINDA,Automobile and Auto Components,LONG,15.5323,58.7394,43.2071,85.076,ENTERABLE_TIER_B,TRIGGERED,97.2931,FULL,,,SIDEWAYS,NORMAL,1118.5,52.457112734109245,-39.07793633369925,-0.1050443121484164,1.2773418956715008,-0.4903467742786247,42.4857142857143,45.1271,54.8729,94.7198,81.6409,54.215,94.7198,95.1984,45.785,LOW,RESEARCH_ONLY_NO_STANDARD_TRADE,False
2026-05-26,AARTIIND,OTHER,LONG,33.3335,64.1597,30.8262,77.0123,ENTERABLE_TIER_B,TRIGGERED,97.2931,FULL,,,SIDEWAYS,NORMAL,491.0,59.805575347454905,-16.96869851729821,8.483091456444289,0.8701147303441125,1.287766849896305,15.360714285714286,50.5492,49.4508,67.2758,72.6575,64.6572,67.2758,73.1783,35.3429,LOW,RESEARCH_ONLY_NO_STANDARD_TRADE,False
2026-05-26,AAVAS,OTHER,LONG,29.2024,61.9751,32.7727,82.0571,ENTERABLE_TIER_B,TRIGGERED,97.2931,FULL,,,SIDEWAYS,NORMAL,1393.3,55.9410632661035,-47.43954480796592,3.97598387864696,2.325432955316036,1.204679707074526,45.17142857142856,50.5492,49.4508,96.3546,76.4453,64.6572,96.3546,86.9829,35.3429,LOW,RESEARCH_ONLY_NO_STANDARD_TRADE,False
2026-05-26,AMBUJACEM,Construction Materials,LONG,6.0893,51.0061,44.9168,74.4361,ENTERABLE_TIER_B,TRIGGERED,98.5,FULL,,SIDEWAYS,SIDEWAYS,NORMAL,449.7,54.795632049986615,-22.38805970149256,-1.3248093594682249,1.1339040341415292,-0.4524365403627202,11.81071428571428,50.5492,49.4508,49.0858,69.1805,49.5044,49.0858,78.8328,50.4956,LOW,RESEARCH_ONLY_NO_STANDARD_TRADE,False
2026-05-26,AUBANK,Financial Services,LONG,2.8785,51.5264,48.6479,82.0374,ENTERABLE_TIER_B,TRIGGERED,97.2931,FULL,,,SIDEWAYS,NORMAL,1011.8,55.28876681648201,-38.83029721955898,3.2838348535463755,1.4971758427021096,0.0415002394493449,24.99285714285714,50.5492,49.4508,77.7136,77.5936,52.1933,77.7136,89.2769,47.8067,LOW,RESEARCH_ONLY_NO_STANDARD_TRADE,False
2026-05-26,BANDHANBNK,OTHER,LONG,47.1332,74.8904,27.7572,80.7972,ENTERABLE_TIER_B,TRIGGERED,97.2931,FULL,,,SIDEWAYS,NORMAL,200.4,61.89064606989871,-39.36077057793341,11.093506272981392,0.9969563843255552,2.274258914888901,5.679285714285713,50.5492,49.4508,68.8517,76.0533,64.6572,68.8517,76.8281,35.3429,LOW,QUALIFIED_FOR_INTRADAY_REVALIDATION,True
2026-05-26,BELRISE,OTHER,LONG,33.0063,69.9371,36.9308,81.2559,ENTERABLE_TIER_B,TRIGGERED,97.2931,FULL,,,SIDEWAYS,NORMAL,217.28,55.92573751056812,-43.81894256371244,7.337062333277262,2.132160683685236,0.7958937586103934,8.351428571428569,50.5492,49.4508,73.6253,78.0636,64.6572,73.6253,70.2087,35.3429,LOW,UPGRADE_OFACTOR_REQUIRED,False
2026-05-26,CGCL,OTHER,LONG,26.4651,60.9776,34.5125,82.2701,ENTERABLE_TIER_B,TRIGGERED,97.2931,FULL,,,SIDEWAYS,NORMAL,190.79,56.15930176542453,-57.37288135593224,4.702476374740144,0.8519208387677122,0.8871343032807671,6.11714285714286,50.5492,49.4508,84.6333,85.8758,64.6572,84.6333,81.2985,35.3429,LOW,RESEARCH_ONLY_NO_STANDARD_TRADE,False
2026-05-26,GMDCLTD,OTHER,LONG,54.818,78.2089,23.3909,70.7172,ENTERABLE_TIER_B,TRIGGERED,97.2931,FULL,,,SIDEWAYS,NORMAL,693.15,58.84476734819576,-27.883597883597908,9.012550652176978,2.4255730966827977,0.2599942709713544,25.671428571428574,50.5492,49.4508,63.1367,36.8169,64.6572,63.1367,92.1313,35.3429,LOW,WAIT_FOR_XFACTOR,False
2026-05-26,HBLENGINE,OTHER,LONG,35.9313,71.9089,35.9776,80.8284,ENTERABLE_TIER_B,TRIGGERED,97.2931,FULL,,,SIDEWAYS,NORMAL,799.45,55.20580903936652,-54.35251798561148,4.394191306930798,2.0479966086003025,0.3886267841647763,31.71428571428573,50.5492,49.4508,90.0465,50.2432,64.6572,90.0465,88.018,35.3429,LOW,UPGRADE_OFACTOR_REQUIRED,False
2026-05-26,HDBFS,Financial Services,LONG,10.7678,52.9793,42.2115,75.0062,ENTERABLE_TIER_B,TRIGGERED,97.2931,FULL,,,SIDEWAYS,NORMAL,679.7,55.05130362059655,-49.65652600588799,1.2519891223363606,1.169864719104289,0.4890463581017976,15.05714285714287,50.5492,49.4508,76.8659,64.4023,52.1933,76.8659,61.7457,47.8067,LOW,RESEARCH_ONLY_NO_STANDARD_TRADE,False
2026-05-26,HINDZINC,Metals & Mining,LONG,46.1973,75.9517,29.7544,70.7806,ENTERABLE_TIER_B,TRIGGERED,98.5,FULL,,UPWARD,SIDEWAYS,NORMAL,647.4,60.992058303762136,-49.163346613545855,7.530459149995469,1.2087283210458248,2.0648469762958905,18.017857142857142,50.5492,49.4508,42.1037,60.5946,53.5063,42.1037,97.78,46.4937,LOW,WAIT_FOR_XFACTOR,False
2026-05-26,JPPOWER,OTHER,LONG,15.83,58.5122,42.6822,85.9207,ENTERABLE_TIER_B,TRIGGERED,97.2931,FULL,,,SIDEWAYS,NORMAL,19.13,55.96541604943899,-39.30817610062893,8.418902489373144,1.1853223351237965,1.3739321856089657,0.9042857142857142,50.5492,49.4508,84.5182,90.2686,64.6572,84.5182,79.6524,35.3429,LOW,RESEARCH_ONLY_NO_STANDARD_TRADE,False
2026-05-26,NATIONALUM,Metals & Mining,LONG,17.2612,56.7485,39.4873,74.4978,ENTERABLE_TIER_B,TRIGGERED,97.2931,FULL,,,SIDEWAYS,NORMAL,416.2,54.66353725038258,-15.384615384615383,5.32648932967533,0.9175074880363686,-0.1000394439493917,11.29285714285714,50.5492,49.4508,51.459,60.6831,53.5063,51.459,93.9785,46.4937,LOW,RESEARCH_ONLY_NO_STANDARD_TRADE,False
2026-05-26,NMDC,Metals & Mining,LONG,20.8077,59.2123,38.4046,80.376,ENTERABLE_TIER_B,TRIGGERED,97.2931,FULL,,,SIDEWAYS,NORMAL,90.67,57.2081973920533,-45.48919949174074,5.671357203138444,0.8624254494221789,1.052549746988539,2.394285714285713,50.5492,49.4508,71.1675,81.79,53.5063,71.1675,93.4845,46.4937,LOW,RESEARCH_ONLY_NO_STANDARD_TRADE,False
2026-05-26,PREMIERENE,Capital Goods,LONG,32.1829,69.9632,37.7803,82.4779,ENTERABLE_TIER_B,TRIGGERED,97.2931,FULL,,,SIDEWAYS,NORMAL,1016.8,58.36556143334391,-23.942208462332356,7.919608104184348,1.8269876761185908,0.8830373160685449,32.82857142857142,50.5492,49.4508,75.5751,80.7485,59.3019,75.5751,90.4961,40.6981,LOW,UPGRADE_OFACTOR_REQUIRED,False
2026-05-26,SCHAEFFLER,Automobile and Auto Components,LONG,21.4755,62.359,40.8835,76.0912,ENTERABLE_TIER_B,TRIGGERED,97.2931,FULL,,,SIDEWAYS,NORMAL,4196.1,56.76670521597064,-24.58576998050673,3.5854493369517795,2.2801216535426514,0.0589654175858634,114.68571428571434,50.5492,49.4508,63.0817,67.424,62.1107,63.0817,81.5496,37.8893,LOW,RESEARCH_ONLY_NO_STANDARD_TRADE,False
2026-05-26,SUZLON,Capital Goods,LONG,28.2867,68.7489,40.4622,82.9118,ENTERABLE_TIER_B,TRIGGERED,97.2931,FULL,,,SIDEWAYS,NORMAL,54.58,60.074351298049926,-29.06724511930593,8.452508233527993,1.923609895859837,1.841432474730452,1.6857142857142853,50.5492,49.4508,84.2006,71.5254,59.3019,84.2006,78.4068,40.6981,LOW,UPGRADE_OFACTOR_REQUIRED,False
2026-05-26,TATACHEM,OTHER,LONG,46.9154,73.8891,26.9737,80.8115,ENTERABLE_TIER_B,TRIGGERED,97.2931,FULL,,,SIDEWAYS,NORMAL,783.9,60.41169949883242,-42.61744966442954,7.116025574297362,0.8805349956128736,1.3498106144327868,26.36428571428572,50.5492,49.4508,74.7512,70.6421,64.6572,74.7512,46.7461,35.3429,LOW,UPGRADE_OFACTOR_REQUIRED,False
2026-05-26,TECHM,Information Technology,LONG,39.1375,67.8939,28.7564,76.0435,ENTERABLE_TIER_B,TRIGGERED,98.5,FULL,,UPWARD,SIDEWAYS,NORMAL,1458.7,54.27110559053428,-26.79665738161555,0.827858715985068,0.7575729138740392,-0.0519609435071451,41.07857142857144,50.5492,49.4508,57.8694,71.9562,70.99,57.8694,93.0864,29.0099,LOW,UPGRADE_OFACTOR_REQUIRED,False
2026-05-27,CESC,OTHER,LONG,17.069,54.838,37.769,79.2222,ENTERABLE_TIER_B,TRIGGERED,97.2931,FULL,,,SIDEWAYS,LOW,185.87,57.59100287822936,-20.672023374725963,7.780160428418029,0.9469884094073228,1.38332944268923,5.245000000000003,43.5821,56.4179,71.2552,78.5701,57.0255,71.2552,78.4175,42.9745,LOW,RESEARCH_ONLY_NO_STANDARD_TRADE,False
2026-05-27,NETWEB,OTHER,LONG,46.704,75.9956,29.2916,78.0568,ENTERABLE_TIER_B,TRIGGERED,97.2931,FULL,,,SIDEWAYS,LOW,4072.0,58.8151179253751,-51.16335729077841,10.066624998886082,1.1012010152397127,0.9369677018713036,185.50000000000009,43.5821,56.4179,76.1509,52.9919,57.0255,76.1509,94.4582,42.9745,LOW,QUALIFIED_FOR_INTRADAY_REVALIDATION,True
2026-05-27,NHPC,Power,LONG,14.2096,56.8439,42.6343,77.6569,ENTERABLE_TIER_B,TRIGGERED,97.2931,FULL,,,SIDEWAYS,LOW,80.68,54.31201874982618,-24.044585987261,2.098388668343692,1.4451943350364005,-0.2742030758000141,1.9149999999999991,43.5821,56.4179,77.8242,53.2115,50.5401,77.8242,93.3159,49.4599,LOW,RESEARCH_ONLY_NO_STANDARD_TRADE,False
2026-05-27,NTPC,Power,LONG,9.7794,55.602,45.8226,78.1179,ENTERABLE_TIER_B,TRIGGERED,98.5,FULL,,TRANSITION,SIDEWAYS,LOW,398.15,56.64935155704912,-32.938388625592594,3.5325025575735056,1.5890118775340525,0.0916331305095852,8.110714285714298,43.5821,56.4179,69.8547,61.5324,50.5401,69.8547,75.5878,49.4599,LOW,RESEARCH_ONLY_NO_STANDARD_TRADE,False
2026-05-27,TATAPOWER,Power,LONG,1.2031,49.4053,48.2022,84.2245,ENTERABLE_TIER_B,TRIGGERED,98.5,FULL,,DOWNWARD,SIDEWAYS,LOW,425.8,55.20683563439096,-29.718875502008046,3.894080223114215,0.9679742620298432,-0.2128013631106197,10.91071428571429,43.5821,56.4179,89.6279,76.9034,50.5401,89.6279,83.1358,49.4599,LOW,RESEARCH_ONLY_NO_STANDARD_TRADE,False
2026-05-27,TATASTEEL,Metals & Mining,LONG,19.487,62.1126,42.6256,80.5535,ENTERABLE_TIER_B,TRIGGERED,98.5,FULL,,SIDEWAYS,SIDEWAYS,LOW,214.7,56.34523387555821,-45.41198501872664,4.317859301138411,1.275546652974966,0.3862495461678561,5.177142857142859,43.5821,56.4179,77.2655,69.0949,48.7855,77.2655,67.0861,51.2145,LOW,RESEARCH_ONLY_NO_STANDARD_TRADE,False
2026-05-27,UNOMINDA,Automobile and Auto Components,LONG,19.2557,56.24,36.9843,80.0869,ENTERABLE_TIER_B,TRIGGERED,97.2931,FULL,,,SIDEWAYS,LOW,1130.8,54.75503388460954,-32.32711306256865,0.9745733803529386,0.7703578260434009,-0.1234366668946004,39.70000000000003,43.5821,56.4179,72.4433,81.0579,61.1362,72.4433,95.7683,38.8639,LOW,RESEARCH_ONLY_NO_STANDARD_TRADE,False
2026-06-11,AEGISVOPAK,OTHER,LONG,6.1479,46.6157,40.4678,80.0048,ENTERABLE_TIER_B,TRIGGERED,97.2931,FULL,,,SIDEWAYS,NORMAL,199.14,52.35144253670581,-46.66666666666669,-0.2064460860490594,2.583933615546085,-0.6209186627865233,8.928571428571429,42.2315,57.7685,91.6448,74.3296,45.465,91.6448,49.5552,54.535,LOW,RESEARCH_ONLY_NO_STANDARD_TRADE,False
2026-06-11,AJANTPHARM,Healthcare,LONG,37.1642,68.344,31.1798,73.4351,ENTERABLE_TIER_B,TRIGGERED,97.2931,FULL,,,SIDEWAYS,NORMAL,3143.4,61.72908841859553,-6.738715829624865,6.088420584067291,1.38651528093555,0.4261118507308837,104.67857142857144,42.2315,57.7685,52.4067,68.8188,56.0609,52.4067,94.2682,43.9391,LOW,UPGRADE_OFACTOR_REQUIRED,False
2026-06-11,EICHERMOT,Automobile and Auto Components,LONG,2.5127,51.5161,49.0034,80.7165,ENTERABLE_TIER_B,TRIGGERED,98.5,FULL,,SIDEWAYS,SIDEWAYS,NORMAL,7179.5,51.96585769312763,-49.10798122065728,0.3483349744201678,0.8016777530596568,0.1568885097283037,180.17857142857144,42.2315,57.7685,73.4893,77.4668,44.5544,73.4893,89.4549,55.4456,LOW,RESEARCH_ONLY_NO_STANDARD_TRADE,False
2026-06-11,IDEA,Telecommunication,LONG,48.3195,71.2221,22.9026,80.2996,ENTERABLE_TIER_B,TRIGGERED,97.2931,FULL,,,SIDEWAYS,NORMAL,14.17,63.83680795459564,-62.79069767441858,17.56477454530165,0.9290111670992584,5.434984017970587,0.5149999999999999,42.2315,57.7685,71.5858,65.8252,71.1157,71.5858,75.1456,28.8843,LOW,UPGRADE_OFACTOR_REQUIRED,False
2026-06-11,NAVINFLUOR,OTHER,LONG,23.7028,62.3658,38.663,79.3844,ENTERABLE_TIER_B,TRIGGERED,97.2931,FULL,,,SIDEWAYS,NORMAL,7157.0,57.39803114156594,-49.79702300405954,6.391726436414755,0.988733705032252,0.9231048462938471,239.7142857142857,42.2315,57.7685,76.9587,71.7163,45.465,76.9587,88.82,54.535,LOW,RESEARCH_ONLY_NO_STANDARD_TRADE,False
2026-06-11,NEULANDLAB,OTHER,LONG,5.9699,50.6037,44.6338,81.6938,ENTERABLE_TIER_B,TRIGGERED,97.2931,FULL,,,SIDEWAYS,NORMAL,16973.0,57.38128438599145,-52.35640648011782,8.216281030371862,1.091397670887812,1.973794440961473,545.1428571428571,42.2315,57.7685,84.4934,80.7757,45.465,84.4934,80.4822,54.535,LOW,RESEARCH_ONLY_NO_STANDARD_TRADE,False
2026-06-11,VTL,OTHER,LONG,6.1962,48.7016,42.5054,80.912,ENTERABLE_TIER_B,TRIGGERED,97.2931,FULL,,,SIDEWAYS,NORMAL,614.45,53.88368592178098,-41.22340425531912,5.970430803106315,1.3162463304140697,1.2852491938923885,23.246428571428574,42.2315,57.7685,87.145,88.7295,45.465,87.145,59.4776,54.535,LOW,RESEARCH_ONLY_NO_STANDARD_TRADE,False
2026-07-20,CANFINHOME,OTHER,LONG,37.5507,66.2737,28.723,71.1754,ENTERABLE_TIER_B,TRIGGERED,97.2931,FULL,,,SIDEWAYS,LOW,857.15,56.24591356192966,-41.24371284865113,0.7181733211761405,2.812567690667037,-0.5082927474179099,23.69285714285714,69.3088,30.6912,39.7287,63.8372,80.162,39.7287,23.8589,19.838,LOW,UPGRADE_OFACTOR_REQUIRED,False
2026-07-20,JSWENERGY,Power,LONG,39.4169,69.2282,29.8113,78.8181,ENTERABLE_TIER_B,TRIGGERED,98.5,FULL,,UPWARD,SIDEWAYS,LOW,567.7,52.51043335262644,-63.61306854580389,4.635491732689363,1.4261578268154609,1.1777307120093776,21.825000000000014,69.3088,30.6912,90.6224,47.9496,54.0504,90.6224,98.2589,45.9496,LOW,UPGRADE_OFACTOR_REQUIRED,False
2026-07-20,MAHABANK,Financial Services,LONG,7.6682,53.5701,45.9019,83.6774,ENTERABLE_TIER_B,TRIGGERED,97.2931,FULL,,,SIDEWAYS,LOW,80.52,52.45339200840652,-55.74572127139372,5.722242551415862,1.022546381622248,1.520150543235416,2.315714285714286,69.3088,30.6912,85.1882,83.2449,64.9921,85.1882,96.8908,35.0079,MEDIUM,RESEARCH_ONLY_NO_STANDARD_TRADE,False
2026-07-21,BAJAJHLDNG,Financial Services,LONG,23.8399,67.0017,43.1618,79.8284,ENTERABLE_TIER_B,TRIGGERED,98.5,FULL,,SIDEWAYS,SIDEWAYS,LOW,10446.0,54.49624009566477,-43.497757847533634,1.4166904364722346,2.226900399506862,-0.2859668691598926,300.7142857142857,69.1807,30.8193,68.597,80.4466,60.8045,68.597,89.4917,39.1955,LOW,UPGRADE_OFACTOR_REQUIRED,False
2026-07-21,BERGEPAINT,Consumer Durables,LONG,22.145,57.7836,35.6386,82.1703,ENTERABLE_TIER_B,TRIGGERED,97.2931,FULL,,,SIDEWAYS,LOW,506.4,52.88497078016148,-48.21246169560782,3.875510471561896,1.759450963862681,0.806791185247992,18.535714285714292,69.1807,30.8193,97.2036,66.7669,84.5904,97.2036,85.0019,15.4096,MEDIUM,RESEARCH_ONLY_NO_STANDARD_TRADE,False
2026-07-21,TARIL,OTHER,LONG,13.9391,60.457,46.5179,84.3684,ENTERABLE_TIER_B,TRIGGERED,97.2931,FULL,,,SIDEWAYS,LOW,316.85,51.417409776231565,-50.78909612625532,2.8782153653407674,2.163627864673619,0.6207353910583057,14.560714285714292,69.1807,30.8193,80.6786,84.3414,81.4999,80.6786,84.4788,18.5001,LOW,RESEARCH_ONLY_NO_STANDARD_TRADE,False
2026-07-22,CAMS,OTHER,LONG,19.9003,56.8853,36.985,81.4369,ENTERABLE_TIER_B,TRIGGERED,97.2931,FULL,,,SIDEWAYS,LOW,773.0,53.4446962420898,-39.39393939393943,-2.6720851650038444,0.8552200283661554,-0.1830251217806382,23.857142857142858,62.2023,37.7977,75.7655,80.2156,76.5491,75.7655,96.6467,23.4508,MEDIUM,RESEARCH_ONLY_NO_STANDARD_TRADE,False
2026-07-24,CIPLA,Healthcare,LONG,18.0615,61.5152,43.4537,83.5519,ENTERABLE_TIER_B,TRIGGERED,98.5,FULL,,SIDEWAYS,SIDEWAYS,LOW,1410.6,55.787154814622106,-49.73357015985795,3.5983499291547445,1.581531398465512,1.0784873996831867,36.02857142857145,53.8199,46.1801,81.6812,77.2403,65.0338,81.6812,62.0301,34.9662,LOW,RESEARCH_ONLY_NO_STANDARD_TRADE,False
2026-07-24,KPIL,OTHER,LONG,30.3666,60.7176,30.351,79.5657,ENTERABLE_TIER_B,TRIGGERED,97.2931,FULL,,,SIDEWAYS,LOW,1299.9,53.56755368350244,-46.02888086642592,4.526988299742795,0.7537548080690875,1.2237650310861956,44.65000000000004,53.8199,46.1801,88.0478,75.991,70.4859,88.0478,91.4894,29.5141,LOW,RESEARCH_ONLY_NO_STANDARD_TRADE,False
2026-07-24,KPRMILL,Textiles,LONG,56.968,77.4266,20.4586,73.9819,ENTERABLE_TIER_B,TRIGGERED,97.2931,FULL,,,SIDEWAYS,LOW,1061.5,57.67174670463471,-50.013024225058594,9.46070815298476,1.0915418863770965,3.1922846346793774,51.79285714285716,53.8199,46.1801,53.1853,64.0877,76.1521,53.1853,96.4474,23.848,LOW,WAIT_FOR_XFACTOR,False
2026-07-24,PERSISTENT,Information Technology,LONG,30.6818,66.6512,35.9694,75.6278,ENTERABLE_TIER_B,TRIGGERED,97.2931,FULL,,,SIDEWAYS,LOW,5200.5,54.39956281773495,-46.78794769755543,1.6382118809840445,1.2941652573298768,0.3670651330716699,220.54285714285712,53.8199,46.1801,71.883,57.3054,41.5311,71.883,96.8623,58.4688,LOW,UPGRADE_OFACTOR_REQUIRED,False
2026-07-27,ACUTAAS,OTHER,LONG,53.3852,74.3312,20.946,76.5514,ENTERABLE_TIER_B,TRIGGERED,97.2931,FULL,,,SIDEWAYS,LOW,3367.8,57.82551049537253,-41.62907268170424,18.889755367558237,1.1569513639785964,5.322053483374403,188.7428571428572,62.0219,37.9781,52.339,67.8716,77.1651,52.339,76.8574,22.8349,LOW,QUALIFIED_FOR_INTRADAY_REVALIDATION,True
2026-07-27,HINDPETRO,Oil Gas & Consumable Fuels,LONG,25.6497,60.8102,35.1605,81.3743,ENTERABLE_TIER_B,TRIGGERED,97.2931,FULL,,,SIDEWAYS,LOW,393.95,53.478672825584326,-32.753326509723664,1.8551193454546948,1.0359694575228606,0.6112296801655236,13.399999999999986,62.0219,37.9781,75.0871,78.6567,47.4149,75.0871,93.4328,52.5851,LOW,RESEARCH_ONLY_NO_STANDARD_TRADE,False
2026-07-28,TATATECH,OTHER,LONG,49.521,75.492,25.971,81.4004,ENTERABLE_TIER_B,TRIGGERED,97.2931,FULL,,,SIDEWAYS,LOW,738.6,58.667232211715735,-48.29787234042551,11.232799232062948,1.3429006038348086,2.5331934970236683,29.25714285714286,59.3472,40.6528,77.6294,70.4687,71.0931,77.6294,78.9453,28.9069,LOW,QUALIFIED_FOR_INTRADAY_REVALIDATION,True
2026-07-29,ABB,Capital Goods,LONG,27.6456,63.8428,36.1972,74.8023,ENTERABLE_TIER_B,TRIGGERED,98.5,FULL,,UPWARD,SIDEWAYS,LOW,7310.5,56.321474375225314,-36.257876878332524,6.909673708216417,1.5170032869795838,1.89488739316178,244.82142857142856,57.5768,42.4232,66.0705,63.1568,43.9415,66.0705,75.9008,56.0585,LOW,RESEARCH_ONLY_NO_STANDARD_TRADE,False
2026-07-29,APARINDS,Capital Goods,LONG,37.2247,70.8324,33.6077,80.686,ENTERABLE_TIER_B,TRIGGERED,97.2931,FULL,,,SIDEWAYS,LOW,13835.0,55.77369383457593,-64.41543700340522,11.448969336335168,1.056737857297669,2.4418834819136004,696.6428571428571,57.5768,42.4232,76.693,73.5302,43.9415,76.693,91.6169,56.0585,LOW,UPGRADE_OFACTOR_REQUIRED,False
2026-07-29,PIRAMALFIN,OTHER,LONG,38.034,64.1326,26.0986,77.8847,ENTERABLE_TIER_B,TRIGGERED,97.2931,FULL,,,SIDEWAYS,LOW,2043.3,54.237750903202496,-54.0909090909091,5.917651945143234,0.9122939420362156,1.97954668638524,80.87142857142858,57.5768,42.4232,74.2183,63.9922,75.3209,74.2183,95.2023,24.6791,LOW,RESEARCH_ONLY_NO_STANDARD_TRADE,False
2026-07-29,ZYDUSLIFE,Healthcare,LONG,53.7187,73.1313,19.4126,71.9128,ENTERABLE_TIER_B,TRIGGERED,98.5,FULL,,UPWARD,SIDEWAYS,LOW,1122.7,64.29381629643736,-42.471042471042416,10.112861108541258,0.8194703717456919,2.6341152166953896,25.94999999999998,57.5768,42.4232,45.6198,61.7726,77.2555,45.6198,88.7476,22.7446,LOW,UPGRADE_OFACTOR_REQUIRED,False
2026-07-30,SUMICHEM,OTHER,LONG,50.417,72.8346,22.4176,77.2692,ENTERABLE_TIER_B,TRIGGERED,97.2931,FULL,,,SIDEWAYS,LOW,508.4,54.34327959265451,-40.50279329608939,8.289575061260614,2.7395669453270406,3.015249905597634,23.446428571428548,64.0592,35.9408,70.7916,65.6238,69.2034,70.7916,96.588,30.7966,LOW,UPGRADE_OFACTOR_REQUIRED,False
2026-07-31,AIAENG,Capital Goods,LONG,27.7754,61.9294,34.154,77.3116,ENTERABLE_TIER_B,TRIGGERED,97.2931,FULL,,,SIDEWAYS,LOW,4591.0,59.30866288857312,-28.758949880668258,8.929645458612528,1.5279150658360998,2.6871181421868644,139.12142857142857,66.6077,33.3923,87.1863,69.2355,45.6892,87.1863,90.5119,54.3108,LOW,RESEARCH_ONLY_NO_STANDARD_TRADE,False
2026-07-31,DEEPAKFERT,OTHER,LONG,49.0508,71.8083,22.7575,80.5167,ENTERABLE_TIER_B,TRIGGERED,97.2931,FULL,,,SIDEWAYS,LOW,1552.8,57.715167084736926,-42.76169265033408,13.542708910488598,2.502373781456106,4.252580713968007,69.83571428571433,66.6077,33.3923,68.8793,76.1727,71.1535,68.8793,67.9247,28.8464,LOW,UPGRADE_OFACTOR_REQUIRED,False
2026-07-31,NETWEB,OTHER,LONG,58.109,83.4551,25.3461,74.8809,ENTERABLE_TIER_B,TRIGGERED,97.2931,FULL,,,SIDEWAYS,LOW,4524.0,57.57698180632556,-13.503649635036496,12.055492145966143,1.882766828369004,1.4439650455762971,213.5785714285714,66.6077,33.3923,69.471,49.0586,71.1535,69.471,86.1409,28.8464,LOW,WAIT_FOR_XFACTOR,False
2026-08-03,CHAMBLFERT,OTHER,LONG,18.9119,54.874,35.9621,74.9994,ENTERABLE_TIER_B,TRIGGERED,97.2931,FULL,,,UPWARD,LOW,455.0,52.7573347527427,-45.43795620437956,1.2360137510030789,1.1451520072408372,-0.5857017706844689,12.50357142857143,93.4065,6.5935,80.6455,51.2139,79.6153,80.6455,97.7606,20.3847,MEDIUM,RESEARCH_ONLY_NO_STANDARD_TRADE,False
2026-08-03,GRANULES,OTHER,LONG,47.7574,72.9872,25.2298,74.2407,ENTERABLE_TIER_B,TRIGGERED,97.2931,FULL,,,UPWARD,LOW,843.2,62.30069947060963,-39.93485342019541,12.750362734345952,1.0407576065212345,2.9991166844739414,36.48928571428571,93.4065,6.5935,49.4326,68.2098,79.6153,49.4326,94.0256,20.3847,LOW,UPGRADE_OFACTOR_REQUIRED,False
2026-08-03,INTELLECT,OTHER,LONG,41.1936,74.65,33.4564,76.2313,ENTERABLE_TIER_B,TRIGGERED,97.2931,FULL,,,UPWARD,LOW,748.85,56.02969919772436,-39.77326405290506,2.6329533597901644,2.297556585696321,0.1793999869573597,31.582142857142863,93.4065,6.5935,71.1282,66.1834,79.6153,71.1282,80.3053,20.3847,LOW,QUALIFIED_FOR_INTRADAY_REVALIDATION,True
2026-08-03,JSWENERGY,Power,LONG,8.969,53.689,44.72,80.1634,ENTERABLE_TIER_B,TRIGGERED,98.5,FULL,,DOWNWARD,UPWARD,LOW,569.0,55.76227538947032,-32.729331823329595,4.24767443233388,1.213059020528364,-0.1447988488030964,14.632142857142892,93.4065,6.5935,80.0212,68.1523,47.9091,80.0212,100.0,52.0909,LOW,RESEARCH_ONLY_NO_STANDARD_TRADE,False
2026-08-03,MANKIND,Healthcare,LONG,30.2416,64.0559,33.8143,84.4287,ENTERABLE_TIER_B,TRIGGERED,97.2931,FULL,,,UPWARD,LOW,2483.0,51.62246000564412,-54.54545454545455,4.557583254031355,1.313449213269025,1.7851628502250003,76.8285714285714,93.4065,6.5935,80.9272,78.7579,92.0319,80.9272,92.2425,7.9681,HIGH,RESEARCH_ONLY_NO_STANDARD_TRADE,False
2026-08-04,ELGIEQUIP,OTHER,LONG,32.9763,65.7775,32.8012,80.9989,ENTERABLE_TIER_B,TRIGGERED,97.2931,FULL,,,UPWARD,LOW,591.2,56.23665652033843,-45.30916844349672,5.937608101275661,1.4196888826907716,0.6026757235396637,16.31428571428572,93.918,6.082,94.0032,62.732,82.6508,94.0032,80.8757,17.3492,MEDIUM,UPGRADE_OFACTOR_REQUIRED,False
2026-08-04,USHAMART,OTHER,LONG,12.6988,53.8295,41.1307,82.0913,ENTERABLE_TIER_B,TRIGGERED,97.2931,FULL,,,UPWARD,LOW,503.6,55.2996195182036,-43.69747899159659,6.050687315093659,0.9001664801378537,1.3852773838302743,15.310714285714274,93.918,6.082,84.9016,85.3697,82.6508,84.9016,88.5048,17.3492,MEDIUM,RESEARCH_ONLY_NO_STANDARD_TRADE,False
2026-08-05,GRAVITA,OTHER,LONG,37.2152,67.8623,30.6471,82.6287,ENTERABLE_TIER_B,TRIGGERED,97.2931,FULL,,,TRANSITION,LOW,1688.8,52.49348042547325,-52.1753681392236,2.7631094252393504,1.2118267822382989,0.1905306214937802,73.75714285714287,90.4929,9.5071,81.3758,86.5505,88.3125,81.3758,91.2686,11.6875,MEDIUM,UPGRADE_OFACTOR_REQUIRED,False
2026-08-05,IPCALAB,Healthcare,LONG,68.5211,80.1035,11.5824,73.558,ENTERABLE_TIER_B,TRIGGERED,97.2931,FULL,,,TRANSITION,LOW,1765.0,59.49515356683389,-50.69854082583049,8.658720176830762,1.1956902571188086,2.330701820118618,72.8714285714286,90.4929,9.5071,55.6662,54.7148,95.2465,55.6662,92.8641,4.7535,MEDIUM,WAIT_FOR_XFACTOR,False
2026-08-05,KPRMILL,Textiles,LONG,47.9915,70.1743,22.1828,79.7396,ENTERABLE_TIER_B,TRIGGERED,97.2931,FULL,,,TRANSITION,LOW,1078.5,58.75426993905516,-55.43859649122807,8.981624254260897,0.792680741314277,1.9580127901717803,38.63928571428576,90.4929,9.5071,73.231,78.9851,94.3157,73.231,83.5401,5.6843,MEDIUM,UPGRADE_OFACTOR_REQUIRED,False
2026-08-05,OLAELEC,OTHER,LONG,49.5857,78.4992,28.9135,79.8778,ENTERABLE_TIER_B,TRIGGERED,97.2931,FULL,,,TRANSITION,LOW,41.44,57.814921649674254,-56.109725685785534,10.826653345601406,1.872344911338412,0.1988346242389843,2.1507142857142854,90.4929,9.5071,75.8065,49.4122,88.3125,75.8065,78.4258,11.6875,LOW,QUALIFIED_FOR_INTRADAY_REVALIDATION,True
2026-08-06,JSWCEMENT,OTHER,LONG,16.9191,52.9513,36.0322,83.1415,ENTERABLE_TIER_B,TRIGGERED,97.2931,FULL,,,UPWARD,LOW,132.62,53.05851359094295,-79.73372781065083,3.412190832094668,0.7589892887080426,0.943823014702512,4.130714285714284,93.8659,6.1341,89.1463,93.0278,85.5035,89.1463,82.2791,14.4966,MEDIUM,RESEARCH_ONLY_NO_STANDARD_TRADE,False
2026-08-06,KPIL,OTHER,LONG,24.1813,63.0968,38.9155,82.2691,ENTERABLE_TIER_B,TRIGGERED,97.2931,FULL,,,UPWARD,LOW,1294.1,52.39934361737732,-61.27292340884591,3.148760552486078,1.5729391011753933,0.369492084506287,35.84285714285717,93.8659,6.1341,96.4289,69.9801,85.5035,96.4289,93.4157,14.4966,MEDIUM,RESEARCH_ONLY_NO_STANDARD_TRADE,False
2026-08-06,MARICO,Fast Moving Consumer Goods,LONG,28.2537,62.859,34.6053,80.792,ENTERABLE_TIER_B,TRIGGERED,97.2931,FULL,,,UPWARD,LOW,860.0,54.75978750172026,-56.06936416184978,4.539469391433074,0.962077783265918,1.5888305353385392,21.628571428571437,93.8659,6.1341,69.9857,77.8071,67.974,69.9857,90.9379,32.026,MEDIUM,RESEARCH_ONLY_NO_STANDARD_TRADE,False
2026-08-06,PTCIL,OTHER,LONG,10.6548,52.1267,41.4719,80.5761,ENTERABLE_TIER_B,TRIGGERED,97.2931,FULL,,,UPWARD,LOW,18221.0,58.260508018214026,-35.55973659454374,4.681254452132615,1.7197219173069886,1.1248817349348703,402.2857142857143,93.8659,6.1341,78.6802,75.3409,85.5035,78.6802,68.2812,14.4966,MEDIUM,RESEARCH_ONLY_NO_STANDARD_TRADE,False
2026-08-06,SAMMAANCAP,OTHER,LONG,23.1297,61.0624,37.9327,82.1725,ENTERABLE_TIER_B,TRIGGERED,97.2931,FULL,,,UPWARD,LOW,167.22,55.19491549607401,-14.39139206455961,5.272811699618196,1.308467694403429,0.1066463416713769,4.486428571428571,93.8659,6.1341,95.9582,40.5318,85.5035,95.9582,80.9202,14.4966,LOW,RESEARCH_ONLY_NO_STANDARD_TRADE,False
2026-08-06,TRITURBINE,OTHER,LONG,27.3163,63.9027,36.5864,70.181,ENTERABLE_TIER_B,TRIGGERED,97.2931,FULL,,,UPWARD,LOW,646.35,56.10267744022187,-11.560150375939797,7.428679289317565,2.040841968034688,-0.4188124568898815,17.135714285714293,93.8659,6.1341,43.3153,41.9925,85.5035,43.3153,85.644,14.4966,LOW,RESEARCH_ONLY_NO_STANDARD_TRADE,False
2026-08-06,ZENTEC,OTHER,LONG,44.248,71.7028,27.4548,82.4987,ENTERABLE_TIER_B,TRIGGERED,97.2931,FULL,,,UPWARD,LOW,1734.6,55.63828712192349,-44.88124488124493,6.450332648885963,0.8653231680496278,0.2370577425595195,64.85714285714289,93.8659,6.1341,92.8972,53.9912,85.5035,92.8972,91.7357,14.4966,MEDIUM,UPGRADE_OFACTOR_REQUIRED,False
