run_id,phase,trial_kind,factor_settings_json,thresholds_json,weights_json,gates_json,entry_mode,cost_scenario,capital_mode,validation_fold,regime_block,run_status,expected_outputs
S0_BASELINE_FULL,STAGE0_BASELINE,CANONICAL_BASELINE_REPRODUCTION,"{""diagnostic_ladders"": [""I030"", ""I050"", ""I070"", ""I100"", ""S100_D1_D5"", ""S200_D1_D5"", ""S500_D1_D5"", ""H30_1_2_5"", ""A050"", ""A100"", ""A200"", ""A500"", ""A1000"", ""A_GT1000""], ""entry_mode"": ""NEXT_VALID_OPEN"", ""exit_policy"": ""AUTHORITATIVE_OIIS_EXIT_UNCHANGED"", ""hard_gates"": {""BINARY_EVENT_RISK"": true, ""EXCESSIVE_EXTENSION"": true, ""EXCESSIVE_UNCONFIRMED_GAP"": true, ""INSUFFICIENT_LIQUIDITY"": true, ""INSUFFICIENT_MARKET_DEPTH"": true, ""NEAR_OPPOSING_BARRIER"": true, ""NO_STRUCTURAL_STOP"": true, ""NO_VALID_SETUP"": true, ""OFACTOR_BELOW_MINIMUM"": true, ""OPTION_CONTRACT_NOT_TRADABLE"": true, ""OPTION_SPREAD_TOO_WIDE"": true, ""POSITION_SIZE_NOT_FEASIBLE"": true, ""REWARD_RISK_BELOW_MINIMUM"": true, ""SETUP_EXPIRED"": true, ""SETUP_FAILED"": true, ""STALE_MARKET_DATA"": true, ""STOP_TOO_WIDE"": true}, ""ofactor_min"": 74, ""ofactor_weights"": {""CCS"": 0.04, ""ICS"": 0.1, ""LTS"": 0.06, ""MFS"": 0.18, ""MQS"": 0.12, ""MRS"": 0.08, ""RSS"": 0.1, ""SRS"": 0.14, ""TQS"": 0.18}, ""xfactor_tier_a"": 84, ""xfactor_tier_b"": 76, ""xfactor_weights"": {""ELQ"": 0.2, ""IOQ"": 0.03, ""LSQ"": 0.06, ""MSS"": 0.06, ""RRQ"": 0.14, ""SIQ"": 0.14, ""SIS"": 0.18, ""TCS"": 0.16, ""TSQ"": 0.03}}","{""ofactor_min"": 74, ""xfactor_tier_a"": 84, ""xfactor_tier_b"": 76}","{""ofactor"": {""CCS"": 0.04, ""ICS"": 0.1, ""LTS"": 0.06, ""MFS"": 0.18, ""MQS"": 0.12, ""MRS"": 0.08, ""RSS"": 0.1, ""SRS"": 0.14, ""TQS"": 0.18}, ""xfactor"": {""ELQ"": 0.2, ""IOQ"": 0.03, ""LSQ"": 0.06, ""MSS"": 0.06, ""RRQ"": 0.14, ""SIQ"": 0.14, ""SIS"": 0.18, ""TCS"": 0.16, ""TSQ"": 0.03}}","{""BINARY_EVENT_RISK"": true, ""EXCESSIVE_EXTENSION"": true, ""EXCESSIVE_UNCONFIRMED_GAP"": true, ""INSUFFICIENT_LIQUIDITY"": true, ""INSUFFICIENT_MARKET_DEPTH"": true, ""NEAR_OPPOSING_BARRIER"": true, ""NO_STRUCTURAL_STOP"": true, ""NO_VALID_SETUP"": true, ""OFACTOR_BELOW_MINIMUM"": true, ""OPTION_CONTRACT_NOT_TRADABLE"": true, ""OPTION_SPREAD_TOO_WIDE"": true, ""POSITION_SIZE_NOT_FEASIBLE"": true, ""REWARD_RISK_BELOW_MINIMUM"": true, ""SETUP_EXPIRED"": true, ""SETUP_FAILED"": true, ""STALE_MARKET_DATA"": true, ""STOP_TOO_WIDE"": true}",NEXT_VALID_OPEN,BASE_CERTIFIED,UNCONSTRAINED_OPPORTUNITY,QUALIFIED_FULL_HISTORY,ALL_PRIMARY_REGIMES,PLANNED,event outcomes; fold/regime summaries; trial ledger
S0_BASELINE_WF01,STAGE0_BASELINE,CANONICAL_BASELINE_WALK_FORWARD,"{""diagnostic_ladders"": [""I030"", ""I050"", ""I070"", ""I100"", ""S100_D1_D5"", ""S200_D1_D5"", ""S500_D1_D5"", ""H30_1_2_5"", ""A050"", ""A100"", ""A200"", ""A500"", ""A1000"", ""A_GT1000""], ""entry_mode"": ""NEXT_VALID_OPEN"", ""exit_policy"": ""AUTHORITATIVE_OIIS_EXIT_UNCHANGED"", ""hard_gates"": {""BINARY_EVENT_RISK"": true, ""EXCESSIVE_EXTENSION"": true, ""EXCESSIVE_UNCONFIRMED_GAP"": true, ""INSUFFICIENT_LIQUIDITY"": true, ""INSUFFICIENT_MARKET_DEPTH"": true, ""NEAR_OPPOSING_BARRIER"": true, ""NO_STRUCTURAL_STOP"": true, ""NO_VALID_SETUP"": true, ""OFACTOR_BELOW_MINIMUM"": true, ""OPTION_CONTRACT_NOT_TRADABLE"": true, ""OPTION_SPREAD_TOO_WIDE"": true, ""POSITION_SIZE_NOT_FEASIBLE"": true, ""REWARD_RISK_BELOW_MINIMUM"": true, ""SETUP_EXPIRED"": true, ""SETUP_FAILED"": true, ""STALE_MARKET_DATA"": true, ""STOP_TOO_WIDE"": true}, ""ofactor_min"": 74, ""ofactor_weights"": {""CCS"": 0.04, ""ICS"": 0.1, ""LTS"": 0.06, ""MFS"": 0.18, ""MQS"": 0.12, ""MRS"": 0.08, ""RSS"": 0.1, ""SRS"": 0.14, ""TQS"": 0.18}, ""xfactor_tier_a"": 84, ""xfactor_tier_b"": 76, ""xfactor_weights"": {""ELQ"": 0.2, ""IOQ"": 0.03, ""LSQ"": 0.06, ""MSS"": 0.06, ""RRQ"": 0.14, ""SIQ"": 0.14, ""SIS"": 0.18, ""TCS"": 0.16, ""TSQ"": 0.03}}","{""ofactor_min"": 74, ""xfactor_tier_a"": 84, ""xfactor_tier_b"": 76}","{""ofactor"": {""CCS"": 0.04, ""ICS"": 0.1, ""LTS"": 0.06, ""MFS"": 0.18, ""MQS"": 0.12, ""MRS"": 0.08, ""RSS"": 0.1, ""SRS"": 0.14, ""TQS"": 0.18}, ""xfactor"": {""ELQ"": 0.2, ""IOQ"": 0.03, ""LSQ"": 0.06, ""MSS"": 0.06, ""RRQ"": 0.14, ""SIQ"": 0.14, ""SIS"": 0.18, ""TCS"": 0.16, ""TSQ"": 0.03}}","{""BINARY_EVENT_RISK"": true, ""EXCESSIVE_EXTENSION"": true, ""EXCESSIVE_UNCONFIRMED_GAP"": true, ""INSUFFICIENT_LIQUIDITY"": true, ""INSUFFICIENT_MARKET_DEPTH"": true, ""NEAR_OPPOSING_BARRIER"": true, ""NO_STRUCTURAL_STOP"": true, ""NO_VALID_SETUP"": true, ""OFACTOR_BELOW_MINIMUM"": true, ""OPTION_CONTRACT_NOT_TRADABLE"": true, ""OPTION_SPREAD_TOO_WIDE"": true, ""POSITION_SIZE_NOT_FEASIBLE"": true, ""REWARD_RISK_BELOW_MINIMUM"": true, ""SETUP_EXPIRED"": true, ""SETUP_FAILED"": true, ""STALE_MARKET_DATA"": true, ""STOP_TOO_WIDE"": true}",NEXT_VALID_OPEN,BASE_CERTIFIED,UNCONSTRAINED_OPPORTUNITY,WF01,ALL_PRIMARY_REGIMES,PLANNED,event outcomes; fold/regime summaries; trial ledger
S0_BASELINE_WF02,STAGE0_BASELINE,CANONICAL_BASELINE_WALK_FORWARD,"{""diagnostic_ladders"": [""I030"", ""I050"", ""I070"", ""I100"", ""S100_D1_D5"", ""S200_D1_D5"", ""S500_D1_D5"", ""H30_1_2_5"", ""A050"", ""A100"", ""A200"", ""A500"", ""A1000"", ""A_GT1000""], ""entry_mode"": ""NEXT_VALID_OPEN"", ""exit_policy"": ""AUTHORITATIVE_OIIS_EXIT_UNCHANGED"", ""hard_gates"": {""BINARY_EVENT_RISK"": true, ""EXCESSIVE_EXTENSION"": true, ""EXCESSIVE_UNCONFIRMED_GAP"": true, ""INSUFFICIENT_LIQUIDITY"": true, ""INSUFFICIENT_MARKET_DEPTH"": true, ""NEAR_OPPOSING_BARRIER"": true, ""NO_STRUCTURAL_STOP"": true, ""NO_VALID_SETUP"": true, ""OFACTOR_BELOW_MINIMUM"": true, ""OPTION_CONTRACT_NOT_TRADABLE"": true, ""OPTION_SPREAD_TOO_WIDE"": true, ""POSITION_SIZE_NOT_FEASIBLE"": true, ""REWARD_RISK_BELOW_MINIMUM"": true, ""SETUP_EXPIRED"": true, ""SETUP_FAILED"": true, ""STALE_MARKET_DATA"": true, ""STOP_TOO_WIDE"": true}, ""ofactor_min"": 74, ""ofactor_weights"": {""CCS"": 0.04, ""ICS"": 0.1, ""LTS"": 0.06, ""MFS"": 0.18, ""MQS"": 0.12, ""MRS"": 0.08, ""RSS"": 0.1, ""SRS"": 0.14, ""TQS"": 0.18}, ""xfactor_tier_a"": 84, ""xfactor_tier_b"": 76, ""xfactor_weights"": {""ELQ"": 0.2, ""IOQ"": 0.03, ""LSQ"": 0.06, ""MSS"": 0.06, ""RRQ"": 0.14, ""SIQ"": 0.14, ""SIS"": 0.18, ""TCS"": 0.16, ""TSQ"": 0.03}}","{""ofactor_min"": 74, ""xfactor_tier_a"": 84, ""xfactor_tier_b"": 76}","{""ofactor"": {""CCS"": 0.04, ""ICS"": 0.1, ""LTS"": 0.06, ""MFS"": 0.18, ""MQS"": 0.12, ""MRS"": 0.08, ""RSS"": 0.1, ""SRS"": 0.14, ""TQS"": 0.18}, ""xfactor"": {""ELQ"": 0.2, ""IOQ"": 0.03, ""LSQ"": 0.06, ""MSS"": 0.06, ""RRQ"": 0.14, ""SIQ"": 0.14, ""SIS"": 0.18, ""TCS"": 0.16, ""TSQ"": 0.03}}","{""BINARY_EVENT_RISK"": true, ""EXCESSIVE_EXTENSION"": true, ""EXCESSIVE_UNCONFIRMED_GAP"": true, ""INSUFFICIENT_LIQUIDITY"": true, ""INSUFFICIENT_MARKET_DEPTH"": true, ""NEAR_OPPOSING_BARRIER"": true, ""NO_STRUCTURAL_STOP"": true, ""NO_VALID_SETUP"": true, ""OFACTOR_BELOW_MINIMUM"": true, ""OPTION_CONTRACT_NOT_TRADABLE"": true, ""OPTION_SPREAD_TOO_WIDE"": true, ""POSITION_SIZE_NOT_FEASIBLE"": true, ""REWARD_RISK_BELOW_MINIMUM"": true, ""SETUP_EXPIRED"": true, ""SETUP_FAILED"": true, ""STALE_MARKET_DATA"": true, ""STOP_TOO_WIDE"": true}",NEXT_VALID_OPEN,BASE_CERTIFIED,UNCONSTRAINED_OPPORTUNITY,WF02,ALL_PRIMARY_REGIMES,PLANNED,event outcomes; fold/regime summaries; trial ledger
S0_BASELINE_WF03,STAGE0_BASELINE,CANONICAL_BASELINE_WALK_FORWARD,"{""diagnostic_ladders"": [""I030"", ""I050"", ""I070"", ""I100"", ""S100_D1_D5"", ""S200_D1_D5"", ""S500_D1_D5"", ""H30_1_2_5"", ""A050"", ""A100"", ""A200"", ""A500"", ""A1000"", ""A_GT1000""], ""entry_mode"": ""NEXT_VALID_OPEN"", ""exit_policy"": ""AUTHORITATIVE_OIIS_EXIT_UNCHANGED"", ""hard_gates"": {""BINARY_EVENT_RISK"": true, ""EXCESSIVE_EXTENSION"": true, ""EXCESSIVE_UNCONFIRMED_GAP"": true, ""INSUFFICIENT_LIQUIDITY"": true, ""INSUFFICIENT_MARKET_DEPTH"": true, ""NEAR_OPPOSING_BARRIER"": true, ""NO_STRUCTURAL_STOP"": true, ""NO_VALID_SETUP"": true, ""OFACTOR_BELOW_MINIMUM"": true, ""OPTION_CONTRACT_NOT_TRADABLE"": true, ""OPTION_SPREAD_TOO_WIDE"": true, ""POSITION_SIZE_NOT_FEASIBLE"": true, ""REWARD_RISK_BELOW_MINIMUM"": true, ""SETUP_EXPIRED"": true, ""SETUP_FAILED"": true, ""STALE_MARKET_DATA"": true, ""STOP_TOO_WIDE"": true}, ""ofactor_min"": 74, ""ofactor_weights"": {""CCS"": 0.04, ""ICS"": 0.1, ""LTS"": 0.06, ""MFS"": 0.18, ""MQS"": 0.12, ""MRS"": 0.08, ""RSS"": 0.1, ""SRS"": 0.14, ""TQS"": 0.18}, ""xfactor_tier_a"": 84, ""xfactor_tier_b"": 76, ""xfactor_weights"": {""ELQ"": 0.2, ""IOQ"": 0.03, ""LSQ"": 0.06, ""MSS"": 0.06, ""RRQ"": 0.14, ""SIQ"": 0.14, ""SIS"": 0.18, ""TCS"": 0.16, ""TSQ"": 0.03}}","{""ofactor_min"": 74, ""xfactor_tier_a"": 84, ""xfactor_tier_b"": 76}","{""ofactor"": {""CCS"": 0.04, ""ICS"": 0.1, ""LTS"": 0.06, ""MFS"": 0.18, ""MQS"": 0.12, ""MRS"": 0.08, ""RSS"": 0.1, ""SRS"": 0.14, ""TQS"": 0.18}, ""xfactor"": {""ELQ"": 0.2, ""IOQ"": 0.03, ""LSQ"": 0.06, ""MSS"": 0.06, ""RRQ"": 0.14, ""SIQ"": 0.14, ""SIS"": 0.18, ""TCS"": 0.16, ""TSQ"": 0.03}}","{""BINARY_EVENT_RISK"": true, ""EXCESSIVE_EXTENSION"": true, ""EXCESSIVE_UNCONFIRMED_GAP"": true, ""INSUFFICIENT_LIQUIDITY"": true, ""INSUFFICIENT_MARKET_DEPTH"": true, ""NEAR_OPPOSING_BARRIER"": true, ""NO_STRUCTURAL_STOP"": true, ""NO_VALID_SETUP"": true, ""OFACTOR_BELOW_MINIMUM"": true, ""OPTION_CONTRACT_NOT_TRADABLE"": true, ""OPTION_SPREAD_TOO_WIDE"": true, ""POSITION_SIZE_NOT_FEASIBLE"": true, ""REWARD_RISK_BELOW_MINIMUM"": true, ""SETUP_EXPIRED"": true, ""SETUP_FAILED"": true, ""STALE_MARKET_DATA"": true, ""STOP_TOO_WIDE"": true}",NEXT_VALID_OPEN,BASE_CERTIFIED,UNCONSTRAINED_OPPORTUNITY,WF03,ALL_PRIMARY_REGIMES,PLANNED,event outcomes; fold/regime summaries; trial ledger
S0_BASELINE_WF04,STAGE0_BASELINE,CANONICAL_BASELINE_WALK_FORWARD,"{""diagnostic_ladders"": [""I030"", ""I050"", ""I070"", ""I100"", ""S100_D1_D5"", ""S200_D1_D5"", ""S500_D1_D5"", ""H30_1_2_5"", ""A050"", ""A100"", ""A200"", ""A500"", ""A1000"", ""A_GT1000""], ""entry_mode"": ""NEXT_VALID_OPEN"", ""exit_policy"": ""AUTHORITATIVE_OIIS_EXIT_UNCHANGED"", ""hard_gates"": {""BINARY_EVENT_RISK"": true, ""EXCESSIVE_EXTENSION"": true, ""EXCESSIVE_UNCONFIRMED_GAP"": true, ""INSUFFICIENT_LIQUIDITY"": true, ""INSUFFICIENT_MARKET_DEPTH"": true, ""NEAR_OPPOSING_BARRIER"": true, ""NO_STRUCTURAL_STOP"": true, ""NO_VALID_SETUP"": true, ""OFACTOR_BELOW_MINIMUM"": true, ""OPTION_CONTRACT_NOT_TRADABLE"": true, ""OPTION_SPREAD_TOO_WIDE"": true, ""POSITION_SIZE_NOT_FEASIBLE"": true, ""REWARD_RISK_BELOW_MINIMUM"": true, ""SETUP_EXPIRED"": true, ""SETUP_FAILED"": true, ""STALE_MARKET_DATA"": true, ""STOP_TOO_WIDE"": true}, ""ofactor_min"": 74, ""ofactor_weights"": {""CCS"": 0.04, ""ICS"": 0.1, ""LTS"": 0.06, ""MFS"": 0.18, ""MQS"": 0.12, ""MRS"": 0.08, ""RSS"": 0.1, ""SRS"": 0.14, ""TQS"": 0.18}, ""xfactor_tier_a"": 84, ""xfactor_tier_b"": 76, ""xfactor_weights"": {""ELQ"": 0.2, ""IOQ"": 0.03, ""LSQ"": 0.06, ""MSS"": 0.06, ""RRQ"": 0.14, ""SIQ"": 0.14, ""SIS"": 0.18, ""TCS"": 0.16, ""TSQ"": 0.03}}","{""ofactor_min"": 74, ""xfactor_tier_a"": 84, ""xfactor_tier_b"": 76}","{""ofactor"": {""CCS"": 0.04, ""ICS"": 0.1, ""LTS"": 0.06, ""MFS"": 0.18, ""MQS"": 0.12, ""MRS"": 0.08, ""RSS"": 0.1, ""SRS"": 0.14, ""TQS"": 0.18}, ""xfactor"": {""ELQ"": 0.2, ""IOQ"": 0.03, ""LSQ"": 0.06, ""MSS"": 0.06, ""RRQ"": 0.14, ""SIQ"": 0.14, ""SIS"": 0.18, ""TCS"": 0.16, ""TSQ"": 0.03}}","{""BINARY_EVENT_RISK"": true, ""EXCESSIVE_EXTENSION"": true, ""EXCESSIVE_UNCONFIRMED_GAP"": true, ""INSUFFICIENT_LIQUIDITY"": true, ""INSUFFICIENT_MARKET_DEPTH"": true, ""NEAR_OPPOSING_BARRIER"": true, ""NO_STRUCTURAL_STOP"": true, ""NO_VALID_SETUP"": true, ""OFACTOR_BELOW_MINIMUM"": true, ""OPTION_CONTRACT_NOT_TRADABLE"": true, ""OPTION_SPREAD_TOO_WIDE"": true, ""POSITION_SIZE_NOT_FEASIBLE"": true, ""REWARD_RISK_BELOW_MINIMUM"": true, ""SETUP_EXPIRED"": true, ""SETUP_FAILED"": true, ""STALE_MARKET_DATA"": true, ""STOP_TOO_WIDE"": true}",NEXT_VALID_OPEN,BASE_CERTIFIED,UNCONSTRAINED_OPPORTUNITY,WF04,ALL_PRIMARY_REGIMES,PLANNED,event outcomes; fold/regime summaries; trial ledger
S0_BASELINE_WF05,STAGE0_BASELINE,CANONICAL_BASELINE_WALK_FORWARD,"{""diagnostic_ladders"": [""I030"", ""I050"", ""I070"", ""I100"", ""S100_D1_D5"", ""S200_D1_D5"", ""S500_D1_D5"", ""H30_1_2_5"", ""A050"", ""A100"", ""A200"", ""A500"", ""A1000"", ""A_GT1000""], ""entry_mode"": ""NEXT_VALID_OPEN"", ""exit_policy"": ""AUTHORITATIVE_OIIS_EXIT_UNCHANGED"", ""hard_gates"": {""BINARY_EVENT_RISK"": true, ""EXCESSIVE_EXTENSION"": true, ""EXCESSIVE_UNCONFIRMED_GAP"": true, ""INSUFFICIENT_LIQUIDITY"": true, ""INSUFFICIENT_MARKET_DEPTH"": true, ""NEAR_OPPOSING_BARRIER"": true, ""NO_STRUCTURAL_STOP"": true, ""NO_VALID_SETUP"": true, ""OFACTOR_BELOW_MINIMUM"": true, ""OPTION_CONTRACT_NOT_TRADABLE"": true, ""OPTION_SPREAD_TOO_WIDE"": true, ""POSITION_SIZE_NOT_FEASIBLE"": true, ""REWARD_RISK_BELOW_MINIMUM"": true, ""SETUP_EXPIRED"": true, ""SETUP_FAILED"": true, ""STALE_MARKET_DATA"": true, ""STOP_TOO_WIDE"": true}, ""ofactor_min"": 74, ""ofactor_weights"": {""CCS"": 0.04, ""ICS"": 0.1, ""LTS"": 0.06, ""MFS"": 0.18, ""MQS"": 0.12, ""MRS"": 0.08, ""RSS"": 0.1, ""SRS"": 0.14, ""TQS"": 0.18}, ""xfactor_tier_a"": 84, ""xfactor_tier_b"": 76, ""xfactor_weights"": {""ELQ"": 0.2, ""IOQ"": 0.03, ""LSQ"": 0.06, ""MSS"": 0.06, ""RRQ"": 0.14, ""SIQ"": 0.14, ""SIS"": 0.18, ""TCS"": 0.16, ""TSQ"": 0.03}}","{""ofactor_min"": 74, ""xfactor_tier_a"": 84, ""xfactor_tier_b"": 76}","{""ofactor"": {""CCS"": 0.04, ""ICS"": 0.1, ""LTS"": 0.06, ""MFS"": 0.18, ""MQS"": 0.12, ""MRS"": 0.08, ""RSS"": 0.1, ""SRS"": 0.14, ""TQS"": 0.18}, ""xfactor"": {""ELQ"": 0.2, ""IOQ"": 0.03, ""LSQ"": 0.06, ""MSS"": 0.06, ""RRQ"": 0.14, ""SIQ"": 0.14, ""SIS"": 0.18, ""TCS"": 0.16, ""TSQ"": 0.03}}","{""BINARY_EVENT_RISK"": true, ""EXCESSIVE_EXTENSION"": true, ""EXCESSIVE_UNCONFIRMED_GAP"": true, ""INSUFFICIENT_LIQUIDITY"": true, ""INSUFFICIENT_MARKET_DEPTH"": true, ""NEAR_OPPOSING_BARRIER"": true, ""NO_STRUCTURAL_STOP"": true, ""NO_VALID_SETUP"": true, ""OFACTOR_BELOW_MINIMUM"": true, ""OPTION_CONTRACT_NOT_TRADABLE"": true, ""OPTION_SPREAD_TOO_WIDE"": true, ""POSITION_SIZE_NOT_FEASIBLE"": true, ""REWARD_RISK_BELOW_MINIMUM"": true, ""SETUP_EXPIRED"": true, ""SETUP_FAILED"": true, ""STALE_MARKET_DATA"": true, ""STOP_TOO_WIDE"": true}",NEXT_VALID_OPEN,BASE_CERTIFIED,UNCONSTRAINED_OPPORTUNITY,WF05,ALL_PRIMARY_REGIMES,PLANNED,event outcomes; fold/regime summaries; trial ledger
S0_BASELINE_WF06,STAGE0_BASELINE,CANONICAL_BASELINE_WALK_FORWARD,"{""diagnostic_ladders"": [""I030"", ""I050"", ""I070"", ""I100"", ""S100_D1_D5"", ""S200_D1_D5"", ""S500_D1_D5"", ""H30_1_2_5"", ""A050"", ""A100"", ""A200"", ""A500"", ""A1000"", ""A_GT1000""], ""entry_mode"": ""NEXT_VALID_OPEN"", ""exit_policy"": ""AUTHORITATIVE_OIIS_EXIT_UNCHANGED"", ""hard_gates"": {""BINARY_EVENT_RISK"": true, ""EXCESSIVE_EXTENSION"": true, ""EXCESSIVE_UNCONFIRMED_GAP"": true, ""INSUFFICIENT_LIQUIDITY"": true, ""INSUFFICIENT_MARKET_DEPTH"": true, ""NEAR_OPPOSING_BARRIER"": true, ""NO_STRUCTURAL_STOP"": true, ""NO_VALID_SETUP"": true, ""OFACTOR_BELOW_MINIMUM"": true, ""OPTION_CONTRACT_NOT_TRADABLE"": true, ""OPTION_SPREAD_TOO_WIDE"": true, ""POSITION_SIZE_NOT_FEASIBLE"": true, ""REWARD_RISK_BELOW_MINIMUM"": true, ""SETUP_EXPIRED"": true, ""SETUP_FAILED"": true, ""STALE_MARKET_DATA"": true, ""STOP_TOO_WIDE"": true}, ""ofactor_min"": 74, ""ofactor_weights"": {""CCS"": 0.04, ""ICS"": 0.1, ""LTS"": 0.06, ""MFS"": 0.18, ""MQS"": 0.12, ""MRS"": 0.08, ""RSS"": 0.1, ""SRS"": 0.14, ""TQS"": 0.18}, ""xfactor_tier_a"": 84, ""xfactor_tier_b"": 76, ""xfactor_weights"": {""ELQ"": 0.2, ""IOQ"": 0.03, ""LSQ"": 0.06, ""MSS"": 0.06, ""RRQ"": 0.14, ""SIQ"": 0.14, ""SIS"": 0.18, ""TCS"": 0.16, ""TSQ"": 0.03}}","{""ofactor_min"": 74, ""xfactor_tier_a"": 84, ""xfactor_tier_b"": 76}","{""ofactor"": {""CCS"": 0.04, ""ICS"": 0.1, ""LTS"": 0.06, ""MFS"": 0.18, ""MQS"": 0.12, ""MRS"": 0.08, ""RSS"": 0.1, ""SRS"": 0.14, ""TQS"": 0.18}, ""xfactor"": {""ELQ"": 0.2, ""IOQ"": 0.03, ""LSQ"": 0.06, ""MSS"": 0.06, ""RRQ"": 0.14, ""SIQ"": 0.14, ""SIS"": 0.18, ""TCS"": 0.16, ""TSQ"": 0.03}}","{""BINARY_EVENT_RISK"": true, ""EXCESSIVE_EXTENSION"": true, ""EXCESSIVE_UNCONFIRMED_GAP"": true, ""INSUFFICIENT_LIQUIDITY"": true, ""INSUFFICIENT_MARKET_DEPTH"": true, ""NEAR_OPPOSING_BARRIER"": true, ""NO_STRUCTURAL_STOP"": true, ""NO_VALID_SETUP"": true, ""OFACTOR_BELOW_MINIMUM"": true, ""OPTION_CONTRACT_NOT_TRADABLE"": true, ""OPTION_SPREAD_TOO_WIDE"": true, ""POSITION_SIZE_NOT_FEASIBLE"": true, ""REWARD_RISK_BELOW_MINIMUM"": true, ""SETUP_EXPIRED"": true, ""SETUP_FAILED"": true, ""STALE_MARKET_DATA"": true, ""STOP_TOO_WIDE"": true}",NEXT_VALID_OPEN,BASE_CERTIFIED,UNCONSTRAINED_OPPORTUNITY,WF06,ALL_PRIMARY_REGIMES,PLANNED,event outcomes; fold/regime summaries; trial ledger
S1O_ABLATE_MRS,STAGE1_OFACTOR_SCREENING,COMPONENT_ABLATION,"{""ablation_factor"": ""O_MRS"", ""diagnostic_ladders"": [""I030"", ""I050"", ""I070"", ""I100"", ""S100_D1_D5"", ""S200_D1_D5"", ""S500_D1_D5"", ""H30_1_2_5"", ""A050"", ""A100"", ""A200"", ""A500"", ""A1000"", ""A_GT1000""], ""entry_mode"": ""NEXT_VALID_OPEN"", ""exit_policy"": ""AUTHORITATIVE_OIIS_EXIT_UNCHANGED"", ""hard_gates"": {""BINARY_EVENT_RISK"": true, ""EXCESSIVE_EXTENSION"": true, ""EXCESSIVE_UNCONFIRMED_GAP"": true, ""INSUFFICIENT_LIQUIDITY"": true, ""INSUFFICIENT_MARKET_DEPTH"": true, ""NEAR_OPPOSING_BARRIER"": true, ""NO_STRUCTURAL_STOP"": true, ""NO_VALID_SETUP"": true, ""OFACTOR_BELOW_MINIMUM"": true, ""OPTION_CONTRACT_NOT_TRADABLE"": true, ""OPTION_SPREAD_TOO_WIDE"": true, ""POSITION_SIZE_NOT_FEASIBLE"": true, ""REWARD_RISK_BELOW_MINIMUM"": true, ""SETUP_EXPIRED"": true, ""SETUP_FAILED"": true, ""STALE_MARKET_DATA"": true, ""STOP_TOO_WIDE"": true}, ""ofactor_min"": 74, ""ofactor_weights"": {""CCS"": 0.043478, ""ICS"": 0.108696, ""LTS"": 0.065217, ""MFS"": 0.195652, ""MQS"": 0.130435, ""MRS"": 0.0, ""RSS"": 0.108696, ""SRS"": 0.152174, ""TQS"": 0.195652}, ""xfactor_tier_a"": 84, ""xfactor_tier_b"": 76, ""xfactor_weights"": {""ELQ"": 0.2, ""IOQ"": 0.03, ""LSQ"": 0.06, ""MSS"": 0.06, ""RRQ"": 0.14, ""SIQ"": 0.14, ""SIS"": 0.18, ""TCS"": 0.16, ""TSQ"": 0.03}}","{""ofactor_min"": 74, ""xfactor_tier_a"": 84, ""xfactor_tier_b"": 76}","{""ofactor"": {""CCS"": 0.043478, ""ICS"": 0.108696, ""LTS"": 0.065217, ""MFS"": 0.195652, ""MQS"": 0.130435, ""MRS"": 0.0, ""RSS"": 0.108696, ""SRS"": 0.152174, ""TQS"": 0.195652}, ""xfactor"": {""ELQ"": 0.2, ""IOQ"": 0.03, ""LSQ"": 0.06, ""MSS"": 0.06, ""RRQ"": 0.14, ""SIQ"": 0.14, ""SIS"": 0.18, ""TCS"": 0.16, ""TSQ"": 0.03}}","{""BINARY_EVENT_RISK"": true, ""EXCESSIVE_EXTENSION"": true, ""EXCESSIVE_UNCONFIRMED_GAP"": true, ""INSUFFICIENT_LIQUIDITY"": true, ""INSUFFICIENT_MARKET_DEPTH"": true, ""NEAR_OPPOSING_BARRIER"": true, ""NO_STRUCTURAL_STOP"": true, ""NO_VALID_SETUP"": true, ""OFACTOR_BELOW_MINIMUM"": true, ""OPTION_CONTRACT_NOT_TRADABLE"": true, ""OPTION_SPREAD_TOO_WIDE"": true, ""POSITION_SIZE_NOT_FEASIBLE"": true, ""REWARD_RISK_BELOW_MINIMUM"": true, ""SETUP_EXPIRED"": true, ""SETUP_FAILED"": true, ""STALE_MARKET_DATA"": true, ""STOP_TOO_WIDE"": true}",NEXT_VALID_OPEN,BASE_CERTIFIED,UNCONSTRAINED_OPPORTUNITY,ALL_INNER_FOLDS,ALL_PRIMARY_REGIMES,PLANNED,event outcomes; fold/regime summaries; trial ledger
S1O_ABLATE_SRS,STAGE1_OFACTOR_SCREENING,COMPONENT_ABLATION,"{""ablation_factor"": ""O_SRS"", ""diagnostic_ladders"": [""I030"", ""I050"", ""I070"", ""I100"", ""S100_D1_D5"", ""S200_D1_D5"", ""S500_D1_D5"", ""H30_1_2_5"", ""A050"", ""A100"", ""A200"", ""A500"", ""A1000"", ""A_GT1000""], ""entry_mode"": ""NEXT_VALID_OPEN"", ""exit_policy"": ""AUTHORITATIVE_OIIS_EXIT_UNCHANGED"", ""hard_gates"": {""BINARY_EVENT_RISK"": true, ""EXCESSIVE_EXTENSION"": true, ""EXCESSIVE_UNCONFIRMED_GAP"": true, ""INSUFFICIENT_LIQUIDITY"": true, ""INSUFFICIENT_MARKET_DEPTH"": true, ""NEAR_OPPOSING_BARRIER"": true, ""NO_STRUCTURAL_STOP"": true, ""NO_VALID_SETUP"": true, ""OFACTOR_BELOW_MINIMUM"": true, ""OPTION_CONTRACT_NOT_TRADABLE"": true, ""OPTION_SPREAD_TOO_WIDE"": true, ""POSITION_SIZE_NOT_FEASIBLE"": true, ""REWARD_RISK_BELOW_MINIMUM"": true, ""SETUP_EXPIRED"": true, ""SETUP_FAILED"": true, ""STALE_MARKET_DATA"": true, ""STOP_TOO_WIDE"": true}, ""ofactor_min"": 74, ""ofactor_weights"": {""CCS"": 0.046512, ""ICS"": 0.116279, ""LTS"": 0.069767, ""MFS"": 0.209302, ""MQS"": 0.139535, ""MRS"": 0.093023, ""RSS"": 0.116279, ""SRS"": 0.0, ""TQS"": 0.209302}, ""xfactor_tier_a"": 84, ""xfactor_tier_b"": 76, ""xfactor_weights"": {""ELQ"": 0.2, ""IOQ"": 0.03, ""LSQ"": 0.06, ""MSS"": 0.06, ""RRQ"": 0.14, ""SIQ"": 0.14, ""SIS"": 0.18, ""TCS"": 0.16, ""TSQ"": 0.03}}","{""ofactor_min"": 74, ""xfactor_tier_a"": 84, ""xfactor_tier_b"": 76}","{""ofactor"": {""CCS"": 0.046512, ""ICS"": 0.116279, ""LTS"": 0.069767, ""MFS"": 0.209302, ""MQS"": 0.139535, ""MRS"": 0.093023, ""RSS"": 0.116279, ""SRS"": 0.0, ""TQS"": 0.209302}, ""xfactor"": {""ELQ"": 0.2, ""IOQ"": 0.03, ""LSQ"": 0.06, ""MSS"": 0.06, ""RRQ"": 0.14, ""SIQ"": 0.14, ""SIS"": 0.18, ""TCS"": 0.16, ""TSQ"": 0.03}}","{""BINARY_EVENT_RISK"": true, ""EXCESSIVE_EXTENSION"": true, ""EXCESSIVE_UNCONFIRMED_GAP"": true, ""INSUFFICIENT_LIQUIDITY"": true, ""INSUFFICIENT_MARKET_DEPTH"": true, ""NEAR_OPPOSING_BARRIER"": true, ""NO_STRUCTURAL_STOP"": true, ""NO_VALID_SETUP"": true, ""OFACTOR_BELOW_MINIMUM"": true, ""OPTION_CONTRACT_NOT_TRADABLE"": true, ""OPTION_SPREAD_TOO_WIDE"": true, ""POSITION_SIZE_NOT_FEASIBLE"": true, ""REWARD_RISK_BELOW_MINIMUM"": true, ""SETUP_EXPIRED"": true, ""SETUP_FAILED"": true, ""STALE_MARKET_DATA"": true, ""STOP_TOO_WIDE"": true}",NEXT_VALID_OPEN,BASE_CERTIFIED,UNCONSTRAINED_OPPORTUNITY,ALL_INNER_FOLDS,ALL_PRIMARY_REGIMES,PLANNED,event outcomes; fold/regime summaries; trial ledger
S1O_ABLATE_TQS,STAGE1_OFACTOR_SCREENING,COMPONENT_ABLATION,"{""ablation_factor"": ""O_TQS"", ""diagnostic_ladders"": [""I030"", ""I050"", ""I070"", ""I100"", ""S100_D1_D5"", ""S200_D1_D5"", ""S500_D1_D5"", ""H30_1_2_5"", ""A050"", ""A100"", ""A200"", ""A500"", ""A1000"", ""A_GT1000""], ""entry_mode"": ""NEXT_VALID_OPEN"", ""exit_policy"": ""AUTHORITATIVE_OIIS_EXIT_UNCHANGED"", ""hard_gates"": {""BINARY_EVENT_RISK"": true, ""EXCESSIVE_EXTENSION"": true, ""EXCESSIVE_UNCONFIRMED_GAP"": true, ""INSUFFICIENT_LIQUIDITY"": true, ""INSUFFICIENT_MARKET_DEPTH"": true, ""NEAR_OPPOSING_BARRIER"": true, ""NO_STRUCTURAL_STOP"": true, ""NO_VALID_SETUP"": true, ""OFACTOR_BELOW_MINIMUM"": true, ""OPTION_CONTRACT_NOT_TRADABLE"": true, ""OPTION_SPREAD_TOO_WIDE"": true, ""POSITION_SIZE_NOT_FEASIBLE"": true, ""REWARD_RISK_BELOW_MINIMUM"": true, ""SETUP_EXPIRED"": true, ""SETUP_FAILED"": true, ""STALE_MARKET_DATA"": true, ""STOP_TOO_WIDE"": true}, ""ofactor_min"": 74, ""ofactor_weights"": {""CCS"": 0.04878, ""ICS"": 0.121951, ""LTS"": 0.073171, ""MFS"": 0.219512, ""MQS"": 0.146341, ""MRS"": 0.097561, ""RSS"": 0.121951, ""SRS"": 0.170732, ""TQS"": 0.0}, ""xfactor_tier_a"": 84, ""xfactor_tier_b"": 76, ""xfactor_weights"": {""ELQ"": 0.2, ""IOQ"": 0.03, ""LSQ"": 0.06, ""MSS"": 0.06, ""RRQ"": 0.14, ""SIQ"": 0.14, ""SIS"": 0.18, ""TCS"": 0.16, ""TSQ"": 0.03}}","{""ofactor_min"": 74, ""xfactor_tier_a"": 84, ""xfactor_tier_b"": 76}","{""ofactor"": {""CCS"": 0.04878, ""ICS"": 0.121951, ""LTS"": 0.073171, ""MFS"": 0.219512, ""MQS"": 0.146341, ""MRS"": 0.097561, ""RSS"": 0.121951, ""SRS"": 0.170732, ""TQS"": 0.0}, ""xfactor"": {""ELQ"": 0.2, ""IOQ"": 0.03, ""LSQ"": 0.06, ""MSS"": 0.06, ""RRQ"": 0.14, ""SIQ"": 0.14, ""SIS"": 0.18, ""TCS"": 0.16, ""TSQ"": 0.03}}","{""BINARY_EVENT_RISK"": true, ""EXCESSIVE_EXTENSION"": true, ""EXCESSIVE_UNCONFIRMED_GAP"": true, ""INSUFFICIENT_LIQUIDITY"": true, ""INSUFFICIENT_MARKET_DEPTH"": true, ""NEAR_OPPOSING_BARRIER"": true, ""NO_STRUCTURAL_STOP"": true, ""NO_VALID_SETUP"": true, ""OFACTOR_BELOW_MINIMUM"": true, ""OPTION_CONTRACT_NOT_TRADABLE"": true, ""OPTION_SPREAD_TOO_WIDE"": true, ""POSITION_SIZE_NOT_FEASIBLE"": true, ""REWARD_RISK_BELOW_MINIMUM"": true, ""SETUP_EXPIRED"": true, ""SETUP_FAILED"": true, ""STALE_MARKET_DATA"": true, ""STOP_TOO_WIDE"": true}",NEXT_VALID_OPEN,BASE_CERTIFIED,UNCONSTRAINED_OPPORTUNITY,ALL_INNER_FOLDS,ALL_PRIMARY_REGIMES,PLANNED,event outcomes; fold/regime summaries; trial ledger
S1O_ABLATE_RSS,STAGE1_OFACTOR_SCREENING,COMPONENT_ABLATION,"{""ablation_factor"": ""O_RSS"", ""diagnostic_ladders"": [""I030"", ""I050"", ""I070"", ""I100"", ""S100_D1_D5"", ""S200_D1_D5"", ""S500_D1_D5"", ""H30_1_2_5"", ""A050"", ""A100"", ""A200"", ""A500"", ""A1000"", ""A_GT1000""], ""entry_mode"": ""NEXT_VALID_OPEN"", ""exit_policy"": ""AUTHORITATIVE_OIIS_EXIT_UNCHANGED"", ""hard_gates"": {""BINARY_EVENT_RISK"": true, ""EXCESSIVE_EXTENSION"": true, ""EXCESSIVE_UNCONFIRMED_GAP"": true, ""INSUFFICIENT_LIQUIDITY"": true, ""INSUFFICIENT_MARKET_DEPTH"": true, ""NEAR_OPPOSING_BARRIER"": true, ""NO_STRUCTURAL_STOP"": true, ""NO_VALID_SETUP"": true, ""OFACTOR_BELOW_MINIMUM"": true, ""OPTION_CONTRACT_NOT_TRADABLE"": true, ""OPTION_SPREAD_TOO_WIDE"": true, ""POSITION_SIZE_NOT_FEASIBLE"": true, ""REWARD_RISK_BELOW_MINIMUM"": true, ""SETUP_EXPIRED"": true, ""SETUP_FAILED"": true, ""STALE_MARKET_DATA"": true, ""STOP_TOO_WIDE"": true}, ""ofactor_min"": 74, ""ofactor_weights"": {""CCS"": 0.044444, ""ICS"": 0.111111, ""LTS"": 0.066667, ""MFS"": 0.2, ""MQS"": 0.133333, ""MRS"": 0.088889, ""RSS"": 0.0, ""SRS"": 0.155556, ""TQS"": 0.2}, ""xfactor_tier_a"": 84, ""xfactor_tier_b"": 76, ""xfactor_weights"": {""ELQ"": 0.2, ""IOQ"": 0.03, ""LSQ"": 0.06, ""MSS"": 0.06, ""RRQ"": 0.14, ""SIQ"": 0.14, ""SIS"": 0.18, ""TCS"": 0.16, ""TSQ"": 0.03}}","{""ofactor_min"": 74, ""xfactor_tier_a"": 84, ""xfactor_tier_b"": 76}","{""ofactor"": {""CCS"": 0.044444, ""ICS"": 0.111111, ""LTS"": 0.066667, ""MFS"": 0.2, ""MQS"": 0.133333, ""MRS"": 0.088889, ""RSS"": 0.0, ""SRS"": 0.155556, ""TQS"": 0.2}, ""xfactor"": {""ELQ"": 0.2, ""IOQ"": 0.03, ""LSQ"": 0.06, ""MSS"": 0.06, ""RRQ"": 0.14, ""SIQ"": 0.14, ""SIS"": 0.18, ""TCS"": 0.16, ""TSQ"": 0.03}}","{""BINARY_EVENT_RISK"": true, ""EXCESSIVE_EXTENSION"": true, ""EXCESSIVE_UNCONFIRMED_GAP"": true, ""INSUFFICIENT_LIQUIDITY"": true, ""INSUFFICIENT_MARKET_DEPTH"": true, ""NEAR_OPPOSING_BARRIER"": true, ""NO_STRUCTURAL_STOP"": true, ""NO_VALID_SETUP"": true, ""OFACTOR_BELOW_MINIMUM"": true, ""OPTION_CONTRACT_NOT_TRADABLE"": true, ""OPTION_SPREAD_TOO_WIDE"": true, ""POSITION_SIZE_NOT_FEASIBLE"": true, ""REWARD_RISK_BELOW_MINIMUM"": true, ""SETUP_EXPIRED"": true, ""SETUP_FAILED"": true, ""STALE_MARKET_DATA"": true, ""STOP_TOO_WIDE"": true}",NEXT_VALID_OPEN,BASE_CERTIFIED,UNCONSTRAINED_OPPORTUNITY,ALL_INNER_FOLDS,ALL_PRIMARY_REGIMES,PLANNED,event outcomes; fold/regime summaries; trial ledger
S1O_ABLATE_MFS,STAGE1_OFACTOR_SCREENING,COMPONENT_ABLATION,"{""ablation_factor"": ""O_MFS"", ""diagnostic_ladders"": [""I030"", ""I050"", ""I070"", ""I100"", ""S100_D1_D5"", ""S200_D1_D5"", ""S500_D1_D5"", ""H30_1_2_5"", ""A050"", ""A100"", ""A200"", ""A500"", ""A1000"", ""A_GT1000""], ""entry_mode"": ""NEXT_VALID_OPEN"", ""exit_policy"": ""AUTHORITATIVE_OIIS_EXIT_UNCHANGED"", ""hard_gates"": {""BINARY_EVENT_RISK"": true, ""EXCESSIVE_EXTENSION"": true, ""EXCESSIVE_UNCONFIRMED_GAP"": true, ""INSUFFICIENT_LIQUIDITY"": true, ""INSUFFICIENT_MARKET_DEPTH"": true, ""NEAR_OPPOSING_BARRIER"": true, ""NO_STRUCTURAL_STOP"": true, ""NO_VALID_SETUP"": true, ""OFACTOR_BELOW_MINIMUM"": true, ""OPTION_CONTRACT_NOT_TRADABLE"": true, ""OPTION_SPREAD_TOO_WIDE"": true, ""POSITION_SIZE_NOT_FEASIBLE"": true, ""REWARD_RISK_BELOW_MINIMUM"": true, ""SETUP_EXPIRED"": true, ""SETUP_FAILED"": true, ""STALE_MARKET_DATA"": true, ""STOP_TOO_WIDE"": true}, ""ofactor_min"": 74, ""ofactor_weights"": {""CCS"": 0.04878, ""ICS"": 0.121951, ""LTS"": 0.073171, ""MFS"": 0.0, ""MQS"": 0.146341, ""MRS"": 0.097561, ""RSS"": 0.121951, ""SRS"": 0.170732, ""TQS"": 0.219512}, ""xfactor_tier_a"": 84, ""xfactor_tier_b"": 76, ""xfactor_weights"": {""ELQ"": 0.2, ""IOQ"": 0.03, ""LSQ"": 0.06, ""MSS"": 0.06, ""RRQ"": 0.14, ""SIQ"": 0.14, ""SIS"": 0.18, ""TCS"": 0.16, ""TSQ"": 0.03}}","{""ofactor_min"": 74, ""xfactor_tier_a"": 84, ""xfactor_tier_b"": 76}","{""ofactor"": {""CCS"": 0.04878, ""ICS"": 0.121951, ""LTS"": 0.073171, ""MFS"": 0.0, ""MQS"": 0.146341, ""MRS"": 0.097561, ""RSS"": 0.121951, ""SRS"": 0.170732, ""TQS"": 0.219512}, ""xfactor"": {""ELQ"": 0.2, ""IOQ"": 0.03, ""LSQ"": 0.06, ""MSS"": 0.06, ""RRQ"": 0.14, ""SIQ"": 0.14, ""SIS"": 0.18, ""TCS"": 0.16, ""TSQ"": 0.03}}","{""BINARY_EVENT_RISK"": true, ""EXCESSIVE_EXTENSION"": true, ""EXCESSIVE_UNCONFIRMED_GAP"": true, ""INSUFFICIENT_LIQUIDITY"": true, ""INSUFFICIENT_MARKET_DEPTH"": true, ""NEAR_OPPOSING_BARRIER"": true, ""NO_STRUCTURAL_STOP"": true, ""NO_VALID_SETUP"": true, ""OFACTOR_BELOW_MINIMUM"": true, ""OPTION_CONTRACT_NOT_TRADABLE"": true, ""OPTION_SPREAD_TOO_WIDE"": true, ""POSITION_SIZE_NOT_FEASIBLE"": true, ""REWARD_RISK_BELOW_MINIMUM"": true, ""SETUP_EXPIRED"": true, ""SETUP_FAILED"": true, ""STALE_MARKET_DATA"": true, ""STOP_TOO_WIDE"": true}",NEXT_VALID_OPEN,BASE_CERTIFIED,UNCONSTRAINED_OPPORTUNITY,ALL_INNER_FOLDS,ALL_PRIMARY_REGIMES,PLANNED,event outcomes; fold/regime summaries; trial ledger
S1O_ABLATE_MQS,STAGE1_OFACTOR_SCREENING,COMPONENT_ABLATION,"{""ablation_factor"": ""O_MQS"", ""diagnostic_ladders"": [""I030"", ""I050"", ""I070"", ""I100"", ""S100_D1_D5"", ""S200_D1_D5"", ""S500_D1_D5"", ""H30_1_2_5"", ""A050"", ""A100"", ""A200"", ""A500"", ""A1000"", ""A_GT1000""], ""entry_mode"": ""NEXT_VALID_OPEN"", ""exit_policy"": ""AUTHORITATIVE_OIIS_EXIT_UNCHANGED"", ""hard_gates"": {""BINARY_EVENT_RISK"": true, ""EXCESSIVE_EXTENSION"": true, ""EXCESSIVE_UNCONFIRMED_GAP"": true, ""INSUFFICIENT_LIQUIDITY"": true, ""INSUFFICIENT_MARKET_DEPTH"": true, ""NEAR_OPPOSING_BARRIER"": true, ""NO_STRUCTURAL_STOP"": true, ""NO_VALID_SETUP"": true, ""OFACTOR_BELOW_MINIMUM"": true, ""OPTION_CONTRACT_NOT_TRADABLE"": true, ""OPTION_SPREAD_TOO_WIDE"": true, ""POSITION_SIZE_NOT_FEASIBLE"": true, ""REWARD_RISK_BELOW_MINIMUM"": true, ""SETUP_EXPIRED"": true, ""SETUP_FAILED"": true, ""STALE_MARKET_DATA"": true, ""STOP_TOO_WIDE"": true}, ""ofactor_min"": 74, ""ofactor_weights"": {""CCS"": 0.045455, ""ICS"": 0.113636, ""LTS"": 0.068182, ""MFS"": 0.204545, ""MQS"": 0.0, ""MRS"": 0.090909, ""RSS"": 0.113636, ""SRS"": 0.159091, ""TQS"": 0.204545}, ""xfactor_tier_a"": 84, ""xfactor_tier_b"": 76, ""xfactor_weights"": {""ELQ"": 0.2, ""IOQ"": 0.03, ""LSQ"": 0.06, ""MSS"": 0.06, ""RRQ"": 0.14, ""SIQ"": 0.14, ""SIS"": 0.18, ""TCS"": 0.16, ""TSQ"": 0.03}}","{""ofactor_min"": 74, ""xfactor_tier_a"": 84, ""xfactor_tier_b"": 76}","{""ofactor"": {""CCS"": 0.045455, ""ICS"": 0.113636, ""LTS"": 0.068182, ""MFS"": 0.204545, ""MQS"": 0.0, ""MRS"": 0.090909, ""RSS"": 0.113636, ""SRS"": 0.159091, ""TQS"": 0.204545}, ""xfactor"": {""ELQ"": 0.2, ""IOQ"": 0.03, ""LSQ"": 0.06, ""MSS"": 0.06, ""RRQ"": 0.14, ""SIQ"": 0.14, ""SIS"": 0.18, ""TCS"": 0.16, ""TSQ"": 0.03}}","{""BINARY_EVENT_RISK"": true, ""EXCESSIVE_EXTENSION"": true, ""EXCESSIVE_UNCONFIRMED_GAP"": true, ""INSUFFICIENT_LIQUIDITY"": true, ""INSUFFICIENT_MARKET_DEPTH"": true, ""NEAR_OPPOSING_BARRIER"": true, ""NO_STRUCTURAL_STOP"": true, ""NO_VALID_SETUP"": true, ""OFACTOR_BELOW_MINIMUM"": true, ""OPTION_CONTRACT_NOT_TRADABLE"": true, ""OPTION_SPREAD_TOO_WIDE"": true, ""POSITION_SIZE_NOT_FEASIBLE"": true, ""REWARD_RISK_BELOW_MINIMUM"": true, ""SETUP_EXPIRED"": true, ""SETUP_FAILED"": true, ""STALE_MARKET_DATA"": true, ""STOP_TOO_WIDE"": true}",NEXT_VALID_OPEN,BASE_CERTIFIED,UNCONSTRAINED_OPPORTUNITY,ALL_INNER_FOLDS,ALL_PRIMARY_REGIMES,PLANNED,event outcomes; fold/regime summaries; trial ledger
S1O_ABLATE_ICS,STAGE1_OFACTOR_SCREENING,COMPONENT_ABLATION,"{""ablation_factor"": ""O_ICS"", ""diagnostic_ladders"": [""I030"", ""I050"", ""I070"", ""I100"", ""S100_D1_D5"", ""S200_D1_D5"", ""S500_D1_D5"", ""H30_1_2_5"", ""A050"", ""A100"", ""A200"", ""A500"", ""A1000"", ""A_GT1000""], ""entry_mode"": ""NEXT_VALID_OPEN"", ""exit_policy"": ""AUTHORITATIVE_OIIS_EXIT_UNCHANGED"", ""hard_gates"": {""BINARY_EVENT_RISK"": true, ""EXCESSIVE_EXTENSION"": true, ""EXCESSIVE_UNCONFIRMED_GAP"": true, ""INSUFFICIENT_LIQUIDITY"": true, ""INSUFFICIENT_MARKET_DEPTH"": true, ""NEAR_OPPOSING_BARRIER"": true, ""NO_STRUCTURAL_STOP"": true, ""NO_VALID_SETUP"": true, ""OFACTOR_BELOW_MINIMUM"": true, ""OPTION_CONTRACT_NOT_TRADABLE"": true, ""OPTION_SPREAD_TOO_WIDE"": true, ""POSITION_SIZE_NOT_FEASIBLE"": true, ""REWARD_RISK_BELOW_MINIMUM"": true, ""SETUP_EXPIRED"": true, ""SETUP_FAILED"": true, ""STALE_MARKET_DATA"": true, ""STOP_TOO_WIDE"": true}, ""ofactor_min"": 74, ""ofactor_weights"": {""CCS"": 0.044444, ""ICS"": 0.0, ""LTS"": 0.066667, ""MFS"": 0.2, ""MQS"": 0.133333, ""MRS"": 0.088889, ""RSS"": 0.111111, ""SRS"": 0.155556, ""TQS"": 0.2}, ""xfactor_tier_a"": 84, ""xfactor_tier_b"": 76, ""xfactor_weights"": {""ELQ"": 0.2, ""IOQ"": 0.03, ""LSQ"": 0.06, ""MSS"": 0.06, ""RRQ"": 0.14, ""SIQ"": 0.14, ""SIS"": 0.18, ""TCS"": 0.16, ""TSQ"": 0.03}}","{""ofactor_min"": 74, ""xfactor_tier_a"": 84, ""xfactor_tier_b"": 76}","{""ofactor"": {""CCS"": 0.044444, ""ICS"": 0.0, ""LTS"": 0.066667, ""MFS"": 0.2, ""MQS"": 0.133333, ""MRS"": 0.088889, ""RSS"": 0.111111, ""SRS"": 0.155556, ""TQS"": 0.2}, ""xfactor"": {""ELQ"": 0.2, ""IOQ"": 0.03, ""LSQ"": 0.06, ""MSS"": 0.06, ""RRQ"": 0.14, ""SIQ"": 0.14, ""SIS"": 0.18, ""TCS"": 0.16, ""TSQ"": 0.03}}","{""BINARY_EVENT_RISK"": true, ""EXCESSIVE_EXTENSION"": true, ""EXCESSIVE_UNCONFIRMED_GAP"": true, ""INSUFFICIENT_LIQUIDITY"": true, ""INSUFFICIENT_MARKET_DEPTH"": true, ""NEAR_OPPOSING_BARRIER"": true, ""NO_STRUCTURAL_STOP"": true, ""NO_VALID_SETUP"": true, ""OFACTOR_BELOW_MINIMUM"": true, ""OPTION_CONTRACT_NOT_TRADABLE"": true, ""OPTION_SPREAD_TOO_WIDE"": true, ""POSITION_SIZE_NOT_FEASIBLE"": true, ""REWARD_RISK_BELOW_MINIMUM"": true, ""SETUP_EXPIRED"": true, ""SETUP_FAILED"": true, ""STALE_MARKET_DATA"": true, ""STOP_TOO_WIDE"": true}",NEXT_VALID_OPEN,BASE_CERTIFIED,UNCONSTRAINED_OPPORTUNITY,ALL_INNER_FOLDS,ALL_PRIMARY_REGIMES,PLANNED,event outcomes; fold/regime summaries; trial ledger
S1O_ABLATE_LTS,STAGE1_OFACTOR_SCREENING,COMPONENT_ABLATION,"{""ablation_factor"": ""O_LTS"", ""diagnostic_ladders"": [""I030"", ""I050"", ""I070"", ""I100"", ""S100_D1_D5"", ""S200_D1_D5"", ""S500_D1_D5"", ""H30_1_2_5"", ""A050"", ""A100"", ""A200"", ""A500"", ""A1000"", ""A_GT1000""], ""entry_mode"": ""NEXT_VALID_OPEN"", ""exit_policy"": ""AUTHORITATIVE_OIIS_EXIT_UNCHANGED"", ""hard_gates"": {""BINARY_EVENT_RISK"": true, ""EXCESSIVE_EXTENSION"": true, ""EXCESSIVE_UNCONFIRMED_GAP"": true, ""INSUFFICIENT_LIQUIDITY"": true, ""INSUFFICIENT_MARKET_DEPTH"": true, ""NEAR_OPPOSING_BARRIER"": true, ""NO_STRUCTURAL_STOP"": true, ""NO_VALID_SETUP"": true, ""OFACTOR_BELOW_MINIMUM"": true, ""OPTION_CONTRACT_NOT_TRADABLE"": true, ""OPTION_SPREAD_TOO_WIDE"": true, ""POSITION_SIZE_NOT_FEASIBLE"": true, ""REWARD_RISK_BELOW_MINIMUM"": true, ""SETUP_EXPIRED"": true, ""SETUP_FAILED"": true, ""STALE_MARKET_DATA"": true, ""STOP_TOO_WIDE"": true}, ""ofactor_min"": 74, ""ofactor_weights"": {""CCS"": 0.042553, ""ICS"": 0.106383, ""LTS"": 0.0, ""MFS"": 0.191489, ""MQS"": 0.12766, ""MRS"": 0.085106, ""RSS"": 0.106383, ""SRS"": 0.148936, ""TQS"": 0.191489}, ""xfactor_tier_a"": 84, ""xfactor_tier_b"": 76, ""xfactor_weights"": {""ELQ"": 0.2, ""IOQ"": 0.03, ""LSQ"": 0.06, ""MSS"": 0.06, ""RRQ"": 0.14, ""SIQ"": 0.14, ""SIS"": 0.18, ""TCS"": 0.16, ""TSQ"": 0.03}}","{""ofactor_min"": 74, ""xfactor_tier_a"": 84, ""xfactor_tier_b"": 76}","{""ofactor"": {""CCS"": 0.042553, ""ICS"": 0.106383, ""LTS"": 0.0, ""MFS"": 0.191489, ""MQS"": 0.12766, ""MRS"": 0.085106, ""RSS"": 0.106383, ""SRS"": 0.148936, ""TQS"": 0.191489}, ""xfactor"": {""ELQ"": 0.2, ""IOQ"": 0.03, ""LSQ"": 0.06, ""MSS"": 0.06, ""RRQ"": 0.14, ""SIQ"": 0.14, ""SIS"": 0.18, ""TCS"": 0.16, ""TSQ"": 0.03}}","{""BINARY_EVENT_RISK"": true, ""EXCESSIVE_EXTENSION"": true, ""EXCESSIVE_UNCONFIRMED_GAP"": true, ""INSUFFICIENT_LIQUIDITY"": true, ""INSUFFICIENT_MARKET_DEPTH"": true, ""NEAR_OPPOSING_BARRIER"": true, ""NO_STRUCTURAL_STOP"": true, ""NO_VALID_SETUP"": true, ""OFACTOR_BELOW_MINIMUM"": true, ""OPTION_CONTRACT_NOT_TRADABLE"": true, ""OPTION_SPREAD_TOO_WIDE"": true, ""POSITION_SIZE_NOT_FEASIBLE"": true, ""REWARD_RISK_BELOW_MINIMUM"": true, ""SETUP_EXPIRED"": true, ""SETUP_FAILED"": true, ""STALE_MARKET_DATA"": true, ""STOP_TOO_WIDE"": true}",NEXT_VALID_OPEN,BASE_CERTIFIED,UNCONSTRAINED_OPPORTUNITY,ALL_INNER_FOLDS,ALL_PRIMARY_REGIMES,PLANNED,event outcomes; fold/regime summaries; trial ledger
S1O_ABLATE_CCS,STAGE1_OFACTOR_SCREENING,COMPONENT_ABLATION,"{""ablation_factor"": ""O_CCS"", ""diagnostic_ladders"": [""I030"", ""I050"", ""I070"", ""I100"", ""S100_D1_D5"", ""S200_D1_D5"", ""S500_D1_D5"", ""H30_1_2_5"", ""A050"", ""A100"", ""A200"", ""A500"", ""A1000"", ""A_GT1000""], ""entry_mode"": ""NEXT_VALID_OPEN"", ""exit_policy"": ""AUTHORITATIVE_OIIS_EXIT_UNCHANGED"", ""hard_gates"": {""BINARY_EVENT_RISK"": true, ""EXCESSIVE_EXTENSION"": true, ""EXCESSIVE_UNCONFIRMED_GAP"": true, ""INSUFFICIENT_LIQUIDITY"": true, ""INSUFFICIENT_MARKET_DEPTH"": true, ""NEAR_OPPOSING_BARRIER"": true, ""NO_STRUCTURAL_STOP"": true, ""NO_VALID_SETUP"": true, ""OFACTOR_BELOW_MINIMUM"": true, ""OPTION_CONTRACT_NOT_TRADABLE"": true, ""OPTION_SPREAD_TOO_WIDE"": true, ""POSITION_SIZE_NOT_FEASIBLE"": true, ""REWARD_RISK_BELOW_MINIMUM"": true, ""SETUP_EXPIRED"": true, ""SETUP_FAILED"": true, ""STALE_MARKET_DATA"": true, ""STOP_TOO_WIDE"": true}, ""ofactor_min"": 74, ""ofactor_weights"": {""CCS"": 0.0, ""ICS"": 0.104167, ""LTS"": 0.0625, ""MFS"": 0.1875, ""MQS"": 0.125, ""MRS"": 0.083333, ""RSS"": 0.104167, ""SRS"": 0.145833, ""TQS"": 0.1875}, ""xfactor_tier_a"": 84, ""xfactor_tier_b"": 76, ""xfactor_weights"": {""ELQ"": 0.2, ""IOQ"": 0.03, ""LSQ"": 0.06, ""MSS"": 0.06, ""RRQ"": 0.14, ""SIQ"": 0.14, ""SIS"": 0.18, ""TCS"": 0.16, ""TSQ"": 0.03}}","{""ofactor_min"": 74, ""xfactor_tier_a"": 84, ""xfactor_tier_b"": 76}","{""ofactor"": {""CCS"": 0.0, ""ICS"": 0.104167, ""LTS"": 0.0625, ""MFS"": 0.1875, ""MQS"": 0.125, ""MRS"": 0.083333, ""RSS"": 0.104167, ""SRS"": 0.145833, ""TQS"": 0.1875}, ""xfactor"": {""ELQ"": 0.2, ""IOQ"": 0.03, ""LSQ"": 0.06, ""MSS"": 0.06, ""RRQ"": 0.14, ""SIQ"": 0.14, ""SIS"": 0.18, ""TCS"": 0.16, ""TSQ"": 0.03}}","{""BINARY_EVENT_RISK"": true, ""EXCESSIVE_EXTENSION"": true, ""EXCESSIVE_UNCONFIRMED_GAP"": true, ""INSUFFICIENT_LIQUIDITY"": true, ""INSUFFICIENT_MARKET_DEPTH"": true, ""NEAR_OPPOSING_BARRIER"": true, ""NO_STRUCTURAL_STOP"": true, ""NO_VALID_SETUP"": true, ""OFACTOR_BELOW_MINIMUM"": true, ""OPTION_CONTRACT_NOT_TRADABLE"": true, ""OPTION_SPREAD_TOO_WIDE"": true, ""POSITION_SIZE_NOT_FEASIBLE"": true, ""REWARD_RISK_BELOW_MINIMUM"": true, ""SETUP_EXPIRED"": true, ""SETUP_FAILED"": true, ""STALE_MARKET_DATA"": true, ""STOP_TOO_WIDE"": true}",NEXT_VALID_OPEN,BASE_CERTIFIED,UNCONSTRAINED_OPPORTUNITY,ALL_INNER_FOLDS,ALL_PRIMARY_REGIMES,PLANNED,event outcomes; fold/regime summaries; trial ledger
S1O_MIX_01,STAGE1_OFACTOR_SCREENING,CONSTRAINED_MAXIMIN_MIXTURE,"{""diagnostic_ladders"": [""I030"", ""I050"", ""I070"", ""I100"", ""S100_D1_D5"", ""S200_D1_D5"", ""S500_D1_D5"", ""H30_1_2_5"", ""A050"", ""A100"", ""A200"", ""A500"", ""A1000"", ""A_GT1000""], ""entry_mode"": ""NEXT_VALID_OPEN"", ""exit_policy"": ""AUTHORITATIVE_OIIS_EXIT_UNCHANGED"", ""hard_gates"": {""BINARY_EVENT_RISK"": true, ""EXCESSIVE_EXTENSION"": true, ""EXCESSIVE_UNCONFIRMED_GAP"": true, ""INSUFFICIENT_LIQUIDITY"": true, ""INSUFFICIENT_MARKET_DEPTH"": true, ""NEAR_OPPOSING_BARRIER"": true, ""NO_STRUCTURAL_STOP"": true, ""NO_VALID_SETUP"": true, ""OFACTOR_BELOW_MINIMUM"": true, ""OPTION_CONTRACT_NOT_TRADABLE"": true, ""OPTION_SPREAD_TOO_WIDE"": true, ""POSITION_SIZE_NOT_FEASIBLE"": true, ""REWARD_RISK_BELOW_MINIMUM"": true, ""SETUP_EXPIRED"": true, ""SETUP_FAILED"": true, ""STALE_MARKET_DATA"": true, ""STOP_TOO_WIDE"": true}, ""ofactor_min"": 74, ""ofactor_weights"": {""CCS"": 0.073026, ""ICS"": 0.182235, ""LTS"": 0.043932, ""MFS"": 0.130973, ""MQS"": 0.202476, ""MRS"": 0.0543, ""RSS"": 0.087737, ""SRS"": 0.102887, ""TQS"": 0.122433}, ""xfactor_tier_a"": 84, ""xfactor_tier_b"": 76, ""xfactor_weights"": {""ELQ"": 0.2, ""IOQ"": 0.03, ""LSQ"": 0.06, ""MSS"": 0.06, ""RRQ"": 0.14, ""SIQ"": 0.14, ""SIS"": 0.18, ""TCS"": 0.16, ""TSQ"": 0.03}}","{""ofactor_min"": 74, ""xfactor_tier_a"": 84, ""xfactor_tier_b"": 76}","{""ofactor"": {""CCS"": 0.073026, ""ICS"": 0.182235, ""LTS"": 0.043932, ""MFS"": 0.130973, ""MQS"": 0.202476, ""MRS"": 0.0543, ""RSS"": 0.087737, ""SRS"": 0.102887, ""TQS"": 0.122433}, ""xfactor"": {""ELQ"": 0.2, ""IOQ"": 0.03, ""LSQ"": 0.06, ""MSS"": 0.06, ""RRQ"": 0.14, ""SIQ"": 0.14, ""SIS"": 0.18, ""TCS"": 0.16, ""TSQ"": 0.03}}","{""BINARY_EVENT_RISK"": true, ""EXCESSIVE_EXTENSION"": true, ""EXCESSIVE_UNCONFIRMED_GAP"": true, ""INSUFFICIENT_LIQUIDITY"": true, ""INSUFFICIENT_MARKET_DEPTH"": true, ""NEAR_OPPOSING_BARRIER"": true, ""NO_STRUCTURAL_STOP"": true, ""NO_VALID_SETUP"": true, ""OFACTOR_BELOW_MINIMUM"": true, ""OPTION_CONTRACT_NOT_TRADABLE"": true, ""OPTION_SPREAD_TOO_WIDE"": true, ""POSITION_SIZE_NOT_FEASIBLE"": true, ""REWARD_RISK_BELOW_MINIMUM"": true, ""SETUP_EXPIRED"": true, ""SETUP_FAILED"": true, ""STALE_MARKET_DATA"": true, ""STOP_TOO_WIDE"": true}",NEXT_VALID_OPEN,BASE_CERTIFIED,UNCONSTRAINED_OPPORTUNITY,ALL_INNER_FOLDS,ALL_PRIMARY_REGIMES,PLANNED,event outcomes; fold/regime summaries; trial ledger
S1O_MIX_02,STAGE1_OFACTOR_SCREENING,CONSTRAINED_MAXIMIN_MIXTURE,"{""diagnostic_ladders"": [""I030"", ""I050"", ""I070"", ""I100"", ""S100_D1_D5"", ""S200_D1_D5"", ""S500_D1_D5"", ""H30_1_2_5"", ""A050"", ""A100"", ""A200"", ""A500"", ""A1000"", ""A_GT1000""], ""entry_mode"": ""NEXT_VALID_OPEN"", ""exit_policy"": ""AUTHORITATIVE_OIIS_EXIT_UNCHANGED"", ""hard_gates"": {""BINARY_EVENT_RISK"": true, ""EXCESSIVE_EXTENSION"": true, ""EXCESSIVE_UNCONFIRMED_GAP"": true, ""INSUFFICIENT_LIQUIDITY"": true, ""INSUFFICIENT_MARKET_DEPTH"": true, ""NEAR_OPPOSING_BARRIER"": true, ""NO_STRUCTURAL_STOP"": true, ""NO_VALID_SETUP"": true, ""OFACTOR_BELOW_MINIMUM"": true, ""OPTION_CONTRACT_NOT_TRADABLE"": true, ""OPTION_SPREAD_TOO_WIDE"": true, ""POSITION_SIZE_NOT_FEASIBLE"": true, ""REWARD_RISK_BELOW_MINIMUM"": true, ""SETUP_EXPIRED"": true, ""SETUP_FAILED"": true, ""STALE_MARKET_DATA"": true, ""STOP_TOO_WIDE"": true}, ""ofactor_min"": 74, ""ofactor_weights"": {""CCS"": 0.020443, ""ICS"": 0.063183, ""LTS"": 0.069815, ""MFS"": 0.109761, ""MQS"": 0.086055, ""MRS"": 0.11838, ""RSS"": 0.065459, ""SRS"": 0.211153, ""TQS"": 0.255751}, ""xfactor_tier_a"": 84, ""xfactor_tier_b"": 76, ""xfactor_weights"": {""ELQ"": 0.2, ""IOQ"": 0.03, ""LSQ"": 0.06, ""MSS"": 0.06, ""RRQ"": 0.14, ""SIQ"": 0.14, ""SIS"": 0.18, ""TCS"": 0.16, ""TSQ"": 0.03}}","{""ofactor_min"": 74, ""xfactor_tier_a"": 84, ""xfactor_tier_b"": 76}","{""ofactor"": {""CCS"": 0.020443, ""ICS"": 0.063183, ""LTS"": 0.069815, ""MFS"": 0.109761, ""MQS"": 0.086055, ""MRS"": 0.11838, ""RSS"": 0.065459, ""SRS"": 0.211153, ""TQS"": 0.255751}, ""xfactor"": {""ELQ"": 0.2, ""IOQ"": 0.03, ""LSQ"": 0.06, ""MSS"": 0.06, ""RRQ"": 0.14, ""SIQ"": 0.14, ""SIS"": 0.18, ""TCS"": 0.16, ""TSQ"": 0.03}}","{""BINARY_EVENT_RISK"": true, ""EXCESSIVE_EXTENSION"": true, ""EXCESSIVE_UNCONFIRMED_GAP"": true, ""INSUFFICIENT_LIQUIDITY"": true, ""INSUFFICIENT_MARKET_DEPTH"": true, ""NEAR_OPPOSING_BARRIER"": true, ""NO_STRUCTURAL_STOP"": true, ""NO_VALID_SETUP"": true, ""OFACTOR_BELOW_MINIMUM"": true, ""OPTION_CONTRACT_NOT_TRADABLE"": true, ""OPTION_SPREAD_TOO_WIDE"": true, ""POSITION_SIZE_NOT_FEASIBLE"": true, ""REWARD_RISK_BELOW_MINIMUM"": true, ""SETUP_EXPIRED"": true, ""SETUP_FAILED"": true, ""STALE_MARKET_DATA"": true, ""STOP_TOO_WIDE"": true}",NEXT_VALID_OPEN,BASE_CERTIFIED,UNCONSTRAINED_OPPORTUNITY,ALL_INNER_FOLDS,ALL_PRIMARY_REGIMES,PLANNED,event outcomes; fold/regime summaries; trial ledger
S1O_MIX_03,STAGE1_OFACTOR_SCREENING,CONSTRAINED_MAXIMIN_MIXTURE,"{""diagnostic_ladders"": [""I030"", ""I050"", ""I070"", ""I100"", ""S100_D1_D5"", ""S200_D1_D5"", ""S500_D1_D5"", ""H30_1_2_5"", ""A050"", ""A100"", ""A200"", ""A500"", ""A1000"", ""A_GT1000""], ""entry_mode"": ""NEXT_VALID_OPEN"", ""exit_policy"": ""AUTHORITATIVE_OIIS_EXIT_UNCHANGED"", ""hard_gates"": {""BINARY_EVENT_RISK"": true, ""EXCESSIVE_EXTENSION"": true, ""EXCESSIVE_UNCONFIRMED_GAP"": true, ""INSUFFICIENT_LIQUIDITY"": true, ""INSUFFICIENT_MARKET_DEPTH"": true, ""NEAR_OPPOSING_BARRIER"": true, ""NO_STRUCTURAL_STOP"": true, ""NO_VALID_SETUP"": true, ""OFACTOR_BELOW_MINIMUM"": true, ""OPTION_CONTRACT_NOT_TRADABLE"": true, ""OPTION_SPREAD_TOO_WIDE"": true, ""POSITION_SIZE_NOT_FEASIBLE"": true, ""REWARD_RISK_BELOW_MINIMUM"": true, ""SETUP_EXPIRED"": true, ""SETUP_FAILED"": true, ""STALE_MARKET_DATA"": true, ""STOP_TOO_WIDE"": true}, ""ofactor_min"": 74, ""ofactor_weights"": {""CCS"": 0.070305, ""ICS"": 0.086266, ""LTS"": 0.111124, ""MFS"": 0.256663, ""MQS"": 0.077177, ""MRS"": 0.101141, ""RSS"": 0.090663, ""SRS"": 0.093875, ""TQS"": 0.112787}, ""xfactor_tier_a"": 84, ""xfactor_tier_b"": 76, ""xfactor_weights"": {""ELQ"": 0.2, ""IOQ"": 0.03, ""LSQ"": 0.06, ""MSS"": 0.06, ""RRQ"": 0.14, ""SIQ"": 0.14, ""SIS"": 0.18, ""TCS"": 0.16, ""TSQ"": 0.03}}","{""ofactor_min"": 74, ""xfactor_tier_a"": 84, ""xfactor_tier_b"": 76}","{""ofactor"": {""CCS"": 0.070305, ""ICS"": 0.086266, ""LTS"": 0.111124, ""MFS"": 0.256663, ""MQS"": 0.077177, ""MRS"": 0.101141, ""RSS"": 0.090663, ""SRS"": 0.093875, ""TQS"": 0.112787}, ""xfactor"": {""ELQ"": 0.2, ""IOQ"": 0.03, ""LSQ"": 0.06, ""MSS"": 0.06, ""RRQ"": 0.14, ""SIQ"": 0.14, ""SIS"": 0.18, ""TCS"": 0.16, ""TSQ"": 0.03}}","{""BINARY_EVENT_RISK"": true, ""EXCESSIVE_EXTENSION"": true, ""EXCESSIVE_UNCONFIRMED_GAP"": true, ""INSUFFICIENT_LIQUIDITY"": true, ""INSUFFICIENT_MARKET_DEPTH"": true, ""NEAR_OPPOSING_BARRIER"": true, ""NO_STRUCTURAL_STOP"": true, ""NO_VALID_SETUP"": true, ""OFACTOR_BELOW_MINIMUM"": true, ""OPTION_CONTRACT_NOT_TRADABLE"": true, ""OPTION_SPREAD_TOO_WIDE"": true, ""POSITION_SIZE_NOT_FEASIBLE"": true, ""REWARD_RISK_BELOW_MINIMUM"": true, ""SETUP_EXPIRED"": true, ""SETUP_FAILED"": true, ""STALE_MARKET_DATA"": true, ""STOP_TOO_WIDE"": true}",NEXT_VALID_OPEN,BASE_CERTIFIED,UNCONSTRAINED_OPPORTUNITY,ALL_INNER_FOLDS,ALL_PRIMARY_REGIMES,PLANNED,event outcomes; fold/regime summaries; trial ledger
S1O_MIX_04,STAGE1_OFACTOR_SCREENING,CONSTRAINED_MAXIMIN_MIXTURE,"{""diagnostic_ladders"": [""I030"", ""I050"", ""I070"", ""I100"", ""S100_D1_D5"", ""S200_D1_D5"", ""S500_D1_D5"", ""H30_1_2_5"", ""A050"", ""A100"", ""A200"", ""A500"", ""A1000"", ""A_GT1000""], ""entry_mode"": ""NEXT_VALID_OPEN"", ""exit_policy"": ""AUTHORITATIVE_OIIS_EXIT_UNCHANGED"", ""hard_gates"": {""BINARY_EVENT_RISK"": true, ""EXCESSIVE_EXTENSION"": true, ""EXCESSIVE_UNCONFIRMED_GAP"": true, ""INSUFFICIENT_LIQUIDITY"": true, ""INSUFFICIENT_MARKET_DEPTH"": true, ""NEAR_OPPOSING_BARRIER"": true, ""NO_STRUCTURAL_STOP"": true, ""NO_VALID_SETUP"": true, ""OFACTOR_BELOW_MINIMUM"": true, ""OPTION_CONTRACT_NOT_TRADABLE"": true, ""OPTION_SPREAD_TOO_WIDE"": true, ""POSITION_SIZE_NOT_FEASIBLE"": true, ""REWARD_RISK_BELOW_MINIMUM"": true, ""SETUP_EXPIRED"": true, ""SETUP_FAILED"": true, ""STALE_MARKET_DATA"": true, ""STOP_TOO_WIDE"": true}, ""ofactor_min"": 74, ""ofactor_weights"": {""CCS"": 0.024609, ""ICS"": 0.143818, ""LTS"": 0.046884, ""MFS"": 0.261117, ""MQS"": 0.068907, ""MRS"": 0.060937, ""RSS"": 0.153709, ""SRS"": 0.101815, ""TQS"": 0.138203}, ""xfactor_tier_a"": 84, ""xfactor_tier_b"": 76, ""xfactor_weights"": {""ELQ"": 0.2, ""IOQ"": 0.03, ""LSQ"": 0.06, ""MSS"": 0.06, ""RRQ"": 0.14, ""SIQ"": 0.14, ""SIS"": 0.18, ""TCS"": 0.16, ""TSQ"": 0.03}}","{""ofactor_min"": 74, ""xfactor_tier_a"": 84, ""xfactor_tier_b"": 76}","{""ofactor"": {""CCS"": 0.024609, ""ICS"": 0.143818, ""LTS"": 0.046884, ""MFS"": 0.261117, ""MQS"": 0.068907, ""MRS"": 0.060937, ""RSS"": 0.153709, ""SRS"": 0.101815, ""TQS"": 0.138203}, ""xfactor"": {""ELQ"": 0.2, ""IOQ"": 0.03, ""LSQ"": 0.06, ""MSS"": 0.06, ""RRQ"": 0.14, ""SIQ"": 0.14, ""SIS"": 0.18, ""TCS"": 0.16, ""TSQ"": 0.03}}","{""BINARY_EVENT_RISK"": true, ""EXCESSIVE_EXTENSION"": true, ""EXCESSIVE_UNCONFIRMED_GAP"": true, ""INSUFFICIENT_LIQUIDITY"": true, ""INSUFFICIENT_MARKET_DEPTH"": true, ""NEAR_OPPOSING_BARRIER"": true, ""NO_STRUCTURAL_STOP"": true, ""NO_VALID_SETUP"": true, ""OFACTOR_BELOW_MINIMUM"": true, ""OPTION_CONTRACT_NOT_TRADABLE"": true, ""OPTION_SPREAD_TOO_WIDE"": true, ""POSITION_SIZE_NOT_FEASIBLE"": true, ""REWARD_RISK_BELOW_MINIMUM"": true, ""SETUP_EXPIRED"": true, ""SETUP_FAILED"": true, ""STALE_MARKET_DATA"": true, ""STOP_TOO_WIDE"": true}",NEXT_VALID_OPEN,BASE_CERTIFIED,UNCONSTRAINED_OPPORTUNITY,ALL_INNER_FOLDS,ALL_PRIMARY_REGIMES,PLANNED,event outcomes; fold/regime summaries; trial ledger
S1O_MIX_05,STAGE1_OFACTOR_SCREENING,CONSTRAINED_MAXIMIN_MIXTURE,"{""diagnostic_ladders"": [""I030"", ""I050"", ""I070"", ""I100"", ""S100_D1_D5"", ""S200_D1_D5"", ""S500_D1_D5"", ""H30_1_2_5"", ""A050"", ""A100"", ""A200"", ""A500"", ""A1000"", ""A_GT1000""], ""entry_mode"": ""NEXT_VALID_OPEN"", ""exit_policy"": ""AUTHORITATIVE_OIIS_EXIT_UNCHANGED"", ""hard_gates"": {""BINARY_EVENT_RISK"": true, ""EXCESSIVE_EXTENSION"": true, ""EXCESSIVE_UNCONFIRMED_GAP"": true, ""INSUFFICIENT_LIQUIDITY"": true, ""INSUFFICIENT_MARKET_DEPTH"": true, ""NEAR_OPPOSING_BARRIER"": true, ""NO_STRUCTURAL_STOP"": true, ""NO_VALID_SETUP"": true, ""OFACTOR_BELOW_MINIMUM"": true, ""OPTION_CONTRACT_NOT_TRADABLE"": true, ""OPTION_SPREAD_TOO_WIDE"": true, ""POSITION_SIZE_NOT_FEASIBLE"": true, ""REWARD_RISK_BELOW_MINIMUM"": true, ""SETUP_EXPIRED"": true, ""SETUP_FAILED"": true, ""STALE_MARKET_DATA"": true, ""STOP_TOO_WIDE"": true}, ""ofactor_min"": 74, ""ofactor_weights"": {""CCS"": 0.037873, ""ICS"": 0.062204, ""LTS"": 0.034697, ""MFS"": 0.105686, ""MQS"": 0.203283, ""MRS"": 0.048256, ""RSS"": 0.148873, ""SRS"": 0.097774, ""TQS"": 0.261354}, ""xfactor_tier_a"": 84, ""xfactor_tier_b"": 76, ""xfactor_weights"": {""ELQ"": 0.2, ""IOQ"": 0.03, ""LSQ"": 0.06, ""MSS"": 0.06, ""RRQ"": 0.14, ""SIQ"": 0.14, ""SIS"": 0.18, ""TCS"": 0.16, ""TSQ"": 0.03}}","{""ofactor_min"": 74, ""xfactor_tier_a"": 84, ""xfactor_tier_b"": 76}","{""ofactor"": {""CCS"": 0.037873, ""ICS"": 0.062204, ""LTS"": 0.034697, ""MFS"": 0.105686, ""MQS"": 0.203283, ""MRS"": 0.048256, ""RSS"": 0.148873, ""SRS"": 0.097774, ""TQS"": 0.261354}, ""xfactor"": {""ELQ"": 0.2, ""IOQ"": 0.03, ""LSQ"": 0.06, ""MSS"": 0.06, ""RRQ"": 0.14, ""SIQ"": 0.14, ""SIS"": 0.18, ""TCS"": 0.16, ""TSQ"": 0.03}}","{""BINARY_EVENT_RISK"": true, ""EXCESSIVE_EXTENSION"": true, ""EXCESSIVE_UNCONFIRMED_GAP"": true, ""INSUFFICIENT_LIQUIDITY"": true, ""INSUFFICIENT_MARKET_DEPTH"": true, ""NEAR_OPPOSING_BARRIER"": true, ""NO_STRUCTURAL_STOP"": true, ""NO_VALID_SETUP"": true, ""OFACTOR_BELOW_MINIMUM"": true, ""OPTION_CONTRACT_NOT_TRADABLE"": true, ""OPTION_SPREAD_TOO_WIDE"": true, ""POSITION_SIZE_NOT_FEASIBLE"": true, ""REWARD_RISK_BELOW_MINIMUM"": true, ""SETUP_EXPIRED"": true, ""SETUP_FAILED"": true, ""STALE_MARKET_DATA"": true, ""STOP_TOO_WIDE"": true}",NEXT_VALID_OPEN,BASE_CERTIFIED,UNCONSTRAINED_OPPORTUNITY,ALL_INNER_FOLDS,ALL_PRIMARY_REGIMES,PLANNED,event outcomes; fold/regime summaries; trial ledger
S1O_MIX_06,STAGE1_OFACTOR_SCREENING,CONSTRAINED_MAXIMIN_MIXTURE,"{""diagnostic_ladders"": [""I030"", ""I050"", ""I070"", ""I100"", ""S100_D1_D5"", ""S200_D1_D5"", ""S500_D1_D5"", ""H30_1_2_5"", ""A050"", ""A100"", ""A200"", ""A500"", ""A1000"", ""A_GT1000""], ""entry_mode"": ""NEXT_VALID_OPEN"", ""exit_policy"": ""AUTHORITATIVE_OIIS_EXIT_UNCHANGED"", ""hard_gates"": {""BINARY_EVENT_RISK"": true, ""EXCESSIVE_EXTENSION"": true, ""EXCESSIVE_UNCONFIRMED_GAP"": true, ""INSUFFICIENT_LIQUIDITY"": true, ""INSUFFICIENT_MARKET_DEPTH"": true, ""NEAR_OPPOSING_BARRIER"": true, ""NO_STRUCTURAL_STOP"": true, ""NO_VALID_SETUP"": true, ""OFACTOR_BELOW_MINIMUM"": true, ""OPTION_CONTRACT_NOT_TRADABLE"": true, ""OPTION_SPREAD_TOO_WIDE"": true, ""POSITION_SIZE_NOT_FEASIBLE"": true, ""REWARD_RISK_BELOW_MINIMUM"": true, ""SETUP_EXPIRED"": true, ""SETUP_FAILED"": true, ""STALE_MARKET_DATA"": true, ""STOP_TOO_WIDE"": true}, ""ofactor_min"": 74, ""ofactor_weights"": {""CCS"": 0.050177, ""ICS"": 0.166123, ""LTS"": 0.067194, ""MFS"": 0.116699, ""MQS"": 0.074705, ""MRS"": 0.07111, ""RSS"": 0.062438, ""SRS"": 0.090044, ""TQS"": 0.30151}, ""xfactor_tier_a"": 84, ""xfactor_tier_b"": 76, ""xfactor_weights"": {""ELQ"": 0.2, ""IOQ"": 0.03, ""LSQ"": 0.06, ""MSS"": 0.06, ""RRQ"": 0.14, ""SIQ"": 0.14, ""SIS"": 0.18, ""TCS"": 0.16, ""TSQ"": 0.03}}","{""ofactor_min"": 74, ""xfactor_tier_a"": 84, ""xfactor_tier_b"": 76}","{""ofactor"": {""CCS"": 0.050177, ""ICS"": 0.166123, ""LTS"": 0.067194, ""MFS"": 0.116699, ""MQS"": 0.074705, ""MRS"": 0.07111, ""RSS"": 0.062438, ""SRS"": 0.090044, ""TQS"": 0.30151}, ""xfactor"": {""ELQ"": 0.2, ""IOQ"": 0.03, ""LSQ"": 0.06, ""MSS"": 0.06, ""RRQ"": 0.14, ""SIQ"": 0.14, ""SIS"": 0.18, ""TCS"": 0.16, ""TSQ"": 0.03}}","{""BINARY_EVENT_RISK"": true, ""EXCESSIVE_EXTENSION"": true, ""EXCESSIVE_UNCONFIRMED_GAP"": true, ""INSUFFICIENT_LIQUIDITY"": true, ""INSUFFICIENT_MARKET_DEPTH"": true, ""NEAR_OPPOSING_BARRIER"": true, ""NO_STRUCTURAL_STOP"": true, ""NO_VALID_SETUP"": true, ""OFACTOR_BELOW_MINIMUM"": true, ""OPTION_CONTRACT_NOT_TRADABLE"": true, ""OPTION_SPREAD_TOO_WIDE"": true, ""POSITION_SIZE_NOT_FEASIBLE"": true, ""REWARD_RISK_BELOW_MINIMUM"": true, ""SETUP_EXPIRED"": true, ""SETUP_FAILED"": true, ""STALE_MARKET_DATA"": true, ""STOP_TOO_WIDE"": true}",NEXT_VALID_OPEN,BASE_CERTIFIED,UNCONSTRAINED_OPPORTUNITY,ALL_INNER_FOLDS,ALL_PRIMARY_REGIMES,PLANNED,event outcomes; fold/regime summaries; trial ledger
S1O_MIX_07,STAGE1_OFACTOR_SCREENING,CONSTRAINED_MAXIMIN_MIXTURE,"{""diagnostic_ladders"": [""I030"", ""I050"", ""I070"", ""I100"", ""S100_D1_D5"", ""S200_D1_D5"", ""S500_D1_D5"", ""H30_1_2_5"", ""A050"", ""A100"", ""A200"", ""A500"", ""A1000"", ""A_GT1000""], ""entry_mode"": ""NEXT_VALID_OPEN"", ""exit_policy"": ""AUTHORITATIVE_OIIS_EXIT_UNCHANGED"", ""hard_gates"": {""BINARY_EVENT_RISK"": true, ""EXCESSIVE_EXTENSION"": true, ""EXCESSIVE_UNCONFIRMED_GAP"": true, ""INSUFFICIENT_LIQUIDITY"": true, ""INSUFFICIENT_MARKET_DEPTH"": true, ""NEAR_OPPOSING_BARRIER"": true, ""NO_STRUCTURAL_STOP"": true, ""NO_VALID_SETUP"": true, ""OFACTOR_BELOW_MINIMUM"": true, ""OPTION_CONTRACT_NOT_TRADABLE"": true, ""OPTION_SPREAD_TOO_WIDE"": true, ""POSITION_SIZE_NOT_FEASIBLE"": true, ""REWARD_RISK_BELOW_MINIMUM"": true, ""SETUP_EXPIRED"": true, ""SETUP_FAILED"": true, ""STALE_MARKET_DATA"": true, ""STOP_TOO_WIDE"": true}, ""ofactor_min"": 74, ""ofactor_weights"": {""CCS"": 0.054001, ""ICS"": 0.068165, ""LTS"": 0.03545, ""MFS"": 0.251919, ""MQS"": 0.168132, ""MRS"": 0.116782, ""RSS"": 0.0563, ""SRS"": 0.071759, ""TQS"": 0.177492}, ""xfactor_tier_a"": 84, ""xfactor_tier_b"": 76, ""xfactor_weights"": {""ELQ"": 0.2, ""IOQ"": 0.03, ""LSQ"": 0.06, ""MSS"": 0.06, ""RRQ"": 0.14, ""SIQ"": 0.14, ""SIS"": 0.18, ""TCS"": 0.16, ""TSQ"": 0.03}}","{""ofactor_min"": 74, ""xfactor_tier_a"": 84, ""xfactor_tier_b"": 76}","{""ofactor"": {""CCS"": 0.054001, ""ICS"": 0.068165, ""LTS"": 0.03545, ""MFS"": 0.251919, ""MQS"": 0.168132, ""MRS"": 0.116782, ""RSS"": 0.0563, ""SRS"": 0.071759, ""TQS"": 0.177492}, ""xfactor"": {""ELQ"": 0.2, ""IOQ"": 0.03, ""LSQ"": 0.06, ""MSS"": 0.06, ""RRQ"": 0.14, ""SIQ"": 0.14, ""SIS"": 0.18, ""TCS"": 0.16, ""TSQ"": 0.03}}","{""BINARY_EVENT_RISK"": true, ""EXCESSIVE_EXTENSION"": true, ""EXCESSIVE_UNCONFIRMED_GAP"": true, ""INSUFFICIENT_LIQUIDITY"": true, ""INSUFFICIENT_MARKET_DEPTH"": true, ""NEAR_OPPOSING_BARRIER"": true, ""NO_STRUCTURAL_STOP"": true, ""NO_VALID_SETUP"": true, ""OFACTOR_BELOW_MINIMUM"": true, ""OPTION_CONTRACT_NOT_TRADABLE"": true, ""OPTION_SPREAD_TOO_WIDE"": true, ""POSITION_SIZE_NOT_FEASIBLE"": true, ""REWARD_RISK_BELOW_MINIMUM"": true, ""SETUP_EXPIRED"": true, ""SETUP_FAILED"": true, ""STALE_MARKET_DATA"": true, ""STOP_TOO_WIDE"": true}",NEXT_VALID_OPEN,BASE_CERTIFIED,UNCONSTRAINED_OPPORTUNITY,ALL_INNER_FOLDS,ALL_PRIMARY_REGIMES,PLANNED,event outcomes; fold/regime summaries; trial ledger
S1O_MIX_08,STAGE1_OFACTOR_SCREENING,CONSTRAINED_MAXIMIN_MIXTURE,"{""diagnostic_ladders"": [""I030"", ""I050"", ""I070"", ""I100"", ""S100_D1_D5"", ""S200_D1_D5"", ""S500_D1_D5"", ""H30_1_2_5"", ""A050"", ""A100"", ""A200"", ""A500"", ""A1000"", ""A_GT1000""], ""entry_mode"": ""NEXT_VALID_OPEN"", ""exit_policy"": ""AUTHORITATIVE_OIIS_EXIT_UNCHANGED"", ""hard_gates"": {""BINARY_EVENT_RISK"": true, ""EXCESSIVE_EXTENSION"": true, ""EXCESSIVE_UNCONFIRMED_GAP"": true, ""INSUFFICIENT_LIQUIDITY"": true, ""INSUFFICIENT_MARKET_DEPTH"": true, ""NEAR_OPPOSING_BARRIER"": true, ""NO_STRUCTURAL_STOP"": true, ""NO_VALID_SETUP"": true, ""OFACTOR_BELOW_MINIMUM"": true, ""OPTION_CONTRACT_NOT_TRADABLE"": true, ""OPTION_SPREAD_TOO_WIDE"": true, ""POSITION_SIZE_NOT_FEASIBLE"": true, ""REWARD_RISK_BELOW_MINIMUM"": true, ""SETUP_EXPIRED"": true, ""SETUP_FAILED"": true, ""STALE_MARKET_DATA"": true, ""STOP_TOO_WIDE"": true}, ""ofactor_min"": 74, ""ofactor_weights"": {""CCS"": 0.064562, ""ICS"": 0.096938, ""LTS"": 0.052218, ""MFS"": 0.110956, ""MQS"": 0.09679, ""MRS"": 0.061047, ""RSS"": 0.16548, ""SRS"": 0.217599, ""TQS"": 0.13441}, ""xfactor_tier_a"": 84, ""xfactor_tier_b"": 76, ""xfactor_weights"": {""ELQ"": 0.2, ""IOQ"": 0.03, ""LSQ"": 0.06, ""MSS"": 0.06, ""RRQ"": 0.14, ""SIQ"": 0.14, ""SIS"": 0.18, ""TCS"": 0.16, ""TSQ"": 0.03}}","{""ofactor_min"": 74, ""xfactor_tier_a"": 84, ""xfactor_tier_b"": 76}","{""ofactor"": {""CCS"": 0.064562, ""ICS"": 0.096938, ""LTS"": 0.052218, ""MFS"": 0.110956, ""MQS"": 0.09679, ""MRS"": 0.061047, ""RSS"": 0.16548, ""SRS"": 0.217599, ""TQS"": 0.13441}, ""xfactor"": {""ELQ"": 0.2, ""IOQ"": 0.03, ""LSQ"": 0.06, ""MSS"": 0.06, ""RRQ"": 0.14, ""SIQ"": 0.14, ""SIS"": 0.18, ""TCS"": 0.16, ""TSQ"": 0.03}}","{""BINARY_EVENT_RISK"": true, ""EXCESSIVE_EXTENSION"": true, ""EXCESSIVE_UNCONFIRMED_GAP"": true, ""INSUFFICIENT_LIQUIDITY"": true, ""INSUFFICIENT_MARKET_DEPTH"": true, ""NEAR_OPPOSING_BARRIER"": true, ""NO_STRUCTURAL_STOP"": true, ""NO_VALID_SETUP"": true, ""OFACTOR_BELOW_MINIMUM"": true, ""OPTION_CONTRACT_NOT_TRADABLE"": true, ""OPTION_SPREAD_TOO_WIDE"": true, ""POSITION_SIZE_NOT_FEASIBLE"": true, ""REWARD_RISK_BELOW_MINIMUM"": true, ""SETUP_EXPIRED"": true, ""SETUP_FAILED"": true, ""STALE_MARKET_DATA"": true, ""STOP_TOO_WIDE"": true}",NEXT_VALID_OPEN,BASE_CERTIFIED,UNCONSTRAINED_OPPORTUNITY,ALL_INNER_FOLDS,ALL_PRIMARY_REGIMES,PLANNED,event outcomes; fold/regime summaries; trial ledger
S1O_MIX_09,STAGE1_OFACTOR_SCREENING,CONSTRAINED_MAXIMIN_MIXTURE,"{""diagnostic_ladders"": [""I030"", ""I050"", ""I070"", ""I100"", ""S100_D1_D5"", ""S200_D1_D5"", ""S500_D1_D5"", ""H30_1_2_5"", ""A050"", ""A100"", ""A200"", ""A500"", ""A1000"", ""A_GT1000""], ""entry_mode"": ""NEXT_VALID_OPEN"", ""exit_policy"": ""AUTHORITATIVE_OIIS_EXIT_UNCHANGED"", ""hard_gates"": {""BINARY_EVENT_RISK"": true, ""EXCESSIVE_EXTENSION"": true, ""EXCESSIVE_UNCONFIRMED_GAP"": true, ""INSUFFICIENT_LIQUIDITY"": true, ""INSUFFICIENT_MARKET_DEPTH"": true, ""NEAR_OPPOSING_BARRIER"": true, ""NO_STRUCTURAL_STOP"": true, ""NO_VALID_SETUP"": true, ""OFACTOR_BELOW_MINIMUM"": true, ""OPTION_CONTRACT_NOT_TRADABLE"": true, ""OPTION_SPREAD_TOO_WIDE"": true, ""POSITION_SIZE_NOT_FEASIBLE"": true, ""REWARD_RISK_BELOW_MINIMUM"": true, ""SETUP_EXPIRED"": true, ""SETUP_FAILED"": true, ""STALE_MARKET_DATA"": true, ""STOP_TOO_WIDE"": true}, ""ofactor_min"": 74, ""ofactor_weights"": {""CCS"": 0.022029, ""ICS"": 0.131558, ""LTS"": 0.041659, ""MFS"": 0.143532, ""MQS"": 0.188486, ""MRS"": 0.057335, ""RSS"": 0.063867, ""SRS"": 0.22117, ""TQS"": 0.130363}, ""xfactor_tier_a"": 84, ""xfactor_tier_b"": 76, ""xfactor_weights"": {""ELQ"": 0.2, ""IOQ"": 0.03, ""LSQ"": 0.06, ""MSS"": 0.06, ""RRQ"": 0.14, ""SIQ"": 0.14, ""SIS"": 0.18, ""TCS"": 0.16, ""TSQ"": 0.03}}","{""ofactor_min"": 74, ""xfactor_tier_a"": 84, ""xfactor_tier_b"": 76}","{""ofactor"": {""CCS"": 0.022029, ""ICS"": 0.131558, ""LTS"": 0.041659, ""MFS"": 0.143532, ""MQS"": 0.188486, ""MRS"": 0.057335, ""RSS"": 0.063867, ""SRS"": 0.22117, ""TQS"": 0.130363}, ""xfactor"": {""ELQ"": 0.2, ""IOQ"": 0.03, ""LSQ"": 0.06, ""MSS"": 0.06, ""RRQ"": 0.14, ""SIQ"": 0.14, ""SIS"": 0.18, ""TCS"": 0.16, ""TSQ"": 0.03}}","{""BINARY_EVENT_RISK"": true, ""EXCESSIVE_EXTENSION"": true, ""EXCESSIVE_UNCONFIRMED_GAP"": true, ""INSUFFICIENT_LIQUIDITY"": true, ""INSUFFICIENT_MARKET_DEPTH"": true, ""NEAR_OPPOSING_BARRIER"": true, ""NO_STRUCTURAL_STOP"": true, ""NO_VALID_SETUP"": true, ""OFACTOR_BELOW_MINIMUM"": true, ""OPTION_CONTRACT_NOT_TRADABLE"": true, ""OPTION_SPREAD_TOO_WIDE"": true, ""POSITION_SIZE_NOT_FEASIBLE"": true, ""REWARD_RISK_BELOW_MINIMUM"": true, ""SETUP_EXPIRED"": true, ""SETUP_FAILED"": true, ""STALE_MARKET_DATA"": true, ""STOP_TOO_WIDE"": true}",NEXT_VALID_OPEN,BASE_CERTIFIED,UNCONSTRAINED_OPPORTUNITY,ALL_INNER_FOLDS,ALL_PRIMARY_REGIMES,PLANNED,event outcomes; fold/regime summaries; trial ledger
S1O_MIX_10,STAGE1_OFACTOR_SCREENING,CONSTRAINED_MAXIMIN_MIXTURE,"{""diagnostic_ladders"": [""I030"", ""I050"", ""I070"", ""I100"", ""S100_D1_D5"", ""S200_D1_D5"", ""S500_D1_D5"", ""H30_1_2_5"", ""A050"", ""A100"", ""A200"", ""A500"", ""A1000"", ""A_GT1000""], ""entry_mode"": ""NEXT_VALID_OPEN"", ""exit_policy"": ""AUTHORITATIVE_OIIS_EXIT_UNCHANGED"", ""hard_gates"": {""BINARY_EVENT_RISK"": true, ""EXCESSIVE_EXTENSION"": true, ""EXCESSIVE_UNCONFIRMED_GAP"": true, ""INSUFFICIENT_LIQUIDITY"": true, ""INSUFFICIENT_MARKET_DEPTH"": true, ""NEAR_OPPOSING_BARRIER"": true, ""NO_STRUCTURAL_STOP"": true, ""NO_VALID_SETUP"": true, ""OFACTOR_BELOW_MINIMUM"": true, ""OPTION_CONTRACT_NOT_TRADABLE"": true, ""OPTION_SPREAD_TOO_WIDE"": true, ""POSITION_SIZE_NOT_FEASIBLE"": true, ""REWARD_RISK_BELOW_MINIMUM"": true, ""SETUP_EXPIRED"": true, ""SETUP_FAILED"": true, ""STALE_MARKET_DATA"": true, ""STOP_TOO_WIDE"": true}, ""ofactor_min"": 74, ""ofactor_weights"": {""CCS"": 0.036453, ""ICS"": 0.08185, ""LTS"": 0.116724, ""MFS"": 0.124033, ""MQS"": 0.082172, ""MRS"": 0.065756, ""RSS"": 0.13961, ""SRS"": 0.110424, ""TQS"": 0.242979}, ""xfactor_tier_a"": 84, ""xfactor_tier_b"": 76, ""xfactor_weights"": {""ELQ"": 0.2, ""IOQ"": 0.03, ""LSQ"": 0.06, ""MSS"": 0.06, ""RRQ"": 0.14, ""SIQ"": 0.14, ""SIS"": 0.18, ""TCS"": 0.16, ""TSQ"": 0.03}}","{""ofactor_min"": 74, ""xfactor_tier_a"": 84, ""xfactor_tier_b"": 76}","{""ofactor"": {""CCS"": 0.036453, ""ICS"": 0.08185, ""LTS"": 0.116724, ""MFS"": 0.124033, ""MQS"": 0.082172, ""MRS"": 0.065756, ""RSS"": 0.13961, ""SRS"": 0.110424, ""TQS"": 0.242979}, ""xfactor"": {""ELQ"": 0.2, ""IOQ"": 0.03, ""LSQ"": 0.06, ""MSS"": 0.06, ""RRQ"": 0.14, ""SIQ"": 0.14, ""SIS"": 0.18, ""TCS"": 0.16, ""TSQ"": 0.03}}","{""BINARY_EVENT_RISK"": true, ""EXCESSIVE_EXTENSION"": true, ""EXCESSIVE_UNCONFIRMED_GAP"": true, ""INSUFFICIENT_LIQUIDITY"": true, ""INSUFFICIENT_MARKET_DEPTH"": true, ""NEAR_OPPOSING_BARRIER"": true, ""NO_STRUCTURAL_STOP"": true, ""NO_VALID_SETUP"": true, ""OFACTOR_BELOW_MINIMUM"": true, ""OPTION_CONTRACT_NOT_TRADABLE"": true, ""OPTION_SPREAD_TOO_WIDE"": true, ""POSITION_SIZE_NOT_FEASIBLE"": true, ""REWARD_RISK_BELOW_MINIMUM"": true, ""SETUP_EXPIRED"": true, ""SETUP_FAILED"": true, ""STALE_MARKET_DATA"": true, ""STOP_TOO_WIDE"": true}",NEXT_VALID_OPEN,BASE_CERTIFIED,UNCONSTRAINED_OPPORTUNITY,ALL_INNER_FOLDS,ALL_PRIMARY_REGIMES,PLANNED,event outcomes; fold/regime summaries; trial ledger
S1O_MIX_11,STAGE1_OFACTOR_SCREENING,CONSTRAINED_MAXIMIN_MIXTURE,"{""diagnostic_ladders"": [""I030"", ""I050"", ""I070"", ""I100"", ""S100_D1_D5"", ""S200_D1_D5"", ""S500_D1_D5"", ""H30_1_2_5"", ""A050"", ""A100"", ""A200"", ""A500"", ""A1000"", ""A_GT1000""], ""entry_mode"": ""NEXT_VALID_OPEN"", ""exit_policy"": ""AUTHORITATIVE_OIIS_EXIT_UNCHANGED"", ""hard_gates"": {""BINARY_EVENT_RISK"": true, ""EXCESSIVE_EXTENSION"": true, ""EXCESSIVE_UNCONFIRMED_GAP"": true, ""INSUFFICIENT_LIQUIDITY"": true, ""INSUFFICIENT_MARKET_DEPTH"": true, ""NEAR_OPPOSING_BARRIER"": true, ""NO_STRUCTURAL_STOP"": true, ""NO_VALID_SETUP"": true, ""OFACTOR_BELOW_MINIMUM"": true, ""OPTION_CONTRACT_NOT_TRADABLE"": true, ""OPTION_SPREAD_TOO_WIDE"": true, ""POSITION_SIZE_NOT_FEASIBLE"": true, ""REWARD_RISK_BELOW_MINIMUM"": true, ""SETUP_EXPIRED"": true, ""SETUP_FAILED"": true, ""STALE_MARKET_DATA"": true, ""STOP_TOO_WIDE"": true}, ""ofactor_min"": 74, ""ofactor_weights"": {""CCS"": 0.070572, ""ICS"": 0.06512, ""LTS"": 0.094171, ""MFS"": 0.150552, ""MQS"": 0.231712, ""MRS"": 0.052174, ""RSS"": 0.106229, ""SRS"": 0.109636, ""TQS"": 0.119834}, ""xfactor_tier_a"": 84, ""xfactor_tier_b"": 76, ""xfactor_weights"": {""ELQ"": 0.2, ""IOQ"": 0.03, ""LSQ"": 0.06, ""MSS"": 0.06, ""RRQ"": 0.14, ""SIQ"": 0.14, ""SIS"": 0.18, ""TCS"": 0.16, ""TSQ"": 0.03}}","{""ofactor_min"": 74, ""xfactor_tier_a"": 84, ""xfactor_tier_b"": 76}","{""ofactor"": {""CCS"": 0.070572, ""ICS"": 0.06512, ""LTS"": 0.094171, ""MFS"": 0.150552, ""MQS"": 0.231712, ""MRS"": 0.052174, ""RSS"": 0.106229, ""SRS"": 0.109636, ""TQS"": 0.119834}, ""xfactor"": {""ELQ"": 0.2, ""IOQ"": 0.03, ""LSQ"": 0.06, ""MSS"": 0.06, ""RRQ"": 0.14, ""SIQ"": 0.14, ""SIS"": 0.18, ""TCS"": 0.16, ""TSQ"": 0.03}}","{""BINARY_EVENT_RISK"": true, ""EXCESSIVE_EXTENSION"": true, ""EXCESSIVE_UNCONFIRMED_GAP"": true, ""INSUFFICIENT_LIQUIDITY"": true, ""INSUFFICIENT_MARKET_DEPTH"": true, ""NEAR_OPPOSING_BARRIER"": true, ""NO_STRUCTURAL_STOP"": true, ""NO_VALID_SETUP"": true, ""OFACTOR_BELOW_MINIMUM"": true, ""OPTION_CONTRACT_NOT_TRADABLE"": true, ""OPTION_SPREAD_TOO_WIDE"": true, ""POSITION_SIZE_NOT_FEASIBLE"": true, ""REWARD_RISK_BELOW_MINIMUM"": true, ""SETUP_EXPIRED"": true, ""SETUP_FAILED"": true, ""STALE_MARKET_DATA"": true, ""STOP_TOO_WIDE"": true}",NEXT_VALID_OPEN,BASE_CERTIFIED,UNCONSTRAINED_OPPORTUNITY,ALL_INNER_FOLDS,ALL_PRIMARY_REGIMES,PLANNED,event outcomes; fold/regime summaries; trial ledger
S1O_MIX_12,STAGE1_OFACTOR_SCREENING,CONSTRAINED_MAXIMIN_MIXTURE,"{""diagnostic_ladders"": [""I030"", ""I050"", ""I070"", ""I100"", ""S100_D1_D5"", ""S200_D1_D5"", ""S500_D1_D5"", ""H30_1_2_5"", ""A050"", ""A100"", ""A200"", ""A500"", ""A1000"", ""A_GT1000""], ""entry_mode"": ""NEXT_VALID_OPEN"", ""exit_policy"": ""AUTHORITATIVE_OIIS_EXIT_UNCHANGED"", ""hard_gates"": {""BINARY_EVENT_RISK"": true, ""EXCESSIVE_EXTENSION"": true, ""EXCESSIVE_UNCONFIRMED_GAP"": true, ""INSUFFICIENT_LIQUIDITY"": true, ""INSUFFICIENT_MARKET_DEPTH"": true, ""NEAR_OPPOSING_BARRIER"": true, ""NO_STRUCTURAL_STOP"": true, ""NO_VALID_SETUP"": true, ""OFACTOR_BELOW_MINIMUM"": true, ""OPTION_CONTRACT_NOT_TRADABLE"": true, ""OPTION_SPREAD_TOO_WIDE"": true, ""POSITION_SIZE_NOT_FEASIBLE"": true, ""REWARD_RISK_BELOW_MINIMUM"": true, ""SETUP_EXPIRED"": true, ""SETUP_FAILED"": true, ""STALE_MARKET_DATA"": true, ""STOP_TOO_WIDE"": true}, ""ofactor_min"": 74, ""ofactor_weights"": {""CCS"": 0.032692, ""ICS"": 0.170422, ""LTS"": 0.090664, ""MFS"": 0.111521, ""MQS"": 0.105735, ""MRS"": 0.130219, ""RSS"": 0.097906, ""SRS"": 0.135514, ""TQS"": 0.125328}, ""xfactor_tier_a"": 84, ""xfactor_tier_b"": 76, ""xfactor_weights"": {""ELQ"": 0.2, ""IOQ"": 0.03, ""LSQ"": 0.06, ""MSS"": 0.06, ""RRQ"": 0.14, ""SIQ"": 0.14, ""SIS"": 0.18, ""TCS"": 0.16, ""TSQ"": 0.03}}","{""ofactor_min"": 74, ""xfactor_tier_a"": 84, ""xfactor_tier_b"": 76}","{""ofactor"": {""CCS"": 0.032692, ""ICS"": 0.170422, ""LTS"": 0.090664, ""MFS"": 0.111521, ""MQS"": 0.105735, ""MRS"": 0.130219, ""RSS"": 0.097906, ""SRS"": 0.135514, ""TQS"": 0.125328}, ""xfactor"": {""ELQ"": 0.2, ""IOQ"": 0.03, ""LSQ"": 0.06, ""MSS"": 0.06, ""RRQ"": 0.14, ""SIQ"": 0.14, ""SIS"": 0.18, ""TCS"": 0.16, ""TSQ"": 0.03}}","{""BINARY_EVENT_RISK"": true, ""EXCESSIVE_EXTENSION"": true, ""EXCESSIVE_UNCONFIRMED_GAP"": true, ""INSUFFICIENT_LIQUIDITY"": true, ""INSUFFICIENT_MARKET_DEPTH"": true, ""NEAR_OPPOSING_BARRIER"": true, ""NO_STRUCTURAL_STOP"": true, ""NO_VALID_SETUP"": true, ""OFACTOR_BELOW_MINIMUM"": true, ""OPTION_CONTRACT_NOT_TRADABLE"": true, ""OPTION_SPREAD_TOO_WIDE"": true, ""POSITION_SIZE_NOT_FEASIBLE"": true, ""REWARD_RISK_BELOW_MINIMUM"": true, ""SETUP_EXPIRED"": true, ""SETUP_FAILED"": true, ""STALE_MARKET_DATA"": true, ""STOP_TOO_WIDE"": true}",NEXT_VALID_OPEN,BASE_CERTIFIED,UNCONSTRAINED_OPPORTUNITY,ALL_INNER_FOLDS,ALL_PRIMARY_REGIMES,PLANNED,event outcomes; fold/regime summaries; trial ledger
S1O_MIX_13,STAGE1_OFACTOR_SCREENING,CONSTRAINED_MAXIMIN_MIXTURE,"{""diagnostic_ladders"": [""I030"", ""I050"", ""I070"", ""I100"", ""S100_D1_D5"", ""S200_D1_D5"", ""S500_D1_D5"", ""H30_1_2_5"", ""A050"", ""A100"", ""A200"", ""A500"", ""A1000"", ""A_GT1000""], ""entry_mode"": ""NEXT_VALID_OPEN"", ""exit_policy"": ""AUTHORITATIVE_OIIS_EXIT_UNCHANGED"", ""hard_gates"": {""BINARY_EVENT_RISK"": true, ""EXCESSIVE_EXTENSION"": true, ""EXCESSIVE_UNCONFIRMED_GAP"": true, ""INSUFFICIENT_LIQUIDITY"": true, ""INSUFFICIENT_MARKET_DEPTH"": true, ""NEAR_OPPOSING_BARRIER"": true, ""NO_STRUCTURAL_STOP"": true, ""NO_VALID_SETUP"": true, ""OFACTOR_BELOW_MINIMUM"": true, ""OPTION_CONTRACT_NOT_TRADABLE"": true, ""OPTION_SPREAD_TOO_WIDE"": true, ""POSITION_SIZE_NOT_FEASIBLE"": true, ""REWARD_RISK_BELOW_MINIMUM"": true, ""SETUP_EXPIRED"": true, ""SETUP_FAILED"": true, ""STALE_MARKET_DATA"": true, ""STOP_TOO_WIDE"": true}, ""ofactor_min"": 74, ""ofactor_weights"": {""CCS"": 0.045103, ""ICS"": 0.108214, ""LTS"": 0.03885, ""MFS"": 0.115639, ""MQS"": 0.073584, ""MRS"": 0.128903, ""RSS"": 0.159355, ""SRS"": 0.082101, ""TQS"": 0.248252}, ""xfactor_tier_a"": 84, ""xfactor_tier_b"": 76, ""xfactor_weights"": {""ELQ"": 0.2, ""IOQ"": 0.03, ""LSQ"": 0.06, ""MSS"": 0.06, ""RRQ"": 0.14, ""SIQ"": 0.14, ""SIS"": 0.18, ""TCS"": 0.16, ""TSQ"": 0.03}}","{""ofactor_min"": 74, ""xfactor_tier_a"": 84, ""xfactor_tier_b"": 76}","{""ofactor"": {""CCS"": 0.045103, ""ICS"": 0.108214, ""LTS"": 0.03885, ""MFS"": 0.115639, ""MQS"": 0.073584, ""MRS"": 0.128903, ""RSS"": 0.159355, ""SRS"": 0.082101, ""TQS"": 0.248252}, ""xfactor"": {""ELQ"": 0.2, ""IOQ"": 0.03, ""LSQ"": 0.06, ""MSS"": 0.06, ""RRQ"": 0.14, ""SIQ"": 0.14, ""SIS"": 0.18, ""TCS"": 0.16, ""TSQ"": 0.03}}","{""BINARY_EVENT_RISK"": true, ""EXCESSIVE_EXTENSION"": true, ""EXCESSIVE_UNCONFIRMED_GAP"": true, ""INSUFFICIENT_LIQUIDITY"": true, ""INSUFFICIENT_MARKET_DEPTH"": true, ""NEAR_OPPOSING_BARRIER"": true, ""NO_STRUCTURAL_STOP"": true, ""NO_VALID_SETUP"": true, ""OFACTOR_BELOW_MINIMUM"": true, ""OPTION_CONTRACT_NOT_TRADABLE"": true, ""OPTION_SPREAD_TOO_WIDE"": true, ""POSITION_SIZE_NOT_FEASIBLE"": true, ""REWARD_RISK_BELOW_MINIMUM"": true, ""SETUP_EXPIRED"": true, ""SETUP_FAILED"": true, ""STALE_MARKET_DATA"": true, ""STOP_TOO_WIDE"": true}",NEXT_VALID_OPEN,BASE_CERTIFIED,UNCONSTRAINED_OPPORTUNITY,ALL_INNER_FOLDS,ALL_PRIMARY_REGIMES,PLANNED,event outcomes; fold/regime summaries; trial ledger
S1O_MIX_14,STAGE1_OFACTOR_SCREENING,CONSTRAINED_MAXIMIN_MIXTURE,"{""diagnostic_ladders"": [""I030"", ""I050"", ""I070"", ""I100"", ""S100_D1_D5"", ""S200_D1_D5"", ""S500_D1_D5"", ""H30_1_2_5"", ""A050"", ""A100"", ""A200"", ""A500"", ""A1000"", ""A_GT1000""], ""entry_mode"": ""NEXT_VALID_OPEN"", ""exit_policy"": ""AUTHORITATIVE_OIIS_EXIT_UNCHANGED"", ""hard_gates"": {""BINARY_EVENT_RISK"": true, ""EXCESSIVE_EXTENSION"": true, ""EXCESSIVE_UNCONFIRMED_GAP"": true, ""INSUFFICIENT_LIQUIDITY"": true, ""INSUFFICIENT_MARKET_DEPTH"": true, ""NEAR_OPPOSING_BARRIER"": true, ""NO_STRUCTURAL_STOP"": true, ""NO_VALID_SETUP"": true, ""OFACTOR_BELOW_MINIMUM"": true, ""OPTION_CONTRACT_NOT_TRADABLE"": true, ""OPTION_SPREAD_TOO_WIDE"": true, ""POSITION_SIZE_NOT_FEASIBLE"": true, ""REWARD_RISK_BELOW_MINIMUM"": true, ""SETUP_EXPIRED"": true, ""SETUP_FAILED"": true, ""STALE_MARKET_DATA"": true, ""STOP_TOO_WIDE"": true}, ""ofactor_min"": 74, ""ofactor_weights"": {""CCS"": 0.025642, ""ICS"": 0.061509, ""LTS"": 0.090903, ""MFS"": 0.28243, ""MQS"": 0.122743, ""MRS"": 0.058937, ""RSS"": 0.087814, ""SRS"": 0.160053, ""TQS"": 0.109969}, ""xfactor_tier_a"": 84, ""xfactor_tier_b"": 76, ""xfactor_weights"": {""ELQ"": 0.2, ""IOQ"": 0.03, ""LSQ"": 0.06, ""MSS"": 0.06, ""RRQ"": 0.14, ""SIQ"": 0.14, ""SIS"": 0.18, ""TCS"": 0.16, ""TSQ"": 0.03}}","{""ofactor_min"": 74, ""xfactor_tier_a"": 84, ""xfactor_tier_b"": 76}","{""ofactor"": {""CCS"": 0.025642, ""ICS"": 0.061509, ""LTS"": 0.090903, ""MFS"": 0.28243, ""MQS"": 0.122743, ""MRS"": 0.058937, ""RSS"": 0.087814, ""SRS"": 0.160053, ""TQS"": 0.109969}, ""xfactor"": {""ELQ"": 0.2, ""IOQ"": 0.03, ""LSQ"": 0.06, ""MSS"": 0.06, ""RRQ"": 0.14, ""SIQ"": 0.14, ""SIS"": 0.18, ""TCS"": 0.16, ""TSQ"": 0.03}}","{""BINARY_EVENT_RISK"": true, ""EXCESSIVE_EXTENSION"": true, ""EXCESSIVE_UNCONFIRMED_GAP"": true, ""INSUFFICIENT_LIQUIDITY"": true, ""INSUFFICIENT_MARKET_DEPTH"": true, ""NEAR_OPPOSING_BARRIER"": true, ""NO_STRUCTURAL_STOP"": true, ""NO_VALID_SETUP"": true, ""OFACTOR_BELOW_MINIMUM"": true, ""OPTION_CONTRACT_NOT_TRADABLE"": true, ""OPTION_SPREAD_TOO_WIDE"": true, ""POSITION_SIZE_NOT_FEASIBLE"": true, ""REWARD_RISK_BELOW_MINIMUM"": true, ""SETUP_EXPIRED"": true, ""SETUP_FAILED"": true, ""STALE_MARKET_DATA"": true, ""STOP_TOO_WIDE"": true}",NEXT_VALID_OPEN,BASE_CERTIFIED,UNCONSTRAINED_OPPORTUNITY,ALL_INNER_FOLDS,ALL_PRIMARY_REGIMES,PLANNED,event outcomes; fold/regime summaries; trial ledger
S1O_MIX_15,STAGE1_OFACTOR_SCREENING,CONSTRAINED_MAXIMIN_MIXTURE,"{""diagnostic_ladders"": [""I030"", ""I050"", ""I070"", ""I100"", ""S100_D1_D5"", ""S200_D1_D5"", ""S500_D1_D5"", ""H30_1_2_5"", ""A050"", ""A100"", ""A200"", ""A500"", ""A1000"", ""A_GT1000""], ""entry_mode"": ""NEXT_VALID_OPEN"", ""exit_policy"": ""AUTHORITATIVE_OIIS_EXIT_UNCHANGED"", ""hard_gates"": {""BINARY_EVENT_RISK"": true, ""EXCESSIVE_EXTENSION"": true, ""EXCESSIVE_UNCONFIRMED_GAP"": true, ""INSUFFICIENT_LIQUIDITY"": true, ""INSUFFICIENT_MARKET_DEPTH"": true, ""NEAR_OPPOSING_BARRIER"": true, ""NO_STRUCTURAL_STOP"": true, ""NO_VALID_SETUP"": true, ""OFACTOR_BELOW_MINIMUM"": true, ""OPTION_CONTRACT_NOT_TRADABLE"": true, ""OPTION_SPREAD_TOO_WIDE"": true, ""POSITION_SIZE_NOT_FEASIBLE"": true, ""REWARD_RISK_BELOW_MINIMUM"": true, ""SETUP_EXPIRED"": true, ""SETUP_FAILED"": true, ""STALE_MARKET_DATA"": true, ""STOP_TOO_WIDE"": true}, ""ofactor_min"": 74, ""ofactor_weights"": {""CCS"": 0.058796, ""ICS"": 0.110968, ""LTS"": 0.036406, ""MFS"": 0.266556, ""MQS"": 0.09309, ""MRS"": 0.046974, ""RSS"": 0.055362, ""SRS"": 0.220293, ""TQS"": 0.111555}, ""xfactor_tier_a"": 84, ""xfactor_tier_b"": 76, ""xfactor_weights"": {""ELQ"": 0.2, ""IOQ"": 0.03, ""LSQ"": 0.06, ""MSS"": 0.06, ""RRQ"": 0.14, ""SIQ"": 0.14, ""SIS"": 0.18, ""TCS"": 0.16, ""TSQ"": 0.03}}","{""ofactor_min"": 74, ""xfactor_tier_a"": 84, ""xfactor_tier_b"": 76}","{""ofactor"": {""CCS"": 0.058796, ""ICS"": 0.110968, ""LTS"": 0.036406, ""MFS"": 0.266556, ""MQS"": 0.09309, ""MRS"": 0.046974, ""RSS"": 0.055362, ""SRS"": 0.220293, ""TQS"": 0.111555}, ""xfactor"": {""ELQ"": 0.2, ""IOQ"": 0.03, ""LSQ"": 0.06, ""MSS"": 0.06, ""RRQ"": 0.14, ""SIQ"": 0.14, ""SIS"": 0.18, ""TCS"": 0.16, ""TSQ"": 0.03}}","{""BINARY_EVENT_RISK"": true, ""EXCESSIVE_EXTENSION"": true, ""EXCESSIVE_UNCONFIRMED_GAP"": true, ""INSUFFICIENT_LIQUIDITY"": true, ""INSUFFICIENT_MARKET_DEPTH"": true, ""NEAR_OPPOSING_BARRIER"": true, ""NO_STRUCTURAL_STOP"": true, ""NO_VALID_SETUP"": true, ""OFACTOR_BELOW_MINIMUM"": true, ""OPTION_CONTRACT_NOT_TRADABLE"": true, ""OPTION_SPREAD_TOO_WIDE"": true, ""POSITION_SIZE_NOT_FEASIBLE"": true, ""REWARD_RISK_BELOW_MINIMUM"": true, ""SETUP_EXPIRED"": true, ""SETUP_FAILED"": true, ""STALE_MARKET_DATA"": true, ""STOP_TOO_WIDE"": true}",NEXT_VALID_OPEN,BASE_CERTIFIED,UNCONSTRAINED_OPPORTUNITY,ALL_INNER_FOLDS,ALL_PRIMARY_REGIMES,PLANNED,event outcomes; fold/regime summaries; trial ledger
S1O_MIX_16,STAGE1_OFACTOR_SCREENING,CONSTRAINED_MAXIMIN_MIXTURE,"{""diagnostic_ladders"": [""I030"", ""I050"", ""I070"", ""I100"", ""S100_D1_D5"", ""S200_D1_D5"", ""S500_D1_D5"", ""H30_1_2_5"", ""A050"", ""A100"", ""A200"", ""A500"", ""A1000"", ""A_GT1000""], ""entry_mode"": ""NEXT_VALID_OPEN"", ""exit_policy"": ""AUTHORITATIVE_OIIS_EXIT_UNCHANGED"", ""hard_gates"": {""BINARY_EVENT_RISK"": true, ""EXCESSIVE_EXTENSION"": true, ""EXCESSIVE_UNCONFIRMED_GAP"": true, ""INSUFFICIENT_LIQUIDITY"": true, ""INSUFFICIENT_MARKET_DEPTH"": true, ""NEAR_OPPOSING_BARRIER"": true, ""NO_STRUCTURAL_STOP"": true, ""NO_VALID_SETUP"": true, ""OFACTOR_BELOW_MINIMUM"": true, ""OPTION_CONTRACT_NOT_TRADABLE"": true, ""OPTION_SPREAD_TOO_WIDE"": true, ""POSITION_SIZE_NOT_FEASIBLE"": true, ""REWARD_RISK_BELOW_MINIMUM"": true, ""SETUP_EXPIRED"": true, ""SETUP_FAILED"": true, ""STALE_MARKET_DATA"": true, ""STOP_TOO_WIDE"": true}, ""ofactor_min"": 74, ""ofactor_weights"": {""CCS"": 0.058296, ""ICS"": 0.061846, ""LTS"": 0.030418, ""MFS"": 0.238791, ""MQS"": 0.059315, ""MRS"": 0.053368, ""RSS"": 0.125494, ""SRS"": 0.128228, ""TQS"": 0.244245}, ""xfactor_tier_a"": 84, ""xfactor_tier_b"": 76, ""xfactor_weights"": {""ELQ"": 0.2, ""IOQ"": 0.03, ""LSQ"": 0.06, ""MSS"": 0.06, ""RRQ"": 0.14, ""SIQ"": 0.14, ""SIS"": 0.18, ""TCS"": 0.16, ""TSQ"": 0.03}}","{""ofactor_min"": 74, ""xfactor_tier_a"": 84, ""xfactor_tier_b"": 76}","{""ofactor"": {""CCS"": 0.058296, ""ICS"": 0.061846, ""LTS"": 0.030418, ""MFS"": 0.238791, ""MQS"": 0.059315, ""MRS"": 0.053368, ""RSS"": 0.125494, ""SRS"": 0.128228, ""TQS"": 0.244245}, ""xfactor"": {""ELQ"": 0.2, ""IOQ"": 0.03, ""LSQ"": 0.06, ""MSS"": 0.06, ""RRQ"": 0.14, ""SIQ"": 0.14, ""SIS"": 0.18, ""TCS"": 0.16, ""TSQ"": 0.03}}","{""BINARY_EVENT_RISK"": true, ""EXCESSIVE_EXTENSION"": true, ""EXCESSIVE_UNCONFIRMED_GAP"": true, ""INSUFFICIENT_LIQUIDITY"": true, ""INSUFFICIENT_MARKET_DEPTH"": true, ""NEAR_OPPOSING_BARRIER"": true, ""NO_STRUCTURAL_STOP"": true, ""NO_VALID_SETUP"": true, ""OFACTOR_BELOW_MINIMUM"": true, ""OPTION_CONTRACT_NOT_TRADABLE"": true, ""OPTION_SPREAD_TOO_WIDE"": true, ""POSITION_SIZE_NOT_FEASIBLE"": true, ""REWARD_RISK_BELOW_MINIMUM"": true, ""SETUP_EXPIRED"": true, ""SETUP_FAILED"": true, ""STALE_MARKET_DATA"": true, ""STOP_TOO_WIDE"": true}",NEXT_VALID_OPEN,BASE_CERTIFIED,UNCONSTRAINED_OPPORTUNITY,ALL_INNER_FOLDS,ALL_PRIMARY_REGIMES,PLANNED,event outcomes; fold/regime summaries; trial ledger
S1O_MIX_17,STAGE1_OFACTOR_SCREENING,CONSTRAINED_MAXIMIN_MIXTURE,"{""diagnostic_ladders"": [""I030"", ""I050"", ""I070"", ""I100"", ""S100_D1_D5"", ""S200_D1_D5"", ""S500_D1_D5"", ""H30_1_2_5"", ""A050"", ""A100"", ""A200"", ""A500"", ""A1000"", ""A_GT1000""], ""entry_mode"": ""NEXT_VALID_OPEN"", ""exit_policy"": ""AUTHORITATIVE_OIIS_EXIT_UNCHANGED"", ""hard_gates"": {""BINARY_EVENT_RISK"": true, ""EXCESSIVE_EXTENSION"": true, ""EXCESSIVE_UNCONFIRMED_GAP"": true, ""INSUFFICIENT_LIQUIDITY"": true, ""INSUFFICIENT_MARKET_DEPTH"": true, ""NEAR_OPPOSING_BARRIER"": true, ""NO_STRUCTURAL_STOP"": true, ""NO_VALID_SETUP"": true, ""OFACTOR_BELOW_MINIMUM"": true, ""OPTION_CONTRACT_NOT_TRADABLE"": true, ""OPTION_SPREAD_TOO_WIDE"": true, ""POSITION_SIZE_NOT_FEASIBLE"": true, ""REWARD_RISK_BELOW_MINIMUM"": true, ""SETUP_EXPIRED"": true, ""SETUP_FAILED"": true, ""STALE_MARKET_DATA"": true, ""STOP_TOO_WIDE"": true}, ""ofactor_min"": 74, ""ofactor_weights"": {""CCS"": 0.026545, ""ICS"": 0.066321, ""LTS"": 0.083106, ""MFS"": 0.099929, ""MQS"": 0.169804, ""MRS"": 0.100867, ""RSS"": 0.142599, ""SRS"": 0.182773, ""TQS"": 0.128056}, ""xfactor_tier_a"": 84, ""xfactor_tier_b"": 76, ""xfactor_weights"": {""ELQ"": 0.2, ""IOQ"": 0.03, ""LSQ"": 0.06, ""MSS"": 0.06, ""RRQ"": 0.14, ""SIQ"": 0.14, ""SIS"": 0.18, ""TCS"": 0.16, ""TSQ"": 0.03}}","{""ofactor_min"": 74, ""xfactor_tier_a"": 84, ""xfactor_tier_b"": 76}","{""ofactor"": {""CCS"": 0.026545, ""ICS"": 0.066321, ""LTS"": 0.083106, ""MFS"": 0.099929, ""MQS"": 0.169804, ""MRS"": 0.100867, ""RSS"": 0.142599, ""SRS"": 0.182773, ""TQS"": 0.128056}, ""xfactor"": {""ELQ"": 0.2, ""IOQ"": 0.03, ""LSQ"": 0.06, ""MSS"": 0.06, ""RRQ"": 0.14, ""SIQ"": 0.14, ""SIS"": 0.18, ""TCS"": 0.16, ""TSQ"": 0.03}}","{""BINARY_EVENT_RISK"": true, ""EXCESSIVE_EXTENSION"": true, ""EXCESSIVE_UNCONFIRMED_GAP"": true, ""INSUFFICIENT_LIQUIDITY"": true, ""INSUFFICIENT_MARKET_DEPTH"": true, ""NEAR_OPPOSING_BARRIER"": true, ""NO_STRUCTURAL_STOP"": true, ""NO_VALID_SETUP"": true, ""OFACTOR_BELOW_MINIMUM"": true, ""OPTION_CONTRACT_NOT_TRADABLE"": true, ""OPTION_SPREAD_TOO_WIDE"": true, ""POSITION_SIZE_NOT_FEASIBLE"": true, ""REWARD_RISK_BELOW_MINIMUM"": true, ""SETUP_EXPIRED"": true, ""SETUP_FAILED"": true, ""STALE_MARKET_DATA"": true, ""STOP_TOO_WIDE"": true}",NEXT_VALID_OPEN,BASE_CERTIFIED,UNCONSTRAINED_OPPORTUNITY,ALL_INNER_FOLDS,ALL_PRIMARY_REGIMES,PLANNED,event outcomes; fold/regime summaries; trial ledger
S1O_MIX_18,STAGE1_OFACTOR_SCREENING,CONSTRAINED_MAXIMIN_MIXTURE,"{""diagnostic_ladders"": [""I030"", ""I050"", ""I070"", ""I100"", ""S100_D1_D5"", ""S200_D1_D5"", ""S500_D1_D5"", ""H30_1_2_5"", ""A050"", ""A100"", ""A200"", ""A500"", ""A1000"", ""A_GT1000""], ""entry_mode"": ""NEXT_VALID_OPEN"", ""exit_policy"": ""AUTHORITATIVE_OIIS_EXIT_UNCHANGED"", ""hard_gates"": {""BINARY_EVENT_RISK"": true, ""EXCESSIVE_EXTENSION"": true, ""EXCESSIVE_UNCONFIRMED_GAP"": true, ""INSUFFICIENT_LIQUIDITY"": true, ""INSUFFICIENT_MARKET_DEPTH"": true, ""NEAR_OPPOSING_BARRIER"": true, ""NO_STRUCTURAL_STOP"": true, ""NO_VALID_SETUP"": true, ""OFACTOR_BELOW_MINIMUM"": true, ""OPTION_CONTRACT_NOT_TRADABLE"": true, ""OPTION_SPREAD_TOO_WIDE"": true, ""POSITION_SIZE_NOT_FEASIBLE"": true, ""REWARD_RISK_BELOW_MINIMUM"": true, ""SETUP_EXPIRED"": true, ""SETUP_FAILED"": true, ""STALE_MARKET_DATA"": true, ""STOP_TOO_WIDE"": true}, ""ofactor_min"": 74, ""ofactor_weights"": {""CCS"": 0.04168, ""ICS"": 0.149869, ""LTS"": 0.091357, ""MFS"": 0.156495, ""MQS"": 0.177324, ""MRS"": 0.054783, ""RSS"": 0.153935, ""SRS"": 0.078114, ""TQS"": 0.096444}, ""xfactor_tier_a"": 84, ""xfactor_tier_b"": 76, ""xfactor_weights"": {""ELQ"": 0.2, ""IOQ"": 0.03, ""LSQ"": 0.06, ""MSS"": 0.06, ""RRQ"": 0.14, ""SIQ"": 0.14, ""SIS"": 0.18, ""TCS"": 0.16, ""TSQ"": 0.03}}","{""ofactor_min"": 74, ""xfactor_tier_a"": 84, ""xfactor_tier_b"": 76}","{""ofactor"": {""CCS"": 0.04168, ""ICS"": 0.149869, ""LTS"": 0.091357, ""MFS"": 0.156495, ""MQS"": 0.177324, ""MRS"": 0.054783, ""RSS"": 0.153935, ""SRS"": 0.078114, ""TQS"": 0.096444}, ""xfactor"": {""ELQ"": 0.2, ""IOQ"": 0.03, ""LSQ"": 0.06, ""MSS"": 0.06, ""RRQ"": 0.14, ""SIQ"": 0.14, ""SIS"": 0.18, ""TCS"": 0.16, ""TSQ"": 0.03}}","{""BINARY_EVENT_RISK"": true, ""EXCESSIVE_EXTENSION"": true, ""EXCESSIVE_UNCONFIRMED_GAP"": true, ""INSUFFICIENT_LIQUIDITY"": true, ""INSUFFICIENT_MARKET_DEPTH"": true, ""NEAR_OPPOSING_BARRIER"": true, ""NO_STRUCTURAL_STOP"": true, ""NO_VALID_SETUP"": true, ""OFACTOR_BELOW_MINIMUM"": true, ""OPTION_CONTRACT_NOT_TRADABLE"": true, ""OPTION_SPREAD_TOO_WIDE"": true, ""POSITION_SIZE_NOT_FEASIBLE"": true, ""REWARD_RISK_BELOW_MINIMUM"": true, ""SETUP_EXPIRED"": true, ""SETUP_FAILED"": true, ""STALE_MARKET_DATA"": true, ""STOP_TOO_WIDE"": true}",NEXT_VALID_OPEN,BASE_CERTIFIED,UNCONSTRAINED_OPPORTUNITY,ALL_INNER_FOLDS,ALL_PRIMARY_REGIMES,PLANNED,event outcomes; fold/regime summaries; trial ledger
S1O_MIX_19,STAGE1_OFACTOR_SCREENING,CONSTRAINED_MAXIMIN_MIXTURE,"{""diagnostic_ladders"": [""I030"", ""I050"", ""I070"", ""I100"", ""S100_D1_D5"", ""S200_D1_D5"", ""S500_D1_D5"", ""H30_1_2_5"", ""A050"", ""A100"", ""A200"", ""A500"", ""A1000"", ""A_GT1000""], ""entry_mode"": ""NEXT_VALID_OPEN"", ""exit_policy"": ""AUTHORITATIVE_OIIS_EXIT_UNCHANGED"", ""hard_gates"": {""BINARY_EVENT_RISK"": true, ""EXCESSIVE_EXTENSION"": true, ""EXCESSIVE_UNCONFIRMED_GAP"": true, ""INSUFFICIENT_LIQUIDITY"": true, ""INSUFFICIENT_MARKET_DEPTH"": true, ""NEAR_OPPOSING_BARRIER"": true, ""NO_STRUCTURAL_STOP"": true, ""NO_VALID_SETUP"": true, ""OFACTOR_BELOW_MINIMUM"": true, ""OPTION_CONTRACT_NOT_TRADABLE"": true, ""OPTION_SPREAD_TOO_WIDE"": true, ""POSITION_SIZE_NOT_FEASIBLE"": true, ""REWARD_RISK_BELOW_MINIMUM"": true, ""SETUP_EXPIRED"": true, ""SETUP_FAILED"": true, ""STALE_MARKET_DATA"": true, ""STOP_TOO_WIDE"": true}, ""ofactor_min"": 74, ""ofactor_weights"": {""CCS"": 0.035703, ""ICS"": 0.064064, ""LTS"": 0.040084, ""MFS"": 0.224063, ""MQS"": 0.065913, ""MRS"": 0.112969, ""RSS"": 0.120808, ""SRS"": 0.219318, ""TQS"": 0.117077}, ""xfactor_tier_a"": 84, ""xfactor_tier_b"": 76, ""xfactor_weights"": {""ELQ"": 0.2, ""IOQ"": 0.03, ""LSQ"": 0.06, ""MSS"": 0.06, ""RRQ"": 0.14, ""SIQ"": 0.14, ""SIS"": 0.18, ""TCS"": 0.16, ""TSQ"": 0.03}}","{""ofactor_min"": 74, ""xfactor_tier_a"": 84, ""xfactor_tier_b"": 76}","{""ofactor"": {""CCS"": 0.035703, ""ICS"": 0.064064, ""LTS"": 0.040084, ""MFS"": 0.224063, ""MQS"": 0.065913, ""MRS"": 0.112969, ""RSS"": 0.120808, ""SRS"": 0.219318, ""TQS"": 0.117077}, ""xfactor"": {""ELQ"": 0.2, ""IOQ"": 0.03, ""LSQ"": 0.06, ""MSS"": 0.06, ""RRQ"": 0.14, ""SIQ"": 0.14, ""SIS"": 0.18, ""TCS"": 0.16, ""TSQ"": 0.03}}","{""BINARY_EVENT_RISK"": true, ""EXCESSIVE_EXTENSION"": true, ""EXCESSIVE_UNCONFIRMED_GAP"": true, ""INSUFFICIENT_LIQUIDITY"": true, ""INSUFFICIENT_MARKET_DEPTH"": true, ""NEAR_OPPOSING_BARRIER"": true, ""NO_STRUCTURAL_STOP"": true, ""NO_VALID_SETUP"": true, ""OFACTOR_BELOW_MINIMUM"": true, ""OPTION_CONTRACT_NOT_TRADABLE"": true, ""OPTION_SPREAD_TOO_WIDE"": true, ""POSITION_SIZE_NOT_FEASIBLE"": true, ""REWARD_RISK_BELOW_MINIMUM"": true, ""SETUP_EXPIRED"": true, ""SETUP_FAILED"": true, ""STALE_MARKET_DATA"": true, ""STOP_TOO_WIDE"": true}",NEXT_VALID_OPEN,BASE_CERTIFIED,UNCONSTRAINED_OPPORTUNITY,ALL_INNER_FOLDS,ALL_PRIMARY_REGIMES,PLANNED,event outcomes; fold/regime summaries; trial ledger
S1O_MIX_20,STAGE1_OFACTOR_SCREENING,CONSTRAINED_MAXIMIN_MIXTURE,"{""diagnostic_ladders"": [""I030"", ""I050"", ""I070"", ""I100"", ""S100_D1_D5"", ""S200_D1_D5"", ""S500_D1_D5"", ""H30_1_2_5"", ""A050"", ""A100"", ""A200"", ""A500"", ""A1000"", ""A_GT1000""], ""entry_mode"": ""NEXT_VALID_OPEN"", ""exit_policy"": ""AUTHORITATIVE_OIIS_EXIT_UNCHANGED"", ""hard_gates"": {""BINARY_EVENT_RISK"": true, ""EXCESSIVE_EXTENSION"": true, ""EXCESSIVE_UNCONFIRMED_GAP"": true, ""INSUFFICIENT_LIQUIDITY"": true, ""INSUFFICIENT_MARKET_DEPTH"": true, ""NEAR_OPPOSING_BARRIER"": true, ""NO_STRUCTURAL_STOP"": true, ""NO_VALID_SETUP"": true, ""OFACTOR_BELOW_MINIMUM"": true, ""OPTION_CONTRACT_NOT_TRADABLE"": true, ""OPTION_SPREAD_TOO_WIDE"": true, ""POSITION_SIZE_NOT_FEASIBLE"": true, ""REWARD_RISK_BELOW_MINIMUM"": true, ""SETUP_EXPIRED"": true, ""SETUP_FAILED"": true, ""STALE_MARKET_DATA"": true, ""STOP_TOO_WIDE"": true}, ""ofactor_min"": 74, ""ofactor_weights"": {""CCS"": 0.066325, ""ICS"": 0.08439, ""LTS"": 0.035347, ""MFS"": 0.105296, ""MQS"": 0.174715, ""MRS"": 0.10822, ""RSS"": 0.078072, ""SRS"": 0.236834, ""TQS"": 0.110801}, ""xfactor_tier_a"": 84, ""xfactor_tier_b"": 76, ""xfactor_weights"": {""ELQ"": 0.2, ""IOQ"": 0.03, ""LSQ"": 0.06, ""MSS"": 0.06, ""RRQ"": 0.14, ""SIQ"": 0.14, ""SIS"": 0.18, ""TCS"": 0.16, ""TSQ"": 0.03}}","{""ofactor_min"": 74, ""xfactor_tier_a"": 84, ""xfactor_tier_b"": 76}","{""ofactor"": {""CCS"": 0.066325, ""ICS"": 0.08439, ""LTS"": 0.035347, ""MFS"": 0.105296, ""MQS"": 0.174715, ""MRS"": 0.10822, ""RSS"": 0.078072, ""SRS"": 0.236834, ""TQS"": 0.110801}, ""xfactor"": {""ELQ"": 0.2, ""IOQ"": 0.03, ""LSQ"": 0.06, ""MSS"": 0.06, ""RRQ"": 0.14, ""SIQ"": 0.14, ""SIS"": 0.18, ""TCS"": 0.16, ""TSQ"": 0.03}}","{""BINARY_EVENT_RISK"": true, ""EXCESSIVE_EXTENSION"": true, ""EXCESSIVE_UNCONFIRMED_GAP"": true, ""INSUFFICIENT_LIQUIDITY"": true, ""INSUFFICIENT_MARKET_DEPTH"": true, ""NEAR_OPPOSING_BARRIER"": true, ""NO_STRUCTURAL_STOP"": true, ""NO_VALID_SETUP"": true, ""OFACTOR_BELOW_MINIMUM"": true, ""OPTION_CONTRACT_NOT_TRADABLE"": true, ""OPTION_SPREAD_TOO_WIDE"": true, ""POSITION_SIZE_NOT_FEASIBLE"": true, ""REWARD_RISK_BELOW_MINIMUM"": true, ""SETUP_EXPIRED"": true, ""SETUP_FAILED"": true, ""STALE_MARKET_DATA"": true, ""STOP_TOO_WIDE"": true}",NEXT_VALID_OPEN,BASE_CERTIFIED,UNCONSTRAINED_OPPORTUNITY,ALL_INNER_FOLDS,ALL_PRIMARY_REGIMES,PLANNED,event outcomes; fold/regime summaries; trial ledger
S1O_MIX_21,STAGE1_OFACTOR_SCREENING,CONSTRAINED_MAXIMIN_MIXTURE,"{""diagnostic_ladders"": [""I030"", ""I050"", ""I070"", ""I100"", ""S100_D1_D5"", ""S200_D1_D5"", ""S500_D1_D5"", ""H30_1_2_5"", ""A050"", ""A100"", ""A200"", ""A500"", ""A1000"", ""A_GT1000""], ""entry_mode"": ""NEXT_VALID_OPEN"", ""exit_policy"": ""AUTHORITATIVE_OIIS_EXIT_UNCHANGED"", ""hard_gates"": {""BINARY_EVENT_RISK"": true, ""EXCESSIVE_EXTENSION"": true, ""EXCESSIVE_UNCONFIRMED_GAP"": true, ""INSUFFICIENT_LIQUIDITY"": true, ""INSUFFICIENT_MARKET_DEPTH"": true, ""NEAR_OPPOSING_BARRIER"": true, ""NO_STRUCTURAL_STOP"": true, ""NO_VALID_SETUP"": true, ""OFACTOR_BELOW_MINIMUM"": true, ""OPTION_CONTRACT_NOT_TRADABLE"": true, ""OPTION_SPREAD_TOO_WIDE"": true, ""POSITION_SIZE_NOT_FEASIBLE"": true, ""REWARD_RISK_BELOW_MINIMUM"": true, ""SETUP_EXPIRED"": true, ""SETUP_FAILED"": true, ""STALE_MARKET_DATA"": true, ""STOP_TOO_WIDE"": true}, ""ofactor_min"": 74, ""ofactor_weights"": {""CCS"": 0.057136, ""ICS"": 0.143782, ""LTS"": 0.095742, ""MFS"": 0.130475, ""MQS"": 0.105249, ""MRS"": 0.059317, ""RSS"": 0.076343, ""SRS"": 0.221763, ""TQS"": 0.110194}, ""xfactor_tier_a"": 84, ""xfactor_tier_b"": 76, ""xfactor_weights"": {""ELQ"": 0.2, ""IOQ"": 0.03, ""LSQ"": 0.06, ""MSS"": 0.06, ""RRQ"": 0.14, ""SIQ"": 0.14, ""SIS"": 0.18, ""TCS"": 0.16, ""TSQ"": 0.03}}","{""ofactor_min"": 74, ""xfactor_tier_a"": 84, ""xfactor_tier_b"": 76}","{""ofactor"": {""CCS"": 0.057136, ""ICS"": 0.143782, ""LTS"": 0.095742, ""MFS"": 0.130475, ""MQS"": 0.105249, ""MRS"": 0.059317, ""RSS"": 0.076343, ""SRS"": 0.221763, ""TQS"": 0.110194}, ""xfactor"": {""ELQ"": 0.2, ""IOQ"": 0.03, ""LSQ"": 0.06, ""MSS"": 0.06, ""RRQ"": 0.14, ""SIQ"": 0.14, ""SIS"": 0.18, ""TCS"": 0.16, ""TSQ"": 0.03}}","{""BINARY_EVENT_RISK"": true, ""EXCESSIVE_EXTENSION"": true, ""EXCESSIVE_UNCONFIRMED_GAP"": true, ""INSUFFICIENT_LIQUIDITY"": true, ""INSUFFICIENT_MARKET_DEPTH"": true, ""NEAR_OPPOSING_BARRIER"": true, ""NO_STRUCTURAL_STOP"": true, ""NO_VALID_SETUP"": true, ""OFACTOR_BELOW_MINIMUM"": true, ""OPTION_CONTRACT_NOT_TRADABLE"": true, ""OPTION_SPREAD_TOO_WIDE"": true, ""POSITION_SIZE_NOT_FEASIBLE"": true, ""REWARD_RISK_BELOW_MINIMUM"": true, ""SETUP_EXPIRED"": true, ""SETUP_FAILED"": true, ""STALE_MARKET_DATA"": true, ""STOP_TOO_WIDE"": true}",NEXT_VALID_OPEN,BASE_CERTIFIED,UNCONSTRAINED_OPPORTUNITY,ALL_INNER_FOLDS,ALL_PRIMARY_REGIMES,PLANNED,event outcomes; fold/regime summaries; trial ledger
S1O_MIX_22,STAGE1_OFACTOR_SCREENING,CONSTRAINED_MAXIMIN_MIXTURE,"{""diagnostic_ladders"": [""I030"", ""I050"", ""I070"", ""I100"", ""S100_D1_D5"", ""S200_D1_D5"", ""S500_D1_D5"", ""H30_1_2_5"", ""A050"", ""A100"", ""A200"", ""A500"", ""A1000"", ""A_GT1000""], ""entry_mode"": ""NEXT_VALID_OPEN"", ""exit_policy"": ""AUTHORITATIVE_OIIS_EXIT_UNCHANGED"", ""hard_gates"": {""BINARY_EVENT_RISK"": true, ""EXCESSIVE_EXTENSION"": true, ""EXCESSIVE_UNCONFIRMED_GAP"": true, ""INSUFFICIENT_LIQUIDITY"": true, ""INSUFFICIENT_MARKET_DEPTH"": true, ""NEAR_OPPOSING_BARRIER"": true, ""NO_STRUCTURAL_STOP"": true, ""NO_VALID_SETUP"": true, ""OFACTOR_BELOW_MINIMUM"": true, ""OPTION_CONTRACT_NOT_TRADABLE"": true, ""OPTION_SPREAD_TOO_WIDE"": true, ""POSITION_SIZE_NOT_FEASIBLE"": true, ""REWARD_RISK_BELOW_MINIMUM"": true, ""SETUP_EXPIRED"": true, ""SETUP_FAILED"": true, ""STALE_MARKET_DATA"": true, ""STOP_TOO_WIDE"": true}, ""ofactor_min"": 74, ""ofactor_weights"": {""CCS"": 0.024017, ""ICS"": 0.106418, ""LTS"": 0.031777, ""MFS"": 0.259051, ""MQS"": 0.166889, ""MRS"": 0.045369, ""RSS"": 0.073813, ""SRS"": 0.084147, ""TQS"": 0.208519}, ""xfactor_tier_a"": 84, ""xfactor_tier_b"": 76, ""xfactor_weights"": {""ELQ"": 0.2, ""IOQ"": 0.03, ""LSQ"": 0.06, ""MSS"": 0.06, ""RRQ"": 0.14, ""SIQ"": 0.14, ""SIS"": 0.18, ""TCS"": 0.16, ""TSQ"": 0.03}}","{""ofactor_min"": 74, ""xfactor_tier_a"": 84, ""xfactor_tier_b"": 76}","{""ofactor"": {""CCS"": 0.024017, ""ICS"": 0.106418, ""LTS"": 0.031777, ""MFS"": 0.259051, ""MQS"": 0.166889, ""MRS"": 0.045369, ""RSS"": 0.073813, ""SRS"": 0.084147, ""TQS"": 0.208519}, ""xfactor"": {""ELQ"": 0.2, ""IOQ"": 0.03, ""LSQ"": 0.06, ""MSS"": 0.06, ""RRQ"": 0.14, ""SIQ"": 0.14, ""SIS"": 0.18, ""TCS"": 0.16, ""TSQ"": 0.03}}","{""BINARY_EVENT_RISK"": true, ""EXCESSIVE_EXTENSION"": true, ""EXCESSIVE_UNCONFIRMED_GAP"": true, ""INSUFFICIENT_LIQUIDITY"": true, ""INSUFFICIENT_MARKET_DEPTH"": true, ""NEAR_OPPOSING_BARRIER"": true, ""NO_STRUCTURAL_STOP"": true, ""NO_VALID_SETUP"": true, ""OFACTOR_BELOW_MINIMUM"": true, ""OPTION_CONTRACT_NOT_TRADABLE"": true, ""OPTION_SPREAD_TOO_WIDE"": true, ""POSITION_SIZE_NOT_FEASIBLE"": true, ""REWARD_RISK_BELOW_MINIMUM"": true, ""SETUP_EXPIRED"": true, ""SETUP_FAILED"": true, ""STALE_MARKET_DATA"": true, ""STOP_TOO_WIDE"": true}",NEXT_VALID_OPEN,BASE_CERTIFIED,UNCONSTRAINED_OPPORTUNITY,ALL_INNER_FOLDS,ALL_PRIMARY_REGIMES,PLANNED,event outcomes; fold/regime summaries; trial ledger
S1O_MIX_23,STAGE1_OFACTOR_SCREENING,CONSTRAINED_MAXIMIN_MIXTURE,"{""diagnostic_ladders"": [""I030"", ""I050"", ""I070"", ""I100"", ""S100_D1_D5"", ""S200_D1_D5"", ""S500_D1_D5"", ""H30_1_2_5"", ""A050"", ""A100"", ""A200"", ""A500"", ""A1000"", ""A_GT1000""], ""entry_mode"": ""NEXT_VALID_OPEN"", ""exit_policy"": ""AUTHORITATIVE_OIIS_EXIT_UNCHANGED"", ""hard_gates"": {""BINARY_EVENT_RISK"": true, ""EXCESSIVE_EXTENSION"": true, ""EXCESSIVE_UNCONFIRMED_GAP"": true, ""INSUFFICIENT_LIQUIDITY"": true, ""INSUFFICIENT_MARKET_DEPTH"": true, ""NEAR_OPPOSING_BARRIER"": true, ""NO_STRUCTURAL_STOP"": true, ""NO_VALID_SETUP"": true, ""OFACTOR_BELOW_MINIMUM"": true, ""OPTION_CONTRACT_NOT_TRADABLE"": true, ""OPTION_SPREAD_TOO_WIDE"": true, ""POSITION_SIZE_NOT_FEASIBLE"": true, ""REWARD_RISK_BELOW_MINIMUM"": true, ""SETUP_EXPIRED"": true, ""SETUP_FAILED"": true, ""STALE_MARKET_DATA"": true, ""STOP_TOO_WIDE"": true}, ""ofactor_min"": 74, ""ofactor_weights"": {""CCS"": 0.026338, ""ICS"": 0.116319, ""LTS"": 0.088636, ""MFS"": 0.093649, ""MQS"": 0.173317, ""MRS"": 0.065372, ""RSS"": 0.053517, ""SRS"": 0.12742, ""TQS"": 0.255431}, ""xfactor_tier_a"": 84, ""xfactor_tier_b"": 76, ""xfactor_weights"": {""ELQ"": 0.2, ""IOQ"": 0.03, ""LSQ"": 0.06, ""MSS"": 0.06, ""RRQ"": 0.14, ""SIQ"": 0.14, ""SIS"": 0.18, ""TCS"": 0.16, ""TSQ"": 0.03}}","{""ofactor_min"": 74, ""xfactor_tier_a"": 84, ""xfactor_tier_b"": 76}","{""ofactor"": {""CCS"": 0.026338, ""ICS"": 0.116319, ""LTS"": 0.088636, ""MFS"": 0.093649, ""MQS"": 0.173317, ""MRS"": 0.065372, ""RSS"": 0.053517, ""SRS"": 0.12742, ""TQS"": 0.255431}, ""xfactor"": {""ELQ"": 0.2, ""IOQ"": 0.03, ""LSQ"": 0.06, ""MSS"": 0.06, ""RRQ"": 0.14, ""SIQ"": 0.14, ""SIS"": 0.18, ""TCS"": 0.16, ""TSQ"": 0.03}}","{""BINARY_EVENT_RISK"": true, ""EXCESSIVE_EXTENSION"": true, ""EXCESSIVE_UNCONFIRMED_GAP"": true, ""INSUFFICIENT_LIQUIDITY"": true, ""INSUFFICIENT_MARKET_DEPTH"": true, ""NEAR_OPPOSING_BARRIER"": true, ""NO_STRUCTURAL_STOP"": true, ""NO_VALID_SETUP"": true, ""OFACTOR_BELOW_MINIMUM"": true, ""OPTION_CONTRACT_NOT_TRADABLE"": true, ""OPTION_SPREAD_TOO_WIDE"": true, ""POSITION_SIZE_NOT_FEASIBLE"": true, ""REWARD_RISK_BELOW_MINIMUM"": true, ""SETUP_EXPIRED"": true, ""SETUP_FAILED"": true, ""STALE_MARKET_DATA"": true, ""STOP_TOO_WIDE"": true}",NEXT_VALID_OPEN,BASE_CERTIFIED,UNCONSTRAINED_OPPORTUNITY,ALL_INNER_FOLDS,ALL_PRIMARY_REGIMES,PLANNED,event outcomes; fold/regime summaries; trial ledger
S1O_MIX_24,STAGE1_OFACTOR_SCREENING,CONSTRAINED_MAXIMIN_MIXTURE,"{""diagnostic_ladders"": [""I030"", ""I050"", ""I070"", ""I100"", ""S100_D1_D5"", ""S200_D1_D5"", ""S500_D1_D5"", ""H30_1_2_5"", ""A050"", ""A100"", ""A200"", ""A500"", ""A1000"", ""A_GT1000""], ""entry_mode"": ""NEXT_VALID_OPEN"", ""exit_policy"": ""AUTHORITATIVE_OIIS_EXIT_UNCHANGED"", ""hard_gates"": {""BINARY_EVENT_RISK"": true, ""EXCESSIVE_EXTENSION"": true, ""EXCESSIVE_UNCONFIRMED_GAP"": true, ""INSUFFICIENT_LIQUIDITY"": true, ""INSUFFICIENT_MARKET_DEPTH"": true, ""NEAR_OPPOSING_BARRIER"": true, ""NO_STRUCTURAL_STOP"": true, ""NO_VALID_SETUP"": true, ""OFACTOR_BELOW_MINIMUM"": true, ""OPTION_CONTRACT_NOT_TRADABLE"": true, ""OPTION_SPREAD_TOO_WIDE"": true, ""POSITION_SIZE_NOT_FEASIBLE"": true, ""REWARD_RISK_BELOW_MINIMUM"": true, ""SETUP_EXPIRED"": true, ""SETUP_FAILED"": true, ""STALE_MARKET_DATA"": true, ""STOP_TOO_WIDE"": true}, ""ofactor_min"": 74, ""ofactor_weights"": {""CCS"": 0.067786, ""ICS"": 0.068406, ""LTS"": 0.042236, ""MFS"": 0.14295, ""MQS"": 0.184829, ""MRS"": 0.099135, ""RSS"": 0.161668, ""SRS"": 0.099332, ""TQS"": 0.133657}, ""xfactor_tier_a"": 84, ""xfactor_tier_b"": 76, ""xfactor_weights"": {""ELQ"": 0.2, ""IOQ"": 0.03, ""LSQ"": 0.06, ""MSS"": 0.06, ""RRQ"": 0.14, ""SIQ"": 0.14, ""SIS"": 0.18, ""TCS"": 0.16, ""TSQ"": 0.03}}","{""ofactor_min"": 74, ""xfactor_tier_a"": 84, ""xfactor_tier_b"": 76}","{""ofactor"": {""CCS"": 0.067786, ""ICS"": 0.068406, ""LTS"": 0.042236, ""MFS"": 0.14295, ""MQS"": 0.184829, ""MRS"": 0.099135, ""RSS"": 0.161668, ""SRS"": 0.099332, ""TQS"": 0.133657}, ""xfactor"": {""ELQ"": 0.2, ""IOQ"": 0.03, ""LSQ"": 0.06, ""MSS"": 0.06, ""RRQ"": 0.14, ""SIQ"": 0.14, ""SIS"": 0.18, ""TCS"": 0.16, ""TSQ"": 0.03}}","{""BINARY_EVENT_RISK"": true, ""EXCESSIVE_EXTENSION"": true, ""EXCESSIVE_UNCONFIRMED_GAP"": true, ""INSUFFICIENT_LIQUIDITY"": true, ""INSUFFICIENT_MARKET_DEPTH"": true, ""NEAR_OPPOSING_BARRIER"": true, ""NO_STRUCTURAL_STOP"": true, ""NO_VALID_SETUP"": true, ""OFACTOR_BELOW_MINIMUM"": true, ""OPTION_CONTRACT_NOT_TRADABLE"": true, ""OPTION_SPREAD_TOO_WIDE"": true, ""POSITION_SIZE_NOT_FEASIBLE"": true, ""REWARD_RISK_BELOW_MINIMUM"": true, ""SETUP_EXPIRED"": true, ""SETUP_FAILED"": true, ""STALE_MARKET_DATA"": true, ""STOP_TOO_WIDE"": true}",NEXT_VALID_OPEN,BASE_CERTIFIED,UNCONSTRAINED_OPPORTUNITY,ALL_INNER_FOLDS,ALL_PRIMARY_REGIMES,PLANNED,event outcomes; fold/regime summaries; trial ledger
S1O_CENTER_01,STAGE1_OFACTOR_SCREENING,CENTRE_REPLICATE,"{""diagnostic_ladders"": [""I030"", ""I050"", ""I070"", ""I100"", ""S100_D1_D5"", ""S200_D1_D5"", ""S500_D1_D5"", ""H30_1_2_5"", ""A050"", ""A100"", ""A200"", ""A500"", ""A1000"", ""A_GT1000""], ""entry_mode"": ""NEXT_VALID_OPEN"", ""exit_policy"": ""AUTHORITATIVE_OIIS_EXIT_UNCHANGED"", ""hard_gates"": {""BINARY_EVENT_RISK"": true, ""EXCESSIVE_EXTENSION"": true, ""EXCESSIVE_UNCONFIRMED_GAP"": true, ""INSUFFICIENT_LIQUIDITY"": true, ""INSUFFICIENT_MARKET_DEPTH"": true, ""NEAR_OPPOSING_BARRIER"": true, ""NO_STRUCTURAL_STOP"": true, ""NO_VALID_SETUP"": true, ""OFACTOR_BELOW_MINIMUM"": true, ""OPTION_CONTRACT_NOT_TRADABLE"": true, ""OPTION_SPREAD_TOO_WIDE"": true, ""POSITION_SIZE_NOT_FEASIBLE"": true, ""REWARD_RISK_BELOW_MINIMUM"": true, ""SETUP_EXPIRED"": true, ""SETUP_FAILED"": true, ""STALE_MARKET_DATA"": true, ""STOP_TOO_WIDE"": true}, ""ofactor_min"": 74, ""ofactor_weights"": {""CCS"": 0.04, ""ICS"": 0.1, ""LTS"": 0.06, ""MFS"": 0.18, ""MQS"": 0.12, ""MRS"": 0.08, ""RSS"": 0.1, ""SRS"": 0.14, ""TQS"": 0.18}, ""xfactor_tier_a"": 84, ""xfactor_tier_b"": 76, ""xfactor_weights"": {""ELQ"": 0.2, ""IOQ"": 0.03, ""LSQ"": 0.06, ""MSS"": 0.06, ""RRQ"": 0.14, ""SIQ"": 0.14, ""SIS"": 0.18, ""TCS"": 0.16, ""TSQ"": 0.03}}","{""ofactor_min"": 74, ""xfactor_tier_a"": 84, ""xfactor_tier_b"": 76}","{""ofactor"": {""CCS"": 0.04, ""ICS"": 0.1, ""LTS"": 0.06, ""MFS"": 0.18, ""MQS"": 0.12, ""MRS"": 0.08, ""RSS"": 0.1, ""SRS"": 0.14, ""TQS"": 0.18}, ""xfactor"": {""ELQ"": 0.2, ""IOQ"": 0.03, ""LSQ"": 0.06, ""MSS"": 0.06, ""RRQ"": 0.14, ""SIQ"": 0.14, ""SIS"": 0.18, ""TCS"": 0.16, ""TSQ"": 0.03}}","{""BINARY_EVENT_RISK"": true, ""EXCESSIVE_EXTENSION"": true, ""EXCESSIVE_UNCONFIRMED_GAP"": true, ""INSUFFICIENT_LIQUIDITY"": true, ""INSUFFICIENT_MARKET_DEPTH"": true, ""NEAR_OPPOSING_BARRIER"": true, ""NO_STRUCTURAL_STOP"": true, ""NO_VALID_SETUP"": true, ""OFACTOR_BELOW_MINIMUM"": true, ""OPTION_CONTRACT_NOT_TRADABLE"": true, ""OPTION_SPREAD_TOO_WIDE"": true, ""POSITION_SIZE_NOT_FEASIBLE"": true, ""REWARD_RISK_BELOW_MINIMUM"": true, ""SETUP_EXPIRED"": true, ""SETUP_FAILED"": true, ""STALE_MARKET_DATA"": true, ""STOP_TOO_WIDE"": true}",NEXT_VALID_OPEN,BASE_CERTIFIED,UNCONSTRAINED_OPPORTUNITY,ALL_INNER_FOLDS,ALL_PRIMARY_REGIMES,PLANNED,event outcomes; fold/regime summaries; trial ledger
S1O_CENTER_02,STAGE1_OFACTOR_SCREENING,CENTRE_REPLICATE,"{""diagnostic_ladders"": [""I030"", ""I050"", ""I070"", ""I100"", ""S100_D1_D5"", ""S200_D1_D5"", ""S500_D1_D5"", ""H30_1_2_5"", ""A050"", ""A100"", ""A200"", ""A500"", ""A1000"", ""A_GT1000""], ""entry_mode"": ""NEXT_VALID_OPEN"", ""exit_policy"": ""AUTHORITATIVE_OIIS_EXIT_UNCHANGED"", ""hard_gates"": {""BINARY_EVENT_RISK"": true, ""EXCESSIVE_EXTENSION"": true, ""EXCESSIVE_UNCONFIRMED_GAP"": true, ""INSUFFICIENT_LIQUIDITY"": true, ""INSUFFICIENT_MARKET_DEPTH"": true, ""NEAR_OPPOSING_BARRIER"": true, ""NO_STRUCTURAL_STOP"": true, ""NO_VALID_SETUP"": true, ""OFACTOR_BELOW_MINIMUM"": true, ""OPTION_CONTRACT_NOT_TRADABLE"": true, ""OPTION_SPREAD_TOO_WIDE"": true, ""POSITION_SIZE_NOT_FEASIBLE"": true, ""REWARD_RISK_BELOW_MINIMUM"": true, ""SETUP_EXPIRED"": true, ""SETUP_FAILED"": true, ""STALE_MARKET_DATA"": true, ""STOP_TOO_WIDE"": true}, ""ofactor_min"": 74, ""ofactor_weights"": {""CCS"": 0.04, ""ICS"": 0.1, ""LTS"": 0.06, ""MFS"": 0.18, ""MQS"": 0.12, ""MRS"": 0.08, ""RSS"": 0.1, ""SRS"": 0.14, ""TQS"": 0.18}, ""xfactor_tier_a"": 84, ""xfactor_tier_b"": 76, ""xfactor_weights"": {""ELQ"": 0.2, ""IOQ"": 0.03, ""LSQ"": 0.06, ""MSS"": 0.06, ""RRQ"": 0.14, ""SIQ"": 0.14, ""SIS"": 0.18, ""TCS"": 0.16, ""TSQ"": 0.03}}","{""ofactor_min"": 74, ""xfactor_tier_a"": 84, ""xfactor_tier_b"": 76}","{""ofactor"": {""CCS"": 0.04, ""ICS"": 0.1, ""LTS"": 0.06, ""MFS"": 0.18, ""MQS"": 0.12, ""MRS"": 0.08, ""RSS"": 0.1, ""SRS"": 0.14, ""TQS"": 0.18}, ""xfactor"": {""ELQ"": 0.2, ""IOQ"": 0.03, ""LSQ"": 0.06, ""MSS"": 0.06, ""RRQ"": 0.14, ""SIQ"": 0.14, ""SIS"": 0.18, ""TCS"": 0.16, ""TSQ"": 0.03}}","{""BINARY_EVENT_RISK"": true, ""EXCESSIVE_EXTENSION"": true, ""EXCESSIVE_UNCONFIRMED_GAP"": true, ""INSUFFICIENT_LIQUIDITY"": true, ""INSUFFICIENT_MARKET_DEPTH"": true, ""NEAR_OPPOSING_BARRIER"": true, ""NO_STRUCTURAL_STOP"": true, ""NO_VALID_SETUP"": true, ""OFACTOR_BELOW_MINIMUM"": true, ""OPTION_CONTRACT_NOT_TRADABLE"": true, ""OPTION_SPREAD_TOO_WIDE"": true, ""POSITION_SIZE_NOT_FEASIBLE"": true, ""REWARD_RISK_BELOW_MINIMUM"": true, ""SETUP_EXPIRED"": true, ""SETUP_FAILED"": true, ""STALE_MARKET_DATA"": true, ""STOP_TOO_WIDE"": true}",NEXT_VALID_OPEN,BASE_CERTIFIED,UNCONSTRAINED_OPPORTUNITY,ALL_INNER_FOLDS,ALL_PRIMARY_REGIMES,PLANNED,event outcomes; fold/regime summaries; trial ledger
S1O_CENTER_03,STAGE1_OFACTOR_SCREENING,CENTRE_REPLICATE,"{""diagnostic_ladders"": [""I030"", ""I050"", ""I070"", ""I100"", ""S100_D1_D5"", ""S200_D1_D5"", ""S500_D1_D5"", ""H30_1_2_5"", ""A050"", ""A100"", ""A200"", ""A500"", ""A1000"", ""A_GT1000""], ""entry_mode"": ""NEXT_VALID_OPEN"", ""exit_policy"": ""AUTHORITATIVE_OIIS_EXIT_UNCHANGED"", ""hard_gates"": {""BINARY_EVENT_RISK"": true, ""EXCESSIVE_EXTENSION"": true, ""EXCESSIVE_UNCONFIRMED_GAP"": true, ""INSUFFICIENT_LIQUIDITY"": true, ""INSUFFICIENT_MARKET_DEPTH"": true, ""NEAR_OPPOSING_BARRIER"": true, ""NO_STRUCTURAL_STOP"": true, ""NO_VALID_SETUP"": true, ""OFACTOR_BELOW_MINIMUM"": true, ""OPTION_CONTRACT_NOT_TRADABLE"": true, ""OPTION_SPREAD_TOO_WIDE"": true, ""POSITION_SIZE_NOT_FEASIBLE"": true, ""REWARD_RISK_BELOW_MINIMUM"": true, ""SETUP_EXPIRED"": true, ""SETUP_FAILED"": true, ""STALE_MARKET_DATA"": true, ""STOP_TOO_WIDE"": true}, ""ofactor_min"": 74, ""ofactor_weights"": {""CCS"": 0.04, ""ICS"": 0.1, ""LTS"": 0.06, ""MFS"": 0.18, ""MQS"": 0.12, ""MRS"": 0.08, ""RSS"": 0.1, ""SRS"": 0.14, ""TQS"": 0.18}, ""xfactor_tier_a"": 84, ""xfactor_tier_b"": 76, ""xfactor_weights"": {""ELQ"": 0.2, ""IOQ"": 0.03, ""LSQ"": 0.06, ""MSS"": 0.06, ""RRQ"": 0.14, ""SIQ"": 0.14, ""SIS"": 0.18, ""TCS"": 0.16, ""TSQ"": 0.03}}","{""ofactor_min"": 74, ""xfactor_tier_a"": 84, ""xfactor_tier_b"": 76}","{""ofactor"": {""CCS"": 0.04, ""ICS"": 0.1, ""LTS"": 0.06, ""MFS"": 0.18, ""MQS"": 0.12, ""MRS"": 0.08, ""RSS"": 0.1, ""SRS"": 0.14, ""TQS"": 0.18}, ""xfactor"": {""ELQ"": 0.2, ""IOQ"": 0.03, ""LSQ"": 0.06, ""MSS"": 0.06, ""RRQ"": 0.14, ""SIQ"": 0.14, ""SIS"": 0.18, ""TCS"": 0.16, ""TSQ"": 0.03}}","{""BINARY_EVENT_RISK"": true, ""EXCESSIVE_EXTENSION"": true, ""EXCESSIVE_UNCONFIRMED_GAP"": true, ""INSUFFICIENT_LIQUIDITY"": true, ""INSUFFICIENT_MARKET_DEPTH"": true, ""NEAR_OPPOSING_BARRIER"": true, ""NO_STRUCTURAL_STOP"": true, ""NO_VALID_SETUP"": true, ""OFACTOR_BELOW_MINIMUM"": true, ""OPTION_CONTRACT_NOT_TRADABLE"": true, ""OPTION_SPREAD_TOO_WIDE"": true, ""POSITION_SIZE_NOT_FEASIBLE"": true, ""REWARD_RISK_BELOW_MINIMUM"": true, ""SETUP_EXPIRED"": true, ""SETUP_FAILED"": true, ""STALE_MARKET_DATA"": true, ""STOP_TOO_WIDE"": true}",NEXT_VALID_OPEN,BASE_CERTIFIED,UNCONSTRAINED_OPPORTUNITY,ALL_INNER_FOLDS,ALL_PRIMARY_REGIMES,PLANNED,event outcomes; fold/regime summaries; trial ledger
S1X_ABLATE_SIS,STAGE1_XFACTOR_SCREENING,COMPONENT_ABLATION,"{""ablation_factor"": ""X_SIS"", ""diagnostic_ladders"": [""I030"", ""I050"", ""I070"", ""I100"", ""S100_D1_D5"", ""S200_D1_D5"", ""S500_D1_D5"", ""H30_1_2_5"", ""A050"", ""A100"", ""A200"", ""A500"", ""A1000"", ""A_GT1000""], ""entry_mode"": ""NEXT_VALID_OPEN"", ""exit_policy"": ""AUTHORITATIVE_OIIS_EXIT_UNCHANGED"", ""hard_gates"": {""BINARY_EVENT_RISK"": true, ""EXCESSIVE_EXTENSION"": true, ""EXCESSIVE_UNCONFIRMED_GAP"": true, ""INSUFFICIENT_LIQUIDITY"": true, ""INSUFFICIENT_MARKET_DEPTH"": true, ""NEAR_OPPOSING_BARRIER"": true, ""NO_STRUCTURAL_STOP"": true, ""NO_VALID_SETUP"": true, ""OFACTOR_BELOW_MINIMUM"": true, ""OPTION_CONTRACT_NOT_TRADABLE"": true, ""OPTION_SPREAD_TOO_WIDE"": true, ""POSITION_SIZE_NOT_FEASIBLE"": true, ""REWARD_RISK_BELOW_MINIMUM"": true, ""SETUP_EXPIRED"": true, ""SETUP_FAILED"": true, ""STALE_MARKET_DATA"": true, ""STOP_TOO_WIDE"": true}, ""ofactor_min"": 74, ""ofactor_weights"": {""CCS"": 0.04, ""ICS"": 0.1, ""LTS"": 0.06, ""MFS"": 0.18, ""MQS"": 0.12, ""MRS"": 0.08, ""RSS"": 0.1, ""SRS"": 0.14, ""TQS"": 0.18}, ""xfactor_tier_a"": 84, ""xfactor_tier_b"": 76, ""xfactor_weights"": {""ELQ"": 0.243902, ""IOQ"": 0.036585, ""LSQ"": 0.073171, ""MSS"": 0.073171, ""RRQ"": 0.170732, ""SIQ"": 0.170732, ""SIS"": 0.0, ""TCS"": 0.195122, ""TSQ"": 0.036585}}","{""ofactor_min"": 74, ""xfactor_tier_a"": 84, ""xfactor_tier_b"": 76}","{""ofactor"": {""CCS"": 0.04, ""ICS"": 0.1, ""LTS"": 0.06, ""MFS"": 0.18, ""MQS"": 0.12, ""MRS"": 0.08, ""RSS"": 0.1, ""SRS"": 0.14, ""TQS"": 0.18}, ""xfactor"": {""ELQ"": 0.243902, ""IOQ"": 0.036585, ""LSQ"": 0.073171, ""MSS"": 0.073171, ""RRQ"": 0.170732, ""SIQ"": 0.170732, ""SIS"": 0.0, ""TCS"": 0.195122, ""TSQ"": 0.036585}}","{""BINARY_EVENT_RISK"": true, ""EXCESSIVE_EXTENSION"": true, ""EXCESSIVE_UNCONFIRMED_GAP"": true, ""INSUFFICIENT_LIQUIDITY"": true, ""INSUFFICIENT_MARKET_DEPTH"": true, ""NEAR_OPPOSING_BARRIER"": true, ""NO_STRUCTURAL_STOP"": true, ""NO_VALID_SETUP"": true, ""OFACTOR_BELOW_MINIMUM"": true, ""OPTION_CONTRACT_NOT_TRADABLE"": true, ""OPTION_SPREAD_TOO_WIDE"": true, ""POSITION_SIZE_NOT_FEASIBLE"": true, ""REWARD_RISK_BELOW_MINIMUM"": true, ""SETUP_EXPIRED"": true, ""SETUP_FAILED"": true, ""STALE_MARKET_DATA"": true, ""STOP_TOO_WIDE"": true}",NEXT_VALID_OPEN,BASE_CERTIFIED,UNCONSTRAINED_OPPORTUNITY,ALL_INNER_FOLDS,ALL_PRIMARY_REGIMES,PLANNED,event outcomes; fold/regime summaries; trial ledger
S1X_ABLATE_ELQ,STAGE1_XFACTOR_SCREENING,COMPONENT_ABLATION,"{""ablation_factor"": ""X_ELQ"", ""diagnostic_ladders"": [""I030"", ""I050"", ""I070"", ""I100"", ""S100_D1_D5"", ""S200_D1_D5"", ""S500_D1_D5"", ""H30_1_2_5"", ""A050"", ""A100"", ""A200"", ""A500"", ""A1000"", ""A_GT1000""], ""entry_mode"": ""NEXT_VALID_OPEN"", ""exit_policy"": ""AUTHORITATIVE_OIIS_EXIT_UNCHANGED"", ""hard_gates"": {""BINARY_EVENT_RISK"": true, ""EXCESSIVE_EXTENSION"": true, ""EXCESSIVE_UNCONFIRMED_GAP"": true, ""INSUFFICIENT_LIQUIDITY"": true, ""INSUFFICIENT_MARKET_DEPTH"": true, ""NEAR_OPPOSING_BARRIER"": true, ""NO_STRUCTURAL_STOP"": true, ""NO_VALID_SETUP"": true, ""OFACTOR_BELOW_MINIMUM"": true, ""OPTION_CONTRACT_NOT_TRADABLE"": true, ""OPTION_SPREAD_TOO_WIDE"": true, ""POSITION_SIZE_NOT_FEASIBLE"": true, ""REWARD_RISK_BELOW_MINIMUM"": true, ""SETUP_EXPIRED"": true, ""SETUP_FAILED"": true, ""STALE_MARKET_DATA"": true, ""STOP_TOO_WIDE"": true}, ""ofactor_min"": 74, ""ofactor_weights"": {""CCS"": 0.04, ""ICS"": 0.1, ""LTS"": 0.06, ""MFS"": 0.18, ""MQS"": 0.12, ""MRS"": 0.08, ""RSS"": 0.1, ""SRS"": 0.14, ""TQS"": 0.18}, ""xfactor_tier_a"": 84, ""xfactor_tier_b"": 76, ""xfactor_weights"": {""ELQ"": 0.0, ""IOQ"": 0.0375, ""LSQ"": 0.075, ""MSS"": 0.075, ""RRQ"": 0.175, ""SIQ"": 0.175, ""SIS"": 0.225, ""TCS"": 0.2, ""TSQ"": 0.0375}}","{""ofactor_min"": 74, ""xfactor_tier_a"": 84, ""xfactor_tier_b"": 76}","{""ofactor"": {""CCS"": 0.04, ""ICS"": 0.1, ""LTS"": 0.06, ""MFS"": 0.18, ""MQS"": 0.12, ""MRS"": 0.08, ""RSS"": 0.1, ""SRS"": 0.14, ""TQS"": 0.18}, ""xfactor"": {""ELQ"": 0.0, ""IOQ"": 0.0375, ""LSQ"": 0.075, ""MSS"": 0.075, ""RRQ"": 0.175, ""SIQ"": 0.175, ""SIS"": 0.225, ""TCS"": 0.2, ""TSQ"": 0.0375}}","{""BINARY_EVENT_RISK"": true, ""EXCESSIVE_EXTENSION"": true, ""EXCESSIVE_UNCONFIRMED_GAP"": true, ""INSUFFICIENT_LIQUIDITY"": true, ""INSUFFICIENT_MARKET_DEPTH"": true, ""NEAR_OPPOSING_BARRIER"": true, ""NO_STRUCTURAL_STOP"": true, ""NO_VALID_SETUP"": true, ""OFACTOR_BELOW_MINIMUM"": true, ""OPTION_CONTRACT_NOT_TRADABLE"": true, ""OPTION_SPREAD_TOO_WIDE"": true, ""POSITION_SIZE_NOT_FEASIBLE"": true, ""REWARD_RISK_BELOW_MINIMUM"": true, ""SETUP_EXPIRED"": true, ""SETUP_FAILED"": true, ""STALE_MARKET_DATA"": true, ""STOP_TOO_WIDE"": true}",NEXT_VALID_OPEN,BASE_CERTIFIED,UNCONSTRAINED_OPPORTUNITY,ALL_INNER_FOLDS,ALL_PRIMARY_REGIMES,PLANNED,event outcomes; fold/regime summaries; trial ledger
S1X_ABLATE_TCS,STAGE1_XFACTOR_SCREENING,COMPONENT_ABLATION,"{""ablation_factor"": ""X_TCS"", ""diagnostic_ladders"": [""I030"", ""I050"", ""I070"", ""I100"", ""S100_D1_D5"", ""S200_D1_D5"", ""S500_D1_D5"", ""H30_1_2_5"", ""A050"", ""A100"", ""A200"", ""A500"", ""A1000"", ""A_GT1000""], ""entry_mode"": ""NEXT_VALID_OPEN"", ""exit_policy"": ""AUTHORITATIVE_OIIS_EXIT_UNCHANGED"", ""hard_gates"": {""BINARY_EVENT_RISK"": true, ""EXCESSIVE_EXTENSION"": true, ""EXCESSIVE_UNCONFIRMED_GAP"": true, ""INSUFFICIENT_LIQUIDITY"": true, ""INSUFFICIENT_MARKET_DEPTH"": true, ""NEAR_OPPOSING_BARRIER"": true, ""NO_STRUCTURAL_STOP"": true, ""NO_VALID_SETUP"": true, ""OFACTOR_BELOW_MINIMUM"": true, ""OPTION_CONTRACT_NOT_TRADABLE"": true, ""OPTION_SPREAD_TOO_WIDE"": true, ""POSITION_SIZE_NOT_FEASIBLE"": true, ""REWARD_RISK_BELOW_MINIMUM"": true, ""SETUP_EXPIRED"": true, ""SETUP_FAILED"": true, ""STALE_MARKET_DATA"": true, ""STOP_TOO_WIDE"": true}, ""ofactor_min"": 74, ""ofactor_weights"": {""CCS"": 0.04, ""ICS"": 0.1, ""LTS"": 0.06, ""MFS"": 0.18, ""MQS"": 0.12, ""MRS"": 0.08, ""RSS"": 0.1, ""SRS"": 0.14, ""TQS"": 0.18}, ""xfactor_tier_a"": 84, ""xfactor_tier_b"": 76, ""xfactor_weights"": {""ELQ"": 0.238095, ""IOQ"": 0.035714, ""LSQ"": 0.071429, ""MSS"": 0.071429, ""RRQ"": 0.166667, ""SIQ"": 0.166667, ""SIS"": 0.214286, ""TCS"": 0.0, ""TSQ"": 0.035714}}","{""ofactor_min"": 74, ""xfactor_tier_a"": 84, ""xfactor_tier_b"": 76}","{""ofactor"": {""CCS"": 0.04, ""ICS"": 0.1, ""LTS"": 0.06, ""MFS"": 0.18, ""MQS"": 0.12, ""MRS"": 0.08, ""RSS"": 0.1, ""SRS"": 0.14, ""TQS"": 0.18}, ""xfactor"": {""ELQ"": 0.238095, ""IOQ"": 0.035714, ""LSQ"": 0.071429, ""MSS"": 0.071429, ""RRQ"": 0.166667, ""SIQ"": 0.166667, ""SIS"": 0.214286, ""TCS"": 0.0, ""TSQ"": 0.035714}}","{""BINARY_EVENT_RISK"": true, ""EXCESSIVE_EXTENSION"": true, ""EXCESSIVE_UNCONFIRMED_GAP"": true, ""INSUFFICIENT_LIQUIDITY"": true, ""INSUFFICIENT_MARKET_DEPTH"": true, ""NEAR_OPPOSING_BARRIER"": true, ""NO_STRUCTURAL_STOP"": true, ""NO_VALID_SETUP"": true, ""OFACTOR_BELOW_MINIMUM"": true, ""OPTION_CONTRACT_NOT_TRADABLE"": true, ""OPTION_SPREAD_TOO_WIDE"": true, ""POSITION_SIZE_NOT_FEASIBLE"": true, ""REWARD_RISK_BELOW_MINIMUM"": true, ""SETUP_EXPIRED"": true, ""SETUP_FAILED"": true, ""STALE_MARKET_DATA"": true, ""STOP_TOO_WIDE"": true}",NEXT_VALID_OPEN,BASE_CERTIFIED,UNCONSTRAINED_OPPORTUNITY,ALL_INNER_FOLDS,ALL_PRIMARY_REGIMES,PLANNED,event outcomes; fold/regime summaries; trial ledger
S1X_ABLATE_SIQ,STAGE1_XFACTOR_SCREENING,COMPONENT_ABLATION,"{""ablation_factor"": ""X_SIQ"", ""diagnostic_ladders"": [""I030"", ""I050"", ""I070"", ""I100"", ""S100_D1_D5"", ""S200_D1_D5"", ""S500_D1_D5"", ""H30_1_2_5"", ""A050"", ""A100"", ""A200"", ""A500"", ""A1000"", ""A_GT1000""], ""entry_mode"": ""NEXT_VALID_OPEN"", ""exit_policy"": ""AUTHORITATIVE_OIIS_EXIT_UNCHANGED"", ""hard_gates"": {""BINARY_EVENT_RISK"": true, ""EXCESSIVE_EXTENSION"": true, ""EXCESSIVE_UNCONFIRMED_GAP"": true, ""INSUFFICIENT_LIQUIDITY"": true, ""INSUFFICIENT_MARKET_DEPTH"": true, ""NEAR_OPPOSING_BARRIER"": true, ""NO_STRUCTURAL_STOP"": true, ""NO_VALID_SETUP"": true, ""OFACTOR_BELOW_MINIMUM"": true, ""OPTION_CONTRACT_NOT_TRADABLE"": true, ""OPTION_SPREAD_TOO_WIDE"": true, ""POSITION_SIZE_NOT_FEASIBLE"": true, ""REWARD_RISK_BELOW_MINIMUM"": true, ""SETUP_EXPIRED"": true, ""SETUP_FAILED"": true, ""STALE_MARKET_DATA"": true, ""STOP_TOO_WIDE"": true}, ""ofactor_min"": 74, ""ofactor_weights"": {""CCS"": 0.04, ""ICS"": 0.1, ""LTS"": 0.06, ""MFS"": 0.18, ""MQS"": 0.12, ""MRS"": 0.08, ""RSS"": 0.1, ""SRS"": 0.14, ""TQS"": 0.18}, ""xfactor_tier_a"": 84, ""xfactor_tier_b"": 76, ""xfactor_weights"": {""ELQ"": 0.232558, ""IOQ"": 0.034884, ""LSQ"": 0.069767, ""MSS"": 0.069767, ""RRQ"": 0.162791, ""SIQ"": 0.0, ""SIS"": 0.209302, ""TCS"": 0.186047, ""TSQ"": 0.034884}}","{""ofactor_min"": 74, ""xfactor_tier_a"": 84, ""xfactor_tier_b"": 76}","{""ofactor"": {""CCS"": 0.04, ""ICS"": 0.1, ""LTS"": 0.06, ""MFS"": 0.18, ""MQS"": 0.12, ""MRS"": 0.08, ""RSS"": 0.1, ""SRS"": 0.14, ""TQS"": 0.18}, ""xfactor"": {""ELQ"": 0.232558, ""IOQ"": 0.034884, ""LSQ"": 0.069767, ""MSS"": 0.069767, ""RRQ"": 0.162791, ""SIQ"": 0.0, ""SIS"": 0.209302, ""TCS"": 0.186047, ""TSQ"": 0.034884}}","{""BINARY_EVENT_RISK"": true, ""EXCESSIVE_EXTENSION"": true, ""EXCESSIVE_UNCONFIRMED_GAP"": true, ""INSUFFICIENT_LIQUIDITY"": true, ""INSUFFICIENT_MARKET_DEPTH"": true, ""NEAR_OPPOSING_BARRIER"": true, ""NO_STRUCTURAL_STOP"": true, ""NO_VALID_SETUP"": true, ""OFACTOR_BELOW_MINIMUM"": true, ""OPTION_CONTRACT_NOT_TRADABLE"": true, ""OPTION_SPREAD_TOO_WIDE"": true, ""POSITION_SIZE_NOT_FEASIBLE"": true, ""REWARD_RISK_BELOW_MINIMUM"": true, ""SETUP_EXPIRED"": true, ""SETUP_FAILED"": true, ""STALE_MARKET_DATA"": true, ""STOP_TOO_WIDE"": true}",NEXT_VALID_OPEN,BASE_CERTIFIED,UNCONSTRAINED_OPPORTUNITY,ALL_INNER_FOLDS,ALL_PRIMARY_REGIMES,PLANNED,event outcomes; fold/regime summaries; trial ledger
S1X_ABLATE_RRQ,STAGE1_XFACTOR_SCREENING,COMPONENT_ABLATION,"{""ablation_factor"": ""X_RRQ"", ""diagnostic_ladders"": [""I030"", ""I050"", ""I070"", ""I100"", ""S100_D1_D5"", ""S200_D1_D5"", ""S500_D1_D5"", ""H30_1_2_5"", ""A050"", ""A100"", ""A200"", ""A500"", ""A1000"", ""A_GT1000""], ""entry_mode"": ""NEXT_VALID_OPEN"", ""exit_policy"": ""AUTHORITATIVE_OIIS_EXIT_UNCHANGED"", ""hard_gates"": {""BINARY_EVENT_RISK"": true, ""EXCESSIVE_EXTENSION"": true, ""EXCESSIVE_UNCONFIRMED_GAP"": true, ""INSUFFICIENT_LIQUIDITY"": true, ""INSUFFICIENT_MARKET_DEPTH"": true, ""NEAR_OPPOSING_BARRIER"": true, ""NO_STRUCTURAL_STOP"": true, ""NO_VALID_SETUP"": true, ""OFACTOR_BELOW_MINIMUM"": true, ""OPTION_CONTRACT_NOT_TRADABLE"": true, ""OPTION_SPREAD_TOO_WIDE"": true, ""POSITION_SIZE_NOT_FEASIBLE"": true, ""REWARD_RISK_BELOW_MINIMUM"": true, ""SETUP_EXPIRED"": true, ""SETUP_FAILED"": true, ""STALE_MARKET_DATA"": true, ""STOP_TOO_WIDE"": true}, ""ofactor_min"": 74, ""ofactor_weights"": {""CCS"": 0.04, ""ICS"": 0.1, ""LTS"": 0.06, ""MFS"": 0.18, ""MQS"": 0.12, ""MRS"": 0.08, ""RSS"": 0.1, ""SRS"": 0.14, ""TQS"": 0.18}, ""xfactor_tier_a"": 84, ""xfactor_tier_b"": 76, ""xfactor_weights"": {""ELQ"": 0.232558, ""IOQ"": 0.034884, ""LSQ"": 0.069767, ""MSS"": 0.069767, ""RRQ"": 0.0, ""SIQ"": 0.162791, ""SIS"": 0.209302, ""TCS"": 0.186047, ""TSQ"": 0.034884}}","{""ofactor_min"": 74, ""xfactor_tier_a"": 84, ""xfactor_tier_b"": 76}","{""ofactor"": {""CCS"": 0.04, ""ICS"": 0.1, ""LTS"": 0.06, ""MFS"": 0.18, ""MQS"": 0.12, ""MRS"": 0.08, ""RSS"": 0.1, ""SRS"": 0.14, ""TQS"": 0.18}, ""xfactor"": {""ELQ"": 0.232558, ""IOQ"": 0.034884, ""LSQ"": 0.069767, ""MSS"": 0.069767, ""RRQ"": 0.0, ""SIQ"": 0.162791, ""SIS"": 0.209302, ""TCS"": 0.186047, ""TSQ"": 0.034884}}","{""BINARY_EVENT_RISK"": true, ""EXCESSIVE_EXTENSION"": true, ""EXCESSIVE_UNCONFIRMED_GAP"": true, ""INSUFFICIENT_LIQUIDITY"": true, ""INSUFFICIENT_MARKET_DEPTH"": true, ""NEAR_OPPOSING_BARRIER"": true, ""NO_STRUCTURAL_STOP"": true, ""NO_VALID_SETUP"": true, ""OFACTOR_BELOW_MINIMUM"": true, ""OPTION_CONTRACT_NOT_TRADABLE"": true, ""OPTION_SPREAD_TOO_WIDE"": true, ""POSITION_SIZE_NOT_FEASIBLE"": true, ""REWARD_RISK_BELOW_MINIMUM"": true, ""SETUP_EXPIRED"": true, ""SETUP_FAILED"": true, ""STALE_MARKET_DATA"": true, ""STOP_TOO_WIDE"": true}",NEXT_VALID_OPEN,BASE_CERTIFIED,UNCONSTRAINED_OPPORTUNITY,ALL_INNER_FOLDS,ALL_PRIMARY_REGIMES,PLANNED,event outcomes; fold/regime summaries; trial ledger
S1X_ABLATE_MSS,STAGE1_XFACTOR_SCREENING,COMPONENT_ABLATION,"{""ablation_factor"": ""X_MSS"", ""diagnostic_ladders"": [""I030"", ""I050"", ""I070"", ""I100"", ""S100_D1_D5"", ""S200_D1_D5"", ""S500_D1_D5"", ""H30_1_2_5"", ""A050"", ""A100"", ""A200"", ""A500"", ""A1000"", ""A_GT1000""], ""entry_mode"": ""NEXT_VALID_OPEN"", ""exit_policy"": ""AUTHORITATIVE_OIIS_EXIT_UNCHANGED"", ""hard_gates"": {""BINARY_EVENT_RISK"": true, ""EXCESSIVE_EXTENSION"": true, ""EXCESSIVE_UNCONFIRMED_GAP"": true, ""INSUFFICIENT_LIQUIDITY"": true, ""INSUFFICIENT_MARKET_DEPTH"": true, ""NEAR_OPPOSING_BARRIER"": true, ""NO_STRUCTURAL_STOP"": true, ""NO_VALID_SETUP"": true, ""OFACTOR_BELOW_MINIMUM"": true, ""OPTION_CONTRACT_NOT_TRADABLE"": true, ""OPTION_SPREAD_TOO_WIDE"": true, ""POSITION_SIZE_NOT_FEASIBLE"": true, ""REWARD_RISK_BELOW_MINIMUM"": true, ""SETUP_EXPIRED"": true, ""SETUP_FAILED"": true, ""STALE_MARKET_DATA"": true, ""STOP_TOO_WIDE"": true}, ""ofactor_min"": 74, ""ofactor_weights"": {""CCS"": 0.04, ""ICS"": 0.1, ""LTS"": 0.06, ""MFS"": 0.18, ""MQS"": 0.12, ""MRS"": 0.08, ""RSS"": 0.1, ""SRS"": 0.14, ""TQS"": 0.18}, ""xfactor_tier_a"": 84, ""xfactor_tier_b"": 76, ""xfactor_weights"": {""ELQ"": 0.212766, ""IOQ"": 0.031915, ""LSQ"": 0.06383, ""MSS"": 0.0, ""RRQ"": 0.148936, ""SIQ"": 0.148936, ""SIS"": 0.191489, ""TCS"": 0.170213, ""TSQ"": 0.031915}}","{""ofactor_min"": 74, ""xfactor_tier_a"": 84, ""xfactor_tier_b"": 76}","{""ofactor"": {""CCS"": 0.04, ""ICS"": 0.1, ""LTS"": 0.06, ""MFS"": 0.18, ""MQS"": 0.12, ""MRS"": 0.08, ""RSS"": 0.1, ""SRS"": 0.14, ""TQS"": 0.18}, ""xfactor"": {""ELQ"": 0.212766, ""IOQ"": 0.031915, ""LSQ"": 0.06383, ""MSS"": 0.0, ""RRQ"": 0.148936, ""SIQ"": 0.148936, ""SIS"": 0.191489, ""TCS"": 0.170213, ""TSQ"": 0.031915}}","{""BINARY_EVENT_RISK"": true, ""EXCESSIVE_EXTENSION"": true, ""EXCESSIVE_UNCONFIRMED_GAP"": true, ""INSUFFICIENT_LIQUIDITY"": true, ""INSUFFICIENT_MARKET_DEPTH"": true, ""NEAR_OPPOSING_BARRIER"": true, ""NO_STRUCTURAL_STOP"": true, ""NO_VALID_SETUP"": true, ""OFACTOR_BELOW_MINIMUM"": true, ""OPTION_CONTRACT_NOT_TRADABLE"": true, ""OPTION_SPREAD_TOO_WIDE"": true, ""POSITION_SIZE_NOT_FEASIBLE"": true, ""REWARD_RISK_BELOW_MINIMUM"": true, ""SETUP_EXPIRED"": true, ""SETUP_FAILED"": true, ""STALE_MARKET_DATA"": true, ""STOP_TOO_WIDE"": true}",NEXT_VALID_OPEN,BASE_CERTIFIED,UNCONSTRAINED_OPPORTUNITY,ALL_INNER_FOLDS,ALL_PRIMARY_REGIMES,PLANNED,event outcomes; fold/regime summaries; trial ledger
S1X_ABLATE_LSQ,STAGE1_XFACTOR_SCREENING,COMPONENT_ABLATION,"{""ablation_factor"": ""X_LSQ"", ""diagnostic_ladders"": [""I030"", ""I050"", ""I070"", ""I100"", ""S100_D1_D5"", ""S200_D1_D5"", ""S500_D1_D5"", ""H30_1_2_5"", ""A050"", ""A100"", ""A200"", ""A500"", ""A1000"", ""A_GT1000""], ""entry_mode"": ""NEXT_VALID_OPEN"", ""exit_policy"": ""AUTHORITATIVE_OIIS_EXIT_UNCHANGED"", ""hard_gates"": {""BINARY_EVENT_RISK"": true, ""EXCESSIVE_EXTENSION"": true, ""EXCESSIVE_UNCONFIRMED_GAP"": true, ""INSUFFICIENT_LIQUIDITY"": true, ""INSUFFICIENT_MARKET_DEPTH"": true, ""NEAR_OPPOSING_BARRIER"": true, ""NO_STRUCTURAL_STOP"": true, ""NO_VALID_SETUP"": true, ""OFACTOR_BELOW_MINIMUM"": true, ""OPTION_CONTRACT_NOT_TRADABLE"": true, ""OPTION_SPREAD_TOO_WIDE"": true, ""POSITION_SIZE_NOT_FEASIBLE"": true, ""REWARD_RISK_BELOW_MINIMUM"": true, ""SETUP_EXPIRED"": true, ""SETUP_FAILED"": true, ""STALE_MARKET_DATA"": true, ""STOP_TOO_WIDE"": true}, ""ofactor_min"": 74, ""ofactor_weights"": {""CCS"": 0.04, ""ICS"": 0.1, ""LTS"": 0.06, ""MFS"": 0.18, ""MQS"": 0.12, ""MRS"": 0.08, ""RSS"": 0.1, ""SRS"": 0.14, ""TQS"": 0.18}, ""xfactor_tier_a"": 84, ""xfactor_tier_b"": 76, ""xfactor_weights"": {""ELQ"": 0.212766, ""IOQ"": 0.031915, ""LSQ"": 0.0, ""MSS"": 0.06383, ""RRQ"": 0.148936, ""SIQ"": 0.148936, ""SIS"": 0.191489, ""TCS"": 0.170213, ""TSQ"": 0.031915}}","{""ofactor_min"": 74, ""xfactor_tier_a"": 84, ""xfactor_tier_b"": 76}","{""ofactor"": {""CCS"": 0.04, ""ICS"": 0.1, ""LTS"": 0.06, ""MFS"": 0.18, ""MQS"": 0.12, ""MRS"": 0.08, ""RSS"": 0.1, ""SRS"": 0.14, ""TQS"": 0.18}, ""xfactor"": {""ELQ"": 0.212766, ""IOQ"": 0.031915, ""LSQ"": 0.0, ""MSS"": 0.06383, ""RRQ"": 0.148936, ""SIQ"": 0.148936, ""SIS"": 0.191489, ""TCS"": 0.170213, ""TSQ"": 0.031915}}","{""BINARY_EVENT_RISK"": true, ""EXCESSIVE_EXTENSION"": true, ""EXCESSIVE_UNCONFIRMED_GAP"": true, ""INSUFFICIENT_LIQUIDITY"": true, ""INSUFFICIENT_MARKET_DEPTH"": true, ""NEAR_OPPOSING_BARRIER"": true, ""NO_STRUCTURAL_STOP"": true, ""NO_VALID_SETUP"": true, ""OFACTOR_BELOW_MINIMUM"": true, ""OPTION_CONTRACT_NOT_TRADABLE"": true, ""OPTION_SPREAD_TOO_WIDE"": true, ""POSITION_SIZE_NOT_FEASIBLE"": true, ""REWARD_RISK_BELOW_MINIMUM"": true, ""SETUP_EXPIRED"": true, ""SETUP_FAILED"": true, ""STALE_MARKET_DATA"": true, ""STOP_TOO_WIDE"": true}",NEXT_VALID_OPEN,BASE_CERTIFIED,UNCONSTRAINED_OPPORTUNITY,ALL_INNER_FOLDS,ALL_PRIMARY_REGIMES,PLANNED,event outcomes; fold/regime summaries; trial ledger
S1X_ABLATE_TSQ,STAGE1_XFACTOR_SCREENING,COMPONENT_ABLATION,"{""ablation_factor"": ""X_TSQ"", ""diagnostic_ladders"": [""I030"", ""I050"", ""I070"", ""I100"", ""S100_D1_D5"", ""S200_D1_D5"", ""S500_D1_D5"", ""H30_1_2_5"", ""A050"", ""A100"", ""A200"", ""A500"", ""A1000"", ""A_GT1000""], ""entry_mode"": ""NEXT_VALID_OPEN"", ""exit_policy"": ""AUTHORITATIVE_OIIS_EXIT_UNCHANGED"", ""hard_gates"": {""BINARY_EVENT_RISK"": true, ""EXCESSIVE_EXTENSION"": true, ""EXCESSIVE_UNCONFIRMED_GAP"": true, ""INSUFFICIENT_LIQUIDITY"": true, ""INSUFFICIENT_MARKET_DEPTH"": true, ""NEAR_OPPOSING_BARRIER"": true, ""NO_STRUCTURAL_STOP"": true, ""NO_VALID_SETUP"": true, ""OFACTOR_BELOW_MINIMUM"": true, ""OPTION_CONTRACT_NOT_TRADABLE"": true, ""OPTION_SPREAD_TOO_WIDE"": true, ""POSITION_SIZE_NOT_FEASIBLE"": true, ""REWARD_RISK_BELOW_MINIMUM"": true, ""SETUP_EXPIRED"": true, ""SETUP_FAILED"": true, ""STALE_MARKET_DATA"": true, ""STOP_TOO_WIDE"": true}, ""ofactor_min"": 74, ""ofactor_weights"": {""CCS"": 0.04, ""ICS"": 0.1, ""LTS"": 0.06, ""MFS"": 0.18, ""MQS"": 0.12, ""MRS"": 0.08, ""RSS"": 0.1, ""SRS"": 0.14, ""TQS"": 0.18}, ""xfactor_tier_a"": 84, ""xfactor_tier_b"": 76, ""xfactor_weights"": {""ELQ"": 0.206186, ""IOQ"": 0.030928, ""LSQ"": 0.061856, ""MSS"": 0.061856, ""RRQ"": 0.14433, ""SIQ"": 0.14433, ""SIS"": 0.185567, ""TCS"": 0.164948, ""TSQ"": 0.0}}","{""ofactor_min"": 74, ""xfactor_tier_a"": 84, ""xfactor_tier_b"": 76}","{""ofactor"": {""CCS"": 0.04, ""ICS"": 0.1, ""LTS"": 0.06, ""MFS"": 0.18, ""MQS"": 0.12, ""MRS"": 0.08, ""RSS"": 0.1, ""SRS"": 0.14, ""TQS"": 0.18}, ""xfactor"": {""ELQ"": 0.206186, ""IOQ"": 0.030928, ""LSQ"": 0.061856, ""MSS"": 0.061856, ""RRQ"": 0.14433, ""SIQ"": 0.14433, ""SIS"": 0.185567, ""TCS"": 0.164948, ""TSQ"": 0.0}}","{""BINARY_EVENT_RISK"": true, ""EXCESSIVE_EXTENSION"": true, ""EXCESSIVE_UNCONFIRMED_GAP"": true, ""INSUFFICIENT_LIQUIDITY"": true, ""INSUFFICIENT_MARKET_DEPTH"": true, ""NEAR_OPPOSING_BARRIER"": true, ""NO_STRUCTURAL_STOP"": true, ""NO_VALID_SETUP"": true, ""OFACTOR_BELOW_MINIMUM"": true, ""OPTION_CONTRACT_NOT_TRADABLE"": true, ""OPTION_SPREAD_TOO_WIDE"": true, ""POSITION_SIZE_NOT_FEASIBLE"": true, ""REWARD_RISK_BELOW_MINIMUM"": true, ""SETUP_EXPIRED"": true, ""SETUP_FAILED"": true, ""STALE_MARKET_DATA"": true, ""STOP_TOO_WIDE"": true}",NEXT_VALID_OPEN,BASE_CERTIFIED,UNCONSTRAINED_OPPORTUNITY,ALL_INNER_FOLDS,ALL_PRIMARY_REGIMES,PLANNED,event outcomes; fold/regime summaries; trial ledger
S1X_ABLATE_IOQ,STAGE1_XFACTOR_SCREENING,COMPONENT_ABLATION,"{""ablation_factor"": ""X_IOQ"", ""diagnostic_ladders"": [""I030"", ""I050"", ""I070"", ""I100"", ""S100_D1_D5"", ""S200_D1_D5"", ""S500_D1_D5"", ""H30_1_2_5"", ""A050"", ""A100"", ""A200"", ""A500"", ""A1000"", ""A_GT1000""], ""entry_mode"": ""NEXT_VALID_OPEN"", ""exit_policy"": ""AUTHORITATIVE_OIIS_EXIT_UNCHANGED"", ""hard_gates"": {""BINARY_EVENT_RISK"": true, ""EXCESSIVE_EXTENSION"": true, ""EXCESSIVE_UNCONFIRMED_GAP"": true, ""INSUFFICIENT_LIQUIDITY"": true, ""INSUFFICIENT_MARKET_DEPTH"": true, ""NEAR_OPPOSING_BARRIER"": true, ""NO_STRUCTURAL_STOP"": true, ""NO_VALID_SETUP"": true, ""OFACTOR_BELOW_MINIMUM"": true, ""OPTION_CONTRACT_NOT_TRADABLE"": true, ""OPTION_SPREAD_TOO_WIDE"": true, ""POSITION_SIZE_NOT_FEASIBLE"": true, ""REWARD_RISK_BELOW_MINIMUM"": true, ""SETUP_EXPIRED"": true, ""SETUP_FAILED"": true, ""STALE_MARKET_DATA"": true, ""STOP_TOO_WIDE"": true}, ""ofactor_min"": 74, ""ofactor_weights"": {""CCS"": 0.04, ""ICS"": 0.1, ""LTS"": 0.06, ""MFS"": 0.18, ""MQS"": 0.12, ""MRS"": 0.08, ""RSS"": 0.1, ""SRS"": 0.14, ""TQS"": 0.18}, ""xfactor_tier_a"": 84, ""xfactor_tier_b"": 76, ""xfactor_weights"": {""ELQ"": 0.206186, ""IOQ"": 0.0, ""LSQ"": 0.061856, ""MSS"": 0.061856, ""RRQ"": 0.14433, ""SIQ"": 0.14433, ""SIS"": 0.185567, ""TCS"": 0.164948, ""TSQ"": 0.030928}}","{""ofactor_min"": 74, ""xfactor_tier_a"": 84, ""xfactor_tier_b"": 76}","{""ofactor"": {""CCS"": 0.04, ""ICS"": 0.1, ""LTS"": 0.06, ""MFS"": 0.18, ""MQS"": 0.12, ""MRS"": 0.08, ""RSS"": 0.1, ""SRS"": 0.14, ""TQS"": 0.18}, ""xfactor"": {""ELQ"": 0.206186, ""IOQ"": 0.0, ""LSQ"": 0.061856, ""MSS"": 0.061856, ""RRQ"": 0.14433, ""SIQ"": 0.14433, ""SIS"": 0.185567, ""TCS"": 0.164948, ""TSQ"": 0.030928}}","{""BINARY_EVENT_RISK"": true, ""EXCESSIVE_EXTENSION"": true, ""EXCESSIVE_UNCONFIRMED_GAP"": true, ""INSUFFICIENT_LIQUIDITY"": true, ""INSUFFICIENT_MARKET_DEPTH"": true, ""NEAR_OPPOSING_BARRIER"": true, ""NO_STRUCTURAL_STOP"": true, ""NO_VALID_SETUP"": true, ""OFACTOR_BELOW_MINIMUM"": true, ""OPTION_CONTRACT_NOT_TRADABLE"": true, ""OPTION_SPREAD_TOO_WIDE"": true, ""POSITION_SIZE_NOT_FEASIBLE"": true, ""REWARD_RISK_BELOW_MINIMUM"": true, ""SETUP_EXPIRED"": true, ""SETUP_FAILED"": true, ""STALE_MARKET_DATA"": true, ""STOP_TOO_WIDE"": true}",NEXT_VALID_OPEN,BASE_CERTIFIED,UNCONSTRAINED_OPPORTUNITY,ALL_INNER_FOLDS,ALL_PRIMARY_REGIMES,PLANNED,event outcomes; fold/regime summaries; trial ledger
S1X_MIX_01,STAGE1_XFACTOR_SCREENING,CONSTRAINED_MAXIMIN_MIXTURE,"{""diagnostic_ladders"": [""I030"", ""I050"", ""I070"", ""I100"", ""S100_D1_D5"", ""S200_D1_D5"", ""S500_D1_D5"", ""H30_1_2_5"", ""A050"", ""A100"", ""A200"", ""A500"", ""A1000"", ""A_GT1000""], ""entry_mode"": ""NEXT_VALID_OPEN"", ""exit_policy"": ""AUTHORITATIVE_OIIS_EXIT_UNCHANGED"", ""hard_gates"": {""BINARY_EVENT_RISK"": true, ""EXCESSIVE_EXTENSION"": true, ""EXCESSIVE_UNCONFIRMED_GAP"": true, ""INSUFFICIENT_LIQUIDITY"": true, ""INSUFFICIENT_MARKET_DEPTH"": true, ""NEAR_OPPOSING_BARRIER"": true, ""NO_STRUCTURAL_STOP"": true, ""NO_VALID_SETUP"": true, ""OFACTOR_BELOW_MINIMUM"": true, ""OPTION_CONTRACT_NOT_TRADABLE"": true, ""OPTION_SPREAD_TOO_WIDE"": true, ""POSITION_SIZE_NOT_FEASIBLE"": true, ""REWARD_RISK_BELOW_MINIMUM"": true, ""SETUP_EXPIRED"": true, ""SETUP_FAILED"": true, ""STALE_MARKET_DATA"": true, ""STOP_TOO_WIDE"": true}, ""ofactor_min"": 74, ""ofactor_weights"": {""CCS"": 0.04, ""ICS"": 0.1, ""LTS"": 0.06, ""MFS"": 0.18, ""MQS"": 0.12, ""MRS"": 0.08, ""RSS"": 0.1, ""SRS"": 0.14, ""TQS"": 0.18}, ""xfactor_tier_a"": 84, ""xfactor_tier_b"": 76, ""xfactor_weights"": {""ELQ"": 0.206486, ""IOQ"": 0.060298, ""LSQ"": 0.121877, ""MSS"": 0.066931, ""RRQ"": 0.105937, ""SIQ"": 0.160284, ""SIS"": 0.14199, ""TCS"": 0.113993, ""TSQ"": 0.022203}}","{""ofactor_min"": 74, ""xfactor_tier_a"": 84, ""xfactor_tier_b"": 76}","{""ofactor"": {""CCS"": 0.04, ""ICS"": 0.1, ""LTS"": 0.06, ""MFS"": 0.18, ""MQS"": 0.12, ""MRS"": 0.08, ""RSS"": 0.1, ""SRS"": 0.14, ""TQS"": 0.18}, ""xfactor"": {""ELQ"": 0.206486, ""IOQ"": 0.060298, ""LSQ"": 0.121877, ""MSS"": 0.066931, ""RRQ"": 0.105937, ""SIQ"": 0.160284, ""SIS"": 0.14199, ""TCS"": 0.113993, ""TSQ"": 0.022203}}","{""BINARY_EVENT_RISK"": true, ""EXCESSIVE_EXTENSION"": true, ""EXCESSIVE_UNCONFIRMED_GAP"": true, ""INSUFFICIENT_LIQUIDITY"": true, ""INSUFFICIENT_MARKET_DEPTH"": true, ""NEAR_OPPOSING_BARRIER"": true, ""NO_STRUCTURAL_STOP"": true, ""NO_VALID_SETUP"": true, ""OFACTOR_BELOW_MINIMUM"": true, ""OPTION_CONTRACT_NOT_TRADABLE"": true, ""OPTION_SPREAD_TOO_WIDE"": true, ""POSITION_SIZE_NOT_FEASIBLE"": true, ""REWARD_RISK_BELOW_MINIMUM"": true, ""SETUP_EXPIRED"": true, ""SETUP_FAILED"": true, ""STALE_MARKET_DATA"": true, ""STOP_TOO_WIDE"": true}",NEXT_VALID_OPEN,BASE_CERTIFIED,UNCONSTRAINED_OPPORTUNITY,ALL_INNER_FOLDS,ALL_PRIMARY_REGIMES,PLANNED,event outcomes; fold/regime summaries; trial ledger
S1X_MIX_02,STAGE1_XFACTOR_SCREENING,CONSTRAINED_MAXIMIN_MIXTURE,"{""diagnostic_ladders"": [""I030"", ""I050"", ""I070"", ""I100"", ""S100_D1_D5"", ""S200_D1_D5"", ""S500_D1_D5"", ""H30_1_2_5"", ""A050"", ""A100"", ""A200"", ""A500"", ""A1000"", ""A_GT1000""], ""entry_mode"": ""NEXT_VALID_OPEN"", ""exit_policy"": ""AUTHORITATIVE_OIIS_EXIT_UNCHANGED"", ""hard_gates"": {""BINARY_EVENT_RISK"": true, ""EXCESSIVE_EXTENSION"": true, ""EXCESSIVE_UNCONFIRMED_GAP"": true, ""INSUFFICIENT_LIQUIDITY"": true, ""INSUFFICIENT_MARKET_DEPTH"": true, ""NEAR_OPPOSING_BARRIER"": true, ""NO_STRUCTURAL_STOP"": true, ""NO_VALID_SETUP"": true, ""OFACTOR_BELOW_MINIMUM"": true, ""OPTION_CONTRACT_NOT_TRADABLE"": true, ""OPTION_SPREAD_TOO_WIDE"": true, ""POSITION_SIZE_NOT_FEASIBLE"": true, ""REWARD_RISK_BELOW_MINIMUM"": true, ""SETUP_EXPIRED"": true, ""SETUP_FAILED"": true, ""STALE_MARKET_DATA"": true, ""STOP_TOO_WIDE"": true}, ""ofactor_min"": 74, ""ofactor_weights"": {""CCS"": 0.04, ""ICS"": 0.1, ""LTS"": 0.06, ""MFS"": 0.18, ""MQS"": 0.12, ""MRS"": 0.08, ""RSS"": 0.1, ""SRS"": 0.14, ""TQS"": 0.18}, ""xfactor_tier_a"": 84, ""xfactor_tier_b"": 76, ""xfactor_weights"": {""ELQ"": 0.280427, ""IOQ"": 0.015823, ""LSQ"": 0.031833, ""MSS"": 0.060768, ""RRQ"": 0.126859, ""SIQ"": 0.076024, ""SIS"": 0.131034, ""TCS"": 0.234673, ""TSQ"": 0.04256}}","{""ofactor_min"": 74, ""xfactor_tier_a"": 84, ""xfactor_tier_b"": 76}","{""ofactor"": {""CCS"": 0.04, ""ICS"": 0.1, ""LTS"": 0.06, ""MFS"": 0.18, ""MQS"": 0.12, ""MRS"": 0.08, ""RSS"": 0.1, ""SRS"": 0.14, ""TQS"": 0.18}, ""xfactor"": {""ELQ"": 0.280427, ""IOQ"": 0.015823, ""LSQ"": 0.031833, ""MSS"": 0.060768, ""RRQ"": 0.126859, ""SIQ"": 0.076024, ""SIS"": 0.131034, ""TCS"": 0.234673, ""TSQ"": 0.04256}}","{""BINARY_EVENT_RISK"": true, ""EXCESSIVE_EXTENSION"": true, ""EXCESSIVE_UNCONFIRMED_GAP"": true, ""INSUFFICIENT_LIQUIDITY"": true, ""INSUFFICIENT_MARKET_DEPTH"": true, ""NEAR_OPPOSING_BARRIER"": true, ""NO_STRUCTURAL_STOP"": true, ""NO_VALID_SETUP"": true, ""OFACTOR_BELOW_MINIMUM"": true, ""OPTION_CONTRACT_NOT_TRADABLE"": true, ""OPTION_SPREAD_TOO_WIDE"": true, ""POSITION_SIZE_NOT_FEASIBLE"": true, ""REWARD_RISK_BELOW_MINIMUM"": true, ""SETUP_EXPIRED"": true, ""SETUP_FAILED"": true, ""STALE_MARKET_DATA"": true, ""STOP_TOO_WIDE"": true}",NEXT_VALID_OPEN,BASE_CERTIFIED,UNCONSTRAINED_OPPORTUNITY,ALL_INNER_FOLDS,ALL_PRIMARY_REGIMES,PLANNED,event outcomes; fold/regime summaries; trial ledger
S1X_MIX_03,STAGE1_XFACTOR_SCREENING,CONSTRAINED_MAXIMIN_MIXTURE,"{""diagnostic_ladders"": [""I030"", ""I050"", ""I070"", ""I100"", ""S100_D1_D5"", ""S200_D1_D5"", ""S500_D1_D5"", ""H30_1_2_5"", ""A050"", ""A100"", ""A200"", ""A500"", ""A1000"", ""A_GT1000""], ""entry_mode"": ""NEXT_VALID_OPEN"", ""exit_policy"": ""AUTHORITATIVE_OIIS_EXIT_UNCHANGED"", ""hard_gates"": {""BINARY_EVENT_RISK"": true, ""EXCESSIVE_EXTENSION"": true, ""EXCESSIVE_UNCONFIRMED_GAP"": true, ""INSUFFICIENT_LIQUIDITY"": true, ""INSUFFICIENT_MARKET_DEPTH"": true, ""NEAR_OPPOSING_BARRIER"": true, ""NO_STRUCTURAL_STOP"": true, ""NO_VALID_SETUP"": true, ""OFACTOR_BELOW_MINIMUM"": true, ""OPTION_CONTRACT_NOT_TRADABLE"": true, ""OPTION_SPREAD_TOO_WIDE"": true, ""POSITION_SIZE_NOT_FEASIBLE"": true, ""REWARD_RISK_BELOW_MINIMUM"": true, ""SETUP_EXPIRED"": true, ""SETUP_FAILED"": true, ""STALE_MARKET_DATA"": true, ""STOP_TOO_WIDE"": true}, ""ofactor_min"": 74, ""ofactor_weights"": {""CCS"": 0.04, ""ICS"": 0.1, ""LTS"": 0.06, ""MFS"": 0.18, ""MQS"": 0.12, ""MRS"": 0.08, ""RSS"": 0.1, ""SRS"": 0.14, ""TQS"": 0.18}, ""xfactor_tier_a"": 84, ""xfactor_tier_b"": 76, ""xfactor_weights"": {""ELQ"": 0.106033, ""IOQ"": 0.027819, ""LSQ"": 0.038021, ""MSS"": 0.035644, ""RRQ"": 0.202646, ""SIQ"": 0.202078, ""SIS"": 0.262095, ""TCS"": 0.107128, ""TSQ"": 0.018537}}","{""ofactor_min"": 74, ""xfactor_tier_a"": 84, ""xfactor_tier_b"": 76}","{""ofactor"": {""CCS"": 0.04, ""ICS"": 0.1, ""LTS"": 0.06, ""MFS"": 0.18, ""MQS"": 0.12, ""MRS"": 0.08, ""RSS"": 0.1, ""SRS"": 0.14, ""TQS"": 0.18}, ""xfactor"": {""ELQ"": 0.106033, ""IOQ"": 0.027819, ""LSQ"": 0.038021, ""MSS"": 0.035644, ""RRQ"": 0.202646, ""SIQ"": 0.202078, ""SIS"": 0.262095, ""TCS"": 0.107128, ""TSQ"": 0.018537}}","{""BINARY_EVENT_RISK"": true, ""EXCESSIVE_EXTENSION"": true, ""EXCESSIVE_UNCONFIRMED_GAP"": true, ""INSUFFICIENT_LIQUIDITY"": true, ""INSUFFICIENT_MARKET_DEPTH"": true, ""NEAR_OPPOSING_BARRIER"": true, ""NO_STRUCTURAL_STOP"": true, ""NO_VALID_SETUP"": true, ""OFACTOR_BELOW_MINIMUM"": true, ""OPTION_CONTRACT_NOT_TRADABLE"": true, ""OPTION_SPREAD_TOO_WIDE"": true, ""POSITION_SIZE_NOT_FEASIBLE"": true, ""REWARD_RISK_BELOW_MINIMUM"": true, ""SETUP_EXPIRED"": true, ""SETUP_FAILED"": true, ""STALE_MARKET_DATA"": true, ""STOP_TOO_WIDE"": true}",NEXT_VALID_OPEN,BASE_CERTIFIED,UNCONSTRAINED_OPPORTUNITY,ALL_INNER_FOLDS,ALL_PRIMARY_REGIMES,PLANNED,event outcomes; fold/regime summaries; trial ledger
S1X_MIX_04,STAGE1_XFACTOR_SCREENING,CONSTRAINED_MAXIMIN_MIXTURE,"{""diagnostic_ladders"": [""I030"", ""I050"", ""I070"", ""I100"", ""S100_D1_D5"", ""S200_D1_D5"", ""S500_D1_D5"", ""H30_1_2_5"", ""A050"", ""A100"", ""A200"", ""A500"", ""A1000"", ""A_GT1000""], ""entry_mode"": ""NEXT_VALID_OPEN"", ""exit_policy"": ""AUTHORITATIVE_OIIS_EXIT_UNCHANGED"", ""hard_gates"": {""BINARY_EVENT_RISK"": true, ""EXCESSIVE_EXTENSION"": true, ""EXCESSIVE_UNCONFIRMED_GAP"": true, ""INSUFFICIENT_LIQUIDITY"": true, ""INSUFFICIENT_MARKET_DEPTH"": true, ""NEAR_OPPOSING_BARRIER"": true, ""NO_STRUCTURAL_STOP"": true, ""NO_VALID_SETUP"": true, ""OFACTOR_BELOW_MINIMUM"": true, ""OPTION_CONTRACT_NOT_TRADABLE"": true, ""OPTION_SPREAD_TOO_WIDE"": true, ""POSITION_SIZE_NOT_FEASIBLE"": true, ""REWARD_RISK_BELOW_MINIMUM"": true, ""SETUP_EXPIRED"": true, ""SETUP_FAILED"": true, ""STALE_MARKET_DATA"": true, ""STOP_TOO_WIDE"": true}, ""ofactor_min"": 74, ""ofactor_weights"": {""CCS"": 0.04, ""ICS"": 0.1, ""LTS"": 0.06, ""MFS"": 0.18, ""MQS"": 0.12, ""MRS"": 0.08, ""RSS"": 0.1, ""SRS"": 0.14, ""TQS"": 0.18}, ""xfactor_tier_a"": 84, ""xfactor_tier_b"": 76, ""xfactor_weights"": {""ELQ"": 0.126989, ""IOQ"": 0.052315, ""LSQ"": 0.038326, ""MSS"": 0.105811, ""RRQ"": 0.231269, ""SIQ"": 0.127824, ""SIS"": 0.109349, ""TCS"": 0.161237, ""TSQ"": 0.04688}}","{""ofactor_min"": 74, ""xfactor_tier_a"": 84, ""xfactor_tier_b"": 76}","{""ofactor"": {""CCS"": 0.04, ""ICS"": 0.1, ""LTS"": 0.06, ""MFS"": 0.18, ""MQS"": 0.12, ""MRS"": 0.08, ""RSS"": 0.1, ""SRS"": 0.14, ""TQS"": 0.18}, ""xfactor"": {""ELQ"": 0.126989, ""IOQ"": 0.052315, ""LSQ"": 0.038326, ""MSS"": 0.105811, ""RRQ"": 0.231269, ""SIQ"": 0.127824, ""SIS"": 0.109349, ""TCS"": 0.161237, ""TSQ"": 0.04688}}","{""BINARY_EVENT_RISK"": true, ""EXCESSIVE_EXTENSION"": true, ""EXCESSIVE_UNCONFIRMED_GAP"": true, ""INSUFFICIENT_LIQUIDITY"": true, ""INSUFFICIENT_MARKET_DEPTH"": true, ""NEAR_OPPOSING_BARRIER"": true, ""NO_STRUCTURAL_STOP"": true, ""NO_VALID_SETUP"": true, ""OFACTOR_BELOW_MINIMUM"": true, ""OPTION_CONTRACT_NOT_TRADABLE"": true, ""OPTION_SPREAD_TOO_WIDE"": true, ""POSITION_SIZE_NOT_FEASIBLE"": true, ""REWARD_RISK_BELOW_MINIMUM"": true, ""SETUP_EXPIRED"": true, ""SETUP_FAILED"": true, ""STALE_MARKET_DATA"": true, ""STOP_TOO_WIDE"": true}",NEXT_VALID_OPEN,BASE_CERTIFIED,UNCONSTRAINED_OPPORTUNITY,ALL_INNER_FOLDS,ALL_PRIMARY_REGIMES,PLANNED,event outcomes; fold/regime summaries; trial ledger
S1X_MIX_05,STAGE1_XFACTOR_SCREENING,CONSTRAINED_MAXIMIN_MIXTURE,"{""diagnostic_ladders"": [""I030"", ""I050"", ""I070"", ""I100"", ""S100_D1_D5"", ""S200_D1_D5"", ""S500_D1_D5"", ""H30_1_2_5"", ""A050"", ""A100"", ""A200"", ""A500"", ""A1000"", ""A_GT1000""], ""entry_mode"": ""NEXT_VALID_OPEN"", ""exit_policy"": ""AUTHORITATIVE_OIIS_EXIT_UNCHANGED"", ""hard_gates"": {""BINARY_EVENT_RISK"": true, ""EXCESSIVE_EXTENSION"": true, ""EXCESSIVE_UNCONFIRMED_GAP"": true, ""INSUFFICIENT_LIQUIDITY"": true, ""INSUFFICIENT_MARKET_DEPTH"": true, ""NEAR_OPPOSING_BARRIER"": true, ""NO_STRUCTURAL_STOP"": true, ""NO_VALID_SETUP"": true, ""OFACTOR_BELOW_MINIMUM"": true, ""OPTION_CONTRACT_NOT_TRADABLE"": true, ""OPTION_SPREAD_TOO_WIDE"": true, ""POSITION_SIZE_NOT_FEASIBLE"": true, ""REWARD_RISK_BELOW_MINIMUM"": true, ""SETUP_EXPIRED"": true, ""SETUP_FAILED"": true, ""STALE_MARKET_DATA"": true, ""STOP_TOO_WIDE"": true}, ""ofactor_min"": 74, ""ofactor_weights"": {""CCS"": 0.04, ""ICS"": 0.1, ""LTS"": 0.06, ""MFS"": 0.18, ""MQS"": 0.12, ""MRS"": 0.08, ""RSS"": 0.1, ""SRS"": 0.14, ""TQS"": 0.18}, ""xfactor_tier_a"": 84, ""xfactor_tier_b"": 76, ""xfactor_weights"": {""ELQ"": 0.207817, ""IOQ"": 0.018252, ""LSQ"": 0.092732, ""MSS"": 0.096133, ""RRQ"": 0.2385, ""SIQ"": 0.08585, ""SIS"": 0.137212, ""TCS"": 0.104254, ""TSQ"": 0.019251}}","{""ofactor_min"": 74, ""xfactor_tier_a"": 84, ""xfactor_tier_b"": 76}","{""ofactor"": {""CCS"": 0.04, ""ICS"": 0.1, ""LTS"": 0.06, ""MFS"": 0.18, ""MQS"": 0.12, ""MRS"": 0.08, ""RSS"": 0.1, ""SRS"": 0.14, ""TQS"": 0.18}, ""xfactor"": {""ELQ"": 0.207817, ""IOQ"": 0.018252, ""LSQ"": 0.092732, ""MSS"": 0.096133, ""RRQ"": 0.2385, ""SIQ"": 0.08585, ""SIS"": 0.137212, ""TCS"": 0.104254, ""TSQ"": 0.019251}}","{""BINARY_EVENT_RISK"": true, ""EXCESSIVE_EXTENSION"": true, ""EXCESSIVE_UNCONFIRMED_GAP"": true, ""INSUFFICIENT_LIQUIDITY"": true, ""INSUFFICIENT_MARKET_DEPTH"": true, ""NEAR_OPPOSING_BARRIER"": true, ""NO_STRUCTURAL_STOP"": true, ""NO_VALID_SETUP"": true, ""OFACTOR_BELOW_MINIMUM"": true, ""OPTION_CONTRACT_NOT_TRADABLE"": true, ""OPTION_SPREAD_TOO_WIDE"": true, ""POSITION_SIZE_NOT_FEASIBLE"": true, ""REWARD_RISK_BELOW_MINIMUM"": true, ""SETUP_EXPIRED"": true, ""SETUP_FAILED"": true, ""STALE_MARKET_DATA"": true, ""STOP_TOO_WIDE"": true}",NEXT_VALID_OPEN,BASE_CERTIFIED,UNCONSTRAINED_OPPORTUNITY,ALL_INNER_FOLDS,ALL_PRIMARY_REGIMES,PLANNED,event outcomes; fold/regime summaries; trial ledger
S1X_MIX_06,STAGE1_XFACTOR_SCREENING,CONSTRAINED_MAXIMIN_MIXTURE,"{""diagnostic_ladders"": [""I030"", ""I050"", ""I070"", ""I100"", ""S100_D1_D5"", ""S200_D1_D5"", ""S500_D1_D5"", ""H30_1_2_5"", ""A050"", ""A100"", ""A200"", ""A500"", ""A1000"", ""A_GT1000""], ""entry_mode"": ""NEXT_VALID_OPEN"", ""exit_policy"": ""AUTHORITATIVE_OIIS_EXIT_UNCHANGED"", ""hard_gates"": {""BINARY_EVENT_RISK"": true, ""EXCESSIVE_EXTENSION"": true, ""EXCESSIVE_UNCONFIRMED_GAP"": true, ""INSUFFICIENT_LIQUIDITY"": true, ""INSUFFICIENT_MARKET_DEPTH"": true, ""NEAR_OPPOSING_BARRIER"": true, ""NO_STRUCTURAL_STOP"": true, ""NO_VALID_SETUP"": true, ""OFACTOR_BELOW_MINIMUM"": true, ""OPTION_CONTRACT_NOT_TRADABLE"": true, ""OPTION_SPREAD_TOO_WIDE"": true, ""POSITION_SIZE_NOT_FEASIBLE"": true, ""REWARD_RISK_BELOW_MINIMUM"": true, ""SETUP_EXPIRED"": true, ""SETUP_FAILED"": true, ""STALE_MARKET_DATA"": true, ""STOP_TOO_WIDE"": true}, ""ofactor_min"": 74, ""ofactor_weights"": {""CCS"": 0.04, ""ICS"": 0.1, ""LTS"": 0.06, ""MFS"": 0.18, ""MQS"": 0.12, ""MRS"": 0.08, ""RSS"": 0.1, ""SRS"": 0.14, ""TQS"": 0.18}, ""xfactor_tier_a"": 84, ""xfactor_tier_b"": 76, ""xfactor_weights"": {""ELQ"": 0.203308, ""IOQ"": 0.032238, ""LSQ"": 0.087639, ""MSS"": 0.039841, ""RRQ"": 0.098341, ""SIQ"": 0.107128, ""SIS"": 0.288097, ""TCS"": 0.093346, ""TSQ"": 0.050062}}","{""ofactor_min"": 74, ""xfactor_tier_a"": 84, ""xfactor_tier_b"": 76}","{""ofactor"": {""CCS"": 0.04, ""ICS"": 0.1, ""LTS"": 0.06, ""MFS"": 0.18, ""MQS"": 0.12, ""MRS"": 0.08, ""RSS"": 0.1, ""SRS"": 0.14, ""TQS"": 0.18}, ""xfactor"": {""ELQ"": 0.203308, ""IOQ"": 0.032238, ""LSQ"": 0.087639, ""MSS"": 0.039841, ""RRQ"": 0.098341, ""SIQ"": 0.107128, ""SIS"": 0.288097, ""TCS"": 0.093346, ""TSQ"": 0.050062}}","{""BINARY_EVENT_RISK"": true, ""EXCESSIVE_EXTENSION"": true, ""EXCESSIVE_UNCONFIRMED_GAP"": true, ""INSUFFICIENT_LIQUIDITY"": true, ""INSUFFICIENT_MARKET_DEPTH"": true, ""NEAR_OPPOSING_BARRIER"": true, ""NO_STRUCTURAL_STOP"": true, ""NO_VALID_SETUP"": true, ""OFACTOR_BELOW_MINIMUM"": true, ""OPTION_CONTRACT_NOT_TRADABLE"": true, ""OPTION_SPREAD_TOO_WIDE"": true, ""POSITION_SIZE_NOT_FEASIBLE"": true, ""REWARD_RISK_BELOW_MINIMUM"": true, ""SETUP_EXPIRED"": true, ""SETUP_FAILED"": true, ""STALE_MARKET_DATA"": true, ""STOP_TOO_WIDE"": true}",NEXT_VALID_OPEN,BASE_CERTIFIED,UNCONSTRAINED_OPPORTUNITY,ALL_INNER_FOLDS,ALL_PRIMARY_REGIMES,PLANNED,event outcomes; fold/regime summaries; trial ledger
S1X_MIX_07,STAGE1_XFACTOR_SCREENING,CONSTRAINED_MAXIMIN_MIXTURE,"{""diagnostic_ladders"": [""I030"", ""I050"", ""I070"", ""I100"", ""S100_D1_D5"", ""S200_D1_D5"", ""S500_D1_D5"", ""H30_1_2_5"", ""A050"", ""A100"", ""A200"", ""A500"", ""A1000"", ""A_GT1000""], ""entry_mode"": ""NEXT_VALID_OPEN"", ""exit_policy"": ""AUTHORITATIVE_OIIS_EXIT_UNCHANGED"", ""hard_gates"": {""BINARY_EVENT_RISK"": true, ""EXCESSIVE_EXTENSION"": true, ""EXCESSIVE_UNCONFIRMED_GAP"": true, ""INSUFFICIENT_LIQUIDITY"": true, ""INSUFFICIENT_MARKET_DEPTH"": true, ""NEAR_OPPOSING_BARRIER"": true, ""NO_STRUCTURAL_STOP"": true, ""NO_VALID_SETUP"": true, ""OFACTOR_BELOW_MINIMUM"": true, ""OPTION_CONTRACT_NOT_TRADABLE"": true, ""OPTION_SPREAD_TOO_WIDE"": true, ""POSITION_SIZE_NOT_FEASIBLE"": true, ""REWARD_RISK_BELOW_MINIMUM"": true, ""SETUP_EXPIRED"": true, ""SETUP_FAILED"": true, ""STALE_MARKET_DATA"": true, ""STOP_TOO_WIDE"": true}, ""ofactor_min"": 74, ""ofactor_weights"": {""CCS"": 0.04, ""ICS"": 0.1, ""LTS"": 0.06, ""MFS"": 0.18, ""MQS"": 0.12, ""MRS"": 0.08, ""RSS"": 0.1, ""SRS"": 0.14, ""TQS"": 0.18}, ""xfactor_tier_a"": 84, ""xfactor_tier_b"": 76, ""xfactor_weights"": {""ELQ"": 0.116079, ""IOQ"": 0.024629, ""LSQ"": 0.091639, ""MSS"": 0.08757, ""RRQ"": 0.098941, ""SIQ"": 0.208926, ""SIS"": 0.096636, ""TCS"": 0.240723, ""TSQ"": 0.034856}}","{""ofactor_min"": 74, ""xfactor_tier_a"": 84, ""xfactor_tier_b"": 76}","{""ofactor"": {""CCS"": 0.04, ""ICS"": 0.1, ""LTS"": 0.06, ""MFS"": 0.18, ""MQS"": 0.12, ""MRS"": 0.08, ""RSS"": 0.1, ""SRS"": 0.14, ""TQS"": 0.18}, ""xfactor"": {""ELQ"": 0.116079, ""IOQ"": 0.024629, ""LSQ"": 0.091639, ""MSS"": 0.08757, ""RRQ"": 0.098941, ""SIQ"": 0.208926, ""SIS"": 0.096636, ""TCS"": 0.240723, ""TSQ"": 0.034856}}","{""BINARY_EVENT_RISK"": true, ""EXCESSIVE_EXTENSION"": true, ""EXCESSIVE_UNCONFIRMED_GAP"": true, ""INSUFFICIENT_LIQUIDITY"": true, ""INSUFFICIENT_MARKET_DEPTH"": true, ""NEAR_OPPOSING_BARRIER"": true, ""NO_STRUCTURAL_STOP"": true, ""NO_VALID_SETUP"": true, ""OFACTOR_BELOW_MINIMUM"": true, ""OPTION_CONTRACT_NOT_TRADABLE"": true, ""OPTION_SPREAD_TOO_WIDE"": true, ""POSITION_SIZE_NOT_FEASIBLE"": true, ""REWARD_RISK_BELOW_MINIMUM"": true, ""SETUP_EXPIRED"": true, ""SETUP_FAILED"": true, ""STALE_MARKET_DATA"": true, ""STOP_TOO_WIDE"": true}",NEXT_VALID_OPEN,BASE_CERTIFIED,UNCONSTRAINED_OPPORTUNITY,ALL_INNER_FOLDS,ALL_PRIMARY_REGIMES,PLANNED,event outcomes; fold/regime summaries; trial ledger
S1X_MIX_08,STAGE1_XFACTOR_SCREENING,CONSTRAINED_MAXIMIN_MIXTURE,"{""diagnostic_ladders"": [""I030"", ""I050"", ""I070"", ""I100"", ""S100_D1_D5"", ""S200_D1_D5"", ""S500_D1_D5"", ""H30_1_2_5"", ""A050"", ""A100"", ""A200"", ""A500"", ""A1000"", ""A_GT1000""], ""entry_mode"": ""NEXT_VALID_OPEN"", ""exit_policy"": ""AUTHORITATIVE_OIIS_EXIT_UNCHANGED"", ""hard_gates"": {""BINARY_EVENT_RISK"": true, ""EXCESSIVE_EXTENSION"": true, ""EXCESSIVE_UNCONFIRMED_GAP"": true, ""INSUFFICIENT_LIQUIDITY"": true, ""INSUFFICIENT_MARKET_DEPTH"": true, ""NEAR_OPPOSING_BARRIER"": true, ""NO_STRUCTURAL_STOP"": true, ""NO_VALID_SETUP"": true, ""OFACTOR_BELOW_MINIMUM"": true, ""OPTION_CONTRACT_NOT_TRADABLE"": true, ""OPTION_SPREAD_TOO_WIDE"": true, ""POSITION_SIZE_NOT_FEASIBLE"": true, ""REWARD_RISK_BELOW_MINIMUM"": true, ""SETUP_EXPIRED"": true, ""SETUP_FAILED"": true, ""STALE_MARKET_DATA"": true, ""STOP_TOO_WIDE"": true}, ""ofactor_min"": 74, ""ofactor_weights"": {""CCS"": 0.04, ""ICS"": 0.1, ""LTS"": 0.06, ""MFS"": 0.18, ""MQS"": 0.12, ""MRS"": 0.08, ""RSS"": 0.1, ""SRS"": 0.14, ""TQS"": 0.18}, ""xfactor_tier_a"": 84, ""xfactor_tier_b"": 76, ""xfactor_weights"": {""ELQ"": 0.239163, ""IOQ"": 0.045547, ""LSQ"": 0.035639, ""MSS"": 0.099801, ""RRQ"": 0.083139, ""SIQ"": 0.232606, ""SIS"": 0.144549, ""TCS"": 0.092355, ""TSQ"": 0.027201}}","{""ofactor_min"": 74, ""xfactor_tier_a"": 84, ""xfactor_tier_b"": 76}","{""ofactor"": {""CCS"": 0.04, ""ICS"": 0.1, ""LTS"": 0.06, ""MFS"": 0.18, ""MQS"": 0.12, ""MRS"": 0.08, ""RSS"": 0.1, ""SRS"": 0.14, ""TQS"": 0.18}, ""xfactor"": {""ELQ"": 0.239163, ""IOQ"": 0.045547, ""LSQ"": 0.035639, ""MSS"": 0.099801, ""RRQ"": 0.083139, ""SIQ"": 0.232606, ""SIS"": 0.144549, ""TCS"": 0.092355, ""TSQ"": 0.027201}}","{""BINARY_EVENT_RISK"": true, ""EXCESSIVE_EXTENSION"": true, ""EXCESSIVE_UNCONFIRMED_GAP"": true, ""INSUFFICIENT_LIQUIDITY"": true, ""INSUFFICIENT_MARKET_DEPTH"": true, ""NEAR_OPPOSING_BARRIER"": true, ""NO_STRUCTURAL_STOP"": true, ""NO_VALID_SETUP"": true, ""OFACTOR_BELOW_MINIMUM"": true, ""OPTION_CONTRACT_NOT_TRADABLE"": true, ""OPTION_SPREAD_TOO_WIDE"": true, ""POSITION_SIZE_NOT_FEASIBLE"": true, ""REWARD_RISK_BELOW_MINIMUM"": true, ""SETUP_EXPIRED"": true, ""SETUP_FAILED"": true, ""STALE_MARKET_DATA"": true, ""STOP_TOO_WIDE"": true}",NEXT_VALID_OPEN,BASE_CERTIFIED,UNCONSTRAINED_OPPORTUNITY,ALL_INNER_FOLDS,ALL_PRIMARY_REGIMES,PLANNED,event outcomes; fold/regime summaries; trial ledger
S1X_MIX_09,STAGE1_XFACTOR_SCREENING,CONSTRAINED_MAXIMIN_MIXTURE,"{""diagnostic_ladders"": [""I030"", ""I050"", ""I070"", ""I100"", ""S100_D1_D5"", ""S200_D1_D5"", ""S500_D1_D5"", ""H30_1_2_5"", ""A050"", ""A100"", ""A200"", ""A500"", ""A1000"", ""A_GT1000""], ""entry_mode"": ""NEXT_VALID_OPEN"", ""exit_policy"": ""AUTHORITATIVE_OIIS_EXIT_UNCHANGED"", ""hard_gates"": {""BINARY_EVENT_RISK"": true, ""EXCESSIVE_EXTENSION"": true, ""EXCESSIVE_UNCONFIRMED_GAP"": true, ""INSUFFICIENT_LIQUIDITY"": true, ""INSUFFICIENT_MARKET_DEPTH"": true, ""NEAR_OPPOSING_BARRIER"": true, ""NO_STRUCTURAL_STOP"": true, ""NO_VALID_SETUP"": true, ""OFACTOR_BELOW_MINIMUM"": true, ""OPTION_CONTRACT_NOT_TRADABLE"": true, ""OPTION_SPREAD_TOO_WIDE"": true, ""POSITION_SIZE_NOT_FEASIBLE"": true, ""REWARD_RISK_BELOW_MINIMUM"": true, ""SETUP_EXPIRED"": true, ""SETUP_FAILED"": true, ""STALE_MARKET_DATA"": true, ""STOP_TOO_WIDE"": true}, ""ofactor_min"": 74, ""ofactor_weights"": {""CCS"": 0.04, ""ICS"": 0.1, ""LTS"": 0.06, ""MFS"": 0.18, ""MQS"": 0.12, ""MRS"": 0.08, ""RSS"": 0.1, ""SRS"": 0.14, ""TQS"": 0.18}, ""xfactor_tier_a"": 84, ""xfactor_tier_b"": 76, ""xfactor_weights"": {""ELQ"": 0.138775, ""IOQ"": 0.045565, ""LSQ"": 0.078988, ""MSS"": 0.042226, ""RRQ"": 0.191443, ""SIQ"": 0.085444, ""SIS"": 0.147272, ""TCS"": 0.248843, ""TSQ"": 0.021445}}","{""ofactor_min"": 74, ""xfactor_tier_a"": 84, ""xfactor_tier_b"": 76}","{""ofactor"": {""CCS"": 0.04, ""ICS"": 0.1, ""LTS"": 0.06, ""MFS"": 0.18, ""MQS"": 0.12, ""MRS"": 0.08, ""RSS"": 0.1, ""SRS"": 0.14, ""TQS"": 0.18}, ""xfactor"": {""ELQ"": 0.138775, ""IOQ"": 0.045565, ""LSQ"": 0.078988, ""MSS"": 0.042226, ""RRQ"": 0.191443, ""SIQ"": 0.085444, ""SIS"": 0.147272, ""TCS"": 0.248843, ""TSQ"": 0.021445}}","{""BINARY_EVENT_RISK"": true, ""EXCESSIVE_EXTENSION"": true, ""EXCESSIVE_UNCONFIRMED_GAP"": true, ""INSUFFICIENT_LIQUIDITY"": true, ""INSUFFICIENT_MARKET_DEPTH"": true, ""NEAR_OPPOSING_BARRIER"": true, ""NO_STRUCTURAL_STOP"": true, ""NO_VALID_SETUP"": true, ""OFACTOR_BELOW_MINIMUM"": true, ""OPTION_CONTRACT_NOT_TRADABLE"": true, ""OPTION_SPREAD_TOO_WIDE"": true, ""POSITION_SIZE_NOT_FEASIBLE"": true, ""REWARD_RISK_BELOW_MINIMUM"": true, ""SETUP_EXPIRED"": true, ""SETUP_FAILED"": true, ""STALE_MARKET_DATA"": true, ""STOP_TOO_WIDE"": true}",NEXT_VALID_OPEN,BASE_CERTIFIED,UNCONSTRAINED_OPPORTUNITY,ALL_INNER_FOLDS,ALL_PRIMARY_REGIMES,PLANNED,event outcomes; fold/regime summaries; trial ledger
S1X_MIX_10,STAGE1_XFACTOR_SCREENING,CONSTRAINED_MAXIMIN_MIXTURE,"{""diagnostic_ladders"": [""I030"", ""I050"", ""I070"", ""I100"", ""S100_D1_D5"", ""S200_D1_D5"", ""S500_D1_D5"", ""H30_1_2_5"", ""A050"", ""A100"", ""A200"", ""A500"", ""A1000"", ""A_GT1000""], ""entry_mode"": ""NEXT_VALID_OPEN"", ""exit_policy"": ""AUTHORITATIVE_OIIS_EXIT_UNCHANGED"", ""hard_gates"": {""BINARY_EVENT_RISK"": true, ""EXCESSIVE_EXTENSION"": true, ""EXCESSIVE_UNCONFIRMED_GAP"": true, ""INSUFFICIENT_LIQUIDITY"": true, ""INSUFFICIENT_MARKET_DEPTH"": true, ""NEAR_OPPOSING_BARRIER"": true, ""NO_STRUCTURAL_STOP"": true, ""NO_VALID_SETUP"": true, ""OFACTOR_BELOW_MINIMUM"": true, ""OPTION_CONTRACT_NOT_TRADABLE"": true, ""OPTION_SPREAD_TOO_WIDE"": true, ""POSITION_SIZE_NOT_FEASIBLE"": true, ""REWARD_RISK_BELOW_MINIMUM"": true, ""SETUP_EXPIRED"": true, ""SETUP_FAILED"": true, ""STALE_MARKET_DATA"": true, ""STOP_TOO_WIDE"": true}, ""ofactor_min"": 74, ""ofactor_weights"": {""CCS"": 0.04, ""ICS"": 0.1, ""LTS"": 0.06, ""MFS"": 0.18, ""MQS"": 0.12, ""MRS"": 0.08, ""RSS"": 0.1, ""SRS"": 0.14, ""TQS"": 0.18}, ""xfactor_tier_a"": 84, ""xfactor_tier_b"": 76, ""xfactor_weights"": {""ELQ"": 0.244545, ""IOQ"": 0.017519, ""LSQ"": 0.07268, ""MSS"": 0.030523, ""RRQ"": 0.067949, ""SIQ"": 0.150298, ""SIS"": 0.202349, ""TCS"": 0.199277, ""TSQ"": 0.014859}}","{""ofactor_min"": 74, ""xfactor_tier_a"": 84, ""xfactor_tier_b"": 76}","{""ofactor"": {""CCS"": 0.04, ""ICS"": 0.1, ""LTS"": 0.06, ""MFS"": 0.18, ""MQS"": 0.12, ""MRS"": 0.08, ""RSS"": 0.1, ""SRS"": 0.14, ""TQS"": 0.18}, ""xfactor"": {""ELQ"": 0.244545, ""IOQ"": 0.017519, ""LSQ"": 0.07268, ""MSS"": 0.030523, ""RRQ"": 0.067949, ""SIQ"": 0.150298, ""SIS"": 0.202349, ""TCS"": 0.199277, ""TSQ"": 0.014859}}","{""BINARY_EVENT_RISK"": true, ""EXCESSIVE_EXTENSION"": true, ""EXCESSIVE_UNCONFIRMED_GAP"": true, ""INSUFFICIENT_LIQUIDITY"": true, ""INSUFFICIENT_MARKET_DEPTH"": true, ""NEAR_OPPOSING_BARRIER"": true, ""NO_STRUCTURAL_STOP"": true, ""NO_VALID_SETUP"": true, ""OFACTOR_BELOW_MINIMUM"": true, ""OPTION_CONTRACT_NOT_TRADABLE"": true, ""OPTION_SPREAD_TOO_WIDE"": true, ""POSITION_SIZE_NOT_FEASIBLE"": true, ""REWARD_RISK_BELOW_MINIMUM"": true, ""SETUP_EXPIRED"": true, ""SETUP_FAILED"": true, ""STALE_MARKET_DATA"": true, ""STOP_TOO_WIDE"": true}",NEXT_VALID_OPEN,BASE_CERTIFIED,UNCONSTRAINED_OPPORTUNITY,ALL_INNER_FOLDS,ALL_PRIMARY_REGIMES,PLANNED,event outcomes; fold/regime summaries; trial ledger
S1X_MIX_11,STAGE1_XFACTOR_SCREENING,CONSTRAINED_MAXIMIN_MIXTURE,"{""diagnostic_ladders"": [""I030"", ""I050"", ""I070"", ""I100"", ""S100_D1_D5"", ""S200_D1_D5"", ""S500_D1_D5"", ""H30_1_2_5"", ""A050"", ""A100"", ""A200"", ""A500"", ""A1000"", ""A_GT1000""], ""entry_mode"": ""NEXT_VALID_OPEN"", ""exit_policy"": ""AUTHORITATIVE_OIIS_EXIT_UNCHANGED"", ""hard_gates"": {""BINARY_EVENT_RISK"": true, ""EXCESSIVE_EXTENSION"": true, ""EXCESSIVE_UNCONFIRMED_GAP"": true, ""INSUFFICIENT_LIQUIDITY"": true, ""INSUFFICIENT_MARKET_DEPTH"": true, ""NEAR_OPPOSING_BARRIER"": true, ""NO_STRUCTURAL_STOP"": true, ""NO_VALID_SETUP"": true, ""OFACTOR_BELOW_MINIMUM"": true, ""OPTION_CONTRACT_NOT_TRADABLE"": true, ""OPTION_SPREAD_TOO_WIDE"": true, ""POSITION_SIZE_NOT_FEASIBLE"": true, ""REWARD_RISK_BELOW_MINIMUM"": true, ""SETUP_EXPIRED"": true, ""SETUP_FAILED"": true, ""STALE_MARKET_DATA"": true, ""STOP_TOO_WIDE"": true}, ""ofactor_min"": 74, ""ofactor_weights"": {""CCS"": 0.04, ""ICS"": 0.1, ""LTS"": 0.06, ""MFS"": 0.18, ""MQS"": 0.12, ""MRS"": 0.08, ""RSS"": 0.1, ""SRS"": 0.14, ""TQS"": 0.18}, ""xfactor_tier_a"": 84, ""xfactor_tier_b"": 76, ""xfactor_weights"": {""ELQ"": 0.211268, ""IOQ"": 0.032046, ""LSQ"": 0.04758, ""MSS"": 0.088047, ""RRQ"": 0.128334, ""SIQ"": 0.087193, ""SIS"": 0.293828, ""TCS"": 0.092543, ""TSQ"": 0.019162}}","{""ofactor_min"": 74, ""xfactor_tier_a"": 84, ""xfactor_tier_b"": 76}","{""ofactor"": {""CCS"": 0.04, ""ICS"": 0.1, ""LTS"": 0.06, ""MFS"": 0.18, ""MQS"": 0.12, ""MRS"": 0.08, ""RSS"": 0.1, ""SRS"": 0.14, ""TQS"": 0.18}, ""xfactor"": {""ELQ"": 0.211268, ""IOQ"": 0.032046, ""LSQ"": 0.04758, ""MSS"": 0.088047, ""RRQ"": 0.128334, ""SIQ"": 0.087193, ""SIS"": 0.293828, ""TCS"": 0.092543, ""TSQ"": 0.019162}}","{""BINARY_EVENT_RISK"": true, ""EXCESSIVE_EXTENSION"": true, ""EXCESSIVE_UNCONFIRMED_GAP"": true, ""INSUFFICIENT_LIQUIDITY"": true, ""INSUFFICIENT_MARKET_DEPTH"": true, ""NEAR_OPPOSING_BARRIER"": true, ""NO_STRUCTURAL_STOP"": true, ""NO_VALID_SETUP"": true, ""OFACTOR_BELOW_MINIMUM"": true, ""OPTION_CONTRACT_NOT_TRADABLE"": true, ""OPTION_SPREAD_TOO_WIDE"": true, ""POSITION_SIZE_NOT_FEASIBLE"": true, ""REWARD_RISK_BELOW_MINIMUM"": true, ""SETUP_EXPIRED"": true, ""SETUP_FAILED"": true, ""STALE_MARKET_DATA"": true, ""STOP_TOO_WIDE"": true}",NEXT_VALID_OPEN,BASE_CERTIFIED,UNCONSTRAINED_OPPORTUNITY,ALL_INNER_FOLDS,ALL_PRIMARY_REGIMES,PLANNED,event outcomes; fold/regime summaries; trial ledger
S1X_MIX_12,STAGE1_XFACTOR_SCREENING,CONSTRAINED_MAXIMIN_MIXTURE,"{""diagnostic_ladders"": [""I030"", ""I050"", ""I070"", ""I100"", ""S100_D1_D5"", ""S200_D1_D5"", ""S500_D1_D5"", ""H30_1_2_5"", ""A050"", ""A100"", ""A200"", ""A500"", ""A1000"", ""A_GT1000""], ""entry_mode"": ""NEXT_VALID_OPEN"", ""exit_policy"": ""AUTHORITATIVE_OIIS_EXIT_UNCHANGED"", ""hard_gates"": {""BINARY_EVENT_RISK"": true, ""EXCESSIVE_EXTENSION"": true, ""EXCESSIVE_UNCONFIRMED_GAP"": true, ""INSUFFICIENT_LIQUIDITY"": true, ""INSUFFICIENT_MARKET_DEPTH"": true, ""NEAR_OPPOSING_BARRIER"": true, ""NO_STRUCTURAL_STOP"": true, ""NO_VALID_SETUP"": true, ""OFACTOR_BELOW_MINIMUM"": true, ""OPTION_CONTRACT_NOT_TRADABLE"": true, ""OPTION_SPREAD_TOO_WIDE"": true, ""POSITION_SIZE_NOT_FEASIBLE"": true, ""REWARD_RISK_BELOW_MINIMUM"": true, ""SETUP_EXPIRED"": true, ""SETUP_FAILED"": true, ""STALE_MARKET_DATA"": true, ""STOP_TOO_WIDE"": true}, ""ofactor_min"": 74, ""ofactor_weights"": {""CCS"": 0.04, ""ICS"": 0.1, ""LTS"": 0.06, ""MFS"": 0.18, ""MQS"": 0.12, ""MRS"": 0.08, ""RSS"": 0.1, ""SRS"": 0.14, ""TQS"": 0.18}, ""xfactor_tier_a"": 84, ""xfactor_tier_b"": 76, ""xfactor_weights"": {""ELQ"": 0.143458, ""IOQ"": 0.050881, ""LSQ"": 0.065421, ""MSS"": 0.048667, ""RRQ"": 0.143861, ""SIQ"": 0.227611, ""SIS"": 0.127259, ""TCS"": 0.142518, ""TSQ"": 0.050324}}","{""ofactor_min"": 74, ""xfactor_tier_a"": 84, ""xfactor_tier_b"": 76}","{""ofactor"": {""CCS"": 0.04, ""ICS"": 0.1, ""LTS"": 0.06, ""MFS"": 0.18, ""MQS"": 0.12, ""MRS"": 0.08, ""RSS"": 0.1, ""SRS"": 0.14, ""TQS"": 0.18}, ""xfactor"": {""ELQ"": 0.143458, ""IOQ"": 0.050881, ""LSQ"": 0.065421, ""MSS"": 0.048667, ""RRQ"": 0.143861, ""SIQ"": 0.227611, ""SIS"": 0.127259, ""TCS"": 0.142518, ""TSQ"": 0.050324}}","{""BINARY_EVENT_RISK"": true, ""EXCESSIVE_EXTENSION"": true, ""EXCESSIVE_UNCONFIRMED_GAP"": true, ""INSUFFICIENT_LIQUIDITY"": true, ""INSUFFICIENT_MARKET_DEPTH"": true, ""NEAR_OPPOSING_BARRIER"": true, ""NO_STRUCTURAL_STOP"": true, ""NO_VALID_SETUP"": true, ""OFACTOR_BELOW_MINIMUM"": true, ""OPTION_CONTRACT_NOT_TRADABLE"": true, ""OPTION_SPREAD_TOO_WIDE"": true, ""POSITION_SIZE_NOT_FEASIBLE"": true, ""REWARD_RISK_BELOW_MINIMUM"": true, ""SETUP_EXPIRED"": true, ""SETUP_FAILED"": true, ""STALE_MARKET_DATA"": true, ""STOP_TOO_WIDE"": true}",NEXT_VALID_OPEN,BASE_CERTIFIED,UNCONSTRAINED_OPPORTUNITY,ALL_INNER_FOLDS,ALL_PRIMARY_REGIMES,PLANNED,event outcomes; fold/regime summaries; trial ledger
S1X_MIX_13,STAGE1_XFACTOR_SCREENING,CONSTRAINED_MAXIMIN_MIXTURE,"{""diagnostic_ladders"": [""I030"", ""I050"", ""I070"", ""I100"", ""S100_D1_D5"", ""S200_D1_D5"", ""S500_D1_D5"", ""H30_1_2_5"", ""A050"", ""A100"", ""A200"", ""A500"", ""A1000"", ""A_GT1000""], ""entry_mode"": ""NEXT_VALID_OPEN"", ""exit_policy"": ""AUTHORITATIVE_OIIS_EXIT_UNCHANGED"", ""hard_gates"": {""BINARY_EVENT_RISK"": true, ""EXCESSIVE_EXTENSION"": true, ""EXCESSIVE_UNCONFIRMED_GAP"": true, ""INSUFFICIENT_LIQUIDITY"": true, ""INSUFFICIENT_MARKET_DEPTH"": true, ""NEAR_OPPOSING_BARRIER"": true, ""NO_STRUCTURAL_STOP"": true, ""NO_VALID_SETUP"": true, ""OFACTOR_BELOW_MINIMUM"": true, ""OPTION_CONTRACT_NOT_TRADABLE"": true, ""OPTION_SPREAD_TOO_WIDE"": true, ""POSITION_SIZE_NOT_FEASIBLE"": true, ""REWARD_RISK_BELOW_MINIMUM"": true, ""SETUP_EXPIRED"": true, ""SETUP_FAILED"": true, ""STALE_MARKET_DATA"": true, ""STOP_TOO_WIDE"": true}, ""ofactor_min"": 74, ""ofactor_weights"": {""CCS"": 0.04, ""ICS"": 0.1, ""LTS"": 0.06, ""MFS"": 0.18, ""MQS"": 0.12, ""MRS"": 0.08, ""RSS"": 0.1, ""SRS"": 0.14, ""TQS"": 0.18}, ""xfactor_tier_a"": 84, ""xfactor_tier_b"": 76, ""xfactor_weights"": {""ELQ"": 0.294226, ""IOQ"": 0.037833, ""LSQ"": 0.051613, ""MSS"": 0.035527, ""RRQ"": 0.211599, ""SIQ"": 0.083272, ""SIS"": 0.14431, ""TCS"": 0.095579, ""TSQ"": 0.046041}}","{""ofactor_min"": 74, ""xfactor_tier_a"": 84, ""xfactor_tier_b"": 76}","{""ofactor"": {""CCS"": 0.04, ""ICS"": 0.1, ""LTS"": 0.06, ""MFS"": 0.18, ""MQS"": 0.12, ""MRS"": 0.08, ""RSS"": 0.1, ""SRS"": 0.14, ""TQS"": 0.18}, ""xfactor"": {""ELQ"": 0.294226, ""IOQ"": 0.037833, ""LSQ"": 0.051613, ""MSS"": 0.035527, ""RRQ"": 0.211599, ""SIQ"": 0.083272, ""SIS"": 0.14431, ""TCS"": 0.095579, ""TSQ"": 0.046041}}","{""BINARY_EVENT_RISK"": true, ""EXCESSIVE_EXTENSION"": true, ""EXCESSIVE_UNCONFIRMED_GAP"": true, ""INSUFFICIENT_LIQUIDITY"": true, ""INSUFFICIENT_MARKET_DEPTH"": true, ""NEAR_OPPOSING_BARRIER"": true, ""NO_STRUCTURAL_STOP"": true, ""NO_VALID_SETUP"": true, ""OFACTOR_BELOW_MINIMUM"": true, ""OPTION_CONTRACT_NOT_TRADABLE"": true, ""OPTION_SPREAD_TOO_WIDE"": true, ""POSITION_SIZE_NOT_FEASIBLE"": true, ""REWARD_RISK_BELOW_MINIMUM"": true, ""SETUP_EXPIRED"": true, ""SETUP_FAILED"": true, ""STALE_MARKET_DATA"": true, ""STOP_TOO_WIDE"": true}",NEXT_VALID_OPEN,BASE_CERTIFIED,UNCONSTRAINED_OPPORTUNITY,ALL_INNER_FOLDS,ALL_PRIMARY_REGIMES,PLANNED,event outcomes; fold/regime summaries; trial ledger
S1X_MIX_14,STAGE1_XFACTOR_SCREENING,CONSTRAINED_MAXIMIN_MIXTURE,"{""diagnostic_ladders"": [""I030"", ""I050"", ""I070"", ""I100"", ""S100_D1_D5"", ""S200_D1_D5"", ""S500_D1_D5"", ""H30_1_2_5"", ""A050"", ""A100"", ""A200"", ""A500"", ""A1000"", ""A_GT1000""], ""entry_mode"": ""NEXT_VALID_OPEN"", ""exit_policy"": ""AUTHORITATIVE_OIIS_EXIT_UNCHANGED"", ""hard_gates"": {""BINARY_EVENT_RISK"": true, ""EXCESSIVE_EXTENSION"": true, ""EXCESSIVE_UNCONFIRMED_GAP"": true, ""INSUFFICIENT_LIQUIDITY"": true, ""INSUFFICIENT_MARKET_DEPTH"": true, ""NEAR_OPPOSING_BARRIER"": true, ""NO_STRUCTURAL_STOP"": true, ""NO_VALID_SETUP"": true, ""OFACTOR_BELOW_MINIMUM"": true, ""OPTION_CONTRACT_NOT_TRADABLE"": true, ""OPTION_SPREAD_TOO_WIDE"": true, ""POSITION_SIZE_NOT_FEASIBLE"": true, ""REWARD_RISK_BELOW_MINIMUM"": true, ""SETUP_EXPIRED"": true, ""SETUP_FAILED"": true, ""STALE_MARKET_DATA"": true, ""STOP_TOO_WIDE"": true}, ""ofactor_min"": 74, ""ofactor_weights"": {""CCS"": 0.04, ""ICS"": 0.1, ""LTS"": 0.06, ""MFS"": 0.18, ""MQS"": 0.12, ""MRS"": 0.08, ""RSS"": 0.1, ""SRS"": 0.14, ""TQS"": 0.18}, ""xfactor_tier_a"": 84, ""xfactor_tier_b"": 76, ""xfactor_weights"": {""ELQ"": 0.245459, ""IOQ"": 0.016899, ""LSQ"": 0.072097, ""MSS"": 0.043182, ""RRQ"": 0.197146, ""SIQ"": 0.213571, ""SIS"": 0.098914, ""TCS"": 0.085239, ""TSQ"": 0.027493}}","{""ofactor_min"": 74, ""xfactor_tier_a"": 84, ""xfactor_tier_b"": 76}","{""ofactor"": {""CCS"": 0.04, ""ICS"": 0.1, ""LTS"": 0.06, ""MFS"": 0.18, ""MQS"": 0.12, ""MRS"": 0.08, ""RSS"": 0.1, ""SRS"": 0.14, ""TQS"": 0.18}, ""xfactor"": {""ELQ"": 0.245459, ""IOQ"": 0.016899, ""LSQ"": 0.072097, ""MSS"": 0.043182, ""RRQ"": 0.197146, ""SIQ"": 0.213571, ""SIS"": 0.098914, ""TCS"": 0.085239, ""TSQ"": 0.027493}}","{""BINARY_EVENT_RISK"": true, ""EXCESSIVE_EXTENSION"": true, ""EXCESSIVE_UNCONFIRMED_GAP"": true, ""INSUFFICIENT_LIQUIDITY"": true, ""INSUFFICIENT_MARKET_DEPTH"": true, ""NEAR_OPPOSING_BARRIER"": true, ""NO_STRUCTURAL_STOP"": true, ""NO_VALID_SETUP"": true, ""OFACTOR_BELOW_MINIMUM"": true, ""OPTION_CONTRACT_NOT_TRADABLE"": true, ""OPTION_SPREAD_TOO_WIDE"": true, ""POSITION_SIZE_NOT_FEASIBLE"": true, ""REWARD_RISK_BELOW_MINIMUM"": true, ""SETUP_EXPIRED"": true, ""SETUP_FAILED"": true, ""STALE_MARKET_DATA"": true, ""STOP_TOO_WIDE"": true}",NEXT_VALID_OPEN,BASE_CERTIFIED,UNCONSTRAINED_OPPORTUNITY,ALL_INNER_FOLDS,ALL_PRIMARY_REGIMES,PLANNED,event outcomes; fold/regime summaries; trial ledger
S1X_MIX_15,STAGE1_XFACTOR_SCREENING,CONSTRAINED_MAXIMIN_MIXTURE,"{""diagnostic_ladders"": [""I030"", ""I050"", ""I070"", ""I100"", ""S100_D1_D5"", ""S200_D1_D5"", ""S500_D1_D5"", ""H30_1_2_5"", ""A050"", ""A100"", ""A200"", ""A500"", ""A1000"", ""A_GT1000""], ""entry_mode"": ""NEXT_VALID_OPEN"", ""exit_policy"": ""AUTHORITATIVE_OIIS_EXIT_UNCHANGED"", ""hard_gates"": {""BINARY_EVENT_RISK"": true, ""EXCESSIVE_EXTENSION"": true, ""EXCESSIVE_UNCONFIRMED_GAP"": true, ""INSUFFICIENT_LIQUIDITY"": true, ""INSUFFICIENT_MARKET_DEPTH"": true, ""NEAR_OPPOSING_BARRIER"": true, ""NO_STRUCTURAL_STOP"": true, ""NO_VALID_SETUP"": true, ""OFACTOR_BELOW_MINIMUM"": true, ""OPTION_CONTRACT_NOT_TRADABLE"": true, ""OPTION_SPREAD_TOO_WIDE"": true, ""POSITION_SIZE_NOT_FEASIBLE"": true, ""REWARD_RISK_BELOW_MINIMUM"": true, ""SETUP_EXPIRED"": true, ""SETUP_FAILED"": true, ""STALE_MARKET_DATA"": true, ""STOP_TOO_WIDE"": true}, ""ofactor_min"": 74, ""ofactor_weights"": {""CCS"": 0.04, ""ICS"": 0.1, ""LTS"": 0.06, ""MFS"": 0.18, ""MQS"": 0.12, ""MRS"": 0.08, ""RSS"": 0.1, ""SRS"": 0.14, ""TQS"": 0.18}, ""xfactor_tier_a"": 84, ""xfactor_tier_b"": 76, ""xfactor_weights"": {""ELQ"": 0.283445, ""IOQ"": 0.047503, ""LSQ"": 0.037624, ""MSS"": 0.083786, ""RRQ"": 0.199865, ""SIQ"": 0.086997, ""SIS"": 0.098234, ""TCS"": 0.145211, ""TSQ"": 0.017334}}","{""ofactor_min"": 74, ""xfactor_tier_a"": 84, ""xfactor_tier_b"": 76}","{""ofactor"": {""CCS"": 0.04, ""ICS"": 0.1, ""LTS"": 0.06, ""MFS"": 0.18, ""MQS"": 0.12, ""MRS"": 0.08, ""RSS"": 0.1, ""SRS"": 0.14, ""TQS"": 0.18}, ""xfactor"": {""ELQ"": 0.283445, ""IOQ"": 0.047503, ""LSQ"": 0.037624, ""MSS"": 0.083786, ""RRQ"": 0.199865, ""SIQ"": 0.086997, ""SIS"": 0.098234, ""TCS"": 0.145211, ""TSQ"": 0.017334}}","{""BINARY_EVENT_RISK"": true, ""EXCESSIVE_EXTENSION"": true, ""EXCESSIVE_UNCONFIRMED_GAP"": true, ""INSUFFICIENT_LIQUIDITY"": true, ""INSUFFICIENT_MARKET_DEPTH"": true, ""NEAR_OPPOSING_BARRIER"": true, ""NO_STRUCTURAL_STOP"": true, ""NO_VALID_SETUP"": true, ""OFACTOR_BELOW_MINIMUM"": true, ""OPTION_CONTRACT_NOT_TRADABLE"": true, ""OPTION_SPREAD_TOO_WIDE"": true, ""POSITION_SIZE_NOT_FEASIBLE"": true, ""REWARD_RISK_BELOW_MINIMUM"": true, ""SETUP_EXPIRED"": true, ""SETUP_FAILED"": true, ""STALE_MARKET_DATA"": true, ""STOP_TOO_WIDE"": true}",NEXT_VALID_OPEN,BASE_CERTIFIED,UNCONSTRAINED_OPPORTUNITY,ALL_INNER_FOLDS,ALL_PRIMARY_REGIMES,PLANNED,event outcomes; fold/regime summaries; trial ledger
S1X_MIX_16,STAGE1_XFACTOR_SCREENING,CONSTRAINED_MAXIMIN_MIXTURE,"{""diagnostic_ladders"": [""I030"", ""I050"", ""I070"", ""I100"", ""S100_D1_D5"", ""S200_D1_D5"", ""S500_D1_D5"", ""H30_1_2_5"", ""A050"", ""A100"", ""A200"", ""A500"", ""A1000"", ""A_GT1000""], ""entry_mode"": ""NEXT_VALID_OPEN"", ""exit_policy"": ""AUTHORITATIVE_OIIS_EXIT_UNCHANGED"", ""hard_gates"": {""BINARY_EVENT_RISK"": true, ""EXCESSIVE_EXTENSION"": true, ""EXCESSIVE_UNCONFIRMED_GAP"": true, ""INSUFFICIENT_LIQUIDITY"": true, ""INSUFFICIENT_MARKET_DEPTH"": true, ""NEAR_OPPOSING_BARRIER"": true, ""NO_STRUCTURAL_STOP"": true, ""NO_VALID_SETUP"": true, ""OFACTOR_BELOW_MINIMUM"": true, ""OPTION_CONTRACT_NOT_TRADABLE"": true, ""OPTION_SPREAD_TOO_WIDE"": true, ""POSITION_SIZE_NOT_FEASIBLE"": true, ""REWARD_RISK_BELOW_MINIMUM"": true, ""SETUP_EXPIRED"": true, ""SETUP_FAILED"": true, ""STALE_MARKET_DATA"": true, ""STOP_TOO_WIDE"": true}, ""ofactor_min"": 74, ""ofactor_weights"": {""CCS"": 0.04, ""ICS"": 0.1, ""LTS"": 0.06, ""MFS"": 0.18, ""MQS"": 0.12, ""MRS"": 0.08, ""RSS"": 0.1, ""SRS"": 0.14, ""TQS"": 0.18}, ""xfactor_tier_a"": 84, ""xfactor_tier_b"": 76, ""xfactor_weights"": {""ELQ"": 0.116829, ""IOQ"": 0.02062, ""LSQ"": 0.037116, ""MSS"": 0.034995, ""RRQ"": 0.095741, ""SIQ"": 0.191762, ""SIS"": 0.219516, ""TCS"": 0.241747, ""TSQ"": 0.041674}}","{""ofactor_min"": 74, ""xfactor_tier_a"": 84, ""xfactor_tier_b"": 76}","{""ofactor"": {""CCS"": 0.04, ""ICS"": 0.1, ""LTS"": 0.06, ""MFS"": 0.18, ""MQS"": 0.12, ""MRS"": 0.08, ""RSS"": 0.1, ""SRS"": 0.14, ""TQS"": 0.18}, ""xfactor"": {""ELQ"": 0.116829, ""IOQ"": 0.02062, ""LSQ"": 0.037116, ""MSS"": 0.034995, ""RRQ"": 0.095741, ""SIQ"": 0.191762, ""SIS"": 0.219516, ""TCS"": 0.241747, ""TSQ"": 0.041674}}","{""BINARY_EVENT_RISK"": true, ""EXCESSIVE_EXTENSION"": true, ""EXCESSIVE_UNCONFIRMED_GAP"": true, ""INSUFFICIENT_LIQUIDITY"": true, ""INSUFFICIENT_MARKET_DEPTH"": true, ""NEAR_OPPOSING_BARRIER"": true, ""NO_STRUCTURAL_STOP"": true, ""NO_VALID_SETUP"": true, ""OFACTOR_BELOW_MINIMUM"": true, ""OPTION_CONTRACT_NOT_TRADABLE"": true, ""OPTION_SPREAD_TOO_WIDE"": true, ""POSITION_SIZE_NOT_FEASIBLE"": true, ""REWARD_RISK_BELOW_MINIMUM"": true, ""SETUP_EXPIRED"": true, ""SETUP_FAILED"": true, ""STALE_MARKET_DATA"": true, ""STOP_TOO_WIDE"": true}",NEXT_VALID_OPEN,BASE_CERTIFIED,UNCONSTRAINED_OPPORTUNITY,ALL_INNER_FOLDS,ALL_PRIMARY_REGIMES,PLANNED,event outcomes; fold/regime summaries; trial ledger
S1X_MIX_17,STAGE1_XFACTOR_SCREENING,CONSTRAINED_MAXIMIN_MIXTURE,"{""diagnostic_ladders"": [""I030"", ""I050"", ""I070"", ""I100"", ""S100_D1_D5"", ""S200_D1_D5"", ""S500_D1_D5"", ""H30_1_2_5"", ""A050"", ""A100"", ""A200"", ""A500"", ""A1000"", ""A_GT1000""], ""entry_mode"": ""NEXT_VALID_OPEN"", ""exit_policy"": ""AUTHORITATIVE_OIIS_EXIT_UNCHANGED"", ""hard_gates"": {""BINARY_EVENT_RISK"": true, ""EXCESSIVE_EXTENSION"": true, ""EXCESSIVE_UNCONFIRMED_GAP"": true, ""INSUFFICIENT_LIQUIDITY"": true, ""INSUFFICIENT_MARKET_DEPTH"": true, ""NEAR_OPPOSING_BARRIER"": true, ""NO_STRUCTURAL_STOP"": true, ""NO_VALID_SETUP"": true, ""OFACTOR_BELOW_MINIMUM"": true, ""OPTION_CONTRACT_NOT_TRADABLE"": true, ""OPTION_SPREAD_TOO_WIDE"": true, ""POSITION_SIZE_NOT_FEASIBLE"": true, ""REWARD_RISK_BELOW_MINIMUM"": true, ""SETUP_EXPIRED"": true, ""SETUP_FAILED"": true, ""STALE_MARKET_DATA"": true, ""STOP_TOO_WIDE"": true}, ""ofactor_min"": 74, ""ofactor_weights"": {""CCS"": 0.04, ""ICS"": 0.1, ""LTS"": 0.06, ""MFS"": 0.18, ""MQS"": 0.12, ""MRS"": 0.08, ""RSS"": 0.1, ""SRS"": 0.14, ""TQS"": 0.18}, ""xfactor_tier_a"": 84, ""xfactor_tier_b"": 76, ""xfactor_weights"": {""ELQ"": 0.265163, ""IOQ"": 0.029571, ""LSQ"": 0.079039, ""MSS"": 0.101296, ""RRQ"": 0.098726, ""SIQ"": 0.141605, ""SIS"": 0.123271, ""TCS"": 0.116132, ""TSQ"": 0.045197}}","{""ofactor_min"": 74, ""xfactor_tier_a"": 84, ""xfactor_tier_b"": 76}","{""ofactor"": {""CCS"": 0.04, ""ICS"": 0.1, ""LTS"": 0.06, ""MFS"": 0.18, ""MQS"": 0.12, ""MRS"": 0.08, ""RSS"": 0.1, ""SRS"": 0.14, ""TQS"": 0.18}, ""xfactor"": {""ELQ"": 0.265163, ""IOQ"": 0.029571, ""LSQ"": 0.079039, ""MSS"": 0.101296, ""RRQ"": 0.098726, ""SIQ"": 0.141605, ""SIS"": 0.123271, ""TCS"": 0.116132, ""TSQ"": 0.045197}}","{""BINARY_EVENT_RISK"": true, ""EXCESSIVE_EXTENSION"": true, ""EXCESSIVE_UNCONFIRMED_GAP"": true, ""INSUFFICIENT_LIQUIDITY"": true, ""INSUFFICIENT_MARKET_DEPTH"": true, ""NEAR_OPPOSING_BARRIER"": true, ""NO_STRUCTURAL_STOP"": true, ""NO_VALID_SETUP"": true, ""OFACTOR_BELOW_MINIMUM"": true, ""OPTION_CONTRACT_NOT_TRADABLE"": true, ""OPTION_SPREAD_TOO_WIDE"": true, ""POSITION_SIZE_NOT_FEASIBLE"": true, ""REWARD_RISK_BELOW_MINIMUM"": true, ""SETUP_EXPIRED"": true, ""SETUP_FAILED"": true, ""STALE_MARKET_DATA"": true, ""STOP_TOO_WIDE"": true}",NEXT_VALID_OPEN,BASE_CERTIFIED,UNCONSTRAINED_OPPORTUNITY,ALL_INNER_FOLDS,ALL_PRIMARY_REGIMES,PLANNED,event outcomes; fold/regime summaries; trial ledger
S1X_MIX_18,STAGE1_XFACTOR_SCREENING,CONSTRAINED_MAXIMIN_MIXTURE,"{""diagnostic_ladders"": [""I030"", ""I050"", ""I070"", ""I100"", ""S100_D1_D5"", ""S200_D1_D5"", ""S500_D1_D5"", ""H30_1_2_5"", ""A050"", ""A100"", ""A200"", ""A500"", ""A1000"", ""A_GT1000""], ""entry_mode"": ""NEXT_VALID_OPEN"", ""exit_policy"": ""AUTHORITATIVE_OIIS_EXIT_UNCHANGED"", ""hard_gates"": {""BINARY_EVENT_RISK"": true, ""EXCESSIVE_EXTENSION"": true, ""EXCESSIVE_UNCONFIRMED_GAP"": true, ""INSUFFICIENT_LIQUIDITY"": true, ""INSUFFICIENT_MARKET_DEPTH"": true, ""NEAR_OPPOSING_BARRIER"": true, ""NO_STRUCTURAL_STOP"": true, ""NO_VALID_SETUP"": true, ""OFACTOR_BELOW_MINIMUM"": true, ""OPTION_CONTRACT_NOT_TRADABLE"": true, ""OPTION_SPREAD_TOO_WIDE"": true, ""POSITION_SIZE_NOT_FEASIBLE"": true, ""REWARD_RISK_BELOW_MINIMUM"": true, ""SETUP_EXPIRED"": true, ""SETUP_FAILED"": true, ""STALE_MARKET_DATA"": true, ""STOP_TOO_WIDE"": true}, ""ofactor_min"": 74, ""ofactor_weights"": {""CCS"": 0.04, ""ICS"": 0.1, ""LTS"": 0.06, ""MFS"": 0.18, ""MQS"": 0.12, ""MRS"": 0.08, ""RSS"": 0.1, ""SRS"": 0.14, ""TQS"": 0.18}, ""xfactor_tier_a"": 84, ""xfactor_tier_b"": 76, ""xfactor_weights"": {""ELQ"": 0.187415, ""IOQ"": 0.051149, ""LSQ"": 0.049195, ""MSS"": 0.069616, ""RRQ"": 0.08372, ""SIQ"": 0.110849, ""SIS"": 0.154504, ""TCS"": 0.252098, ""TSQ"": 0.041455}}","{""ofactor_min"": 74, ""xfactor_tier_a"": 84, ""xfactor_tier_b"": 76}","{""ofactor"": {""CCS"": 0.04, ""ICS"": 0.1, ""LTS"": 0.06, ""MFS"": 0.18, ""MQS"": 0.12, ""MRS"": 0.08, ""RSS"": 0.1, ""SRS"": 0.14, ""TQS"": 0.18}, ""xfactor"": {""ELQ"": 0.187415, ""IOQ"": 0.051149, ""LSQ"": 0.049195, ""MSS"": 0.069616, ""RRQ"": 0.08372, ""SIQ"": 0.110849, ""SIS"": 0.154504, ""TCS"": 0.252098, ""TSQ"": 0.041455}}","{""BINARY_EVENT_RISK"": true, ""EXCESSIVE_EXTENSION"": true, ""EXCESSIVE_UNCONFIRMED_GAP"": true, ""INSUFFICIENT_LIQUIDITY"": true, ""INSUFFICIENT_MARKET_DEPTH"": true, ""NEAR_OPPOSING_BARRIER"": true, ""NO_STRUCTURAL_STOP"": true, ""NO_VALID_SETUP"": true, ""OFACTOR_BELOW_MINIMUM"": true, ""OPTION_CONTRACT_NOT_TRADABLE"": true, ""OPTION_SPREAD_TOO_WIDE"": true, ""POSITION_SIZE_NOT_FEASIBLE"": true, ""REWARD_RISK_BELOW_MINIMUM"": true, ""SETUP_EXPIRED"": true, ""SETUP_FAILED"": true, ""STALE_MARKET_DATA"": true, ""STOP_TOO_WIDE"": true}",NEXT_VALID_OPEN,BASE_CERTIFIED,UNCONSTRAINED_OPPORTUNITY,ALL_INNER_FOLDS,ALL_PRIMARY_REGIMES,PLANNED,event outcomes; fold/regime summaries; trial ledger
S1X_MIX_19,STAGE1_XFACTOR_SCREENING,CONSTRAINED_MAXIMIN_MIXTURE,"{""diagnostic_ladders"": [""I030"", ""I050"", ""I070"", ""I100"", ""S100_D1_D5"", ""S200_D1_D5"", ""S500_D1_D5"", ""H30_1_2_5"", ""A050"", ""A100"", ""A200"", ""A500"", ""A1000"", ""A_GT1000""], ""entry_mode"": ""NEXT_VALID_OPEN"", ""exit_policy"": ""AUTHORITATIVE_OIIS_EXIT_UNCHANGED"", ""hard_gates"": {""BINARY_EVENT_RISK"": true, ""EXCESSIVE_EXTENSION"": true, ""EXCESSIVE_UNCONFIRMED_GAP"": true, ""INSUFFICIENT_LIQUIDITY"": true, ""INSUFFICIENT_MARKET_DEPTH"": true, ""NEAR_OPPOSING_BARRIER"": true, ""NO_STRUCTURAL_STOP"": true, ""NO_VALID_SETUP"": true, ""OFACTOR_BELOW_MINIMUM"": true, ""OPTION_CONTRACT_NOT_TRADABLE"": true, ""OPTION_SPREAD_TOO_WIDE"": true, ""POSITION_SIZE_NOT_FEASIBLE"": true, ""REWARD_RISK_BELOW_MINIMUM"": true, ""SETUP_EXPIRED"": true, ""SETUP_FAILED"": true, ""STALE_MARKET_DATA"": true, ""STOP_TOO_WIDE"": true}, ""ofactor_min"": 74, ""ofactor_weights"": {""CCS"": 0.04, ""ICS"": 0.1, ""LTS"": 0.06, ""MFS"": 0.18, ""MQS"": 0.12, ""MRS"": 0.08, ""RSS"": 0.1, ""SRS"": 0.14, ""TQS"": 0.18}, ""xfactor_tier_a"": 84, ""xfactor_tier_b"": 76, ""xfactor_weights"": {""ELQ"": 0.107216, ""IOQ"": 0.020126, ""LSQ"": 0.086145, ""MSS"": 0.061353, ""RRQ"": 0.13233, ""SIQ"": 0.077609, ""SIS"": 0.253324, ""TCS"": 0.227172, ""TSQ"": 0.034725}}","{""ofactor_min"": 74, ""xfactor_tier_a"": 84, ""xfactor_tier_b"": 76}","{""ofactor"": {""CCS"": 0.04, ""ICS"": 0.1, ""LTS"": 0.06, ""MFS"": 0.18, ""MQS"": 0.12, ""MRS"": 0.08, ""RSS"": 0.1, ""SRS"": 0.14, ""TQS"": 0.18}, ""xfactor"": {""ELQ"": 0.107216, ""IOQ"": 0.020126, ""LSQ"": 0.086145, ""MSS"": 0.061353, ""RRQ"": 0.13233, ""SIQ"": 0.077609, ""SIS"": 0.253324, ""TCS"": 0.227172, ""TSQ"": 0.034725}}","{""BINARY_EVENT_RISK"": true, ""EXCESSIVE_EXTENSION"": true, ""EXCESSIVE_UNCONFIRMED_GAP"": true, ""INSUFFICIENT_LIQUIDITY"": true, ""INSUFFICIENT_MARKET_DEPTH"": true, ""NEAR_OPPOSING_BARRIER"": true, ""NO_STRUCTURAL_STOP"": true, ""NO_VALID_SETUP"": true, ""OFACTOR_BELOW_MINIMUM"": true, ""OPTION_CONTRACT_NOT_TRADABLE"": true, ""OPTION_SPREAD_TOO_WIDE"": true, ""POSITION_SIZE_NOT_FEASIBLE"": true, ""REWARD_RISK_BELOW_MINIMUM"": true, ""SETUP_EXPIRED"": true, ""SETUP_FAILED"": true, ""STALE_MARKET_DATA"": true, ""STOP_TOO_WIDE"": true}",NEXT_VALID_OPEN,BASE_CERTIFIED,UNCONSTRAINED_OPPORTUNITY,ALL_INNER_FOLDS,ALL_PRIMARY_REGIMES,PLANNED,event outcomes; fold/regime summaries; trial ledger
S1X_MIX_20,STAGE1_XFACTOR_SCREENING,CONSTRAINED_MAXIMIN_MIXTURE,"{""diagnostic_ladders"": [""I030"", ""I050"", ""I070"", ""I100"", ""S100_D1_D5"", ""S200_D1_D5"", ""S500_D1_D5"", ""H30_1_2_5"", ""A050"", ""A100"", ""A200"", ""A500"", ""A1000"", ""A_GT1000""], ""entry_mode"": ""NEXT_VALID_OPEN"", ""exit_policy"": ""AUTHORITATIVE_OIIS_EXIT_UNCHANGED"", ""hard_gates"": {""BINARY_EVENT_RISK"": true, ""EXCESSIVE_EXTENSION"": true, ""EXCESSIVE_UNCONFIRMED_GAP"": true, ""INSUFFICIENT_LIQUIDITY"": true, ""INSUFFICIENT_MARKET_DEPTH"": true, ""NEAR_OPPOSING_BARRIER"": true, ""NO_STRUCTURAL_STOP"": true, ""NO_VALID_SETUP"": true, ""OFACTOR_BELOW_MINIMUM"": true, ""OPTION_CONTRACT_NOT_TRADABLE"": true, ""OPTION_SPREAD_TOO_WIDE"": true, ""POSITION_SIZE_NOT_FEASIBLE"": true, ""REWARD_RISK_BELOW_MINIMUM"": true, ""SETUP_EXPIRED"": true, ""SETUP_FAILED"": true, ""STALE_MARKET_DATA"": true, ""STOP_TOO_WIDE"": true}, ""ofactor_min"": 74, ""ofactor_weights"": {""CCS"": 0.04, ""ICS"": 0.1, ""LTS"": 0.06, ""MFS"": 0.18, ""MQS"": 0.12, ""MRS"": 0.08, ""RSS"": 0.1, ""SRS"": 0.14, ""TQS"": 0.18}, ""xfactor_tier_a"": 84, ""xfactor_tier_b"": 76, ""xfactor_weights"": {""ELQ"": 0.143076, ""IOQ"": 0.019775, ""LSQ"": 0.096864, ""MSS"": 0.092301, ""RRQ"": 0.121453, ""SIQ"": 0.187844, ""SIS"": 0.226691, ""TCS"": 0.093789, ""TSQ"": 0.018207}}","{""ofactor_min"": 74, ""xfactor_tier_a"": 84, ""xfactor_tier_b"": 76}","{""ofactor"": {""CCS"": 0.04, ""ICS"": 0.1, ""LTS"": 0.06, ""MFS"": 0.18, ""MQS"": 0.12, ""MRS"": 0.08, ""RSS"": 0.1, ""SRS"": 0.14, ""TQS"": 0.18}, ""xfactor"": {""ELQ"": 0.143076, ""IOQ"": 0.019775, ""LSQ"": 0.096864, ""MSS"": 0.092301, ""RRQ"": 0.121453, ""SIQ"": 0.187844, ""SIS"": 0.226691, ""TCS"": 0.093789, ""TSQ"": 0.018207}}","{""BINARY_EVENT_RISK"": true, ""EXCESSIVE_EXTENSION"": true, ""EXCESSIVE_UNCONFIRMED_GAP"": true, ""INSUFFICIENT_LIQUIDITY"": true, ""INSUFFICIENT_MARKET_DEPTH"": true, ""NEAR_OPPOSING_BARRIER"": true, ""NO_STRUCTURAL_STOP"": true, ""NO_VALID_SETUP"": true, ""OFACTOR_BELOW_MINIMUM"": true, ""OPTION_CONTRACT_NOT_TRADABLE"": true, ""OPTION_SPREAD_TOO_WIDE"": true, ""POSITION_SIZE_NOT_FEASIBLE"": true, ""REWARD_RISK_BELOW_MINIMUM"": true, ""SETUP_EXPIRED"": true, ""SETUP_FAILED"": true, ""STALE_MARKET_DATA"": true, ""STOP_TOO_WIDE"": true}",NEXT_VALID_OPEN,BASE_CERTIFIED,UNCONSTRAINED_OPPORTUNITY,ALL_INNER_FOLDS,ALL_PRIMARY_REGIMES,PLANNED,event outcomes; fold/regime summaries; trial ledger
S1X_MIX_21,STAGE1_XFACTOR_SCREENING,CONSTRAINED_MAXIMIN_MIXTURE,"{""diagnostic_ladders"": [""I030"", ""I050"", ""I070"", ""I100"", ""S100_D1_D5"", ""S200_D1_D5"", ""S500_D1_D5"", ""H30_1_2_5"", ""A050"", ""A100"", ""A200"", ""A500"", ""A1000"", ""A_GT1000""], ""entry_mode"": ""NEXT_VALID_OPEN"", ""exit_policy"": ""AUTHORITATIVE_OIIS_EXIT_UNCHANGED"", ""hard_gates"": {""BINARY_EVENT_RISK"": true, ""EXCESSIVE_EXTENSION"": true, ""EXCESSIVE_UNCONFIRMED_GAP"": true, ""INSUFFICIENT_LIQUIDITY"": true, ""INSUFFICIENT_MARKET_DEPTH"": true, ""NEAR_OPPOSING_BARRIER"": true, ""NO_STRUCTURAL_STOP"": true, ""NO_VALID_SETUP"": true, ""OFACTOR_BELOW_MINIMUM"": true, ""OPTION_CONTRACT_NOT_TRADABLE"": true, ""OPTION_SPREAD_TOO_WIDE"": true, ""POSITION_SIZE_NOT_FEASIBLE"": true, ""REWARD_RISK_BELOW_MINIMUM"": true, ""SETUP_EXPIRED"": true, ""SETUP_FAILED"": true, ""STALE_MARKET_DATA"": true, ""STOP_TOO_WIDE"": true}, ""ofactor_min"": 74, ""ofactor_weights"": {""CCS"": 0.04, ""ICS"": 0.1, ""LTS"": 0.06, ""MFS"": 0.18, ""MQS"": 0.12, ""MRS"": 0.08, ""RSS"": 0.1, ""SRS"": 0.14, ""TQS"": 0.18}, ""xfactor_tier_a"": 84, ""xfactor_tier_b"": 76, ""xfactor_weights"": {""ELQ"": 0.122142, ""IOQ"": 0.019122, ""LSQ"": 0.042213, ""MSS"": 0.075576, ""RRQ"": 0.198745, ""SIQ"": 0.15283, ""SIS"": 0.147254, ""TCS"": 0.215651, ""TSQ"": 0.026466}}","{""ofactor_min"": 74, ""xfactor_tier_a"": 84, ""xfactor_tier_b"": 76}","{""ofactor"": {""CCS"": 0.04, ""ICS"": 0.1, ""LTS"": 0.06, ""MFS"": 0.18, ""MQS"": 0.12, ""MRS"": 0.08, ""RSS"": 0.1, ""SRS"": 0.14, ""TQS"": 0.18}, ""xfactor"": {""ELQ"": 0.122142, ""IOQ"": 0.019122, ""LSQ"": 0.042213, ""MSS"": 0.075576, ""RRQ"": 0.198745, ""SIQ"": 0.15283, ""SIS"": 0.147254, ""TCS"": 0.215651, ""TSQ"": 0.026466}}","{""BINARY_EVENT_RISK"": true, ""EXCESSIVE_EXTENSION"": true, ""EXCESSIVE_UNCONFIRMED_GAP"": true, ""INSUFFICIENT_LIQUIDITY"": true, ""INSUFFICIENT_MARKET_DEPTH"": true, ""NEAR_OPPOSING_BARRIER"": true, ""NO_STRUCTURAL_STOP"": true, ""NO_VALID_SETUP"": true, ""OFACTOR_BELOW_MINIMUM"": true, ""OPTION_CONTRACT_NOT_TRADABLE"": true, ""OPTION_SPREAD_TOO_WIDE"": true, ""POSITION_SIZE_NOT_FEASIBLE"": true, ""REWARD_RISK_BELOW_MINIMUM"": true, ""SETUP_EXPIRED"": true, ""SETUP_FAILED"": true, ""STALE_MARKET_DATA"": true, ""STOP_TOO_WIDE"": true}",NEXT_VALID_OPEN,BASE_CERTIFIED,UNCONSTRAINED_OPPORTUNITY,ALL_INNER_FOLDS,ALL_PRIMARY_REGIMES,PLANNED,event outcomes; fold/regime summaries; trial ledger
S1X_MIX_22,STAGE1_XFACTOR_SCREENING,CONSTRAINED_MAXIMIN_MIXTURE,"{""diagnostic_ladders"": [""I030"", ""I050"", ""I070"", ""I100"", ""S100_D1_D5"", ""S200_D1_D5"", ""S500_D1_D5"", ""H30_1_2_5"", ""A050"", ""A100"", ""A200"", ""A500"", ""A1000"", ""A_GT1000""], ""entry_mode"": ""NEXT_VALID_OPEN"", ""exit_policy"": ""AUTHORITATIVE_OIIS_EXIT_UNCHANGED"", ""hard_gates"": {""BINARY_EVENT_RISK"": true, ""EXCESSIVE_EXTENSION"": true, ""EXCESSIVE_UNCONFIRMED_GAP"": true, ""INSUFFICIENT_LIQUIDITY"": true, ""INSUFFICIENT_MARKET_DEPTH"": true, ""NEAR_OPPOSING_BARRIER"": true, ""NO_STRUCTURAL_STOP"": true, ""NO_VALID_SETUP"": true, ""OFACTOR_BELOW_MINIMUM"": true, ""OPTION_CONTRACT_NOT_TRADABLE"": true, ""OPTION_SPREAD_TOO_WIDE"": true, ""POSITION_SIZE_NOT_FEASIBLE"": true, ""REWARD_RISK_BELOW_MINIMUM"": true, ""SETUP_EXPIRED"": true, ""SETUP_FAILED"": true, ""STALE_MARKET_DATA"": true, ""STOP_TOO_WIDE"": true}, ""ofactor_min"": 74, ""ofactor_weights"": {""CCS"": 0.04, ""ICS"": 0.1, ""LTS"": 0.06, ""MFS"": 0.18, ""MQS"": 0.12, ""MRS"": 0.08, ""RSS"": 0.1, ""SRS"": 0.14, ""TQS"": 0.18}, ""xfactor_tier_a"": 84, ""xfactor_tier_b"": 76, ""xfactor_weights"": {""ELQ"": 0.290883, ""IOQ"": 0.033756, ""LSQ"": 0.03685, ""MSS"": 0.033678, ""RRQ"": 0.081489, ""SIQ"": 0.195252, ""SIS"": 0.171113, ""TCS"": 0.110361, ""TSQ"": 0.046619}}","{""ofactor_min"": 74, ""xfactor_tier_a"": 84, ""xfactor_tier_b"": 76}","{""ofactor"": {""CCS"": 0.04, ""ICS"": 0.1, ""LTS"": 0.06, ""MFS"": 0.18, ""MQS"": 0.12, ""MRS"": 0.08, ""RSS"": 0.1, ""SRS"": 0.14, ""TQS"": 0.18}, ""xfactor"": {""ELQ"": 0.290883, ""IOQ"": 0.033756, ""LSQ"": 0.03685, ""MSS"": 0.033678, ""RRQ"": 0.081489, ""SIQ"": 0.195252, ""SIS"": 0.171113, ""TCS"": 0.110361, ""TSQ"": 0.046619}}","{""BINARY_EVENT_RISK"": true, ""EXCESSIVE_EXTENSION"": true, ""EXCESSIVE_UNCONFIRMED_GAP"": true, ""INSUFFICIENT_LIQUIDITY"": true, ""INSUFFICIENT_MARKET_DEPTH"": true, ""NEAR_OPPOSING_BARRIER"": true, ""NO_STRUCTURAL_STOP"": true, ""NO_VALID_SETUP"": true, ""OFACTOR_BELOW_MINIMUM"": true, ""OPTION_CONTRACT_NOT_TRADABLE"": true, ""OPTION_SPREAD_TOO_WIDE"": true, ""POSITION_SIZE_NOT_FEASIBLE"": true, ""REWARD_RISK_BELOW_MINIMUM"": true, ""SETUP_EXPIRED"": true, ""SETUP_FAILED"": true, ""STALE_MARKET_DATA"": true, ""STOP_TOO_WIDE"": true}",NEXT_VALID_OPEN,BASE_CERTIFIED,UNCONSTRAINED_OPPORTUNITY,ALL_INNER_FOLDS,ALL_PRIMARY_REGIMES,PLANNED,event outcomes; fold/regime summaries; trial ledger
S1X_MIX_23,STAGE1_XFACTOR_SCREENING,CONSTRAINED_MAXIMIN_MIXTURE,"{""diagnostic_ladders"": [""I030"", ""I050"", ""I070"", ""I100"", ""S100_D1_D5"", ""S200_D1_D5"", ""S500_D1_D5"", ""H30_1_2_5"", ""A050"", ""A100"", ""A200"", ""A500"", ""A1000"", ""A_GT1000""], ""entry_mode"": ""NEXT_VALID_OPEN"", ""exit_policy"": ""AUTHORITATIVE_OIIS_EXIT_UNCHANGED"", ""hard_gates"": {""BINARY_EVENT_RISK"": true, ""EXCESSIVE_EXTENSION"": true, ""EXCESSIVE_UNCONFIRMED_GAP"": true, ""INSUFFICIENT_LIQUIDITY"": true, ""INSUFFICIENT_MARKET_DEPTH"": true, ""NEAR_OPPOSING_BARRIER"": true, ""NO_STRUCTURAL_STOP"": true, ""NO_VALID_SETUP"": true, ""OFACTOR_BELOW_MINIMUM"": true, ""OPTION_CONTRACT_NOT_TRADABLE"": true, ""OPTION_SPREAD_TOO_WIDE"": true, ""POSITION_SIZE_NOT_FEASIBLE"": true, ""REWARD_RISK_BELOW_MINIMUM"": true, ""SETUP_EXPIRED"": true, ""SETUP_FAILED"": true, ""STALE_MARKET_DATA"": true, ""STOP_TOO_WIDE"": true}, ""ofactor_min"": 74, ""ofactor_weights"": {""CCS"": 0.04, ""ICS"": 0.1, ""LTS"": 0.06, ""MFS"": 0.18, ""MQS"": 0.12, ""MRS"": 0.08, ""RSS"": 0.1, ""SRS"": 0.14, ""TQS"": 0.18}, ""xfactor_tier_a"": 84, ""xfactor_tier_b"": 76, ""xfactor_weights"": {""ELQ"": 0.140158, ""IOQ"": 0.044673, ""LSQ"": 0.103288, ""MSS"": 0.087304, ""RRQ"": 0.214121, ""SIQ"": 0.100011, ""SIS"": 0.137416, ""TCS"": 0.120917, ""TSQ"": 0.052112}}","{""ofactor_min"": 74, ""xfactor_tier_a"": 84, ""xfactor_tier_b"": 76}","{""ofactor"": {""CCS"": 0.04, ""ICS"": 0.1, ""LTS"": 0.06, ""MFS"": 0.18, ""MQS"": 0.12, ""MRS"": 0.08, ""RSS"": 0.1, ""SRS"": 0.14, ""TQS"": 0.18}, ""xfactor"": {""ELQ"": 0.140158, ""IOQ"": 0.044673, ""LSQ"": 0.103288, ""MSS"": 0.087304, ""RRQ"": 0.214121, ""SIQ"": 0.100011, ""SIS"": 0.137416, ""TCS"": 0.120917, ""TSQ"": 0.052112}}","{""BINARY_EVENT_RISK"": true, ""EXCESSIVE_EXTENSION"": true, ""EXCESSIVE_UNCONFIRMED_GAP"": true, ""INSUFFICIENT_LIQUIDITY"": true, ""INSUFFICIENT_MARKET_DEPTH"": true, ""NEAR_OPPOSING_BARRIER"": true, ""NO_STRUCTURAL_STOP"": true, ""NO_VALID_SETUP"": true, ""OFACTOR_BELOW_MINIMUM"": true, ""OPTION_CONTRACT_NOT_TRADABLE"": true, ""OPTION_SPREAD_TOO_WIDE"": true, ""POSITION_SIZE_NOT_FEASIBLE"": true, ""REWARD_RISK_BELOW_MINIMUM"": true, ""SETUP_EXPIRED"": true, ""SETUP_FAILED"": true, ""STALE_MARKET_DATA"": true, ""STOP_TOO_WIDE"": true}",NEXT_VALID_OPEN,BASE_CERTIFIED,UNCONSTRAINED_OPPORTUNITY,ALL_INNER_FOLDS,ALL_PRIMARY_REGIMES,PLANNED,event outcomes; fold/regime summaries; trial ledger
S1X_MIX_24,STAGE1_XFACTOR_SCREENING,CONSTRAINED_MAXIMIN_MIXTURE,"{""diagnostic_ladders"": [""I030"", ""I050"", ""I070"", ""I100"", ""S100_D1_D5"", ""S200_D1_D5"", ""S500_D1_D5"", ""H30_1_2_5"", ""A050"", ""A100"", ""A200"", ""A500"", ""A1000"", ""A_GT1000""], ""entry_mode"": ""NEXT_VALID_OPEN"", ""exit_policy"": ""AUTHORITATIVE_OIIS_EXIT_UNCHANGED"", ""hard_gates"": {""BINARY_EVENT_RISK"": true, ""EXCESSIVE_EXTENSION"": true, ""EXCESSIVE_UNCONFIRMED_GAP"": true, ""INSUFFICIENT_LIQUIDITY"": true, ""INSUFFICIENT_MARKET_DEPTH"": true, ""NEAR_OPPOSING_BARRIER"": true, ""NO_STRUCTURAL_STOP"": true, ""NO_VALID_SETUP"": true, ""OFACTOR_BELOW_MINIMUM"": true, ""OPTION_CONTRACT_NOT_TRADABLE"": true, ""OPTION_SPREAD_TOO_WIDE"": true, ""POSITION_SIZE_NOT_FEASIBLE"": true, ""REWARD_RISK_BELOW_MINIMUM"": true, ""SETUP_EXPIRED"": true, ""SETUP_FAILED"": true, ""STALE_MARKET_DATA"": true, ""STOP_TOO_WIDE"": true}, ""ofactor_min"": 74, ""ofactor_weights"": {""CCS"": 0.04, ""ICS"": 0.1, ""LTS"": 0.06, ""MFS"": 0.18, ""MQS"": 0.12, ""MRS"": 0.08, ""RSS"": 0.1, ""SRS"": 0.14, ""TQS"": 0.18}, ""xfactor_tier_a"": 84, ""xfactor_tier_b"": 76, ""xfactor_weights"": {""ELQ"": 0.18077, ""IOQ"": 0.045099, ""LSQ"": 0.052821, ""MSS"": 0.040411, ""RRQ"": 0.086322, ""SIQ"": 0.226826, ""SIS"": 0.115138, ""TCS"": 0.231812, ""TSQ"": 0.020801}}","{""ofactor_min"": 74, ""xfactor_tier_a"": 84, ""xfactor_tier_b"": 76}","{""ofactor"": {""CCS"": 0.04, ""ICS"": 0.1, ""LTS"": 0.06, ""MFS"": 0.18, ""MQS"": 0.12, ""MRS"": 0.08, ""RSS"": 0.1, ""SRS"": 0.14, ""TQS"": 0.18}, ""xfactor"": {""ELQ"": 0.18077, ""IOQ"": 0.045099, ""LSQ"": 0.052821, ""MSS"": 0.040411, ""RRQ"": 0.086322, ""SIQ"": 0.226826, ""SIS"": 0.115138, ""TCS"": 0.231812, ""TSQ"": 0.020801}}","{""BINARY_EVENT_RISK"": true, ""EXCESSIVE_EXTENSION"": true, ""EXCESSIVE_UNCONFIRMED_GAP"": true, ""INSUFFICIENT_LIQUIDITY"": true, ""INSUFFICIENT_MARKET_DEPTH"": true, ""NEAR_OPPOSING_BARRIER"": true, ""NO_STRUCTURAL_STOP"": true, ""NO_VALID_SETUP"": true, ""OFACTOR_BELOW_MINIMUM"": true, ""OPTION_CONTRACT_NOT_TRADABLE"": true, ""OPTION_SPREAD_TOO_WIDE"": true, ""POSITION_SIZE_NOT_FEASIBLE"": true, ""REWARD_RISK_BELOW_MINIMUM"": true, ""SETUP_EXPIRED"": true, ""SETUP_FAILED"": true, ""STALE_MARKET_DATA"": true, ""STOP_TOO_WIDE"": true}",NEXT_VALID_OPEN,BASE_CERTIFIED,UNCONSTRAINED_OPPORTUNITY,ALL_INNER_FOLDS,ALL_PRIMARY_REGIMES,PLANNED,event outcomes; fold/regime summaries; trial ledger
S1X_CENTER_01,STAGE1_XFACTOR_SCREENING,CENTRE_REPLICATE,"{""diagnostic_ladders"": [""I030"", ""I050"", ""I070"", ""I100"", ""S100_D1_D5"", ""S200_D1_D5"", ""S500_D1_D5"", ""H30_1_2_5"", ""A050"", ""A100"", ""A200"", ""A500"", ""A1000"", ""A_GT1000""], ""entry_mode"": ""NEXT_VALID_OPEN"", ""exit_policy"": ""AUTHORITATIVE_OIIS_EXIT_UNCHANGED"", ""hard_gates"": {""BINARY_EVENT_RISK"": true, ""EXCESSIVE_EXTENSION"": true, ""EXCESSIVE_UNCONFIRMED_GAP"": true, ""INSUFFICIENT_LIQUIDITY"": true, ""INSUFFICIENT_MARKET_DEPTH"": true, ""NEAR_OPPOSING_BARRIER"": true, ""NO_STRUCTURAL_STOP"": true, ""NO_VALID_SETUP"": true, ""OFACTOR_BELOW_MINIMUM"": true, ""OPTION_CONTRACT_NOT_TRADABLE"": true, ""OPTION_SPREAD_TOO_WIDE"": true, ""POSITION_SIZE_NOT_FEASIBLE"": true, ""REWARD_RISK_BELOW_MINIMUM"": true, ""SETUP_EXPIRED"": true, ""SETUP_FAILED"": true, ""STALE_MARKET_DATA"": true, ""STOP_TOO_WIDE"": true}, ""ofactor_min"": 74, ""ofactor_weights"": {""CCS"": 0.04, ""ICS"": 0.1, ""LTS"": 0.06, ""MFS"": 0.18, ""MQS"": 0.12, ""MRS"": 0.08, ""RSS"": 0.1, ""SRS"": 0.14, ""TQS"": 0.18}, ""xfactor_tier_a"": 84, ""xfactor_tier_b"": 76, ""xfactor_weights"": {""ELQ"": 0.2, ""IOQ"": 0.03, ""LSQ"": 0.06, ""MSS"": 0.06, ""RRQ"": 0.14, ""SIQ"": 0.14, ""SIS"": 0.18, ""TCS"": 0.16, ""TSQ"": 0.03}}","{""ofactor_min"": 74, ""xfactor_tier_a"": 84, ""xfactor_tier_b"": 76}","{""ofactor"": {""CCS"": 0.04, ""ICS"": 0.1, ""LTS"": 0.06, ""MFS"": 0.18, ""MQS"": 0.12, ""MRS"": 0.08, ""RSS"": 0.1, ""SRS"": 0.14, ""TQS"": 0.18}, ""xfactor"": {""ELQ"": 0.2, ""IOQ"": 0.03, ""LSQ"": 0.06, ""MSS"": 0.06, ""RRQ"": 0.14, ""SIQ"": 0.14, ""SIS"": 0.18, ""TCS"": 0.16, ""TSQ"": 0.03}}","{""BINARY_EVENT_RISK"": true, ""EXCESSIVE_EXTENSION"": true, ""EXCESSIVE_UNCONFIRMED_GAP"": true, ""INSUFFICIENT_LIQUIDITY"": true, ""INSUFFICIENT_MARKET_DEPTH"": true, ""NEAR_OPPOSING_BARRIER"": true, ""NO_STRUCTURAL_STOP"": true, ""NO_VALID_SETUP"": true, ""OFACTOR_BELOW_MINIMUM"": true, ""OPTION_CONTRACT_NOT_TRADABLE"": true, ""OPTION_SPREAD_TOO_WIDE"": true, ""POSITION_SIZE_NOT_FEASIBLE"": true, ""REWARD_RISK_BELOW_MINIMUM"": true, ""SETUP_EXPIRED"": true, ""SETUP_FAILED"": true, ""STALE_MARKET_DATA"": true, ""STOP_TOO_WIDE"": true}",NEXT_VALID_OPEN,BASE_CERTIFIED,UNCONSTRAINED_OPPORTUNITY,ALL_INNER_FOLDS,ALL_PRIMARY_REGIMES,PLANNED,event outcomes; fold/regime summaries; trial ledger
S1X_CENTER_02,STAGE1_XFACTOR_SCREENING,CENTRE_REPLICATE,"{""diagnostic_ladders"": [""I030"", ""I050"", ""I070"", ""I100"", ""S100_D1_D5"", ""S200_D1_D5"", ""S500_D1_D5"", ""H30_1_2_5"", ""A050"", ""A100"", ""A200"", ""A500"", ""A1000"", ""A_GT1000""], ""entry_mode"": ""NEXT_VALID_OPEN"", ""exit_policy"": ""AUTHORITATIVE_OIIS_EXIT_UNCHANGED"", ""hard_gates"": {""BINARY_EVENT_RISK"": true, ""EXCESSIVE_EXTENSION"": true, ""EXCESSIVE_UNCONFIRMED_GAP"": true, ""INSUFFICIENT_LIQUIDITY"": true, ""INSUFFICIENT_MARKET_DEPTH"": true, ""NEAR_OPPOSING_BARRIER"": true, ""NO_STRUCTURAL_STOP"": true, ""NO_VALID_SETUP"": true, ""OFACTOR_BELOW_MINIMUM"": true, ""OPTION_CONTRACT_NOT_TRADABLE"": true, ""OPTION_SPREAD_TOO_WIDE"": true, ""POSITION_SIZE_NOT_FEASIBLE"": true, ""REWARD_RISK_BELOW_MINIMUM"": true, ""SETUP_EXPIRED"": true, ""SETUP_FAILED"": true, ""STALE_MARKET_DATA"": true, ""STOP_TOO_WIDE"": true}, ""ofactor_min"": 74, ""ofactor_weights"": {""CCS"": 0.04, ""ICS"": 0.1, ""LTS"": 0.06, ""MFS"": 0.18, ""MQS"": 0.12, ""MRS"": 0.08, ""RSS"": 0.1, ""SRS"": 0.14, ""TQS"": 0.18}, ""xfactor_tier_a"": 84, ""xfactor_tier_b"": 76, ""xfactor_weights"": {""ELQ"": 0.2, ""IOQ"": 0.03, ""LSQ"": 0.06, ""MSS"": 0.06, ""RRQ"": 0.14, ""SIQ"": 0.14, ""SIS"": 0.18, ""TCS"": 0.16, ""TSQ"": 0.03}}","{""ofactor_min"": 74, ""xfactor_tier_a"": 84, ""xfactor_tier_b"": 76}","{""ofactor"": {""CCS"": 0.04, ""ICS"": 0.1, ""LTS"": 0.06, ""MFS"": 0.18, ""MQS"": 0.12, ""MRS"": 0.08, ""RSS"": 0.1, ""SRS"": 0.14, ""TQS"": 0.18}, ""xfactor"": {""ELQ"": 0.2, ""IOQ"": 0.03, ""LSQ"": 0.06, ""MSS"": 0.06, ""RRQ"": 0.14, ""SIQ"": 0.14, ""SIS"": 0.18, ""TCS"": 0.16, ""TSQ"": 0.03}}","{""BINARY_EVENT_RISK"": true, ""EXCESSIVE_EXTENSION"": true, ""EXCESSIVE_UNCONFIRMED_GAP"": true, ""INSUFFICIENT_LIQUIDITY"": true, ""INSUFFICIENT_MARKET_DEPTH"": true, ""NEAR_OPPOSING_BARRIER"": true, ""NO_STRUCTURAL_STOP"": true, ""NO_VALID_SETUP"": true, ""OFACTOR_BELOW_MINIMUM"": true, ""OPTION_CONTRACT_NOT_TRADABLE"": true, ""OPTION_SPREAD_TOO_WIDE"": true, ""POSITION_SIZE_NOT_FEASIBLE"": true, ""REWARD_RISK_BELOW_MINIMUM"": true, ""SETUP_EXPIRED"": true, ""SETUP_FAILED"": true, ""STALE_MARKET_DATA"": true, ""STOP_TOO_WIDE"": true}",NEXT_VALID_OPEN,BASE_CERTIFIED,UNCONSTRAINED_OPPORTUNITY,ALL_INNER_FOLDS,ALL_PRIMARY_REGIMES,PLANNED,event outcomes; fold/regime summaries; trial ledger
S1X_CENTER_03,STAGE1_XFACTOR_SCREENING,CENTRE_REPLICATE,"{""diagnostic_ladders"": [""I030"", ""I050"", ""I070"", ""I100"", ""S100_D1_D5"", ""S200_D1_D5"", ""S500_D1_D5"", ""H30_1_2_5"", ""A050"", ""A100"", ""A200"", ""A500"", ""A1000"", ""A_GT1000""], ""entry_mode"": ""NEXT_VALID_OPEN"", ""exit_policy"": ""AUTHORITATIVE_OIIS_EXIT_UNCHANGED"", ""hard_gates"": {""BINARY_EVENT_RISK"": true, ""EXCESSIVE_EXTENSION"": true, ""EXCESSIVE_UNCONFIRMED_GAP"": true, ""INSUFFICIENT_LIQUIDITY"": true, ""INSUFFICIENT_MARKET_DEPTH"": true, ""NEAR_OPPOSING_BARRIER"": true, ""NO_STRUCTURAL_STOP"": true, ""NO_VALID_SETUP"": true, ""OFACTOR_BELOW_MINIMUM"": true, ""OPTION_CONTRACT_NOT_TRADABLE"": true, ""OPTION_SPREAD_TOO_WIDE"": true, ""POSITION_SIZE_NOT_FEASIBLE"": true, ""REWARD_RISK_BELOW_MINIMUM"": true, ""SETUP_EXPIRED"": true, ""SETUP_FAILED"": true, ""STALE_MARKET_DATA"": true, ""STOP_TOO_WIDE"": true}, ""ofactor_min"": 74, ""ofactor_weights"": {""CCS"": 0.04, ""ICS"": 0.1, ""LTS"": 0.06, ""MFS"": 0.18, ""MQS"": 0.12, ""MRS"": 0.08, ""RSS"": 0.1, ""SRS"": 0.14, ""TQS"": 0.18}, ""xfactor_tier_a"": 84, ""xfactor_tier_b"": 76, ""xfactor_weights"": {""ELQ"": 0.2, ""IOQ"": 0.03, ""LSQ"": 0.06, ""MSS"": 0.06, ""RRQ"": 0.14, ""SIQ"": 0.14, ""SIS"": 0.18, ""TCS"": 0.16, ""TSQ"": 0.03}}","{""ofactor_min"": 74, ""xfactor_tier_a"": 84, ""xfactor_tier_b"": 76}","{""ofactor"": {""CCS"": 0.04, ""ICS"": 0.1, ""LTS"": 0.06, ""MFS"": 0.18, ""MQS"": 0.12, ""MRS"": 0.08, ""RSS"": 0.1, ""SRS"": 0.14, ""TQS"": 0.18}, ""xfactor"": {""ELQ"": 0.2, ""IOQ"": 0.03, ""LSQ"": 0.06, ""MSS"": 0.06, ""RRQ"": 0.14, ""SIQ"": 0.14, ""SIS"": 0.18, ""TCS"": 0.16, ""TSQ"": 0.03}}","{""BINARY_EVENT_RISK"": true, ""EXCESSIVE_EXTENSION"": true, ""EXCESSIVE_UNCONFIRMED_GAP"": true, ""INSUFFICIENT_LIQUIDITY"": true, ""INSUFFICIENT_MARKET_DEPTH"": true, ""NEAR_OPPOSING_BARRIER"": true, ""NO_STRUCTURAL_STOP"": true, ""NO_VALID_SETUP"": true, ""OFACTOR_BELOW_MINIMUM"": true, ""OPTION_CONTRACT_NOT_TRADABLE"": true, ""OPTION_SPREAD_TOO_WIDE"": true, ""POSITION_SIZE_NOT_FEASIBLE"": true, ""REWARD_RISK_BELOW_MINIMUM"": true, ""SETUP_EXPIRED"": true, ""SETUP_FAILED"": true, ""STALE_MARKET_DATA"": true, ""STOP_TOO_WIDE"": true}",NEXT_VALID_OPEN,BASE_CERTIFIED,UNCONSTRAINED_OPPORTUNITY,ALL_INNER_FOLDS,ALL_PRIMARY_REGIMES,PLANNED,event outcomes; fold/regime summaries; trial ledger
S1G_OFF_STALE_MARKET_DATA,STAGE1_GATE_ABLATION,ADVERSARIAL_GATE_ABLATION,"{""diagnostic_ladders"": [""I030"", ""I050"", ""I070"", ""I100"", ""S100_D1_D5"", ""S200_D1_D5"", ""S500_D1_D5"", ""H30_1_2_5"", ""A050"", ""A100"", ""A200"", ""A500"", ""A1000"", ""A_GT1000""], ""entry_mode"": ""NEXT_VALID_OPEN"", ""exit_policy"": ""AUTHORITATIVE_OIIS_EXIT_UNCHANGED"", ""gate_ablation"": ""STALE_MARKET_DATA"", ""hard_gates"": {""BINARY_EVENT_RISK"": true, ""EXCESSIVE_EXTENSION"": true, ""EXCESSIVE_UNCONFIRMED_GAP"": true, ""INSUFFICIENT_LIQUIDITY"": true, ""INSUFFICIENT_MARKET_DEPTH"": true, ""NEAR_OPPOSING_BARRIER"": true, ""NO_STRUCTURAL_STOP"": true, ""NO_VALID_SETUP"": true, ""OFACTOR_BELOW_MINIMUM"": true, ""OPTION_CONTRACT_NOT_TRADABLE"": true, ""OPTION_SPREAD_TOO_WIDE"": true, ""POSITION_SIZE_NOT_FEASIBLE"": true, ""REWARD_RISK_BELOW_MINIMUM"": true, ""SETUP_EXPIRED"": true, ""SETUP_FAILED"": true, ""STALE_MARKET_DATA"": false, ""STOP_TOO_WIDE"": true}, ""ofactor_min"": 74, ""ofactor_weights"": {""CCS"": 0.04, ""ICS"": 0.1, ""LTS"": 0.06, ""MFS"": 0.18, ""MQS"": 0.12, ""MRS"": 0.08, ""RSS"": 0.1, ""SRS"": 0.14, ""TQS"": 0.18}, ""xfactor_tier_a"": 84, ""xfactor_tier_b"": 76, ""xfactor_weights"": {""ELQ"": 0.2, ""IOQ"": 0.03, ""LSQ"": 0.06, ""MSS"": 0.06, ""RRQ"": 0.14, ""SIQ"": 0.14, ""SIS"": 0.18, ""TCS"": 0.16, ""TSQ"": 0.03}}","{""ofactor_min"": 74, ""xfactor_tier_a"": 84, ""xfactor_tier_b"": 76}","{""ofactor"": {""CCS"": 0.04, ""ICS"": 0.1, ""LTS"": 0.06, ""MFS"": 0.18, ""MQS"": 0.12, ""MRS"": 0.08, ""RSS"": 0.1, ""SRS"": 0.14, ""TQS"": 0.18}, ""xfactor"": {""ELQ"": 0.2, ""IOQ"": 0.03, ""LSQ"": 0.06, ""MSS"": 0.06, ""RRQ"": 0.14, ""SIQ"": 0.14, ""SIS"": 0.18, ""TCS"": 0.16, ""TSQ"": 0.03}}","{""BINARY_EVENT_RISK"": true, ""EXCESSIVE_EXTENSION"": true, ""EXCESSIVE_UNCONFIRMED_GAP"": true, ""INSUFFICIENT_LIQUIDITY"": true, ""INSUFFICIENT_MARKET_DEPTH"": true, ""NEAR_OPPOSING_BARRIER"": true, ""NO_STRUCTURAL_STOP"": true, ""NO_VALID_SETUP"": true, ""OFACTOR_BELOW_MINIMUM"": true, ""OPTION_CONTRACT_NOT_TRADABLE"": true, ""OPTION_SPREAD_TOO_WIDE"": true, ""POSITION_SIZE_NOT_FEASIBLE"": true, ""REWARD_RISK_BELOW_MINIMUM"": true, ""SETUP_EXPIRED"": true, ""SETUP_FAILED"": true, ""STALE_MARKET_DATA"": false, ""STOP_TOO_WIDE"": true}",NEXT_VALID_OPEN,BASE_CERTIFIED,UNCONSTRAINED_OPPORTUNITY,ALL_INNER_FOLDS,ALL_PRIMARY_REGIMES,PLANNED_INNER_DISCOVERY_ONLY,incremental trade/risk/capital effect; never production candidate
S1G_OFF_OFACTOR_BELOW_MINIMUM,STAGE1_GATE_ABLATION,ADVERSARIAL_GATE_ABLATION,"{""diagnostic_ladders"": [""I030"", ""I050"", ""I070"", ""I100"", ""S100_D1_D5"", ""S200_D1_D5"", ""S500_D1_D5"", ""H30_1_2_5"", ""A050"", ""A100"", ""A200"", ""A500"", ""A1000"", ""A_GT1000""], ""entry_mode"": ""NEXT_VALID_OPEN"", ""exit_policy"": ""AUTHORITATIVE_OIIS_EXIT_UNCHANGED"", ""gate_ablation"": ""OFACTOR_BELOW_MINIMUM"", ""hard_gates"": {""BINARY_EVENT_RISK"": true, ""EXCESSIVE_EXTENSION"": true, ""EXCESSIVE_UNCONFIRMED_GAP"": true, ""INSUFFICIENT_LIQUIDITY"": true, ""INSUFFICIENT_MARKET_DEPTH"": true, ""NEAR_OPPOSING_BARRIER"": true, ""NO_STRUCTURAL_STOP"": true, ""NO_VALID_SETUP"": true, ""OFACTOR_BELOW_MINIMUM"": false, ""OPTION_CONTRACT_NOT_TRADABLE"": true, ""OPTION_SPREAD_TOO_WIDE"": true, ""POSITION_SIZE_NOT_FEASIBLE"": true, ""REWARD_RISK_BELOW_MINIMUM"": true, ""SETUP_EXPIRED"": true, ""SETUP_FAILED"": true, ""STALE_MARKET_DATA"": true, ""STOP_TOO_WIDE"": true}, ""ofactor_min"": 74, ""ofactor_weights"": {""CCS"": 0.04, ""ICS"": 0.1, ""LTS"": 0.06, ""MFS"": 0.18, ""MQS"": 0.12, ""MRS"": 0.08, ""RSS"": 0.1, ""SRS"": 0.14, ""TQS"": 0.18}, ""xfactor_tier_a"": 84, ""xfactor_tier_b"": 76, ""xfactor_weights"": {""ELQ"": 0.2, ""IOQ"": 0.03, ""LSQ"": 0.06, ""MSS"": 0.06, ""RRQ"": 0.14, ""SIQ"": 0.14, ""SIS"": 0.18, ""TCS"": 0.16, ""TSQ"": 0.03}}","{""ofactor_min"": 74, ""xfactor_tier_a"": 84, ""xfactor_tier_b"": 76}","{""ofactor"": {""CCS"": 0.04, ""ICS"": 0.1, ""LTS"": 0.06, ""MFS"": 0.18, ""MQS"": 0.12, ""MRS"": 0.08, ""RSS"": 0.1, ""SRS"": 0.14, ""TQS"": 0.18}, ""xfactor"": {""ELQ"": 0.2, ""IOQ"": 0.03, ""LSQ"": 0.06, ""MSS"": 0.06, ""RRQ"": 0.14, ""SIQ"": 0.14, ""SIS"": 0.18, ""TCS"": 0.16, ""TSQ"": 0.03}}","{""BINARY_EVENT_RISK"": true, ""EXCESSIVE_EXTENSION"": true, ""EXCESSIVE_UNCONFIRMED_GAP"": true, ""INSUFFICIENT_LIQUIDITY"": true, ""INSUFFICIENT_MARKET_DEPTH"": true, ""NEAR_OPPOSING_BARRIER"": true, ""NO_STRUCTURAL_STOP"": true, ""NO_VALID_SETUP"": true, ""OFACTOR_BELOW_MINIMUM"": false, ""OPTION_CONTRACT_NOT_TRADABLE"": true, ""OPTION_SPREAD_TOO_WIDE"": true, ""POSITION_SIZE_NOT_FEASIBLE"": true, ""REWARD_RISK_BELOW_MINIMUM"": true, ""SETUP_EXPIRED"": true, ""SETUP_FAILED"": true, ""STALE_MARKET_DATA"": true, ""STOP_TOO_WIDE"": true}",NEXT_VALID_OPEN,BASE_CERTIFIED,UNCONSTRAINED_OPPORTUNITY,ALL_INNER_FOLDS,ALL_PRIMARY_REGIMES,PLANNED_INNER_DISCOVERY_ONLY,incremental trade/risk/capital effect; never production candidate
S1G_OFF_NO_VALID_SETUP,STAGE1_GATE_ABLATION,ADVERSARIAL_GATE_ABLATION,"{""diagnostic_ladders"": [""I030"", ""I050"", ""I070"", ""I100"", ""S100_D1_D5"", ""S200_D1_D5"", ""S500_D1_D5"", ""H30_1_2_5"", ""A050"", ""A100"", ""A200"", ""A500"", ""A1000"", ""A_GT1000""], ""entry_mode"": ""NEXT_VALID_OPEN"", ""exit_policy"": ""AUTHORITATIVE_OIIS_EXIT_UNCHANGED"", ""gate_ablation"": ""NO_VALID_SETUP"", ""hard_gates"": {""BINARY_EVENT_RISK"": true, ""EXCESSIVE_EXTENSION"": true, ""EXCESSIVE_UNCONFIRMED_GAP"": true, ""INSUFFICIENT_LIQUIDITY"": true, ""INSUFFICIENT_MARKET_DEPTH"": true, ""NEAR_OPPOSING_BARRIER"": true, ""NO_STRUCTURAL_STOP"": true, ""NO_VALID_SETUP"": false, ""OFACTOR_BELOW_MINIMUM"": true, ""OPTION_CONTRACT_NOT_TRADABLE"": true, ""OPTION_SPREAD_TOO_WIDE"": true, ""POSITION_SIZE_NOT_FEASIBLE"": true, ""REWARD_RISK_BELOW_MINIMUM"": true, ""SETUP_EXPIRED"": true, ""SETUP_FAILED"": true, ""STALE_MARKET_DATA"": true, ""STOP_TOO_WIDE"": true}, ""ofactor_min"": 74, ""ofactor_weights"": {""CCS"": 0.04, ""ICS"": 0.1, ""LTS"": 0.06, ""MFS"": 0.18, ""MQS"": 0.12, ""MRS"": 0.08, ""RSS"": 0.1, ""SRS"": 0.14, ""TQS"": 0.18}, ""xfactor_tier_a"": 84, ""xfactor_tier_b"": 76, ""xfactor_weights"": {""ELQ"": 0.2, ""IOQ"": 0.03, ""LSQ"": 0.06, ""MSS"": 0.06, ""RRQ"": 0.14, ""SIQ"": 0.14, ""SIS"": 0.18, ""TCS"": 0.16, ""TSQ"": 0.03}}","{""ofactor_min"": 74, ""xfactor_tier_a"": 84, ""xfactor_tier_b"": 76}","{""ofactor"": {""CCS"": 0.04, ""ICS"": 0.1, ""LTS"": 0.06, ""MFS"": 0.18, ""MQS"": 0.12, ""MRS"": 0.08, ""RSS"": 0.1, ""SRS"": 0.14, ""TQS"": 0.18}, ""xfactor"": {""ELQ"": 0.2, ""IOQ"": 0.03, ""LSQ"": 0.06, ""MSS"": 0.06, ""RRQ"": 0.14, ""SIQ"": 0.14, ""SIS"": 0.18, ""TCS"": 0.16, ""TSQ"": 0.03}}","{""BINARY_EVENT_RISK"": true, ""EXCESSIVE_EXTENSION"": true, ""EXCESSIVE_UNCONFIRMED_GAP"": true, ""INSUFFICIENT_LIQUIDITY"": true, ""INSUFFICIENT_MARKET_DEPTH"": true, ""NEAR_OPPOSING_BARRIER"": true, ""NO_STRUCTURAL_STOP"": true, ""NO_VALID_SETUP"": false, ""OFACTOR_BELOW_MINIMUM"": true, ""OPTION_CONTRACT_NOT_TRADABLE"": true, ""OPTION_SPREAD_TOO_WIDE"": true, ""POSITION_SIZE_NOT_FEASIBLE"": true, ""REWARD_RISK_BELOW_MINIMUM"": true, ""SETUP_EXPIRED"": true, ""SETUP_FAILED"": true, ""STALE_MARKET_DATA"": true, ""STOP_TOO_WIDE"": true}",NEXT_VALID_OPEN,BASE_CERTIFIED,UNCONSTRAINED_OPPORTUNITY,ALL_INNER_FOLDS,ALL_PRIMARY_REGIMES,PLANNED_INNER_DISCOVERY_ONLY,incremental trade/risk/capital effect; never production candidate
S1G_OFF_SETUP_FAILED,STAGE1_GATE_ABLATION,ADVERSARIAL_GATE_ABLATION,"{""diagnostic_ladders"": [""I030"", ""I050"", ""I070"", ""I100"", ""S100_D1_D5"", ""S200_D1_D5"", ""S500_D1_D5"", ""H30_1_2_5"", ""A050"", ""A100"", ""A200"", ""A500"", ""A1000"", ""A_GT1000""], ""entry_mode"": ""NEXT_VALID_OPEN"", ""exit_policy"": ""AUTHORITATIVE_OIIS_EXIT_UNCHANGED"", ""gate_ablation"": ""SETUP_FAILED"", ""hard_gates"": {""BINARY_EVENT_RISK"": true, ""EXCESSIVE_EXTENSION"": true, ""EXCESSIVE_UNCONFIRMED_GAP"": true, ""INSUFFICIENT_LIQUIDITY"": true, ""INSUFFICIENT_MARKET_DEPTH"": true, ""NEAR_OPPOSING_BARRIER"": true, ""NO_STRUCTURAL_STOP"": true, ""NO_VALID_SETUP"": true, ""OFACTOR_BELOW_MINIMUM"": true, ""OPTION_CONTRACT_NOT_TRADABLE"": true, ""OPTION_SPREAD_TOO_WIDE"": true, ""POSITION_SIZE_NOT_FEASIBLE"": true, ""REWARD_RISK_BELOW_MINIMUM"": true, ""SETUP_EXPIRED"": true, ""SETUP_FAILED"": false, ""STALE_MARKET_DATA"": true, ""STOP_TOO_WIDE"": true}, ""ofactor_min"": 74, ""ofactor_weights"": {""CCS"": 0.04, ""ICS"": 0.1, ""LTS"": 0.06, ""MFS"": 0.18, ""MQS"": 0.12, ""MRS"": 0.08, ""RSS"": 0.1, ""SRS"": 0.14, ""TQS"": 0.18}, ""xfactor_tier_a"": 84, ""xfactor_tier_b"": 76, ""xfactor_weights"": {""ELQ"": 0.2, ""IOQ"": 0.03, ""LSQ"": 0.06, ""MSS"": 0.06, ""RRQ"": 0.14, ""SIQ"": 0.14, ""SIS"": 0.18, ""TCS"": 0.16, ""TSQ"": 0.03}}","{""ofactor_min"": 74, ""xfactor_tier_a"": 84, ""xfactor_tier_b"": 76}","{""ofactor"": {""CCS"": 0.04, ""ICS"": 0.1, ""LTS"": 0.06, ""MFS"": 0.18, ""MQS"": 0.12, ""MRS"": 0.08, ""RSS"": 0.1, ""SRS"": 0.14, ""TQS"": 0.18}, ""xfactor"": {""ELQ"": 0.2, ""IOQ"": 0.03, ""LSQ"": 0.06, ""MSS"": 0.06, ""RRQ"": 0.14, ""SIQ"": 0.14, ""SIS"": 0.18, ""TCS"": 0.16, ""TSQ"": 0.03}}","{""BINARY_EVENT_RISK"": true, ""EXCESSIVE_EXTENSION"": true, ""EXCESSIVE_UNCONFIRMED_GAP"": true, ""INSUFFICIENT_LIQUIDITY"": true, ""INSUFFICIENT_MARKET_DEPTH"": true, ""NEAR_OPPOSING_BARRIER"": true, ""NO_STRUCTURAL_STOP"": true, ""NO_VALID_SETUP"": true, ""OFACTOR_BELOW_MINIMUM"": true, ""OPTION_CONTRACT_NOT_TRADABLE"": true, ""OPTION_SPREAD_TOO_WIDE"": true, ""POSITION_SIZE_NOT_FEASIBLE"": true, ""REWARD_RISK_BELOW_MINIMUM"": true, ""SETUP_EXPIRED"": true, ""SETUP_FAILED"": false, ""STALE_MARKET_DATA"": true, ""STOP_TOO_WIDE"": true}",NEXT_VALID_OPEN,BASE_CERTIFIED,UNCONSTRAINED_OPPORTUNITY,ALL_INNER_FOLDS,ALL_PRIMARY_REGIMES,PLANNED_INNER_DISCOVERY_ONLY,incremental trade/risk/capital effect; never production candidate
S1G_OFF_SETUP_EXPIRED,STAGE1_GATE_ABLATION,ADVERSARIAL_GATE_ABLATION,"{""diagnostic_ladders"": [""I030"", ""I050"", ""I070"", ""I100"", ""S100_D1_D5"", ""S200_D1_D5"", ""S500_D1_D5"", ""H30_1_2_5"", ""A050"", ""A100"", ""A200"", ""A500"", ""A1000"", ""A_GT1000""], ""entry_mode"": ""NEXT_VALID_OPEN"", ""exit_policy"": ""AUTHORITATIVE_OIIS_EXIT_UNCHANGED"", ""gate_ablation"": ""SETUP_EXPIRED"", ""hard_gates"": {""BINARY_EVENT_RISK"": true, ""EXCESSIVE_EXTENSION"": true, ""EXCESSIVE_UNCONFIRMED_GAP"": true, ""INSUFFICIENT_LIQUIDITY"": true, ""INSUFFICIENT_MARKET_DEPTH"": true, ""NEAR_OPPOSING_BARRIER"": true, ""NO_STRUCTURAL_STOP"": true, ""NO_VALID_SETUP"": true, ""OFACTOR_BELOW_MINIMUM"": true, ""OPTION_CONTRACT_NOT_TRADABLE"": true, ""OPTION_SPREAD_TOO_WIDE"": true, ""POSITION_SIZE_NOT_FEASIBLE"": true, ""REWARD_RISK_BELOW_MINIMUM"": true, ""SETUP_EXPIRED"": false, ""SETUP_FAILED"": true, ""STALE_MARKET_DATA"": true, ""STOP_TOO_WIDE"": true}, ""ofactor_min"": 74, ""ofactor_weights"": {""CCS"": 0.04, ""ICS"": 0.1, ""LTS"": 0.06, ""MFS"": 0.18, ""MQS"": 0.12, ""MRS"": 0.08, ""RSS"": 0.1, ""SRS"": 0.14, ""TQS"": 0.18}, ""xfactor_tier_a"": 84, ""xfactor_tier_b"": 76, ""xfactor_weights"": {""ELQ"": 0.2, ""IOQ"": 0.03, ""LSQ"": 0.06, ""MSS"": 0.06, ""RRQ"": 0.14, ""SIQ"": 0.14, ""SIS"": 0.18, ""TCS"": 0.16, ""TSQ"": 0.03}}","{""ofactor_min"": 74, ""xfactor_tier_a"": 84, ""xfactor_tier_b"": 76}","{""ofactor"": {""CCS"": 0.04, ""ICS"": 0.1, ""LTS"": 0.06, ""MFS"": 0.18, ""MQS"": 0.12, ""MRS"": 0.08, ""RSS"": 0.1, ""SRS"": 0.14, ""TQS"": 0.18}, ""xfactor"": {""ELQ"": 0.2, ""IOQ"": 0.03, ""LSQ"": 0.06, ""MSS"": 0.06, ""RRQ"": 0.14, ""SIQ"": 0.14, ""SIS"": 0.18, ""TCS"": 0.16, ""TSQ"": 0.03}}","{""BINARY_EVENT_RISK"": true, ""EXCESSIVE_EXTENSION"": true, ""EXCESSIVE_UNCONFIRMED_GAP"": true, ""INSUFFICIENT_LIQUIDITY"": true, ""INSUFFICIENT_MARKET_DEPTH"": true, ""NEAR_OPPOSING_BARRIER"": true, ""NO_STRUCTURAL_STOP"": true, ""NO_VALID_SETUP"": true, ""OFACTOR_BELOW_MINIMUM"": true, ""OPTION_CONTRACT_NOT_TRADABLE"": true, ""OPTION_SPREAD_TOO_WIDE"": true, ""POSITION_SIZE_NOT_FEASIBLE"": true, ""REWARD_RISK_BELOW_MINIMUM"": true, ""SETUP_EXPIRED"": false, ""SETUP_FAILED"": true, ""STALE_MARKET_DATA"": true, ""STOP_TOO_WIDE"": true}",NEXT_VALID_OPEN,BASE_CERTIFIED,UNCONSTRAINED_OPPORTUNITY,ALL_INNER_FOLDS,ALL_PRIMARY_REGIMES,PLANNED_INNER_DISCOVERY_ONLY,incremental trade/risk/capital effect; never production candidate
S1G_OFF_NO_STRUCTURAL_STOP,STAGE1_GATE_ABLATION,ADVERSARIAL_GATE_ABLATION,"{""diagnostic_ladders"": [""I030"", ""I050"", ""I070"", ""I100"", ""S100_D1_D5"", ""S200_D1_D5"", ""S500_D1_D5"", ""H30_1_2_5"", ""A050"", ""A100"", ""A200"", ""A500"", ""A1000"", ""A_GT1000""], ""entry_mode"": ""NEXT_VALID_OPEN"", ""exit_policy"": ""AUTHORITATIVE_OIIS_EXIT_UNCHANGED"", ""gate_ablation"": ""NO_STRUCTURAL_STOP"", ""hard_gates"": {""BINARY_EVENT_RISK"": true, ""EXCESSIVE_EXTENSION"": true, ""EXCESSIVE_UNCONFIRMED_GAP"": true, ""INSUFFICIENT_LIQUIDITY"": true, ""INSUFFICIENT_MARKET_DEPTH"": true, ""NEAR_OPPOSING_BARRIER"": true, ""NO_STRUCTURAL_STOP"": false, ""NO_VALID_SETUP"": true, ""OFACTOR_BELOW_MINIMUM"": true, ""OPTION_CONTRACT_NOT_TRADABLE"": true, ""OPTION_SPREAD_TOO_WIDE"": true, ""POSITION_SIZE_NOT_FEASIBLE"": true, ""REWARD_RISK_BELOW_MINIMUM"": true, ""SETUP_EXPIRED"": true, ""SETUP_FAILED"": true, ""STALE_MARKET_DATA"": true, ""STOP_TOO_WIDE"": true}, ""ofactor_min"": 74, ""ofactor_weights"": {""CCS"": 0.04, ""ICS"": 0.1, ""LTS"": 0.06, ""MFS"": 0.18, ""MQS"": 0.12, ""MRS"": 0.08, ""RSS"": 0.1, ""SRS"": 0.14, ""TQS"": 0.18}, ""xfactor_tier_a"": 84, ""xfactor_tier_b"": 76, ""xfactor_weights"": {""ELQ"": 0.2, ""IOQ"": 0.03, ""LSQ"": 0.06, ""MSS"": 0.06, ""RRQ"": 0.14, ""SIQ"": 0.14, ""SIS"": 0.18, ""TCS"": 0.16, ""TSQ"": 0.03}}","{""ofactor_min"": 74, ""xfactor_tier_a"": 84, ""xfactor_tier_b"": 76}","{""ofactor"": {""CCS"": 0.04, ""ICS"": 0.1, ""LTS"": 0.06, ""MFS"": 0.18, ""MQS"": 0.12, ""MRS"": 0.08, ""RSS"": 0.1, ""SRS"": 0.14, ""TQS"": 0.18}, ""xfactor"": {""ELQ"": 0.2, ""IOQ"": 0.03, ""LSQ"": 0.06, ""MSS"": 0.06, ""RRQ"": 0.14, ""SIQ"": 0.14, ""SIS"": 0.18, ""TCS"": 0.16, ""TSQ"": 0.03}}","{""BINARY_EVENT_RISK"": true, ""EXCESSIVE_EXTENSION"": true, ""EXCESSIVE_UNCONFIRMED_GAP"": true, ""INSUFFICIENT_LIQUIDITY"": true, ""INSUFFICIENT_MARKET_DEPTH"": true, ""NEAR_OPPOSING_BARRIER"": true, ""NO_STRUCTURAL_STOP"": false, ""NO_VALID_SETUP"": true, ""OFACTOR_BELOW_MINIMUM"": true, ""OPTION_CONTRACT_NOT_TRADABLE"": true, ""OPTION_SPREAD_TOO_WIDE"": true, ""POSITION_SIZE_NOT_FEASIBLE"": true, ""REWARD_RISK_BELOW_MINIMUM"": true, ""SETUP_EXPIRED"": true, ""SETUP_FAILED"": true, ""STALE_MARKET_DATA"": true, ""STOP_TOO_WIDE"": true}",NEXT_VALID_OPEN,BASE_CERTIFIED,UNCONSTRAINED_OPPORTUNITY,ALL_INNER_FOLDS,ALL_PRIMARY_REGIMES,PLANNED_INNER_DISCOVERY_ONLY,incremental trade/risk/capital effect; never production candidate
S1G_OFF_STOP_TOO_WIDE,STAGE1_GATE_ABLATION,ADVERSARIAL_GATE_ABLATION,"{""diagnostic_ladders"": [""I030"", ""I050"", ""I070"", ""I100"", ""S100_D1_D5"", ""S200_D1_D5"", ""S500_D1_D5"", ""H30_1_2_5"", ""A050"", ""A100"", ""A200"", ""A500"", ""A1000"", ""A_GT1000""], ""entry_mode"": ""NEXT_VALID_OPEN"", ""exit_policy"": ""AUTHORITATIVE_OIIS_EXIT_UNCHANGED"", ""gate_ablation"": ""STOP_TOO_WIDE"", ""hard_gates"": {""BINARY_EVENT_RISK"": true, ""EXCESSIVE_EXTENSION"": true, ""EXCESSIVE_UNCONFIRMED_GAP"": true, ""INSUFFICIENT_LIQUIDITY"": true, ""INSUFFICIENT_MARKET_DEPTH"": true, ""NEAR_OPPOSING_BARRIER"": true, ""NO_STRUCTURAL_STOP"": true, ""NO_VALID_SETUP"": true, ""OFACTOR_BELOW_MINIMUM"": true, ""OPTION_CONTRACT_NOT_TRADABLE"": true, ""OPTION_SPREAD_TOO_WIDE"": true, ""POSITION_SIZE_NOT_FEASIBLE"": true, ""REWARD_RISK_BELOW_MINIMUM"": true, ""SETUP_EXPIRED"": true, ""SETUP_FAILED"": true, ""STALE_MARKET_DATA"": true, ""STOP_TOO_WIDE"": false}, ""ofactor_min"": 74, ""ofactor_weights"": {""CCS"": 0.04, ""ICS"": 0.1, ""LTS"": 0.06, ""MFS"": 0.18, ""MQS"": 0.12, ""MRS"": 0.08, ""RSS"": 0.1, ""SRS"": 0.14, ""TQS"": 0.18}, ""xfactor_tier_a"": 84, ""xfactor_tier_b"": 76, ""xfactor_weights"": {""ELQ"": 0.2, ""IOQ"": 0.03, ""LSQ"": 0.06, ""MSS"": 0.06, ""RRQ"": 0.14, ""SIQ"": 0.14, ""SIS"": 0.18, ""TCS"": 0.16, ""TSQ"": 0.03}}","{""ofactor_min"": 74, ""xfactor_tier_a"": 84, ""xfactor_tier_b"": 76}","{""ofactor"": {""CCS"": 0.04, ""ICS"": 0.1, ""LTS"": 0.06, ""MFS"": 0.18, ""MQS"": 0.12, ""MRS"": 0.08, ""RSS"": 0.1, ""SRS"": 0.14, ""TQS"": 0.18}, ""xfactor"": {""ELQ"": 0.2, ""IOQ"": 0.03, ""LSQ"": 0.06, ""MSS"": 0.06, ""RRQ"": 0.14, ""SIQ"": 0.14, ""SIS"": 0.18, ""TCS"": 0.16, ""TSQ"": 0.03}}","{""BINARY_EVENT_RISK"": true, ""EXCESSIVE_EXTENSION"": true, ""EXCESSIVE_UNCONFIRMED_GAP"": true, ""INSUFFICIENT_LIQUIDITY"": true, ""INSUFFICIENT_MARKET_DEPTH"": true, ""NEAR_OPPOSING_BARRIER"": true, ""NO_STRUCTURAL_STOP"": true, ""NO_VALID_SETUP"": true, ""OFACTOR_BELOW_MINIMUM"": true, ""OPTION_CONTRACT_NOT_TRADABLE"": true, ""OPTION_SPREAD_TOO_WIDE"": true, ""POSITION_SIZE_NOT_FEASIBLE"": true, ""REWARD_RISK_BELOW_MINIMUM"": true, ""SETUP_EXPIRED"": true, ""SETUP_FAILED"": true, ""STALE_MARKET_DATA"": true, ""STOP_TOO_WIDE"": false}",NEXT_VALID_OPEN,BASE_CERTIFIED,UNCONSTRAINED_OPPORTUNITY,ALL_INNER_FOLDS,ALL_PRIMARY_REGIMES,PLANNED_INNER_DISCOVERY_ONLY,incremental trade/risk/capital effect; never production candidate
S1G_OFF_REWARD_RISK_BELOW_MINIMUM,STAGE1_GATE_ABLATION,ADVERSARIAL_GATE_ABLATION,"{""diagnostic_ladders"": [""I030"", ""I050"", ""I070"", ""I100"", ""S100_D1_D5"", ""S200_D1_D5"", ""S500_D1_D5"", ""H30_1_2_5"", ""A050"", ""A100"", ""A200"", ""A500"", ""A1000"", ""A_GT1000""], ""entry_mode"": ""NEXT_VALID_OPEN"", ""exit_policy"": ""AUTHORITATIVE_OIIS_EXIT_UNCHANGED"", ""gate_ablation"": ""REWARD_RISK_BELOW_MINIMUM"", ""hard_gates"": {""BINARY_EVENT_RISK"": true, ""EXCESSIVE_EXTENSION"": true, ""EXCESSIVE_UNCONFIRMED_GAP"": true, ""INSUFFICIENT_LIQUIDITY"": true, ""INSUFFICIENT_MARKET_DEPTH"": true, ""NEAR_OPPOSING_BARRIER"": true, ""NO_STRUCTURAL_STOP"": true, ""NO_VALID_SETUP"": true, ""OFACTOR_BELOW_MINIMUM"": true, ""OPTION_CONTRACT_NOT_TRADABLE"": true, ""OPTION_SPREAD_TOO_WIDE"": true, ""POSITION_SIZE_NOT_FEASIBLE"": true, ""REWARD_RISK_BELOW_MINIMUM"": false, ""SETUP_EXPIRED"": true, ""SETUP_FAILED"": true, ""STALE_MARKET_DATA"": true, ""STOP_TOO_WIDE"": true}, ""ofactor_min"": 74, ""ofactor_weights"": {""CCS"": 0.04, ""ICS"": 0.1, ""LTS"": 0.06, ""MFS"": 0.18, ""MQS"": 0.12, ""MRS"": 0.08, ""RSS"": 0.1, ""SRS"": 0.14, ""TQS"": 0.18}, ""xfactor_tier_a"": 84, ""xfactor_tier_b"": 76, ""xfactor_weights"": {""ELQ"": 0.2, ""IOQ"": 0.03, ""LSQ"": 0.06, ""MSS"": 0.06, ""RRQ"": 0.14, ""SIQ"": 0.14, ""SIS"": 0.18, ""TCS"": 0.16, ""TSQ"": 0.03}}","{""ofactor_min"": 74, ""xfactor_tier_a"": 84, ""xfactor_tier_b"": 76}","{""ofactor"": {""CCS"": 0.04, ""ICS"": 0.1, ""LTS"": 0.06, ""MFS"": 0.18, ""MQS"": 0.12, ""MRS"": 0.08, ""RSS"": 0.1, ""SRS"": 0.14, ""TQS"": 0.18}, ""xfactor"": {""ELQ"": 0.2, ""IOQ"": 0.03, ""LSQ"": 0.06, ""MSS"": 0.06, ""RRQ"": 0.14, ""SIQ"": 0.14, ""SIS"": 0.18, ""TCS"": 0.16, ""TSQ"": 0.03}}","{""BINARY_EVENT_RISK"": true, ""EXCESSIVE_EXTENSION"": true, ""EXCESSIVE_UNCONFIRMED_GAP"": true, ""INSUFFICIENT_LIQUIDITY"": true, ""INSUFFICIENT_MARKET_DEPTH"": true, ""NEAR_OPPOSING_BARRIER"": true, ""NO_STRUCTURAL_STOP"": true, ""NO_VALID_SETUP"": true, ""OFACTOR_BELOW_MINIMUM"": true, ""OPTION_CONTRACT_NOT_TRADABLE"": true, ""OPTION_SPREAD_TOO_WIDE"": true, ""POSITION_SIZE_NOT_FEASIBLE"": true, ""REWARD_RISK_BELOW_MINIMUM"": false, ""SETUP_EXPIRED"": true, ""SETUP_FAILED"": true, ""STALE_MARKET_DATA"": true, ""STOP_TOO_WIDE"": true}",NEXT_VALID_OPEN,BASE_CERTIFIED,UNCONSTRAINED_OPPORTUNITY,ALL_INNER_FOLDS,ALL_PRIMARY_REGIMES,PLANNED_INNER_DISCOVERY_ONLY,incremental trade/risk/capital effect; never production candidate
S1G_OFF_EXCESSIVE_EXTENSION,STAGE1_GATE_ABLATION,ADVERSARIAL_GATE_ABLATION,"{""diagnostic_ladders"": [""I030"", ""I050"", ""I070"", ""I100"", ""S100_D1_D5"", ""S200_D1_D5"", ""S500_D1_D5"", ""H30_1_2_5"", ""A050"", ""A100"", ""A200"", ""A500"", ""A1000"", ""A_GT1000""], ""entry_mode"": ""NEXT_VALID_OPEN"", ""exit_policy"": ""AUTHORITATIVE_OIIS_EXIT_UNCHANGED"", ""gate_ablation"": ""EXCESSIVE_EXTENSION"", ""hard_gates"": {""BINARY_EVENT_RISK"": true, ""EXCESSIVE_EXTENSION"": false, ""EXCESSIVE_UNCONFIRMED_GAP"": true, ""INSUFFICIENT_LIQUIDITY"": true, ""INSUFFICIENT_MARKET_DEPTH"": true, ""NEAR_OPPOSING_BARRIER"": true, ""NO_STRUCTURAL_STOP"": true, ""NO_VALID_SETUP"": true, ""OFACTOR_BELOW_MINIMUM"": true, ""OPTION_CONTRACT_NOT_TRADABLE"": true, ""OPTION_SPREAD_TOO_WIDE"": true, ""POSITION_SIZE_NOT_FEASIBLE"": true, ""REWARD_RISK_BELOW_MINIMUM"": true, ""SETUP_EXPIRED"": true, ""SETUP_FAILED"": true, ""STALE_MARKET_DATA"": true, ""STOP_TOO_WIDE"": true}, ""ofactor_min"": 74, ""ofactor_weights"": {""CCS"": 0.04, ""ICS"": 0.1, ""LTS"": 0.06, ""MFS"": 0.18, ""MQS"": 0.12, ""MRS"": 0.08, ""RSS"": 0.1, ""SRS"": 0.14, ""TQS"": 0.18}, ""xfactor_tier_a"": 84, ""xfactor_tier_b"": 76, ""xfactor_weights"": {""ELQ"": 0.2, ""IOQ"": 0.03, ""LSQ"": 0.06, ""MSS"": 0.06, ""RRQ"": 0.14, ""SIQ"": 0.14, ""SIS"": 0.18, ""TCS"": 0.16, ""TSQ"": 0.03}}","{""ofactor_min"": 74, ""xfactor_tier_a"": 84, ""xfactor_tier_b"": 76}","{""ofactor"": {""CCS"": 0.04, ""ICS"": 0.1, ""LTS"": 0.06, ""MFS"": 0.18, ""MQS"": 0.12, ""MRS"": 0.08, ""RSS"": 0.1, ""SRS"": 0.14, ""TQS"": 0.18}, ""xfactor"": {""ELQ"": 0.2, ""IOQ"": 0.03, ""LSQ"": 0.06, ""MSS"": 0.06, ""RRQ"": 0.14, ""SIQ"": 0.14, ""SIS"": 0.18, ""TCS"": 0.16, ""TSQ"": 0.03}}","{""BINARY_EVENT_RISK"": true, ""EXCESSIVE_EXTENSION"": false, ""EXCESSIVE_UNCONFIRMED_GAP"": true, ""INSUFFICIENT_LIQUIDITY"": true, ""INSUFFICIENT_MARKET_DEPTH"": true, ""NEAR_OPPOSING_BARRIER"": true, ""NO_STRUCTURAL_STOP"": true, ""NO_VALID_SETUP"": true, ""OFACTOR_BELOW_MINIMUM"": true, ""OPTION_CONTRACT_NOT_TRADABLE"": true, ""OPTION_SPREAD_TOO_WIDE"": true, ""POSITION_SIZE_NOT_FEASIBLE"": true, ""REWARD_RISK_BELOW_MINIMUM"": true, ""SETUP_EXPIRED"": true, ""SETUP_FAILED"": true, ""STALE_MARKET_DATA"": true, ""STOP_TOO_WIDE"": true}",NEXT_VALID_OPEN,BASE_CERTIFIED,UNCONSTRAINED_OPPORTUNITY,ALL_INNER_FOLDS,ALL_PRIMARY_REGIMES,PLANNED_INNER_DISCOVERY_ONLY,incremental trade/risk/capital effect; never production candidate
S1G_OFF_EXCESSIVE_UNCONFIRMED_GAP,STAGE1_GATE_ABLATION,ADVERSARIAL_GATE_ABLATION,"{""diagnostic_ladders"": [""I030"", ""I050"", ""I070"", ""I100"", ""S100_D1_D5"", ""S200_D1_D5"", ""S500_D1_D5"", ""H30_1_2_5"", ""A050"", ""A100"", ""A200"", ""A500"", ""A1000"", ""A_GT1000""], ""entry_mode"": ""NEXT_VALID_OPEN"", ""exit_policy"": ""AUTHORITATIVE_OIIS_EXIT_UNCHANGED"", ""gate_ablation"": ""EXCESSIVE_UNCONFIRMED_GAP"", ""hard_gates"": {""BINARY_EVENT_RISK"": true, ""EXCESSIVE_EXTENSION"": true, ""EXCESSIVE_UNCONFIRMED_GAP"": false, ""INSUFFICIENT_LIQUIDITY"": true, ""INSUFFICIENT_MARKET_DEPTH"": true, ""NEAR_OPPOSING_BARRIER"": true, ""NO_STRUCTURAL_STOP"": true, ""NO_VALID_SETUP"": true, ""OFACTOR_BELOW_MINIMUM"": true, ""OPTION_CONTRACT_NOT_TRADABLE"": true, ""OPTION_SPREAD_TOO_WIDE"": true, ""POSITION_SIZE_NOT_FEASIBLE"": true, ""REWARD_RISK_BELOW_MINIMUM"": true, ""SETUP_EXPIRED"": true, ""SETUP_FAILED"": true, ""STALE_MARKET_DATA"": true, ""STOP_TOO_WIDE"": true}, ""ofactor_min"": 74, ""ofactor_weights"": {""CCS"": 0.04, ""ICS"": 0.1, ""LTS"": 0.06, ""MFS"": 0.18, ""MQS"": 0.12, ""MRS"": 0.08, ""RSS"": 0.1, ""SRS"": 0.14, ""TQS"": 0.18}, ""xfactor_tier_a"": 84, ""xfactor_tier_b"": 76, ""xfactor_weights"": {""ELQ"": 0.2, ""IOQ"": 0.03, ""LSQ"": 0.06, ""MSS"": 0.06, ""RRQ"": 0.14, ""SIQ"": 0.14, ""SIS"": 0.18, ""TCS"": 0.16, ""TSQ"": 0.03}}","{""ofactor_min"": 74, ""xfactor_tier_a"": 84, ""xfactor_tier_b"": 76}","{""ofactor"": {""CCS"": 0.04, ""ICS"": 0.1, ""LTS"": 0.06, ""MFS"": 0.18, ""MQS"": 0.12, ""MRS"": 0.08, ""RSS"": 0.1, ""SRS"": 0.14, ""TQS"": 0.18}, ""xfactor"": {""ELQ"": 0.2, ""IOQ"": 0.03, ""LSQ"": 0.06, ""MSS"": 0.06, ""RRQ"": 0.14, ""SIQ"": 0.14, ""SIS"": 0.18, ""TCS"": 0.16, ""TSQ"": 0.03}}","{""BINARY_EVENT_RISK"": true, ""EXCESSIVE_EXTENSION"": true, ""EXCESSIVE_UNCONFIRMED_GAP"": false, ""INSUFFICIENT_LIQUIDITY"": true, ""INSUFFICIENT_MARKET_DEPTH"": true, ""NEAR_OPPOSING_BARRIER"": true, ""NO_STRUCTURAL_STOP"": true, ""NO_VALID_SETUP"": true, ""OFACTOR_BELOW_MINIMUM"": true, ""OPTION_CONTRACT_NOT_TRADABLE"": true, ""OPTION_SPREAD_TOO_WIDE"": true, ""POSITION_SIZE_NOT_FEASIBLE"": true, ""REWARD_RISK_BELOW_MINIMUM"": true, ""SETUP_EXPIRED"": true, ""SETUP_FAILED"": true, ""STALE_MARKET_DATA"": true, ""STOP_TOO_WIDE"": true}",NEXT_VALID_OPEN,BASE_CERTIFIED,UNCONSTRAINED_OPPORTUNITY,ALL_INNER_FOLDS,ALL_PRIMARY_REGIMES,PLANNED_INNER_DISCOVERY_ONLY,incremental trade/risk/capital effect; never production candidate
S1G_OFF_NEAR_OPPOSING_BARRIER,STAGE1_GATE_ABLATION,ADVERSARIAL_GATE_ABLATION,"{""diagnostic_ladders"": [""I030"", ""I050"", ""I070"", ""I100"", ""S100_D1_D5"", ""S200_D1_D5"", ""S500_D1_D5"", ""H30_1_2_5"", ""A050"", ""A100"", ""A200"", ""A500"", ""A1000"", ""A_GT1000""], ""entry_mode"": ""NEXT_VALID_OPEN"", ""exit_policy"": ""AUTHORITATIVE_OIIS_EXIT_UNCHANGED"", ""gate_ablation"": ""NEAR_OPPOSING_BARRIER"", ""hard_gates"": {""BINARY_EVENT_RISK"": true, ""EXCESSIVE_EXTENSION"": true, ""EXCESSIVE_UNCONFIRMED_GAP"": true, ""INSUFFICIENT_LIQUIDITY"": true, ""INSUFFICIENT_MARKET_DEPTH"": true, ""NEAR_OPPOSING_BARRIER"": false, ""NO_STRUCTURAL_STOP"": true, ""NO_VALID_SETUP"": true, ""OFACTOR_BELOW_MINIMUM"": true, ""OPTION_CONTRACT_NOT_TRADABLE"": true, ""OPTION_SPREAD_TOO_WIDE"": true, ""POSITION_SIZE_NOT_FEASIBLE"": true, ""REWARD_RISK_BELOW_MINIMUM"": true, ""SETUP_EXPIRED"": true, ""SETUP_FAILED"": true, ""STALE_MARKET_DATA"": true, ""STOP_TOO_WIDE"": true}, ""ofactor_min"": 74, ""ofactor_weights"": {""CCS"": 0.04, ""ICS"": 0.1, ""LTS"": 0.06, ""MFS"": 0.18, ""MQS"": 0.12, ""MRS"": 0.08, ""RSS"": 0.1, ""SRS"": 0.14, ""TQS"": 0.18}, ""xfactor_tier_a"": 84, ""xfactor_tier_b"": 76, ""xfactor_weights"": {""ELQ"": 0.2, ""IOQ"": 0.03, ""LSQ"": 0.06, ""MSS"": 0.06, ""RRQ"": 0.14, ""SIQ"": 0.14, ""SIS"": 0.18, ""TCS"": 0.16, ""TSQ"": 0.03}}","{""ofactor_min"": 74, ""xfactor_tier_a"": 84, ""xfactor_tier_b"": 76}","{""ofactor"": {""CCS"": 0.04, ""ICS"": 0.1, ""LTS"": 0.06, ""MFS"": 0.18, ""MQS"": 0.12, ""MRS"": 0.08, ""RSS"": 0.1, ""SRS"": 0.14, ""TQS"": 0.18}, ""xfactor"": {""ELQ"": 0.2, ""IOQ"": 0.03, ""LSQ"": 0.06, ""MSS"": 0.06, ""RRQ"": 0.14, ""SIQ"": 0.14, ""SIS"": 0.18, ""TCS"": 0.16, ""TSQ"": 0.03}}","{""BINARY_EVENT_RISK"": true, ""EXCESSIVE_EXTENSION"": true, ""EXCESSIVE_UNCONFIRMED_GAP"": true, ""INSUFFICIENT_LIQUIDITY"": true, ""INSUFFICIENT_MARKET_DEPTH"": true, ""NEAR_OPPOSING_BARRIER"": false, ""NO_STRUCTURAL_STOP"": true, ""NO_VALID_SETUP"": true, ""OFACTOR_BELOW_MINIMUM"": true, ""OPTION_CONTRACT_NOT_TRADABLE"": true, ""OPTION_SPREAD_TOO_WIDE"": true, ""POSITION_SIZE_NOT_FEASIBLE"": true, ""REWARD_RISK_BELOW_MINIMUM"": true, ""SETUP_EXPIRED"": true, ""SETUP_FAILED"": true, ""STALE_MARKET_DATA"": true, ""STOP_TOO_WIDE"": true}",NEXT_VALID_OPEN,BASE_CERTIFIED,UNCONSTRAINED_OPPORTUNITY,ALL_INNER_FOLDS,ALL_PRIMARY_REGIMES,PLANNED_INNER_DISCOVERY_ONLY,incremental trade/risk/capital effect; never production candidate
S1G_OFF_INSUFFICIENT_LIQUIDITY,STAGE1_GATE_ABLATION,ADVERSARIAL_GATE_ABLATION,"{""diagnostic_ladders"": [""I030"", ""I050"", ""I070"", ""I100"", ""S100_D1_D5"", ""S200_D1_D5"", ""S500_D1_D5"", ""H30_1_2_5"", ""A050"", ""A100"", ""A200"", ""A500"", ""A1000"", ""A_GT1000""], ""entry_mode"": ""NEXT_VALID_OPEN"", ""exit_policy"": ""AUTHORITATIVE_OIIS_EXIT_UNCHANGED"", ""gate_ablation"": ""INSUFFICIENT_LIQUIDITY"", ""hard_gates"": {""BINARY_EVENT_RISK"": true, ""EXCESSIVE_EXTENSION"": true, ""EXCESSIVE_UNCONFIRMED_GAP"": true, ""INSUFFICIENT_LIQUIDITY"": false, ""INSUFFICIENT_MARKET_DEPTH"": true, ""NEAR_OPPOSING_BARRIER"": true, ""NO_STRUCTURAL_STOP"": true, ""NO_VALID_SETUP"": true, ""OFACTOR_BELOW_MINIMUM"": true, ""OPTION_CONTRACT_NOT_TRADABLE"": true, ""OPTION_SPREAD_TOO_WIDE"": true, ""POSITION_SIZE_NOT_FEASIBLE"": true, ""REWARD_RISK_BELOW_MINIMUM"": true, ""SETUP_EXPIRED"": true, ""SETUP_FAILED"": true, ""STALE_MARKET_DATA"": true, ""STOP_TOO_WIDE"": true}, ""ofactor_min"": 74, ""ofactor_weights"": {""CCS"": 0.04, ""ICS"": 0.1, ""LTS"": 0.06, ""MFS"": 0.18, ""MQS"": 0.12, ""MRS"": 0.08, ""RSS"": 0.1, ""SRS"": 0.14, ""TQS"": 0.18}, ""xfactor_tier_a"": 84, ""xfactor_tier_b"": 76, ""xfactor_weights"": {""ELQ"": 0.2, ""IOQ"": 0.03, ""LSQ"": 0.06, ""MSS"": 0.06, ""RRQ"": 0.14, ""SIQ"": 0.14, ""SIS"": 0.18, ""TCS"": 0.16, ""TSQ"": 0.03}}","{""ofactor_min"": 74, ""xfactor_tier_a"": 84, ""xfactor_tier_b"": 76}","{""ofactor"": {""CCS"": 0.04, ""ICS"": 0.1, ""LTS"": 0.06, ""MFS"": 0.18, ""MQS"": 0.12, ""MRS"": 0.08, ""RSS"": 0.1, ""SRS"": 0.14, ""TQS"": 0.18}, ""xfactor"": {""ELQ"": 0.2, ""IOQ"": 0.03, ""LSQ"": 0.06, ""MSS"": 0.06, ""RRQ"": 0.14, ""SIQ"": 0.14, ""SIS"": 0.18, ""TCS"": 0.16, ""TSQ"": 0.03}}","{""BINARY_EVENT_RISK"": true, ""EXCESSIVE_EXTENSION"": true, ""EXCESSIVE_UNCONFIRMED_GAP"": true, ""INSUFFICIENT_LIQUIDITY"": false, ""INSUFFICIENT_MARKET_DEPTH"": true, ""NEAR_OPPOSING_BARRIER"": true, ""NO_STRUCTURAL_STOP"": true, ""NO_VALID_SETUP"": true, ""OFACTOR_BELOW_MINIMUM"": true, ""OPTION_CONTRACT_NOT_TRADABLE"": true, ""OPTION_SPREAD_TOO_WIDE"": true, ""POSITION_SIZE_NOT_FEASIBLE"": true, ""REWARD_RISK_BELOW_MINIMUM"": true, ""SETUP_EXPIRED"": true, ""SETUP_FAILED"": true, ""STALE_MARKET_DATA"": true, ""STOP_TOO_WIDE"": true}",NEXT_VALID_OPEN,BASE_CERTIFIED,UNCONSTRAINED_OPPORTUNITY,ALL_INNER_FOLDS,ALL_PRIMARY_REGIMES,PLANNED_INNER_DISCOVERY_ONLY,incremental trade/risk/capital effect; never production candidate
S1G_OFF_INSUFFICIENT_MARKET_DEPTH,STAGE1_GATE_ABLATION,ADVERSARIAL_GATE_ABLATION,"{""diagnostic_ladders"": [""I030"", ""I050"", ""I070"", ""I100"", ""S100_D1_D5"", ""S200_D1_D5"", ""S500_D1_D5"", ""H30_1_2_5"", ""A050"", ""A100"", ""A200"", ""A500"", ""A1000"", ""A_GT1000""], ""entry_mode"": ""NEXT_VALID_OPEN"", ""exit_policy"": ""AUTHORITATIVE_OIIS_EXIT_UNCHANGED"", ""gate_ablation"": ""INSUFFICIENT_MARKET_DEPTH"", ""hard_gates"": {""BINARY_EVENT_RISK"": true, ""EXCESSIVE_EXTENSION"": true, ""EXCESSIVE_UNCONFIRMED_GAP"": true, ""INSUFFICIENT_LIQUIDITY"": true, ""INSUFFICIENT_MARKET_DEPTH"": false, ""NEAR_OPPOSING_BARRIER"": true, ""NO_STRUCTURAL_STOP"": true, ""NO_VALID_SETUP"": true, ""OFACTOR_BELOW_MINIMUM"": true, ""OPTION_CONTRACT_NOT_TRADABLE"": true, ""OPTION_SPREAD_TOO_WIDE"": true, ""POSITION_SIZE_NOT_FEASIBLE"": true, ""REWARD_RISK_BELOW_MINIMUM"": true, ""SETUP_EXPIRED"": true, ""SETUP_FAILED"": true, ""STALE_MARKET_DATA"": true, ""STOP_TOO_WIDE"": true}, ""ofactor_min"": 74, ""ofactor_weights"": {""CCS"": 0.04, ""ICS"": 0.1, ""LTS"": 0.06, ""MFS"": 0.18, ""MQS"": 0.12, ""MRS"": 0.08, ""RSS"": 0.1, ""SRS"": 0.14, ""TQS"": 0.18}, ""xfactor_tier_a"": 84, ""xfactor_tier_b"": 76, ""xfactor_weights"": {""ELQ"": 0.2, ""IOQ"": 0.03, ""LSQ"": 0.06, ""MSS"": 0.06, ""RRQ"": 0.14, ""SIQ"": 0.14, ""SIS"": 0.18, ""TCS"": 0.16, ""TSQ"": 0.03}}","{""ofactor_min"": 74, ""xfactor_tier_a"": 84, ""xfactor_tier_b"": 76}","{""ofactor"": {""CCS"": 0.04, ""ICS"": 0.1, ""LTS"": 0.06, ""MFS"": 0.18, ""MQS"": 0.12, ""MRS"": 0.08, ""RSS"": 0.1, ""SRS"": 0.14, ""TQS"": 0.18}, ""xfactor"": {""ELQ"": 0.2, ""IOQ"": 0.03, ""LSQ"": 0.06, ""MSS"": 0.06, ""RRQ"": 0.14, ""SIQ"": 0.14, ""SIS"": 0.18, ""TCS"": 0.16, ""TSQ"": 0.03}}","{""BINARY_EVENT_RISK"": true, ""EXCESSIVE_EXTENSION"": true, ""EXCESSIVE_UNCONFIRMED_GAP"": true, ""INSUFFICIENT_LIQUIDITY"": true, ""INSUFFICIENT_MARKET_DEPTH"": false, ""NEAR_OPPOSING_BARRIER"": true, ""NO_STRUCTURAL_STOP"": true, ""NO_VALID_SETUP"": true, ""OFACTOR_BELOW_MINIMUM"": true, ""OPTION_CONTRACT_NOT_TRADABLE"": true, ""OPTION_SPREAD_TOO_WIDE"": true, ""POSITION_SIZE_NOT_FEASIBLE"": true, ""REWARD_RISK_BELOW_MINIMUM"": true, ""SETUP_EXPIRED"": true, ""SETUP_FAILED"": true, ""STALE_MARKET_DATA"": true, ""STOP_TOO_WIDE"": true}",NEXT_VALID_OPEN,BASE_CERTIFIED,UNCONSTRAINED_OPPORTUNITY,ALL_INNER_FOLDS,ALL_PRIMARY_REGIMES,PLANNED_INNER_DISCOVERY_ONLY,incremental trade/risk/capital effect; never production candidate
S1G_OFF_OPTION_SPREAD_TOO_WIDE,STAGE1_GATE_ABLATION,ADVERSARIAL_GATE_ABLATION,"{""diagnostic_ladders"": [""I030"", ""I050"", ""I070"", ""I100"", ""S100_D1_D5"", ""S200_D1_D5"", ""S500_D1_D5"", ""H30_1_2_5"", ""A050"", ""A100"", ""A200"", ""A500"", ""A1000"", ""A_GT1000""], ""entry_mode"": ""NEXT_VALID_OPEN"", ""exit_policy"": ""AUTHORITATIVE_OIIS_EXIT_UNCHANGED"", ""gate_ablation"": ""OPTION_SPREAD_TOO_WIDE"", ""hard_gates"": {""BINARY_EVENT_RISK"": true, ""EXCESSIVE_EXTENSION"": true, ""EXCESSIVE_UNCONFIRMED_GAP"": true, ""INSUFFICIENT_LIQUIDITY"": true, ""INSUFFICIENT_MARKET_DEPTH"": true, ""NEAR_OPPOSING_BARRIER"": true, ""NO_STRUCTURAL_STOP"": true, ""NO_VALID_SETUP"": true, ""OFACTOR_BELOW_MINIMUM"": true, ""OPTION_CONTRACT_NOT_TRADABLE"": true, ""OPTION_SPREAD_TOO_WIDE"": false, ""POSITION_SIZE_NOT_FEASIBLE"": true, ""REWARD_RISK_BELOW_MINIMUM"": true, ""SETUP_EXPIRED"": true, ""SETUP_FAILED"": true, ""STALE_MARKET_DATA"": true, ""STOP_TOO_WIDE"": true}, ""ofactor_min"": 74, ""ofactor_weights"": {""CCS"": 0.04, ""ICS"": 0.1, ""LTS"": 0.06, ""MFS"": 0.18, ""MQS"": 0.12, ""MRS"": 0.08, ""RSS"": 0.1, ""SRS"": 0.14, ""TQS"": 0.18}, ""xfactor_tier_a"": 84, ""xfactor_tier_b"": 76, ""xfactor_weights"": {""ELQ"": 0.2, ""IOQ"": 0.03, ""LSQ"": 0.06, ""MSS"": 0.06, ""RRQ"": 0.14, ""SIQ"": 0.14, ""SIS"": 0.18, ""TCS"": 0.16, ""TSQ"": 0.03}}","{""ofactor_min"": 74, ""xfactor_tier_a"": 84, ""xfactor_tier_b"": 76}","{""ofactor"": {""CCS"": 0.04, ""ICS"": 0.1, ""LTS"": 0.06, ""MFS"": 0.18, ""MQS"": 0.12, ""MRS"": 0.08, ""RSS"": 0.1, ""SRS"": 0.14, ""TQS"": 0.18}, ""xfactor"": {""ELQ"": 0.2, ""IOQ"": 0.03, ""LSQ"": 0.06, ""MSS"": 0.06, ""RRQ"": 0.14, ""SIQ"": 0.14, ""SIS"": 0.18, ""TCS"": 0.16, ""TSQ"": 0.03}}","{""BINARY_EVENT_RISK"": true, ""EXCESSIVE_EXTENSION"": true, ""EXCESSIVE_UNCONFIRMED_GAP"": true, ""INSUFFICIENT_LIQUIDITY"": true, ""INSUFFICIENT_MARKET_DEPTH"": true, ""NEAR_OPPOSING_BARRIER"": true, ""NO_STRUCTURAL_STOP"": true, ""NO_VALID_SETUP"": true, ""OFACTOR_BELOW_MINIMUM"": true, ""OPTION_CONTRACT_NOT_TRADABLE"": true, ""OPTION_SPREAD_TOO_WIDE"": false, ""POSITION_SIZE_NOT_FEASIBLE"": true, ""REWARD_RISK_BELOW_MINIMUM"": true, ""SETUP_EXPIRED"": true, ""SETUP_FAILED"": true, ""STALE_MARKET_DATA"": true, ""STOP_TOO_WIDE"": true}",NEXT_VALID_OPEN,BASE_CERTIFIED,UNCONSTRAINED_OPPORTUNITY,ALL_INNER_FOLDS,ALL_PRIMARY_REGIMES,PLANNED_INNER_DISCOVERY_ONLY,incremental trade/risk/capital effect; never production candidate
S1G_OFF_OPTION_CONTRACT_NOT_TRADABLE,STAGE1_GATE_ABLATION,ADVERSARIAL_GATE_ABLATION,"{""diagnostic_ladders"": [""I030"", ""I050"", ""I070"", ""I100"", ""S100_D1_D5"", ""S200_D1_D5"", ""S500_D1_D5"", ""H30_1_2_5"", ""A050"", ""A100"", ""A200"", ""A500"", ""A1000"", ""A_GT1000""], ""entry_mode"": ""NEXT_VALID_OPEN"", ""exit_policy"": ""AUTHORITATIVE_OIIS_EXIT_UNCHANGED"", ""gate_ablation"": ""OPTION_CONTRACT_NOT_TRADABLE"", ""hard_gates"": {""BINARY_EVENT_RISK"": true, ""EXCESSIVE_EXTENSION"": true, ""EXCESSIVE_UNCONFIRMED_GAP"": true, ""INSUFFICIENT_LIQUIDITY"": true, ""INSUFFICIENT_MARKET_DEPTH"": true, ""NEAR_OPPOSING_BARRIER"": true, ""NO_STRUCTURAL_STOP"": true, ""NO_VALID_SETUP"": true, ""OFACTOR_BELOW_MINIMUM"": true, ""OPTION_CONTRACT_NOT_TRADABLE"": false, ""OPTION_SPREAD_TOO_WIDE"": true, ""POSITION_SIZE_NOT_FEASIBLE"": true, ""REWARD_RISK_BELOW_MINIMUM"": true, ""SETUP_EXPIRED"": true, ""SETUP_FAILED"": true, ""STALE_MARKET_DATA"": true, ""STOP_TOO_WIDE"": true}, ""ofactor_min"": 74, ""ofactor_weights"": {""CCS"": 0.04, ""ICS"": 0.1, ""LTS"": 0.06, ""MFS"": 0.18, ""MQS"": 0.12, ""MRS"": 0.08, ""RSS"": 0.1, ""SRS"": 0.14, ""TQS"": 0.18}, ""xfactor_tier_a"": 84, ""xfactor_tier_b"": 76, ""xfactor_weights"": {""ELQ"": 0.2, ""IOQ"": 0.03, ""LSQ"": 0.06, ""MSS"": 0.06, ""RRQ"": 0.14, ""SIQ"": 0.14, ""SIS"": 0.18, ""TCS"": 0.16, ""TSQ"": 0.03}}","{""ofactor_min"": 74, ""xfactor_tier_a"": 84, ""xfactor_tier_b"": 76}","{""ofactor"": {""CCS"": 0.04, ""ICS"": 0.1, ""LTS"": 0.06, ""MFS"": 0.18, ""MQS"": 0.12, ""MRS"": 0.08, ""RSS"": 0.1, ""SRS"": 0.14, ""TQS"": 0.18}, ""xfactor"": {""ELQ"": 0.2, ""IOQ"": 0.03, ""LSQ"": 0.06, ""MSS"": 0.06, ""RRQ"": 0.14, ""SIQ"": 0.14, ""SIS"": 0.18, ""TCS"": 0.16, ""TSQ"": 0.03}}","{""BINARY_EVENT_RISK"": true, ""EXCESSIVE_EXTENSION"": true, ""EXCESSIVE_UNCONFIRMED_GAP"": true, ""INSUFFICIENT_LIQUIDITY"": true, ""INSUFFICIENT_MARKET_DEPTH"": true, ""NEAR_OPPOSING_BARRIER"": true, ""NO_STRUCTURAL_STOP"": true, ""NO_VALID_SETUP"": true, ""OFACTOR_BELOW_MINIMUM"": true, ""OPTION_CONTRACT_NOT_TRADABLE"": false, ""OPTION_SPREAD_TOO_WIDE"": true, ""POSITION_SIZE_NOT_FEASIBLE"": true, ""REWARD_RISK_BELOW_MINIMUM"": true, ""SETUP_EXPIRED"": true, ""SETUP_FAILED"": true, ""STALE_MARKET_DATA"": true, ""STOP_TOO_WIDE"": true}",NEXT_VALID_OPEN,BASE_CERTIFIED,UNCONSTRAINED_OPPORTUNITY,ALL_INNER_FOLDS,ALL_PRIMARY_REGIMES,PLANNED_INNER_DISCOVERY_ONLY,incremental trade/risk/capital effect; never production candidate
S1G_OFF_BINARY_EVENT_RISK,STAGE1_GATE_ABLATION,ADVERSARIAL_GATE_ABLATION,"{""diagnostic_ladders"": [""I030"", ""I050"", ""I070"", ""I100"", ""S100_D1_D5"", ""S200_D1_D5"", ""S500_D1_D5"", ""H30_1_2_5"", ""A050"", ""A100"", ""A200"", ""A500"", ""A1000"", ""A_GT1000""], ""entry_mode"": ""NEXT_VALID_OPEN"", ""exit_policy"": ""AUTHORITATIVE_OIIS_EXIT_UNCHANGED"", ""gate_ablation"": ""BINARY_EVENT_RISK"", ""hard_gates"": {""BINARY_EVENT_RISK"": false, ""EXCESSIVE_EXTENSION"": true, ""EXCESSIVE_UNCONFIRMED_GAP"": true, ""INSUFFICIENT_LIQUIDITY"": true, ""INSUFFICIENT_MARKET_DEPTH"": true, ""NEAR_OPPOSING_BARRIER"": true, ""NO_STRUCTURAL_STOP"": true, ""NO_VALID_SETUP"": true, ""OFACTOR_BELOW_MINIMUM"": true, ""OPTION_CONTRACT_NOT_TRADABLE"": true, ""OPTION_SPREAD_TOO_WIDE"": true, ""POSITION_SIZE_NOT_FEASIBLE"": true, ""REWARD_RISK_BELOW_MINIMUM"": true, ""SETUP_EXPIRED"": true, ""SETUP_FAILED"": true, ""STALE_MARKET_DATA"": true, ""STOP_TOO_WIDE"": true}, ""ofactor_min"": 74, ""ofactor_weights"": {""CCS"": 0.04, ""ICS"": 0.1, ""LTS"": 0.06, ""MFS"": 0.18, ""MQS"": 0.12, ""MRS"": 0.08, ""RSS"": 0.1, ""SRS"": 0.14, ""TQS"": 0.18}, ""xfactor_tier_a"": 84, ""xfactor_tier_b"": 76, ""xfactor_weights"": {""ELQ"": 0.2, ""IOQ"": 0.03, ""LSQ"": 0.06, ""MSS"": 0.06, ""RRQ"": 0.14, ""SIQ"": 0.14, ""SIS"": 0.18, ""TCS"": 0.16, ""TSQ"": 0.03}}","{""ofactor_min"": 74, ""xfactor_tier_a"": 84, ""xfactor_tier_b"": 76}","{""ofactor"": {""CCS"": 0.04, ""ICS"": 0.1, ""LTS"": 0.06, ""MFS"": 0.18, ""MQS"": 0.12, ""MRS"": 0.08, ""RSS"": 0.1, ""SRS"": 0.14, ""TQS"": 0.18}, ""xfactor"": {""ELQ"": 0.2, ""IOQ"": 0.03, ""LSQ"": 0.06, ""MSS"": 0.06, ""RRQ"": 0.14, ""SIQ"": 0.14, ""SIS"": 0.18, ""TCS"": 0.16, ""TSQ"": 0.03}}","{""BINARY_EVENT_RISK"": false, ""EXCESSIVE_EXTENSION"": true, ""EXCESSIVE_UNCONFIRMED_GAP"": true, ""INSUFFICIENT_LIQUIDITY"": true, ""INSUFFICIENT_MARKET_DEPTH"": true, ""NEAR_OPPOSING_BARRIER"": true, ""NO_STRUCTURAL_STOP"": true, ""NO_VALID_SETUP"": true, ""OFACTOR_BELOW_MINIMUM"": true, ""OPTION_CONTRACT_NOT_TRADABLE"": true, ""OPTION_SPREAD_TOO_WIDE"": true, ""POSITION_SIZE_NOT_FEASIBLE"": true, ""REWARD_RISK_BELOW_MINIMUM"": true, ""SETUP_EXPIRED"": true, ""SETUP_FAILED"": true, ""STALE_MARKET_DATA"": true, ""STOP_TOO_WIDE"": true}",NEXT_VALID_OPEN,BASE_CERTIFIED,UNCONSTRAINED_OPPORTUNITY,ALL_INNER_FOLDS,ALL_PRIMARY_REGIMES,PLANNED_INNER_DISCOVERY_ONLY,incremental trade/risk/capital effect; never production candidate
S1G_OFF_POSITION_SIZE_NOT_FEASIBLE,STAGE1_GATE_ABLATION,ADVERSARIAL_GATE_ABLATION,"{""diagnostic_ladders"": [""I030"", ""I050"", ""I070"", ""I100"", ""S100_D1_D5"", ""S200_D1_D5"", ""S500_D1_D5"", ""H30_1_2_5"", ""A050"", ""A100"", ""A200"", ""A500"", ""A1000"", ""A_GT1000""], ""entry_mode"": ""NEXT_VALID_OPEN"", ""exit_policy"": ""AUTHORITATIVE_OIIS_EXIT_UNCHANGED"", ""gate_ablation"": ""POSITION_SIZE_NOT_FEASIBLE"", ""hard_gates"": {""BINARY_EVENT_RISK"": true, ""EXCESSIVE_EXTENSION"": true, ""EXCESSIVE_UNCONFIRMED_GAP"": true, ""INSUFFICIENT_LIQUIDITY"": true, ""INSUFFICIENT_MARKET_DEPTH"": true, ""NEAR_OPPOSING_BARRIER"": true, ""NO_STRUCTURAL_STOP"": true, ""NO_VALID_SETUP"": true, ""OFACTOR_BELOW_MINIMUM"": true, ""OPTION_CONTRACT_NOT_TRADABLE"": true, ""OPTION_SPREAD_TOO_WIDE"": true, ""POSITION_SIZE_NOT_FEASIBLE"": false, ""REWARD_RISK_BELOW_MINIMUM"": true, ""SETUP_EXPIRED"": true, ""SETUP_FAILED"": true, ""STALE_MARKET_DATA"": true, ""STOP_TOO_WIDE"": true}, ""ofactor_min"": 74, ""ofactor_weights"": {""CCS"": 0.04, ""ICS"": 0.1, ""LTS"": 0.06, ""MFS"": 0.18, ""MQS"": 0.12, ""MRS"": 0.08, ""RSS"": 0.1, ""SRS"": 0.14, ""TQS"": 0.18}, ""xfactor_tier_a"": 84, ""xfactor_tier_b"": 76, ""xfactor_weights"": {""ELQ"": 0.2, ""IOQ"": 0.03, ""LSQ"": 0.06, ""MSS"": 0.06, ""RRQ"": 0.14, ""SIQ"": 0.14, ""SIS"": 0.18, ""TCS"": 0.16, ""TSQ"": 0.03}}","{""ofactor_min"": 74, ""xfactor_tier_a"": 84, ""xfactor_tier_b"": 76}","{""ofactor"": {""CCS"": 0.04, ""ICS"": 0.1, ""LTS"": 0.06, ""MFS"": 0.18, ""MQS"": 0.12, ""MRS"": 0.08, ""RSS"": 0.1, ""SRS"": 0.14, ""TQS"": 0.18}, ""xfactor"": {""ELQ"": 0.2, ""IOQ"": 0.03, ""LSQ"": 0.06, ""MSS"": 0.06, ""RRQ"": 0.14, ""SIQ"": 0.14, ""SIS"": 0.18, ""TCS"": 0.16, ""TSQ"": 0.03}}","{""BINARY_EVENT_RISK"": true, ""EXCESSIVE_EXTENSION"": true, ""EXCESSIVE_UNCONFIRMED_GAP"": true, ""INSUFFICIENT_LIQUIDITY"": true, ""INSUFFICIENT_MARKET_DEPTH"": true, ""NEAR_OPPOSING_BARRIER"": true, ""NO_STRUCTURAL_STOP"": true, ""NO_VALID_SETUP"": true, ""OFACTOR_BELOW_MINIMUM"": true, ""OPTION_CONTRACT_NOT_TRADABLE"": true, ""OPTION_SPREAD_TOO_WIDE"": true, ""POSITION_SIZE_NOT_FEASIBLE"": false, ""REWARD_RISK_BELOW_MINIMUM"": true, ""SETUP_EXPIRED"": true, ""SETUP_FAILED"": true, ""STALE_MARKET_DATA"": true, ""STOP_TOO_WIDE"": true}",NEXT_VALID_OPEN,BASE_CERTIFIED,UNCONSTRAINED_OPPORTUNITY,ALL_INNER_FOLDS,ALL_PRIMARY_REGIMES,PLANNED_INNER_DISCOVERY_ONLY,incremental trade/risk/capital effect; never production candidate
S3_THRESH_01,STAGE3_THRESHOLD_RESPONSE,SPACE_FILLING_THRESHOLD,"{""diagnostic_ladders"": [""I030"", ""I050"", ""I070"", ""I100"", ""S100_D1_D5"", ""S200_D1_D5"", ""S500_D1_D5"", ""H30_1_2_5"", ""A050"", ""A100"", ""A200"", ""A500"", ""A1000"", ""A_GT1000""], ""entry_mode"": ""NEXT_VALID_OPEN"", ""exit_policy"": ""AUTHORITATIVE_OIIS_EXIT_UNCHANGED"", ""hard_gates"": {""BINARY_EVENT_RISK"": true, ""EXCESSIVE_EXTENSION"": true, ""EXCESSIVE_UNCONFIRMED_GAP"": true, ""INSUFFICIENT_LIQUIDITY"": true, ""INSUFFICIENT_MARKET_DEPTH"": true, ""NEAR_OPPOSING_BARRIER"": true, ""NO_STRUCTURAL_STOP"": true, ""NO_VALID_SETUP"": true, ""OFACTOR_BELOW_MINIMUM"": true, ""OPTION_CONTRACT_NOT_TRADABLE"": true, ""OPTION_SPREAD_TOO_WIDE"": true, ""POSITION_SIZE_NOT_FEASIBLE"": true, ""REWARD_RISK_BELOW_MINIMUM"": true, ""SETUP_EXPIRED"": true, ""SETUP_FAILED"": true, ""STALE_MARKET_DATA"": true, ""STOP_TOO_WIDE"": true}, ""ofactor_min"": 74.0, ""ofactor_weights"": {""CCS"": 0.04, ""ICS"": 0.1, ""LTS"": 0.06, ""MFS"": 0.18, ""MQS"": 0.12, ""MRS"": 0.08, ""RSS"": 0.1, ""SRS"": 0.14, ""TQS"": 0.18}, ""xfactor_tier_a"": 84.0, ""xfactor_tier_b"": 76.0, ""xfactor_weights"": {""ELQ"": 0.2, ""IOQ"": 0.03, ""LSQ"": 0.06, ""MSS"": 0.06, ""RRQ"": 0.14, ""SIQ"": 0.14, ""SIS"": 0.18, ""TCS"": 0.16, ""TSQ"": 0.03}}","{""ofactor_min"": 74.0, ""xfactor_tier_a"": 84.0, ""xfactor_tier_b"": 76.0}","{""ofactor"": {""CCS"": 0.04, ""ICS"": 0.1, ""LTS"": 0.06, ""MFS"": 0.18, ""MQS"": 0.12, ""MRS"": 0.08, ""RSS"": 0.1, ""SRS"": 0.14, ""TQS"": 0.18}, ""xfactor"": {""ELQ"": 0.2, ""IOQ"": 0.03, ""LSQ"": 0.06, ""MSS"": 0.06, ""RRQ"": 0.14, ""SIQ"": 0.14, ""SIS"": 0.18, ""TCS"": 0.16, ""TSQ"": 0.03}}","{""BINARY_EVENT_RISK"": true, ""EXCESSIVE_EXTENSION"": true, ""EXCESSIVE_UNCONFIRMED_GAP"": true, ""INSUFFICIENT_LIQUIDITY"": true, ""INSUFFICIENT_MARKET_DEPTH"": true, ""NEAR_OPPOSING_BARRIER"": true, ""NO_STRUCTURAL_STOP"": true, ""NO_VALID_SETUP"": true, ""OFACTOR_BELOW_MINIMUM"": true, ""OPTION_CONTRACT_NOT_TRADABLE"": true, ""OPTION_SPREAD_TOO_WIDE"": true, ""POSITION_SIZE_NOT_FEASIBLE"": true, ""REWARD_RISK_BELOW_MINIMUM"": true, ""SETUP_EXPIRED"": true, ""SETUP_FAILED"": true, ""STALE_MARKET_DATA"": true, ""STOP_TOO_WIDE"": true}",NEXT_VALID_OPEN,BASE_CERTIFIED,UNCONSTRAINED_OPPORTUNITY,ALL_INNER_FOLDS,ALL_PRIMARY_REGIMES,PLANNED,event outcomes; fold/regime summaries; trial ledger
S3_THRESH_02,STAGE3_THRESHOLD_RESPONSE,SPACE_FILLING_THRESHOLD,"{""diagnostic_ladders"": [""I030"", ""I050"", ""I070"", ""I100"", ""S100_D1_D5"", ""S200_D1_D5"", ""S500_D1_D5"", ""H30_1_2_5"", ""A050"", ""A100"", ""A200"", ""A500"", ""A1000"", ""A_GT1000""], ""entry_mode"": ""NEXT_VALID_OPEN"", ""exit_policy"": ""AUTHORITATIVE_OIIS_EXIT_UNCHANGED"", ""hard_gates"": {""BINARY_EVENT_RISK"": true, ""EXCESSIVE_EXTENSION"": true, ""EXCESSIVE_UNCONFIRMED_GAP"": true, ""INSUFFICIENT_LIQUIDITY"": true, ""INSUFFICIENT_MARKET_DEPTH"": true, ""NEAR_OPPOSING_BARRIER"": true, ""NO_STRUCTURAL_STOP"": true, ""NO_VALID_SETUP"": true, ""OFACTOR_BELOW_MINIMUM"": true, ""OPTION_CONTRACT_NOT_TRADABLE"": true, ""OPTION_SPREAD_TOO_WIDE"": true, ""POSITION_SIZE_NOT_FEASIBLE"": true, ""REWARD_RISK_BELOW_MINIMUM"": true, ""SETUP_EXPIRED"": true, ""SETUP_FAILED"": true, ""STALE_MARKET_DATA"": true, ""STOP_TOO_WIDE"": true}, ""ofactor_min"": 87.12, ""ofactor_weights"": {""CCS"": 0.04, ""ICS"": 0.1, ""LTS"": 0.06, ""MFS"": 0.18, ""MQS"": 0.12, ""MRS"": 0.08, ""RSS"": 0.1, ""SRS"": 0.14, ""TQS"": 0.18}, ""xfactor_tier_a"": 95.54, ""xfactor_tier_b"": 85.42, ""xfactor_weights"": {""ELQ"": 0.2, ""IOQ"": 0.03, ""LSQ"": 0.06, ""MSS"": 0.06, ""RRQ"": 0.14, ""SIQ"": 0.14, ""SIS"": 0.18, ""TCS"": 0.16, ""TSQ"": 0.03}}","{""ofactor_min"": 87.12, ""xfactor_tier_a"": 95.54, ""xfactor_tier_b"": 85.42}","{""ofactor"": {""CCS"": 0.04, ""ICS"": 0.1, ""LTS"": 0.06, ""MFS"": 0.18, ""MQS"": 0.12, ""MRS"": 0.08, ""RSS"": 0.1, ""SRS"": 0.14, ""TQS"": 0.18}, ""xfactor"": {""ELQ"": 0.2, ""IOQ"": 0.03, ""LSQ"": 0.06, ""MSS"": 0.06, ""RRQ"": 0.14, ""SIQ"": 0.14, ""SIS"": 0.18, ""TCS"": 0.16, ""TSQ"": 0.03}}","{""BINARY_EVENT_RISK"": true, ""EXCESSIVE_EXTENSION"": true, ""EXCESSIVE_UNCONFIRMED_GAP"": true, ""INSUFFICIENT_LIQUIDITY"": true, ""INSUFFICIENT_MARKET_DEPTH"": true, ""NEAR_OPPOSING_BARRIER"": true, ""NO_STRUCTURAL_STOP"": true, ""NO_VALID_SETUP"": true, ""OFACTOR_BELOW_MINIMUM"": true, ""OPTION_CONTRACT_NOT_TRADABLE"": true, ""OPTION_SPREAD_TOO_WIDE"": true, ""POSITION_SIZE_NOT_FEASIBLE"": true, ""REWARD_RISK_BELOW_MINIMUM"": true, ""SETUP_EXPIRED"": true, ""SETUP_FAILED"": true, ""STALE_MARKET_DATA"": true, ""STOP_TOO_WIDE"": true}",NEXT_VALID_OPEN,BASE_CERTIFIED,UNCONSTRAINED_OPPORTUNITY,ALL_INNER_FOLDS,ALL_PRIMARY_REGIMES,PLANNED,event outcomes; fold/regime summaries; trial ledger
S3_THRESH_03,STAGE3_THRESHOLD_RESPONSE,SPACE_FILLING_THRESHOLD,"{""diagnostic_ladders"": [""I030"", ""I050"", ""I070"", ""I100"", ""S100_D1_D5"", ""S200_D1_D5"", ""S500_D1_D5"", ""H30_1_2_5"", ""A050"", ""A100"", ""A200"", ""A500"", ""A1000"", ""A_GT1000""], ""entry_mode"": ""NEXT_VALID_OPEN"", ""exit_policy"": ""AUTHORITATIVE_OIIS_EXIT_UNCHANGED"", ""hard_gates"": {""BINARY_EVENT_RISK"": true, ""EXCESSIVE_EXTENSION"": true, ""EXCESSIVE_UNCONFIRMED_GAP"": true, ""INSUFFICIENT_LIQUIDITY"": true, ""INSUFFICIENT_MARKET_DEPTH"": true, ""NEAR_OPPOSING_BARRIER"": true, ""NO_STRUCTURAL_STOP"": true, ""NO_VALID_SETUP"": true, ""OFACTOR_BELOW_MINIMUM"": true, ""OPTION_CONTRACT_NOT_TRADABLE"": true, ""OPTION_SPREAD_TOO_WIDE"": true, ""POSITION_SIZE_NOT_FEASIBLE"": true, ""REWARD_RISK_BELOW_MINIMUM"": true, ""SETUP_EXPIRED"": true, ""SETUP_FAILED"": true, ""STALE_MARKET_DATA"": true, ""STOP_TOO_WIDE"": true}, ""ofactor_min"": 86.03, ""ofactor_weights"": {""CCS"": 0.04, ""ICS"": 0.1, ""LTS"": 0.06, ""MFS"": 0.18, ""MQS"": 0.12, ""MRS"": 0.08, ""RSS"": 0.1, ""SRS"": 0.14, ""TQS"": 0.18}, ""xfactor_tier_a"": 95.39, ""xfactor_tier_b"": 68.3, ""xfactor_weights"": {""ELQ"": 0.2, ""IOQ"": 0.03, ""LSQ"": 0.06, ""MSS"": 0.06, ""RRQ"": 0.14, ""SIQ"": 0.14, ""SIS"": 0.18, ""TCS"": 0.16, ""TSQ"": 0.03}}","{""ofactor_min"": 86.03, ""xfactor_tier_a"": 95.39, ""xfactor_tier_b"": 68.3}","{""ofactor"": {""CCS"": 0.04, ""ICS"": 0.1, ""LTS"": 0.06, ""MFS"": 0.18, ""MQS"": 0.12, ""MRS"": 0.08, ""RSS"": 0.1, ""SRS"": 0.14, ""TQS"": 0.18}, ""xfactor"": {""ELQ"": 0.2, ""IOQ"": 0.03, ""LSQ"": 0.06, ""MSS"": 0.06, ""RRQ"": 0.14, ""SIQ"": 0.14, ""SIS"": 0.18, ""TCS"": 0.16, ""TSQ"": 0.03}}","{""BINARY_EVENT_RISK"": true, ""EXCESSIVE_EXTENSION"": true, ""EXCESSIVE_UNCONFIRMED_GAP"": true, ""INSUFFICIENT_LIQUIDITY"": true, ""INSUFFICIENT_MARKET_DEPTH"": true, ""NEAR_OPPOSING_BARRIER"": true, ""NO_STRUCTURAL_STOP"": true, ""NO_VALID_SETUP"": true, ""OFACTOR_BELOW_MINIMUM"": true, ""OPTION_CONTRACT_NOT_TRADABLE"": true, ""OPTION_SPREAD_TOO_WIDE"": true, ""POSITION_SIZE_NOT_FEASIBLE"": true, ""REWARD_RISK_BELOW_MINIMUM"": true, ""SETUP_EXPIRED"": true, ""SETUP_FAILED"": true, ""STALE_MARKET_DATA"": true, ""STOP_TOO_WIDE"": true}",NEXT_VALID_OPEN,BASE_CERTIFIED,UNCONSTRAINED_OPPORTUNITY,ALL_INNER_FOLDS,ALL_PRIMARY_REGIMES,PLANNED,event outcomes; fold/regime summaries; trial ledger
S3_THRESH_04,STAGE3_THRESHOLD_RESPONSE,SPACE_FILLING_THRESHOLD,"{""diagnostic_ladders"": [""I030"", ""I050"", ""I070"", ""I100"", ""S100_D1_D5"", ""S200_D1_D5"", ""S500_D1_D5"", ""H30_1_2_5"", ""A050"", ""A100"", ""A200"", ""A500"", ""A1000"", ""A_GT1000""], ""entry_mode"": ""NEXT_VALID_OPEN"", ""exit_policy"": ""AUTHORITATIVE_OIIS_EXIT_UNCHANGED"", ""hard_gates"": {""BINARY_EVENT_RISK"": true, ""EXCESSIVE_EXTENSION"": true, ""EXCESSIVE_UNCONFIRMED_GAP"": true, ""INSUFFICIENT_LIQUIDITY"": true, ""INSUFFICIENT_MARKET_DEPTH"": true, ""NEAR_OPPOSING_BARRIER"": true, ""NO_STRUCTURAL_STOP"": true, ""NO_VALID_SETUP"": true, ""OFACTOR_BELOW_MINIMUM"": true, ""OPTION_CONTRACT_NOT_TRADABLE"": true, ""OPTION_SPREAD_TOO_WIDE"": true, ""POSITION_SIZE_NOT_FEASIBLE"": true, ""REWARD_RISK_BELOW_MINIMUM"": true, ""SETUP_EXPIRED"": true, ""SETUP_FAILED"": true, ""STALE_MARKET_DATA"": true, ""STOP_TOO_WIDE"": true}, ""ofactor_min"": 65.02, ""ofactor_weights"": {""CCS"": 0.04, ""ICS"": 0.1, ""LTS"": 0.06, ""MFS"": 0.18, ""MQS"": 0.12, ""MRS"": 0.08, ""RSS"": 0.1, ""SRS"": 0.14, ""TQS"": 0.18}, ""xfactor_tier_a"": 95.83, ""xfactor_tier_b"": 85.37, ""xfactor_weights"": {""ELQ"": 0.2, ""IOQ"": 0.03, ""LSQ"": 0.06, ""MSS"": 0.06, ""RRQ"": 0.14, ""SIQ"": 0.14, ""SIS"": 0.18, ""TCS"": 0.16, ""TSQ"": 0.03}}","{""ofactor_min"": 65.02, ""xfactor_tier_a"": 95.83, ""xfactor_tier_b"": 85.37}","{""ofactor"": {""CCS"": 0.04, ""ICS"": 0.1, ""LTS"": 0.06, ""MFS"": 0.18, ""MQS"": 0.12, ""MRS"": 0.08, ""RSS"": 0.1, ""SRS"": 0.14, ""TQS"": 0.18}, ""xfactor"": {""ELQ"": 0.2, ""IOQ"": 0.03, ""LSQ"": 0.06, ""MSS"": 0.06, ""RRQ"": 0.14, ""SIQ"": 0.14, ""SIS"": 0.18, ""TCS"": 0.16, ""TSQ"": 0.03}}","{""BINARY_EVENT_RISK"": true, ""EXCESSIVE_EXTENSION"": true, ""EXCESSIVE_UNCONFIRMED_GAP"": true, ""INSUFFICIENT_LIQUIDITY"": true, ""INSUFFICIENT_MARKET_DEPTH"": true, ""NEAR_OPPOSING_BARRIER"": true, ""NO_STRUCTURAL_STOP"": true, ""NO_VALID_SETUP"": true, ""OFACTOR_BELOW_MINIMUM"": true, ""OPTION_CONTRACT_NOT_TRADABLE"": true, ""OPTION_SPREAD_TOO_WIDE"": true, ""POSITION_SIZE_NOT_FEASIBLE"": true, ""REWARD_RISK_BELOW_MINIMUM"": true, ""SETUP_EXPIRED"": true, ""SETUP_FAILED"": true, ""STALE_MARKET_DATA"": true, ""STOP_TOO_WIDE"": true}",NEXT_VALID_OPEN,BASE_CERTIFIED,UNCONSTRAINED_OPPORTUNITY,ALL_INNER_FOLDS,ALL_PRIMARY_REGIMES,PLANNED,event outcomes; fold/regime summaries; trial ledger
S3_THRESH_05,STAGE3_THRESHOLD_RESPONSE,SPACE_FILLING_THRESHOLD,"{""diagnostic_ladders"": [""I030"", ""I050"", ""I070"", ""I100"", ""S100_D1_D5"", ""S200_D1_D5"", ""S500_D1_D5"", ""H30_1_2_5"", ""A050"", ""A100"", ""A200"", ""A500"", ""A1000"", ""A_GT1000""], ""entry_mode"": ""NEXT_VALID_OPEN"", ""exit_policy"": ""AUTHORITATIVE_OIIS_EXIT_UNCHANGED"", ""hard_gates"": {""BINARY_EVENT_RISK"": true, ""EXCESSIVE_EXTENSION"": true, ""EXCESSIVE_UNCONFIRMED_GAP"": true, ""INSUFFICIENT_LIQUIDITY"": true, ""INSUFFICIENT_MARKET_DEPTH"": true, ""NEAR_OPPOSING_BARRIER"": true, ""NO_STRUCTURAL_STOP"": true, ""NO_VALID_SETUP"": true, ""OFACTOR_BELOW_MINIMUM"": true, ""OPTION_CONTRACT_NOT_TRADABLE"": true, ""OPTION_SPREAD_TOO_WIDE"": true, ""POSITION_SIZE_NOT_FEASIBLE"": true, ""REWARD_RISK_BELOW_MINIMUM"": true, ""SETUP_EXPIRED"": true, ""SETUP_FAILED"": true, ""STALE_MARKET_DATA"": true, ""STOP_TOO_WIDE"": true}, ""ofactor_min"": 87.27, ""ofactor_weights"": {""CCS"": 0.04, ""ICS"": 0.1, ""LTS"": 0.06, ""MFS"": 0.18, ""MQS"": 0.12, ""MRS"": 0.08, ""RSS"": 0.1, ""SRS"": 0.14, ""TQS"": 0.18}, ""xfactor_tier_a"": 76.14, ""xfactor_tier_b"": 68.84, ""xfactor_weights"": {""ELQ"": 0.2, ""IOQ"": 0.03, ""LSQ"": 0.06, ""MSS"": 0.06, ""RRQ"": 0.14, ""SIQ"": 0.14, ""SIS"": 0.18, ""TCS"": 0.16, ""TSQ"": 0.03}}","{""ofactor_min"": 87.27, ""xfactor_tier_a"": 76.14, ""xfactor_tier_b"": 68.84}","{""ofactor"": {""CCS"": 0.04, ""ICS"": 0.1, ""LTS"": 0.06, ""MFS"": 0.18, ""MQS"": 0.12, ""MRS"": 0.08, ""RSS"": 0.1, ""SRS"": 0.14, ""TQS"": 0.18}, ""xfactor"": {""ELQ"": 0.2, ""IOQ"": 0.03, ""LSQ"": 0.06, ""MSS"": 0.06, ""RRQ"": 0.14, ""SIQ"": 0.14, ""SIS"": 0.18, ""TCS"": 0.16, ""TSQ"": 0.03}}","{""BINARY_EVENT_RISK"": true, ""EXCESSIVE_EXTENSION"": true, ""EXCESSIVE_UNCONFIRMED_GAP"": true, ""INSUFFICIENT_LIQUIDITY"": true, ""INSUFFICIENT_MARKET_DEPTH"": true, ""NEAR_OPPOSING_BARRIER"": true, ""NO_STRUCTURAL_STOP"": true, ""NO_VALID_SETUP"": true, ""OFACTOR_BELOW_MINIMUM"": true, ""OPTION_CONTRACT_NOT_TRADABLE"": true, ""OPTION_SPREAD_TOO_WIDE"": true, ""POSITION_SIZE_NOT_FEASIBLE"": true, ""REWARD_RISK_BELOW_MINIMUM"": true, ""SETUP_EXPIRED"": true, ""SETUP_FAILED"": true, ""STALE_MARKET_DATA"": true, ""STOP_TOO_WIDE"": true}",NEXT_VALID_OPEN,BASE_CERTIFIED,UNCONSTRAINED_OPPORTUNITY,ALL_INNER_FOLDS,ALL_PRIMARY_REGIMES,PLANNED,event outcomes; fold/regime summaries; trial ledger
S3_THRESH_06,STAGE3_THRESHOLD_RESPONSE,SPACE_FILLING_THRESHOLD,"{""diagnostic_ladders"": [""I030"", ""I050"", ""I070"", ""I100"", ""S100_D1_D5"", ""S200_D1_D5"", ""S500_D1_D5"", ""H30_1_2_5"", ""A050"", ""A100"", ""A200"", ""A500"", ""A1000"", ""A_GT1000""], ""entry_mode"": ""NEXT_VALID_OPEN"", ""exit_policy"": ""AUTHORITATIVE_OIIS_EXIT_UNCHANGED"", ""hard_gates"": {""BINARY_EVENT_RISK"": true, ""EXCESSIVE_EXTENSION"": true, ""EXCESSIVE_UNCONFIRMED_GAP"": true, ""INSUFFICIENT_LIQUIDITY"": true, ""INSUFFICIENT_MARKET_DEPTH"": true, ""NEAR_OPPOSING_BARRIER"": true, ""NO_STRUCTURAL_STOP"": true, ""NO_VALID_SETUP"": true, ""OFACTOR_BELOW_MINIMUM"": true, ""OPTION_CONTRACT_NOT_TRADABLE"": true, ""OPTION_SPREAD_TOO_WIDE"": true, ""POSITION_SIZE_NOT_FEASIBLE"": true, ""REWARD_RISK_BELOW_MINIMUM"": true, ""SETUP_EXPIRED"": true, ""SETUP_FAILED"": true, ""STALE_MARKET_DATA"": true, ""STOP_TOO_WIDE"": true}, ""ofactor_min"": 67.66, ""ofactor_weights"": {""CCS"": 0.04, ""ICS"": 0.1, ""LTS"": 0.06, ""MFS"": 0.18, ""MQS"": 0.12, ""MRS"": 0.08, ""RSS"": 0.1, ""SRS"": 0.14, ""TQS"": 0.18}, ""xfactor_tier_a"": 95.93, ""xfactor_tier_b"": 68.04, ""xfactor_weights"": {""ELQ"": 0.2, ""IOQ"": 0.03, ""LSQ"": 0.06, ""MSS"": 0.06, ""RRQ"": 0.14, ""SIQ"": 0.14, ""SIS"": 0.18, ""TCS"": 0.16, ""TSQ"": 0.03}}","{""ofactor_min"": 67.66, ""xfactor_tier_a"": 95.93, ""xfactor_tier_b"": 68.04}","{""ofactor"": {""CCS"": 0.04, ""ICS"": 0.1, ""LTS"": 0.06, ""MFS"": 0.18, ""MQS"": 0.12, ""MRS"": 0.08, ""RSS"": 0.1, ""SRS"": 0.14, ""TQS"": 0.18}, ""xfactor"": {""ELQ"": 0.2, ""IOQ"": 0.03, ""LSQ"": 0.06, ""MSS"": 0.06, ""RRQ"": 0.14, ""SIQ"": 0.14, ""SIS"": 0.18, ""TCS"": 0.16, ""TSQ"": 0.03}}","{""BINARY_EVENT_RISK"": true, ""EXCESSIVE_EXTENSION"": true, ""EXCESSIVE_UNCONFIRMED_GAP"": true, ""INSUFFICIENT_LIQUIDITY"": true, ""INSUFFICIENT_MARKET_DEPTH"": true, ""NEAR_OPPOSING_BARRIER"": true, ""NO_STRUCTURAL_STOP"": true, ""NO_VALID_SETUP"": true, ""OFACTOR_BELOW_MINIMUM"": true, ""OPTION_CONTRACT_NOT_TRADABLE"": true, ""OPTION_SPREAD_TOO_WIDE"": true, ""POSITION_SIZE_NOT_FEASIBLE"": true, ""REWARD_RISK_BELOW_MINIMUM"": true, ""SETUP_EXPIRED"": true, ""SETUP_FAILED"": true, ""STALE_MARKET_DATA"": true, ""STOP_TOO_WIDE"": true}",NEXT_VALID_OPEN,BASE_CERTIFIED,UNCONSTRAINED_OPPORTUNITY,ALL_INNER_FOLDS,ALL_PRIMARY_REGIMES,PLANNED,event outcomes; fold/regime summaries; trial ledger
S3_THRESH_07,STAGE3_THRESHOLD_RESPONSE,SPACE_FILLING_THRESHOLD,"{""diagnostic_ladders"": [""I030"", ""I050"", ""I070"", ""I100"", ""S100_D1_D5"", ""S200_D1_D5"", ""S500_D1_D5"", ""H30_1_2_5"", ""A050"", ""A100"", ""A200"", ""A500"", ""A1000"", ""A_GT1000""], ""entry_mode"": ""NEXT_VALID_OPEN"", ""exit_policy"": ""AUTHORITATIVE_OIIS_EXIT_UNCHANGED"", ""hard_gates"": {""BINARY_EVENT_RISK"": true, ""EXCESSIVE_EXTENSION"": true, ""EXCESSIVE_UNCONFIRMED_GAP"": true, ""INSUFFICIENT_LIQUIDITY"": true, ""INSUFFICIENT_MARKET_DEPTH"": true, ""NEAR_OPPOSING_BARRIER"": true, ""NO_STRUCTURAL_STOP"": true, ""NO_VALID_SETUP"": true, ""OFACTOR_BELOW_MINIMUM"": true, ""OPTION_CONTRACT_NOT_TRADABLE"": true, ""OPTION_SPREAD_TOO_WIDE"": true, ""POSITION_SIZE_NOT_FEASIBLE"": true, ""REWARD_RISK_BELOW_MINIMUM"": true, ""SETUP_EXPIRED"": true, ""SETUP_FAILED"": true, ""STALE_MARKET_DATA"": true, ""STOP_TOO_WIDE"": true}, ""ofactor_min"": 68.13, ""ofactor_weights"": {""CCS"": 0.04, ""ICS"": 0.1, ""LTS"": 0.06, ""MFS"": 0.18, ""MQS"": 0.12, ""MRS"": 0.08, ""RSS"": 0.1, ""SRS"": 0.14, ""TQS"": 0.18}, ""xfactor_tier_a"": 76.21, ""xfactor_tier_b"": 68.16, ""xfactor_weights"": {""ELQ"": 0.2, ""IOQ"": 0.03, ""LSQ"": 0.06, ""MSS"": 0.06, ""RRQ"": 0.14, ""SIQ"": 0.14, ""SIS"": 0.18, ""TCS"": 0.16, ""TSQ"": 0.03}}","{""ofactor_min"": 68.13, ""xfactor_tier_a"": 76.21, ""xfactor_tier_b"": 68.16}","{""ofactor"": {""CCS"": 0.04, ""ICS"": 0.1, ""LTS"": 0.06, ""MFS"": 0.18, ""MQS"": 0.12, ""MRS"": 0.08, ""RSS"": 0.1, ""SRS"": 0.14, ""TQS"": 0.18}, ""xfactor"": {""ELQ"": 0.2, ""IOQ"": 0.03, ""LSQ"": 0.06, ""MSS"": 0.06, ""RRQ"": 0.14, ""SIQ"": 0.14, ""SIS"": 0.18, ""TCS"": 0.16, ""TSQ"": 0.03}}","{""BINARY_EVENT_RISK"": true, ""EXCESSIVE_EXTENSION"": true, ""EXCESSIVE_UNCONFIRMED_GAP"": true, ""INSUFFICIENT_LIQUIDITY"": true, ""INSUFFICIENT_MARKET_DEPTH"": true, ""NEAR_OPPOSING_BARRIER"": true, ""NO_STRUCTURAL_STOP"": true, ""NO_VALID_SETUP"": true, ""OFACTOR_BELOW_MINIMUM"": true, ""OPTION_CONTRACT_NOT_TRADABLE"": true, ""OPTION_SPREAD_TOO_WIDE"": true, ""POSITION_SIZE_NOT_FEASIBLE"": true, ""REWARD_RISK_BELOW_MINIMUM"": true, ""SETUP_EXPIRED"": true, ""SETUP_FAILED"": true, ""STALE_MARKET_DATA"": true, ""STOP_TOO_WIDE"": true}",NEXT_VALID_OPEN,BASE_CERTIFIED,UNCONSTRAINED_OPPORTUNITY,ALL_INNER_FOLDS,ALL_PRIMARY_REGIMES,PLANNED,event outcomes; fold/regime summaries; trial ledger
S3_THRESH_08,STAGE3_THRESHOLD_RESPONSE,SPACE_FILLING_THRESHOLD,"{""diagnostic_ladders"": [""I030"", ""I050"", ""I070"", ""I100"", ""S100_D1_D5"", ""S200_D1_D5"", ""S500_D1_D5"", ""H30_1_2_5"", ""A050"", ""A100"", ""A200"", ""A500"", ""A1000"", ""A_GT1000""], ""entry_mode"": ""NEXT_VALID_OPEN"", ""exit_policy"": ""AUTHORITATIVE_OIIS_EXIT_UNCHANGED"", ""hard_gates"": {""BINARY_EVENT_RISK"": true, ""EXCESSIVE_EXTENSION"": true, ""EXCESSIVE_UNCONFIRMED_GAP"": true, ""INSUFFICIENT_LIQUIDITY"": true, ""INSUFFICIENT_MARKET_DEPTH"": true, ""NEAR_OPPOSING_BARRIER"": true, ""NO_STRUCTURAL_STOP"": true, ""NO_VALID_SETUP"": true, ""OFACTOR_BELOW_MINIMUM"": true, ""OPTION_CONTRACT_NOT_TRADABLE"": true, ""OPTION_SPREAD_TOO_WIDE"": true, ""POSITION_SIZE_NOT_FEASIBLE"": true, ""REWARD_RISK_BELOW_MINIMUM"": true, ""SETUP_EXPIRED"": true, ""SETUP_FAILED"": true, ""STALE_MARKET_DATA"": true, ""STOP_TOO_WIDE"": true}, ""ofactor_min"": 87.94, ""ofactor_weights"": {""CCS"": 0.04, ""ICS"": 0.1, ""LTS"": 0.06, ""MFS"": 0.18, ""MQS"": 0.12, ""MRS"": 0.08, ""RSS"": 0.1, ""SRS"": 0.14, ""TQS"": 0.18}, ""xfactor_tier_a"": 86.02, ""xfactor_tier_b"": 78.09, ""xfactor_weights"": {""ELQ"": 0.2, ""IOQ"": 0.03, ""LSQ"": 0.06, ""MSS"": 0.06, ""RRQ"": 0.14, ""SIQ"": 0.14, ""SIS"": 0.18, ""TCS"": 0.16, ""TSQ"": 0.03}}","{""ofactor_min"": 87.94, ""xfactor_tier_a"": 86.02, ""xfactor_tier_b"": 78.09}","{""ofactor"": {""CCS"": 0.04, ""ICS"": 0.1, ""LTS"": 0.06, ""MFS"": 0.18, ""MQS"": 0.12, ""MRS"": 0.08, ""RSS"": 0.1, ""SRS"": 0.14, ""TQS"": 0.18}, ""xfactor"": {""ELQ"": 0.2, ""IOQ"": 0.03, ""LSQ"": 0.06, ""MSS"": 0.06, ""RRQ"": 0.14, ""SIQ"": 0.14, ""SIS"": 0.18, ""TCS"": 0.16, ""TSQ"": 0.03}}","{""BINARY_EVENT_RISK"": true, ""EXCESSIVE_EXTENSION"": true, ""EXCESSIVE_UNCONFIRMED_GAP"": true, ""INSUFFICIENT_LIQUIDITY"": true, ""INSUFFICIENT_MARKET_DEPTH"": true, ""NEAR_OPPOSING_BARRIER"": true, ""NO_STRUCTURAL_STOP"": true, ""NO_VALID_SETUP"": true, ""OFACTOR_BELOW_MINIMUM"": true, ""OPTION_CONTRACT_NOT_TRADABLE"": true, ""OPTION_SPREAD_TOO_WIDE"": true, ""POSITION_SIZE_NOT_FEASIBLE"": true, ""REWARD_RISK_BELOW_MINIMUM"": true, ""SETUP_EXPIRED"": true, ""SETUP_FAILED"": true, ""STALE_MARKET_DATA"": true, ""STOP_TOO_WIDE"": true}",NEXT_VALID_OPEN,BASE_CERTIFIED,UNCONSTRAINED_OPPORTUNITY,ALL_INNER_FOLDS,ALL_PRIMARY_REGIMES,PLANNED,event outcomes; fold/regime summaries; trial ledger
S3_THRESH_09,STAGE3_THRESHOLD_RESPONSE,SPACE_FILLING_THRESHOLD,"{""diagnostic_ladders"": [""I030"", ""I050"", ""I070"", ""I100"", ""S100_D1_D5"", ""S200_D1_D5"", ""S500_D1_D5"", ""H30_1_2_5"", ""A050"", ""A100"", ""A200"", ""A500"", ""A1000"", ""A_GT1000""], ""entry_mode"": ""NEXT_VALID_OPEN"", ""exit_policy"": ""AUTHORITATIVE_OIIS_EXIT_UNCHANGED"", ""hard_gates"": {""BINARY_EVENT_RISK"": true, ""EXCESSIVE_EXTENSION"": true, ""EXCESSIVE_UNCONFIRMED_GAP"": true, ""INSUFFICIENT_LIQUIDITY"": true, ""INSUFFICIENT_MARKET_DEPTH"": true, ""NEAR_OPPOSING_BARRIER"": true, ""NO_STRUCTURAL_STOP"": true, ""NO_VALID_SETUP"": true, ""OFACTOR_BELOW_MINIMUM"": true, ""OPTION_CONTRACT_NOT_TRADABLE"": true, ""OPTION_SPREAD_TOO_WIDE"": true, ""POSITION_SIZE_NOT_FEASIBLE"": true, ""REWARD_RISK_BELOW_MINIMUM"": true, ""SETUP_EXPIRED"": true, ""SETUP_FAILED"": true, ""STALE_MARKET_DATA"": true, ""STOP_TOO_WIDE"": true}, ""ofactor_min"": 75.93, ""ofactor_weights"": {""CCS"": 0.04, ""ICS"": 0.1, ""LTS"": 0.06, ""MFS"": 0.18, ""MQS"": 0.12, ""MRS"": 0.08, ""RSS"": 0.1, ""SRS"": 0.14, ""TQS"": 0.18}, ""xfactor_tier_a"": 95.8, ""xfactor_tier_b"": 77.74, ""xfactor_weights"": {""ELQ"": 0.2, ""IOQ"": 0.03, ""LSQ"": 0.06, ""MSS"": 0.06, ""RRQ"": 0.14, ""SIQ"": 0.14, ""SIS"": 0.18, ""TCS"": 0.16, ""TSQ"": 0.03}}","{""ofactor_min"": 75.93, ""xfactor_tier_a"": 95.8, ""xfactor_tier_b"": 77.74}","{""ofactor"": {""CCS"": 0.04, ""ICS"": 0.1, ""LTS"": 0.06, ""MFS"": 0.18, ""MQS"": 0.12, ""MRS"": 0.08, ""RSS"": 0.1, ""SRS"": 0.14, ""TQS"": 0.18}, ""xfactor"": {""ELQ"": 0.2, ""IOQ"": 0.03, ""LSQ"": 0.06, ""MSS"": 0.06, ""RRQ"": 0.14, ""SIQ"": 0.14, ""SIS"": 0.18, ""TCS"": 0.16, ""TSQ"": 0.03}}","{""BINARY_EVENT_RISK"": true, ""EXCESSIVE_EXTENSION"": true, ""EXCESSIVE_UNCONFIRMED_GAP"": true, ""INSUFFICIENT_LIQUIDITY"": true, ""INSUFFICIENT_MARKET_DEPTH"": true, ""NEAR_OPPOSING_BARRIER"": true, ""NO_STRUCTURAL_STOP"": true, ""NO_VALID_SETUP"": true, ""OFACTOR_BELOW_MINIMUM"": true, ""OPTION_CONTRACT_NOT_TRADABLE"": true, ""OPTION_SPREAD_TOO_WIDE"": true, ""POSITION_SIZE_NOT_FEASIBLE"": true, ""REWARD_RISK_BELOW_MINIMUM"": true, ""SETUP_EXPIRED"": true, ""SETUP_FAILED"": true, ""STALE_MARKET_DATA"": true, ""STOP_TOO_WIDE"": true}",NEXT_VALID_OPEN,BASE_CERTIFIED,UNCONSTRAINED_OPPORTUNITY,ALL_INNER_FOLDS,ALL_PRIMARY_REGIMES,PLANNED,event outcomes; fold/regime summaries; trial ledger
S3_THRESH_10,STAGE3_THRESHOLD_RESPONSE,SPACE_FILLING_THRESHOLD,"{""diagnostic_ladders"": [""I030"", ""I050"", ""I070"", ""I100"", ""S100_D1_D5"", ""S200_D1_D5"", ""S500_D1_D5"", ""H30_1_2_5"", ""A050"", ""A100"", ""A200"", ""A500"", ""A1000"", ""A_GT1000""], ""entry_mode"": ""NEXT_VALID_OPEN"", ""exit_policy"": ""AUTHORITATIVE_OIIS_EXIT_UNCHANGED"", ""hard_gates"": {""BINARY_EVENT_RISK"": true, ""EXCESSIVE_EXTENSION"": true, ""EXCESSIVE_UNCONFIRMED_GAP"": true, ""INSUFFICIENT_LIQUIDITY"": true, ""INSUFFICIENT_MARKET_DEPTH"": true, ""NEAR_OPPOSING_BARRIER"": true, ""NO_STRUCTURAL_STOP"": true, ""NO_VALID_SETUP"": true, ""OFACTOR_BELOW_MINIMUM"": true, ""OPTION_CONTRACT_NOT_TRADABLE"": true, ""OPTION_SPREAD_TOO_WIDE"": true, ""POSITION_SIZE_NOT_FEASIBLE"": true, ""REWARD_RISK_BELOW_MINIMUM"": true, ""SETUP_EXPIRED"": true, ""SETUP_FAILED"": true, ""STALE_MARKET_DATA"": true, ""STOP_TOO_WIDE"": true}, ""ofactor_min"": 75.9, ""ofactor_weights"": {""CCS"": 0.04, ""ICS"": 0.1, ""LTS"": 0.06, ""MFS"": 0.18, ""MQS"": 0.12, ""MRS"": 0.08, ""RSS"": 0.1, ""SRS"": 0.14, ""TQS"": 0.18}, ""xfactor_tier_a"": 88.78, ""xfactor_tier_b"": 85.92, ""xfactor_weights"": {""ELQ"": 0.2, ""IOQ"": 0.03, ""LSQ"": 0.06, ""MSS"": 0.06, ""RRQ"": 0.14, ""SIQ"": 0.14, ""SIS"": 0.18, ""TCS"": 0.16, ""TSQ"": 0.03}}","{""ofactor_min"": 75.9, ""xfactor_tier_a"": 88.78, ""xfactor_tier_b"": 85.92}","{""ofactor"": {""CCS"": 0.04, ""ICS"": 0.1, ""LTS"": 0.06, ""MFS"": 0.18, ""MQS"": 0.12, ""MRS"": 0.08, ""RSS"": 0.1, ""SRS"": 0.14, ""TQS"": 0.18}, ""xfactor"": {""ELQ"": 0.2, ""IOQ"": 0.03, ""LSQ"": 0.06, ""MSS"": 0.06, ""RRQ"": 0.14, ""SIQ"": 0.14, ""SIS"": 0.18, ""TCS"": 0.16, ""TSQ"": 0.03}}","{""BINARY_EVENT_RISK"": true, ""EXCESSIVE_EXTENSION"": true, ""EXCESSIVE_UNCONFIRMED_GAP"": true, ""INSUFFICIENT_LIQUIDITY"": true, ""INSUFFICIENT_MARKET_DEPTH"": true, ""NEAR_OPPOSING_BARRIER"": true, ""NO_STRUCTURAL_STOP"": true, ""NO_VALID_SETUP"": true, ""OFACTOR_BELOW_MINIMUM"": true, ""OPTION_CONTRACT_NOT_TRADABLE"": true, ""OPTION_SPREAD_TOO_WIDE"": true, ""POSITION_SIZE_NOT_FEASIBLE"": true, ""REWARD_RISK_BELOW_MINIMUM"": true, ""SETUP_EXPIRED"": true, ""SETUP_FAILED"": true, ""STALE_MARKET_DATA"": true, ""STOP_TOO_WIDE"": true}",NEXT_VALID_OPEN,BASE_CERTIFIED,UNCONSTRAINED_OPPORTUNITY,ALL_INNER_FOLDS,ALL_PRIMARY_REGIMES,PLANNED,event outcomes; fold/regime summaries; trial ledger
S3_THRESH_11,STAGE3_THRESHOLD_RESPONSE,SPACE_FILLING_THRESHOLD,"{""diagnostic_ladders"": [""I030"", ""I050"", ""I070"", ""I100"", ""S100_D1_D5"", ""S200_D1_D5"", ""S500_D1_D5"", ""H30_1_2_5"", ""A050"", ""A100"", ""A200"", ""A500"", ""A1000"", ""A_GT1000""], ""entry_mode"": ""NEXT_VALID_OPEN"", ""exit_policy"": ""AUTHORITATIVE_OIIS_EXIT_UNCHANGED"", ""hard_gates"": {""BINARY_EVENT_RISK"": true, ""EXCESSIVE_EXTENSION"": true, ""EXCESSIVE_UNCONFIRMED_GAP"": true, ""INSUFFICIENT_LIQUIDITY"": true, ""INSUFFICIENT_MARKET_DEPTH"": true, ""NEAR_OPPOSING_BARRIER"": true, ""NO_STRUCTURAL_STOP"": true, ""NO_VALID_SETUP"": true, ""OFACTOR_BELOW_MINIMUM"": true, ""OPTION_CONTRACT_NOT_TRADABLE"": true, ""OPTION_SPREAD_TOO_WIDE"": true, ""POSITION_SIZE_NOT_FEASIBLE"": true, ""REWARD_RISK_BELOW_MINIMUM"": true, ""SETUP_EXPIRED"": true, ""SETUP_FAILED"": true, ""STALE_MARKET_DATA"": true, ""STOP_TOO_WIDE"": true}, ""ofactor_min"": 81.55, ""ofactor_weights"": {""CCS"": 0.04, ""ICS"": 0.1, ""LTS"": 0.06, ""MFS"": 0.18, ""MQS"": 0.12, ""MRS"": 0.08, ""RSS"": 0.1, ""SRS"": 0.14, ""TQS"": 0.18}, ""xfactor_tier_a"": 85.51, ""xfactor_tier_b"": 68.09, ""xfactor_weights"": {""ELQ"": 0.2, ""IOQ"": 0.03, ""LSQ"": 0.06, ""MSS"": 0.06, ""RRQ"": 0.14, ""SIQ"": 0.14, ""SIS"": 0.18, ""TCS"": 0.16, ""TSQ"": 0.03}}","{""ofactor_min"": 81.55, ""xfactor_tier_a"": 85.51, ""xfactor_tier_b"": 68.09}","{""ofactor"": {""CCS"": 0.04, ""ICS"": 0.1, ""LTS"": 0.06, ""MFS"": 0.18, ""MQS"": 0.12, ""MRS"": 0.08, ""RSS"": 0.1, ""SRS"": 0.14, ""TQS"": 0.18}, ""xfactor"": {""ELQ"": 0.2, ""IOQ"": 0.03, ""LSQ"": 0.06, ""MSS"": 0.06, ""RRQ"": 0.14, ""SIQ"": 0.14, ""SIS"": 0.18, ""TCS"": 0.16, ""TSQ"": 0.03}}","{""BINARY_EVENT_RISK"": true, ""EXCESSIVE_EXTENSION"": true, ""EXCESSIVE_UNCONFIRMED_GAP"": true, ""INSUFFICIENT_LIQUIDITY"": true, ""INSUFFICIENT_MARKET_DEPTH"": true, ""NEAR_OPPOSING_BARRIER"": true, ""NO_STRUCTURAL_STOP"": true, ""NO_VALID_SETUP"": true, ""OFACTOR_BELOW_MINIMUM"": true, ""OPTION_CONTRACT_NOT_TRADABLE"": true, ""OPTION_SPREAD_TOO_WIDE"": true, ""POSITION_SIZE_NOT_FEASIBLE"": true, ""REWARD_RISK_BELOW_MINIMUM"": true, ""SETUP_EXPIRED"": true, ""SETUP_FAILED"": true, ""STALE_MARKET_DATA"": true, ""STOP_TOO_WIDE"": true}",NEXT_VALID_OPEN,BASE_CERTIFIED,UNCONSTRAINED_OPPORTUNITY,ALL_INNER_FOLDS,ALL_PRIMARY_REGIMES,PLANNED,event outcomes; fold/regime summaries; trial ledger
S3_THRESH_12,STAGE3_THRESHOLD_RESPONSE,SPACE_FILLING_THRESHOLD,"{""diagnostic_ladders"": [""I030"", ""I050"", ""I070"", ""I100"", ""S100_D1_D5"", ""S200_D1_D5"", ""S500_D1_D5"", ""H30_1_2_5"", ""A050"", ""A100"", ""A200"", ""A500"", ""A1000"", ""A_GT1000""], ""entry_mode"": ""NEXT_VALID_OPEN"", ""exit_policy"": ""AUTHORITATIVE_OIIS_EXIT_UNCHANGED"", ""hard_gates"": {""BINARY_EVENT_RISK"": true, ""EXCESSIVE_EXTENSION"": true, ""EXCESSIVE_UNCONFIRMED_GAP"": true, ""INSUFFICIENT_LIQUIDITY"": true, ""INSUFFICIENT_MARKET_DEPTH"": true, ""NEAR_OPPOSING_BARRIER"": true, ""NO_STRUCTURAL_STOP"": true, ""NO_VALID_SETUP"": true, ""OFACTOR_BELOW_MINIMUM"": true, ""OPTION_CONTRACT_NOT_TRADABLE"": true, ""OPTION_SPREAD_TOO_WIDE"": true, ""POSITION_SIZE_NOT_FEASIBLE"": true, ""REWARD_RISK_BELOW_MINIMUM"": true, ""SETUP_EXPIRED"": true, ""SETUP_FAILED"": true, ""STALE_MARKET_DATA"": true, ""STOP_TOO_WIDE"": true}, ""ofactor_min"": 65.11, ""ofactor_weights"": {""CCS"": 0.04, ""ICS"": 0.1, ""LTS"": 0.06, ""MFS"": 0.18, ""MQS"": 0.12, ""MRS"": 0.08, ""RSS"": 0.1, ""SRS"": 0.14, ""TQS"": 0.18}, ""xfactor_tier_a"": 90.61, ""xfactor_tier_b"": 76.68, ""xfactor_weights"": {""ELQ"": 0.2, ""IOQ"": 0.03, ""LSQ"": 0.06, ""MSS"": 0.06, ""RRQ"": 0.14, ""SIQ"": 0.14, ""SIS"": 0.18, ""TCS"": 0.16, ""TSQ"": 0.03}}","{""ofactor_min"": 65.11, ""xfactor_tier_a"": 90.61, ""xfactor_tier_b"": 76.68}","{""ofactor"": {""CCS"": 0.04, ""ICS"": 0.1, ""LTS"": 0.06, ""MFS"": 0.18, ""MQS"": 0.12, ""MRS"": 0.08, ""RSS"": 0.1, ""SRS"": 0.14, ""TQS"": 0.18}, ""xfactor"": {""ELQ"": 0.2, ""IOQ"": 0.03, ""LSQ"": 0.06, ""MSS"": 0.06, ""RRQ"": 0.14, ""SIQ"": 0.14, ""SIS"": 0.18, ""TCS"": 0.16, ""TSQ"": 0.03}}","{""BINARY_EVENT_RISK"": true, ""EXCESSIVE_EXTENSION"": true, ""EXCESSIVE_UNCONFIRMED_GAP"": true, ""INSUFFICIENT_LIQUIDITY"": true, ""INSUFFICIENT_MARKET_DEPTH"": true, ""NEAR_OPPOSING_BARRIER"": true, ""NO_STRUCTURAL_STOP"": true, ""NO_VALID_SETUP"": true, ""OFACTOR_BELOW_MINIMUM"": true, ""OPTION_CONTRACT_NOT_TRADABLE"": true, ""OPTION_SPREAD_TOO_WIDE"": true, ""POSITION_SIZE_NOT_FEASIBLE"": true, ""REWARD_RISK_BELOW_MINIMUM"": true, ""SETUP_EXPIRED"": true, ""SETUP_FAILED"": true, ""STALE_MARKET_DATA"": true, ""STOP_TOO_WIDE"": true}",NEXT_VALID_OPEN,BASE_CERTIFIED,UNCONSTRAINED_OPPORTUNITY,ALL_INNER_FOLDS,ALL_PRIMARY_REGIMES,PLANNED,event outcomes; fold/regime summaries; trial ledger
S3_THRESH_13,STAGE3_THRESHOLD_RESPONSE,SPACE_FILLING_THRESHOLD,"{""diagnostic_ladders"": [""I030"", ""I050"", ""I070"", ""I100"", ""S100_D1_D5"", ""S200_D1_D5"", ""S500_D1_D5"", ""H30_1_2_5"", ""A050"", ""A100"", ""A200"", ""A500"", ""A1000"", ""A_GT1000""], ""entry_mode"": ""NEXT_VALID_OPEN"", ""exit_policy"": ""AUTHORITATIVE_OIIS_EXIT_UNCHANGED"", ""hard_gates"": {""BINARY_EVENT_RISK"": true, ""EXCESSIVE_EXTENSION"": true, ""EXCESSIVE_UNCONFIRMED_GAP"": true, ""INSUFFICIENT_LIQUIDITY"": true, ""INSUFFICIENT_MARKET_DEPTH"": true, ""NEAR_OPPOSING_BARRIER"": true, ""NO_STRUCTURAL_STOP"": true, ""NO_VALID_SETUP"": true, ""OFACTOR_BELOW_MINIMUM"": true, ""OPTION_CONTRACT_NOT_TRADABLE"": true, ""OPTION_SPREAD_TOO_WIDE"": true, ""POSITION_SIZE_NOT_FEASIBLE"": true, ""REWARD_RISK_BELOW_MINIMUM"": true, ""SETUP_EXPIRED"": true, ""SETUP_FAILED"": true, ""STALE_MARKET_DATA"": true, ""STOP_TOO_WIDE"": true}, ""ofactor_min"": 66.37, ""ofactor_weights"": {""CCS"": 0.04, ""ICS"": 0.1, ""LTS"": 0.06, ""MFS"": 0.18, ""MQS"": 0.12, ""MRS"": 0.08, ""RSS"": 0.1, ""SRS"": 0.14, ""TQS"": 0.18}, ""xfactor_tier_a"": 85.52, ""xfactor_tier_b"": 68.29, ""xfactor_weights"": {""ELQ"": 0.2, ""IOQ"": 0.03, ""LSQ"": 0.06, ""MSS"": 0.06, ""RRQ"": 0.14, ""SIQ"": 0.14, ""SIS"": 0.18, ""TCS"": 0.16, ""TSQ"": 0.03}}","{""ofactor_min"": 66.37, ""xfactor_tier_a"": 85.52, ""xfactor_tier_b"": 68.29}","{""ofactor"": {""CCS"": 0.04, ""ICS"": 0.1, ""LTS"": 0.06, ""MFS"": 0.18, ""MQS"": 0.12, ""MRS"": 0.08, ""RSS"": 0.1, ""SRS"": 0.14, ""TQS"": 0.18}, ""xfactor"": {""ELQ"": 0.2, ""IOQ"": 0.03, ""LSQ"": 0.06, ""MSS"": 0.06, ""RRQ"": 0.14, ""SIQ"": 0.14, ""SIS"": 0.18, ""TCS"": 0.16, ""TSQ"": 0.03}}","{""BINARY_EVENT_RISK"": true, ""EXCESSIVE_EXTENSION"": true, ""EXCESSIVE_UNCONFIRMED_GAP"": true, ""INSUFFICIENT_LIQUIDITY"": true, ""INSUFFICIENT_MARKET_DEPTH"": true, ""NEAR_OPPOSING_BARRIER"": true, ""NO_STRUCTURAL_STOP"": true, ""NO_VALID_SETUP"": true, ""OFACTOR_BELOW_MINIMUM"": true, ""OPTION_CONTRACT_NOT_TRADABLE"": true, ""OPTION_SPREAD_TOO_WIDE"": true, ""POSITION_SIZE_NOT_FEASIBLE"": true, ""REWARD_RISK_BELOW_MINIMUM"": true, ""SETUP_EXPIRED"": true, ""SETUP_FAILED"": true, ""STALE_MARKET_DATA"": true, ""STOP_TOO_WIDE"": true}",NEXT_VALID_OPEN,BASE_CERTIFIED,UNCONSTRAINED_OPPORTUNITY,ALL_INNER_FOLDS,ALL_PRIMARY_REGIMES,PLANNED,event outcomes; fold/regime summaries; trial ledger
S3_THRESH_14,STAGE3_THRESHOLD_RESPONSE,SPACE_FILLING_THRESHOLD,"{""diagnostic_ladders"": [""I030"", ""I050"", ""I070"", ""I100"", ""S100_D1_D5"", ""S200_D1_D5"", ""S500_D1_D5"", ""H30_1_2_5"", ""A050"", ""A100"", ""A200"", ""A500"", ""A1000"", ""A_GT1000""], ""entry_mode"": ""NEXT_VALID_OPEN"", ""exit_policy"": ""AUTHORITATIVE_OIIS_EXIT_UNCHANGED"", ""hard_gates"": {""BINARY_EVENT_RISK"": true, ""EXCESSIVE_EXTENSION"": true, ""EXCESSIVE_UNCONFIRMED_GAP"": true, ""INSUFFICIENT_LIQUIDITY"": true, ""INSUFFICIENT_MARKET_DEPTH"": true, ""NEAR_OPPOSING_BARRIER"": true, ""NO_STRUCTURAL_STOP"": true, ""NO_VALID_SETUP"": true, ""OFACTOR_BELOW_MINIMUM"": true, ""OPTION_CONTRACT_NOT_TRADABLE"": true, ""OPTION_SPREAD_TOO_WIDE"": true, ""POSITION_SIZE_NOT_FEASIBLE"": true, ""REWARD_RISK_BELOW_MINIMUM"": true, ""SETUP_EXPIRED"": true, ""SETUP_FAILED"": true, ""STALE_MARKET_DATA"": true, ""STOP_TOO_WIDE"": true}, ""ofactor_min"": 86.43, ""ofactor_weights"": {""CCS"": 0.04, ""ICS"": 0.1, ""LTS"": 0.06, ""MFS"": 0.18, ""MQS"": 0.12, ""MRS"": 0.08, ""RSS"": 0.1, ""SRS"": 0.14, ""TQS"": 0.18}, ""xfactor_tier_a"": 95.09, ""xfactor_tier_b"": 76.79, ""xfactor_weights"": {""ELQ"": 0.2, ""IOQ"": 0.03, ""LSQ"": 0.06, ""MSS"": 0.06, ""RRQ"": 0.14, ""SIQ"": 0.14, ""SIS"": 0.18, ""TCS"": 0.16, ""TSQ"": 0.03}}","{""ofactor_min"": 86.43, ""xfactor_tier_a"": 95.09, ""xfactor_tier_b"": 76.79}","{""ofactor"": {""CCS"": 0.04, ""ICS"": 0.1, ""LTS"": 0.06, ""MFS"": 0.18, ""MQS"": 0.12, ""MRS"": 0.08, ""RSS"": 0.1, ""SRS"": 0.14, ""TQS"": 0.18}, ""xfactor"": {""ELQ"": 0.2, ""IOQ"": 0.03, ""LSQ"": 0.06, ""MSS"": 0.06, ""RRQ"": 0.14, ""SIQ"": 0.14, ""SIS"": 0.18, ""TCS"": 0.16, ""TSQ"": 0.03}}","{""BINARY_EVENT_RISK"": true, ""EXCESSIVE_EXTENSION"": true, ""EXCESSIVE_UNCONFIRMED_GAP"": true, ""INSUFFICIENT_LIQUIDITY"": true, ""INSUFFICIENT_MARKET_DEPTH"": true, ""NEAR_OPPOSING_BARRIER"": true, ""NO_STRUCTURAL_STOP"": true, ""NO_VALID_SETUP"": true, ""OFACTOR_BELOW_MINIMUM"": true, ""OPTION_CONTRACT_NOT_TRADABLE"": true, ""OPTION_SPREAD_TOO_WIDE"": true, ""POSITION_SIZE_NOT_FEASIBLE"": true, ""REWARD_RISK_BELOW_MINIMUM"": true, ""SETUP_EXPIRED"": true, ""SETUP_FAILED"": true, ""STALE_MARKET_DATA"": true, ""STOP_TOO_WIDE"": true}",NEXT_VALID_OPEN,BASE_CERTIFIED,UNCONSTRAINED_OPPORTUNITY,ALL_INNER_FOLDS,ALL_PRIMARY_REGIMES,PLANNED,event outcomes; fold/regime summaries; trial ledger
S3_THRESH_15,STAGE3_THRESHOLD_RESPONSE,SPACE_FILLING_THRESHOLD,"{""diagnostic_ladders"": [""I030"", ""I050"", ""I070"", ""I100"", ""S100_D1_D5"", ""S200_D1_D5"", ""S500_D1_D5"", ""H30_1_2_5"", ""A050"", ""A100"", ""A200"", ""A500"", ""A1000"", ""A_GT1000""], ""entry_mode"": ""NEXT_VALID_OPEN"", ""exit_policy"": ""AUTHORITATIVE_OIIS_EXIT_UNCHANGED"", ""hard_gates"": {""BINARY_EVENT_RISK"": true, ""EXCESSIVE_EXTENSION"": true, ""EXCESSIVE_UNCONFIRMED_GAP"": true, ""INSUFFICIENT_LIQUIDITY"": true, ""INSUFFICIENT_MARKET_DEPTH"": true, ""NEAR_OPPOSING_BARRIER"": true, ""NO_STRUCTURAL_STOP"": true, ""NO_VALID_SETUP"": true, ""OFACTOR_BELOW_MINIMUM"": true, ""OPTION_CONTRACT_NOT_TRADABLE"": true, ""OPTION_SPREAD_TOO_WIDE"": true, ""POSITION_SIZE_NOT_FEASIBLE"": true, ""REWARD_RISK_BELOW_MINIMUM"": true, ""SETUP_EXPIRED"": true, ""SETUP_FAILED"": true, ""STALE_MARKET_DATA"": true, ""STOP_TOO_WIDE"": true}, ""ofactor_min"": 67.28, ""ofactor_weights"": {""CCS"": 0.04, ""ICS"": 0.1, ""LTS"": 0.06, ""MFS"": 0.18, ""MQS"": 0.12, ""MRS"": 0.08, ""RSS"": 0.1, ""SRS"": 0.14, ""TQS"": 0.18}, ""xfactor_tier_a"": 84.96, ""xfactor_tier_b"": 82.79, ""xfactor_weights"": {""ELQ"": 0.2, ""IOQ"": 0.03, ""LSQ"": 0.06, ""MSS"": 0.06, ""RRQ"": 0.14, ""SIQ"": 0.14, ""SIS"": 0.18, ""TCS"": 0.16, ""TSQ"": 0.03}}","{""ofactor_min"": 67.28, ""xfactor_tier_a"": 84.96, ""xfactor_tier_b"": 82.79}","{""ofactor"": {""CCS"": 0.04, ""ICS"": 0.1, ""LTS"": 0.06, ""MFS"": 0.18, ""MQS"": 0.12, ""MRS"": 0.08, ""RSS"": 0.1, ""SRS"": 0.14, ""TQS"": 0.18}, ""xfactor"": {""ELQ"": 0.2, ""IOQ"": 0.03, ""LSQ"": 0.06, ""MSS"": 0.06, ""RRQ"": 0.14, ""SIQ"": 0.14, ""SIS"": 0.18, ""TCS"": 0.16, ""TSQ"": 0.03}}","{""BINARY_EVENT_RISK"": true, ""EXCESSIVE_EXTENSION"": true, ""EXCESSIVE_UNCONFIRMED_GAP"": true, ""INSUFFICIENT_LIQUIDITY"": true, ""INSUFFICIENT_MARKET_DEPTH"": true, ""NEAR_OPPOSING_BARRIER"": true, ""NO_STRUCTURAL_STOP"": true, ""NO_VALID_SETUP"": true, ""OFACTOR_BELOW_MINIMUM"": true, ""OPTION_CONTRACT_NOT_TRADABLE"": true, ""OPTION_SPREAD_TOO_WIDE"": true, ""POSITION_SIZE_NOT_FEASIBLE"": true, ""REWARD_RISK_BELOW_MINIMUM"": true, ""SETUP_EXPIRED"": true, ""SETUP_FAILED"": true, ""STALE_MARKET_DATA"": true, ""STOP_TOO_WIDE"": true}",NEXT_VALID_OPEN,BASE_CERTIFIED,UNCONSTRAINED_OPPORTUNITY,ALL_INNER_FOLDS,ALL_PRIMARY_REGIMES,PLANNED,event outcomes; fold/regime summaries; trial ledger
S3_THRESH_16,STAGE3_THRESHOLD_RESPONSE,SPACE_FILLING_THRESHOLD,"{""diagnostic_ladders"": [""I030"", ""I050"", ""I070"", ""I100"", ""S100_D1_D5"", ""S200_D1_D5"", ""S500_D1_D5"", ""H30_1_2_5"", ""A050"", ""A100"", ""A200"", ""A500"", ""A1000"", ""A_GT1000""], ""entry_mode"": ""NEXT_VALID_OPEN"", ""exit_policy"": ""AUTHORITATIVE_OIIS_EXIT_UNCHANGED"", ""hard_gates"": {""BINARY_EVENT_RISK"": true, ""EXCESSIVE_EXTENSION"": true, ""EXCESSIVE_UNCONFIRMED_GAP"": true, ""INSUFFICIENT_LIQUIDITY"": true, ""INSUFFICIENT_MARKET_DEPTH"": true, ""NEAR_OPPOSING_BARRIER"": true, ""NO_STRUCTURAL_STOP"": true, ""NO_VALID_SETUP"": true, ""OFACTOR_BELOW_MINIMUM"": true, ""OPTION_CONTRACT_NOT_TRADABLE"": true, ""OPTION_SPREAD_TOO_WIDE"": true, ""POSITION_SIZE_NOT_FEASIBLE"": true, ""REWARD_RISK_BELOW_MINIMUM"": true, ""SETUP_EXPIRED"": true, ""SETUP_FAILED"": true, ""STALE_MARKET_DATA"": true, ""STOP_TOO_WIDE"": true}, ""ofactor_min"": 65.41, ""ofactor_weights"": {""CCS"": 0.04, ""ICS"": 0.1, ""LTS"": 0.06, ""MFS"": 0.18, ""MQS"": 0.12, ""MRS"": 0.08, ""RSS"": 0.1, ""SRS"": 0.14, ""TQS"": 0.18}, ""xfactor_tier_a"": 79.17, ""xfactor_tier_b"": 75.89, ""xfactor_weights"": {""ELQ"": 0.2, ""IOQ"": 0.03, ""LSQ"": 0.06, ""MSS"": 0.06, ""RRQ"": 0.14, ""SIQ"": 0.14, ""SIS"": 0.18, ""TCS"": 0.16, ""TSQ"": 0.03}}","{""ofactor_min"": 65.41, ""xfactor_tier_a"": 79.17, ""xfactor_tier_b"": 75.89}","{""ofactor"": {""CCS"": 0.04, ""ICS"": 0.1, ""LTS"": 0.06, ""MFS"": 0.18, ""MQS"": 0.12, ""MRS"": 0.08, ""RSS"": 0.1, ""SRS"": 0.14, ""TQS"": 0.18}, ""xfactor"": {""ELQ"": 0.2, ""IOQ"": 0.03, ""LSQ"": 0.06, ""MSS"": 0.06, ""RRQ"": 0.14, ""SIQ"": 0.14, ""SIS"": 0.18, ""TCS"": 0.16, ""TSQ"": 0.03}}","{""BINARY_EVENT_RISK"": true, ""EXCESSIVE_EXTENSION"": true, ""EXCESSIVE_UNCONFIRMED_GAP"": true, ""INSUFFICIENT_LIQUIDITY"": true, ""INSUFFICIENT_MARKET_DEPTH"": true, ""NEAR_OPPOSING_BARRIER"": true, ""NO_STRUCTURAL_STOP"": true, ""NO_VALID_SETUP"": true, ""OFACTOR_BELOW_MINIMUM"": true, ""OPTION_CONTRACT_NOT_TRADABLE"": true, ""OPTION_SPREAD_TOO_WIDE"": true, ""POSITION_SIZE_NOT_FEASIBLE"": true, ""REWARD_RISK_BELOW_MINIMUM"": true, ""SETUP_EXPIRED"": true, ""SETUP_FAILED"": true, ""STALE_MARKET_DATA"": true, ""STOP_TOO_WIDE"": true}",NEXT_VALID_OPEN,BASE_CERTIFIED,UNCONSTRAINED_OPPORTUNITY,ALL_INNER_FOLDS,ALL_PRIMARY_REGIMES,PLANNED,event outcomes; fold/regime summaries; trial ledger
S3_THRESH_17,STAGE3_THRESHOLD_RESPONSE,SPACE_FILLING_THRESHOLD,"{""diagnostic_ladders"": [""I030"", ""I050"", ""I070"", ""I100"", ""S100_D1_D5"", ""S200_D1_D5"", ""S500_D1_D5"", ""H30_1_2_5"", ""A050"", ""A100"", ""A200"", ""A500"", ""A1000"", ""A_GT1000""], ""entry_mode"": ""NEXT_VALID_OPEN"", ""exit_policy"": ""AUTHORITATIVE_OIIS_EXIT_UNCHANGED"", ""hard_gates"": {""BINARY_EVENT_RISK"": true, ""EXCESSIVE_EXTENSION"": true, ""EXCESSIVE_UNCONFIRMED_GAP"": true, ""INSUFFICIENT_LIQUIDITY"": true, ""INSUFFICIENT_MARKET_DEPTH"": true, ""NEAR_OPPOSING_BARRIER"": true, ""NO_STRUCTURAL_STOP"": true, ""NO_VALID_SETUP"": true, ""OFACTOR_BELOW_MINIMUM"": true, ""OPTION_CONTRACT_NOT_TRADABLE"": true, ""OPTION_SPREAD_TOO_WIDE"": true, ""POSITION_SIZE_NOT_FEASIBLE"": true, ""REWARD_RISK_BELOW_MINIMUM"": true, ""SETUP_EXPIRED"": true, ""SETUP_FAILED"": true, ""STALE_MARKET_DATA"": true, ""STOP_TOO_WIDE"": true}, ""ofactor_min"": 81.41, ""ofactor_weights"": {""CCS"": 0.04, ""ICS"": 0.1, ""LTS"": 0.06, ""MFS"": 0.18, ""MQS"": 0.12, ""MRS"": 0.08, ""RSS"": 0.1, ""SRS"": 0.14, ""TQS"": 0.18}, ""xfactor_tier_a"": 77.34, ""xfactor_tier_b"": 75.27, ""xfactor_weights"": {""ELQ"": 0.2, ""IOQ"": 0.03, ""LSQ"": 0.06, ""MSS"": 0.06, ""RRQ"": 0.14, ""SIQ"": 0.14, ""SIS"": 0.18, ""TCS"": 0.16, ""TSQ"": 0.03}}","{""ofactor_min"": 81.41, ""xfactor_tier_a"": 77.34, ""xfactor_tier_b"": 75.27}","{""ofactor"": {""CCS"": 0.04, ""ICS"": 0.1, ""LTS"": 0.06, ""MFS"": 0.18, ""MQS"": 0.12, ""MRS"": 0.08, ""RSS"": 0.1, ""SRS"": 0.14, ""TQS"": 0.18}, ""xfactor"": {""ELQ"": 0.2, ""IOQ"": 0.03, ""LSQ"": 0.06, ""MSS"": 0.06, ""RRQ"": 0.14, ""SIQ"": 0.14, ""SIS"": 0.18, ""TCS"": 0.16, ""TSQ"": 0.03}}","{""BINARY_EVENT_RISK"": true, ""EXCESSIVE_EXTENSION"": true, ""EXCESSIVE_UNCONFIRMED_GAP"": true, ""INSUFFICIENT_LIQUIDITY"": true, ""INSUFFICIENT_MARKET_DEPTH"": true, ""NEAR_OPPOSING_BARRIER"": true, ""NO_STRUCTURAL_STOP"": true, ""NO_VALID_SETUP"": true, ""OFACTOR_BELOW_MINIMUM"": true, ""OPTION_CONTRACT_NOT_TRADABLE"": true, ""OPTION_SPREAD_TOO_WIDE"": true, ""POSITION_SIZE_NOT_FEASIBLE"": true, ""REWARD_RISK_BELOW_MINIMUM"": true, ""SETUP_EXPIRED"": true, ""SETUP_FAILED"": true, ""STALE_MARKET_DATA"": true, ""STOP_TOO_WIDE"": true}",NEXT_VALID_OPEN,BASE_CERTIFIED,UNCONSTRAINED_OPPORTUNITY,ALL_INNER_FOLDS,ALL_PRIMARY_REGIMES,PLANNED,event outcomes; fold/regime summaries; trial ledger
S3_THRESH_18,STAGE3_THRESHOLD_RESPONSE,SPACE_FILLING_THRESHOLD,"{""diagnostic_ladders"": [""I030"", ""I050"", ""I070"", ""I100"", ""S100_D1_D5"", ""S200_D1_D5"", ""S500_D1_D5"", ""H30_1_2_5"", ""A050"", ""A100"", ""A200"", ""A500"", ""A1000"", ""A_GT1000""], ""entry_mode"": ""NEXT_VALID_OPEN"", ""exit_policy"": ""AUTHORITATIVE_OIIS_EXIT_UNCHANGED"", ""hard_gates"": {""BINARY_EVENT_RISK"": true, ""EXCESSIVE_EXTENSION"": true, ""EXCESSIVE_UNCONFIRMED_GAP"": true, ""INSUFFICIENT_LIQUIDITY"": true, ""INSUFFICIENT_MARKET_DEPTH"": true, ""NEAR_OPPOSING_BARRIER"": true, ""NO_STRUCTURAL_STOP"": true, ""NO_VALID_SETUP"": true, ""OFACTOR_BELOW_MINIMUM"": true, ""OPTION_CONTRACT_NOT_TRADABLE"": true, ""OPTION_SPREAD_TOO_WIDE"": true, ""POSITION_SIZE_NOT_FEASIBLE"": true, ""REWARD_RISK_BELOW_MINIMUM"": true, ""SETUP_EXPIRED"": true, ""SETUP_FAILED"": true, ""STALE_MARKET_DATA"": true, ""STOP_TOO_WIDE"": true}, ""ofactor_min"": 75.94, ""ofactor_weights"": {""CCS"": 0.04, ""ICS"": 0.1, ""LTS"": 0.06, ""MFS"": 0.18, ""MQS"": 0.12, ""MRS"": 0.08, ""RSS"": 0.1, ""SRS"": 0.14, ""TQS"": 0.18}, ""xfactor_tier_a"": 92.07, ""xfactor_tier_b"": 70.79, ""xfactor_weights"": {""ELQ"": 0.2, ""IOQ"": 0.03, ""LSQ"": 0.06, ""MSS"": 0.06, ""RRQ"": 0.14, ""SIQ"": 0.14, ""SIS"": 0.18, ""TCS"": 0.16, ""TSQ"": 0.03}}","{""ofactor_min"": 75.94, ""xfactor_tier_a"": 92.07, ""xfactor_tier_b"": 70.79}","{""ofactor"": {""CCS"": 0.04, ""ICS"": 0.1, ""LTS"": 0.06, ""MFS"": 0.18, ""MQS"": 0.12, ""MRS"": 0.08, ""RSS"": 0.1, ""SRS"": 0.14, ""TQS"": 0.18}, ""xfactor"": {""ELQ"": 0.2, ""IOQ"": 0.03, ""LSQ"": 0.06, ""MSS"": 0.06, ""RRQ"": 0.14, ""SIQ"": 0.14, ""SIS"": 0.18, ""TCS"": 0.16, ""TSQ"": 0.03}}","{""BINARY_EVENT_RISK"": true, ""EXCESSIVE_EXTENSION"": true, ""EXCESSIVE_UNCONFIRMED_GAP"": true, ""INSUFFICIENT_LIQUIDITY"": true, ""INSUFFICIENT_MARKET_DEPTH"": true, ""NEAR_OPPOSING_BARRIER"": true, ""NO_STRUCTURAL_STOP"": true, ""NO_VALID_SETUP"": true, ""OFACTOR_BELOW_MINIMUM"": true, ""OPTION_CONTRACT_NOT_TRADABLE"": true, ""OPTION_SPREAD_TOO_WIDE"": true, ""POSITION_SIZE_NOT_FEASIBLE"": true, ""REWARD_RISK_BELOW_MINIMUM"": true, ""SETUP_EXPIRED"": true, ""SETUP_FAILED"": true, ""STALE_MARKET_DATA"": true, ""STOP_TOO_WIDE"": true}",NEXT_VALID_OPEN,BASE_CERTIFIED,UNCONSTRAINED_OPPORTUNITY,ALL_INNER_FOLDS,ALL_PRIMARY_REGIMES,PLANNED,event outcomes; fold/regime summaries; trial ledger
S3_THRESH_19,STAGE3_THRESHOLD_RESPONSE,SPACE_FILLING_THRESHOLD,"{""diagnostic_ladders"": [""I030"", ""I050"", ""I070"", ""I100"", ""S100_D1_D5"", ""S200_D1_D5"", ""S500_D1_D5"", ""H30_1_2_5"", ""A050"", ""A100"", ""A200"", ""A500"", ""A1000"", ""A_GT1000""], ""entry_mode"": ""NEXT_VALID_OPEN"", ""exit_policy"": ""AUTHORITATIVE_OIIS_EXIT_UNCHANGED"", ""hard_gates"": {""BINARY_EVENT_RISK"": true, ""EXCESSIVE_EXTENSION"": true, ""EXCESSIVE_UNCONFIRMED_GAP"": true, ""INSUFFICIENT_LIQUIDITY"": true, ""INSUFFICIENT_MARKET_DEPTH"": true, ""NEAR_OPPOSING_BARRIER"": true, ""NO_STRUCTURAL_STOP"": true, ""NO_VALID_SETUP"": true, ""OFACTOR_BELOW_MINIMUM"": true, ""OPTION_CONTRACT_NOT_TRADABLE"": true, ""OPTION_SPREAD_TOO_WIDE"": true, ""POSITION_SIZE_NOT_FEASIBLE"": true, ""REWARD_RISK_BELOW_MINIMUM"": true, ""SETUP_EXPIRED"": true, ""SETUP_FAILED"": true, ""STALE_MARKET_DATA"": true, ""STOP_TOO_WIDE"": true}, ""ofactor_min"": 77.52, ""ofactor_weights"": {""CCS"": 0.04, ""ICS"": 0.1, ""LTS"": 0.06, ""MFS"": 0.18, ""MQS"": 0.12, ""MRS"": 0.08, ""RSS"": 0.1, ""SRS"": 0.14, ""TQS"": 0.18}, ""xfactor_tier_a"": 76.66, ""xfactor_tier_b"": 68.57, ""xfactor_weights"": {""ELQ"": 0.2, ""IOQ"": 0.03, ""LSQ"": 0.06, ""MSS"": 0.06, ""RRQ"": 0.14, ""SIQ"": 0.14, ""SIS"": 0.18, ""TCS"": 0.16, ""TSQ"": 0.03}}","{""ofactor_min"": 77.52, ""xfactor_tier_a"": 76.66, ""xfactor_tier_b"": 68.57}","{""ofactor"": {""CCS"": 0.04, ""ICS"": 0.1, ""LTS"": 0.06, ""MFS"": 0.18, ""MQS"": 0.12, ""MRS"": 0.08, ""RSS"": 0.1, ""SRS"": 0.14, ""TQS"": 0.18}, ""xfactor"": {""ELQ"": 0.2, ""IOQ"": 0.03, ""LSQ"": 0.06, ""MSS"": 0.06, ""RRQ"": 0.14, ""SIQ"": 0.14, ""SIS"": 0.18, ""TCS"": 0.16, ""TSQ"": 0.03}}","{""BINARY_EVENT_RISK"": true, ""EXCESSIVE_EXTENSION"": true, ""EXCESSIVE_UNCONFIRMED_GAP"": true, ""INSUFFICIENT_LIQUIDITY"": true, ""INSUFFICIENT_MARKET_DEPTH"": true, ""NEAR_OPPOSING_BARRIER"": true, ""NO_STRUCTURAL_STOP"": true, ""NO_VALID_SETUP"": true, ""OFACTOR_BELOW_MINIMUM"": true, ""OPTION_CONTRACT_NOT_TRADABLE"": true, ""OPTION_SPREAD_TOO_WIDE"": true, ""POSITION_SIZE_NOT_FEASIBLE"": true, ""REWARD_RISK_BELOW_MINIMUM"": true, ""SETUP_EXPIRED"": true, ""SETUP_FAILED"": true, ""STALE_MARKET_DATA"": true, ""STOP_TOO_WIDE"": true}",NEXT_VALID_OPEN,BASE_CERTIFIED,UNCONSTRAINED_OPPORTUNITY,ALL_INNER_FOLDS,ALL_PRIMARY_REGIMES,PLANNED,event outcomes; fold/regime summaries; trial ledger
S3_THRESH_20,STAGE3_THRESHOLD_RESPONSE,SPACE_FILLING_THRESHOLD,"{""diagnostic_ladders"": [""I030"", ""I050"", ""I070"", ""I100"", ""S100_D1_D5"", ""S200_D1_D5"", ""S500_D1_D5"", ""H30_1_2_5"", ""A050"", ""A100"", ""A200"", ""A500"", ""A1000"", ""A_GT1000""], ""entry_mode"": ""NEXT_VALID_OPEN"", ""exit_policy"": ""AUTHORITATIVE_OIIS_EXIT_UNCHANGED"", ""hard_gates"": {""BINARY_EVENT_RISK"": true, ""EXCESSIVE_EXTENSION"": true, ""EXCESSIVE_UNCONFIRMED_GAP"": true, ""INSUFFICIENT_LIQUIDITY"": true, ""INSUFFICIENT_MARKET_DEPTH"": true, ""NEAR_OPPOSING_BARRIER"": true, ""NO_STRUCTURAL_STOP"": true, ""NO_VALID_SETUP"": true, ""OFACTOR_BELOW_MINIMUM"": true, ""OPTION_CONTRACT_NOT_TRADABLE"": true, ""OPTION_SPREAD_TOO_WIDE"": true, ""POSITION_SIZE_NOT_FEASIBLE"": true, ""REWARD_RISK_BELOW_MINIMUM"": true, ""SETUP_EXPIRED"": true, ""SETUP_FAILED"": true, ""STALE_MARKET_DATA"": true, ""STOP_TOO_WIDE"": true}, ""ofactor_min"": 84.91, ""ofactor_weights"": {""CCS"": 0.04, ""ICS"": 0.1, ""LTS"": 0.06, ""MFS"": 0.18, ""MQS"": 0.12, ""MRS"": 0.08, ""RSS"": 0.1, ""SRS"": 0.14, ""TQS"": 0.18}, ""xfactor_tier_a"": 87.48, ""xfactor_tier_b"": 85.14, ""xfactor_weights"": {""ELQ"": 0.2, ""IOQ"": 0.03, ""LSQ"": 0.06, ""MSS"": 0.06, ""RRQ"": 0.14, ""SIQ"": 0.14, ""SIS"": 0.18, ""TCS"": 0.16, ""TSQ"": 0.03}}","{""ofactor_min"": 84.91, ""xfactor_tier_a"": 87.48, ""xfactor_tier_b"": 85.14}","{""ofactor"": {""CCS"": 0.04, ""ICS"": 0.1, ""LTS"": 0.06, ""MFS"": 0.18, ""MQS"": 0.12, ""MRS"": 0.08, ""RSS"": 0.1, ""SRS"": 0.14, ""TQS"": 0.18}, ""xfactor"": {""ELQ"": 0.2, ""IOQ"": 0.03, ""LSQ"": 0.06, ""MSS"": 0.06, ""RRQ"": 0.14, ""SIQ"": 0.14, ""SIS"": 0.18, ""TCS"": 0.16, ""TSQ"": 0.03}}","{""BINARY_EVENT_RISK"": true, ""EXCESSIVE_EXTENSION"": true, ""EXCESSIVE_UNCONFIRMED_GAP"": true, ""INSUFFICIENT_LIQUIDITY"": true, ""INSUFFICIENT_MARKET_DEPTH"": true, ""NEAR_OPPOSING_BARRIER"": true, ""NO_STRUCTURAL_STOP"": true, ""NO_VALID_SETUP"": true, ""OFACTOR_BELOW_MINIMUM"": true, ""OPTION_CONTRACT_NOT_TRADABLE"": true, ""OPTION_SPREAD_TOO_WIDE"": true, ""POSITION_SIZE_NOT_FEASIBLE"": true, ""REWARD_RISK_BELOW_MINIMUM"": true, ""SETUP_EXPIRED"": true, ""SETUP_FAILED"": true, ""STALE_MARKET_DATA"": true, ""STOP_TOO_WIDE"": true}",NEXT_VALID_OPEN,BASE_CERTIFIED,UNCONSTRAINED_OPPORTUNITY,ALL_INNER_FOLDS,ALL_PRIMARY_REGIMES,PLANNED,event outcomes; fold/regime summaries; trial ledger
S3_THRESH_21,STAGE3_THRESHOLD_RESPONSE,SPACE_FILLING_THRESHOLD,"{""diagnostic_ladders"": [""I030"", ""I050"", ""I070"", ""I100"", ""S100_D1_D5"", ""S200_D1_D5"", ""S500_D1_D5"", ""H30_1_2_5"", ""A050"", ""A100"", ""A200"", ""A500"", ""A1000"", ""A_GT1000""], ""entry_mode"": ""NEXT_VALID_OPEN"", ""exit_policy"": ""AUTHORITATIVE_OIIS_EXIT_UNCHANGED"", ""hard_gates"": {""BINARY_EVENT_RISK"": true, ""EXCESSIVE_EXTENSION"": true, ""EXCESSIVE_UNCONFIRMED_GAP"": true, ""INSUFFICIENT_LIQUIDITY"": true, ""INSUFFICIENT_MARKET_DEPTH"": true, ""NEAR_OPPOSING_BARRIER"": true, ""NO_STRUCTURAL_STOP"": true, ""NO_VALID_SETUP"": true, ""OFACTOR_BELOW_MINIMUM"": true, ""OPTION_CONTRACT_NOT_TRADABLE"": true, ""OPTION_SPREAD_TOO_WIDE"": true, ""POSITION_SIZE_NOT_FEASIBLE"": true, ""REWARD_RISK_BELOW_MINIMUM"": true, ""SETUP_EXPIRED"": true, ""SETUP_FAILED"": true, ""STALE_MARKET_DATA"": true, ""STOP_TOO_WIDE"": true}, ""ofactor_min"": 78.31, ""ofactor_weights"": {""CCS"": 0.04, ""ICS"": 0.1, ""LTS"": 0.06, ""MFS"": 0.18, ""MQS"": 0.12, ""MRS"": 0.08, ""RSS"": 0.1, ""SRS"": 0.14, ""TQS"": 0.18}, ""xfactor_tier_a"": 95.96, ""xfactor_tier_b"": 85.28, ""xfactor_weights"": {""ELQ"": 0.2, ""IOQ"": 0.03, ""LSQ"": 0.06, ""MSS"": 0.06, ""RRQ"": 0.14, ""SIQ"": 0.14, ""SIS"": 0.18, ""TCS"": 0.16, ""TSQ"": 0.03}}","{""ofactor_min"": 78.31, ""xfactor_tier_a"": 95.96, ""xfactor_tier_b"": 85.28}","{""ofactor"": {""CCS"": 0.04, ""ICS"": 0.1, ""LTS"": 0.06, ""MFS"": 0.18, ""MQS"": 0.12, ""MRS"": 0.08, ""RSS"": 0.1, ""SRS"": 0.14, ""TQS"": 0.18}, ""xfactor"": {""ELQ"": 0.2, ""IOQ"": 0.03, ""LSQ"": 0.06, ""MSS"": 0.06, ""RRQ"": 0.14, ""SIQ"": 0.14, ""SIS"": 0.18, ""TCS"": 0.16, ""TSQ"": 0.03}}","{""BINARY_EVENT_RISK"": true, ""EXCESSIVE_EXTENSION"": true, ""EXCESSIVE_UNCONFIRMED_GAP"": true, ""INSUFFICIENT_LIQUIDITY"": true, ""INSUFFICIENT_MARKET_DEPTH"": true, ""NEAR_OPPOSING_BARRIER"": true, ""NO_STRUCTURAL_STOP"": true, ""NO_VALID_SETUP"": true, ""OFACTOR_BELOW_MINIMUM"": true, ""OPTION_CONTRACT_NOT_TRADABLE"": true, ""OPTION_SPREAD_TOO_WIDE"": true, ""POSITION_SIZE_NOT_FEASIBLE"": true, ""REWARD_RISK_BELOW_MINIMUM"": true, ""SETUP_EXPIRED"": true, ""SETUP_FAILED"": true, ""STALE_MARKET_DATA"": true, ""STOP_TOO_WIDE"": true}",NEXT_VALID_OPEN,BASE_CERTIFIED,UNCONSTRAINED_OPPORTUNITY,ALL_INNER_FOLDS,ALL_PRIMARY_REGIMES,PLANNED,event outcomes; fold/regime summaries; trial ledger
S3_THRESH_22,STAGE3_THRESHOLD_RESPONSE,SPACE_FILLING_THRESHOLD,"{""diagnostic_ladders"": [""I030"", ""I050"", ""I070"", ""I100"", ""S100_D1_D5"", ""S200_D1_D5"", ""S500_D1_D5"", ""H30_1_2_5"", ""A050"", ""A100"", ""A200"", ""A500"", ""A1000"", ""A_GT1000""], ""entry_mode"": ""NEXT_VALID_OPEN"", ""exit_policy"": ""AUTHORITATIVE_OIIS_EXIT_UNCHANGED"", ""hard_gates"": {""BINARY_EVENT_RISK"": true, ""EXCESSIVE_EXTENSION"": true, ""EXCESSIVE_UNCONFIRMED_GAP"": true, ""INSUFFICIENT_LIQUIDITY"": true, ""INSUFFICIENT_MARKET_DEPTH"": true, ""NEAR_OPPOSING_BARRIER"": true, ""NO_STRUCTURAL_STOP"": true, ""NO_VALID_SETUP"": true, ""OFACTOR_BELOW_MINIMUM"": true, ""OPTION_CONTRACT_NOT_TRADABLE"": true, ""OPTION_SPREAD_TOO_WIDE"": true, ""POSITION_SIZE_NOT_FEASIBLE"": true, ""REWARD_RISK_BELOW_MINIMUM"": true, ""SETUP_EXPIRED"": true, ""SETUP_FAILED"": true, ""STALE_MARKET_DATA"": true, ""STOP_TOO_WIDE"": true}, ""ofactor_min"": 80.53, ""ofactor_weights"": {""CCS"": 0.04, ""ICS"": 0.1, ""LTS"": 0.06, ""MFS"": 0.18, ""MQS"": 0.12, ""MRS"": 0.08, ""RSS"": 0.1, ""SRS"": 0.14, ""TQS"": 0.18}, ""xfactor_tier_a"": 89.49, ""xfactor_tier_b"": 76.62, ""xfactor_weights"": {""ELQ"": 0.2, ""IOQ"": 0.03, ""LSQ"": 0.06, ""MSS"": 0.06, ""RRQ"": 0.14, ""SIQ"": 0.14, ""SIS"": 0.18, ""TCS"": 0.16, ""TSQ"": 0.03}}","{""ofactor_min"": 80.53, ""xfactor_tier_a"": 89.49, ""xfactor_tier_b"": 76.62}","{""ofactor"": {""CCS"": 0.04, ""ICS"": 0.1, ""LTS"": 0.06, ""MFS"": 0.18, ""MQS"": 0.12, ""MRS"": 0.08, ""RSS"": 0.1, ""SRS"": 0.14, ""TQS"": 0.18}, ""xfactor"": {""ELQ"": 0.2, ""IOQ"": 0.03, ""LSQ"": 0.06, ""MSS"": 0.06, ""RRQ"": 0.14, ""SIQ"": 0.14, ""SIS"": 0.18, ""TCS"": 0.16, ""TSQ"": 0.03}}","{""BINARY_EVENT_RISK"": true, ""EXCESSIVE_EXTENSION"": true, ""EXCESSIVE_UNCONFIRMED_GAP"": true, ""INSUFFICIENT_LIQUIDITY"": true, ""INSUFFICIENT_MARKET_DEPTH"": true, ""NEAR_OPPOSING_BARRIER"": true, ""NO_STRUCTURAL_STOP"": true, ""NO_VALID_SETUP"": true, ""OFACTOR_BELOW_MINIMUM"": true, ""OPTION_CONTRACT_NOT_TRADABLE"": true, ""OPTION_SPREAD_TOO_WIDE"": true, ""POSITION_SIZE_NOT_FEASIBLE"": true, ""REWARD_RISK_BELOW_MINIMUM"": true, ""SETUP_EXPIRED"": true, ""SETUP_FAILED"": true, ""STALE_MARKET_DATA"": true, ""STOP_TOO_WIDE"": true}",NEXT_VALID_OPEN,BASE_CERTIFIED,UNCONSTRAINED_OPPORTUNITY,ALL_INNER_FOLDS,ALL_PRIMARY_REGIMES,PLANNED,event outcomes; fold/regime summaries; trial ledger
S3_THRESH_23,STAGE3_THRESHOLD_RESPONSE,SPACE_FILLING_THRESHOLD,"{""diagnostic_ladders"": [""I030"", ""I050"", ""I070"", ""I100"", ""S100_D1_D5"", ""S200_D1_D5"", ""S500_D1_D5"", ""H30_1_2_5"", ""A050"", ""A100"", ""A200"", ""A500"", ""A1000"", ""A_GT1000""], ""entry_mode"": ""NEXT_VALID_OPEN"", ""exit_policy"": ""AUTHORITATIVE_OIIS_EXIT_UNCHANGED"", ""hard_gates"": {""BINARY_EVENT_RISK"": true, ""EXCESSIVE_EXTENSION"": true, ""EXCESSIVE_UNCONFIRMED_GAP"": true, ""INSUFFICIENT_LIQUIDITY"": true, ""INSUFFICIENT_MARKET_DEPTH"": true, ""NEAR_OPPOSING_BARRIER"": true, ""NO_STRUCTURAL_STOP"": true, ""NO_VALID_SETUP"": true, ""OFACTOR_BELOW_MINIMUM"": true, ""OPTION_CONTRACT_NOT_TRADABLE"": true, ""OPTION_SPREAD_TOO_WIDE"": true, ""POSITION_SIZE_NOT_FEASIBLE"": true, ""REWARD_RISK_BELOW_MINIMUM"": true, ""SETUP_EXPIRED"": true, ""SETUP_FAILED"": true, ""STALE_MARKET_DATA"": true, ""STOP_TOO_WIDE"": true}, ""ofactor_min"": 87.29, ""ofactor_weights"": {""CCS"": 0.04, ""ICS"": 0.1, ""LTS"": 0.06, ""MFS"": 0.18, ""MQS"": 0.12, ""MRS"": 0.08, ""RSS"": 0.1, ""SRS"": 0.14, ""TQS"": 0.18}, ""xfactor_tier_a"": 89.17, ""xfactor_tier_b"": 71.45, ""xfactor_weights"": {""ELQ"": 0.2, ""IOQ"": 0.03, ""LSQ"": 0.06, ""MSS"": 0.06, ""RRQ"": 0.14, ""SIQ"": 0.14, ""SIS"": 0.18, ""TCS"": 0.16, ""TSQ"": 0.03}}","{""ofactor_min"": 87.29, ""xfactor_tier_a"": 89.17, ""xfactor_tier_b"": 71.45}","{""ofactor"": {""CCS"": 0.04, ""ICS"": 0.1, ""LTS"": 0.06, ""MFS"": 0.18, ""MQS"": 0.12, ""MRS"": 0.08, ""RSS"": 0.1, ""SRS"": 0.14, ""TQS"": 0.18}, ""xfactor"": {""ELQ"": 0.2, ""IOQ"": 0.03, ""LSQ"": 0.06, ""MSS"": 0.06, ""RRQ"": 0.14, ""SIQ"": 0.14, ""SIS"": 0.18, ""TCS"": 0.16, ""TSQ"": 0.03}}","{""BINARY_EVENT_RISK"": true, ""EXCESSIVE_EXTENSION"": true, ""EXCESSIVE_UNCONFIRMED_GAP"": true, ""INSUFFICIENT_LIQUIDITY"": true, ""INSUFFICIENT_MARKET_DEPTH"": true, ""NEAR_OPPOSING_BARRIER"": true, ""NO_STRUCTURAL_STOP"": true, ""NO_VALID_SETUP"": true, ""OFACTOR_BELOW_MINIMUM"": true, ""OPTION_CONTRACT_NOT_TRADABLE"": true, ""OPTION_SPREAD_TOO_WIDE"": true, ""POSITION_SIZE_NOT_FEASIBLE"": true, ""REWARD_RISK_BELOW_MINIMUM"": true, ""SETUP_EXPIRED"": true, ""SETUP_FAILED"": true, ""STALE_MARKET_DATA"": true, ""STOP_TOO_WIDE"": true}",NEXT_VALID_OPEN,BASE_CERTIFIED,UNCONSTRAINED_OPPORTUNITY,ALL_INNER_FOLDS,ALL_PRIMARY_REGIMES,PLANNED,event outcomes; fold/regime summaries; trial ledger
S3_THRESH_24,STAGE3_THRESHOLD_RESPONSE,SPACE_FILLING_THRESHOLD,"{""diagnostic_ladders"": [""I030"", ""I050"", ""I070"", ""I100"", ""S100_D1_D5"", ""S200_D1_D5"", ""S500_D1_D5"", ""H30_1_2_5"", ""A050"", ""A100"", ""A200"", ""A500"", ""A1000"", ""A_GT1000""], ""entry_mode"": ""NEXT_VALID_OPEN"", ""exit_policy"": ""AUTHORITATIVE_OIIS_EXIT_UNCHANGED"", ""hard_gates"": {""BINARY_EVENT_RISK"": true, ""EXCESSIVE_EXTENSION"": true, ""EXCESSIVE_UNCONFIRMED_GAP"": true, ""INSUFFICIENT_LIQUIDITY"": true, ""INSUFFICIENT_MARKET_DEPTH"": true, ""NEAR_OPPOSING_BARRIER"": true, ""NO_STRUCTURAL_STOP"": true, ""NO_VALID_SETUP"": true, ""OFACTOR_BELOW_MINIMUM"": true, ""OPTION_CONTRACT_NOT_TRADABLE"": true, ""OPTION_SPREAD_TOO_WIDE"": true, ""POSITION_SIZE_NOT_FEASIBLE"": true, ""REWARD_RISK_BELOW_MINIMUM"": true, ""SETUP_EXPIRED"": true, ""SETUP_FAILED"": true, ""STALE_MARKET_DATA"": true, ""STOP_TOO_WIDE"": true}, ""ofactor_min"": 79.95, ""ofactor_weights"": {""CCS"": 0.04, ""ICS"": 0.1, ""LTS"": 0.06, ""MFS"": 0.18, ""MQS"": 0.12, ""MRS"": 0.08, ""RSS"": 0.1, ""SRS"": 0.14, ""TQS"": 0.18}, ""xfactor_tier_a"": 84.06, ""xfactor_tier_b"": 80.81, ""xfactor_weights"": {""ELQ"": 0.2, ""IOQ"": 0.03, ""LSQ"": 0.06, ""MSS"": 0.06, ""RRQ"": 0.14, ""SIQ"": 0.14, ""SIS"": 0.18, ""TCS"": 0.16, ""TSQ"": 0.03}}","{""ofactor_min"": 79.95, ""xfactor_tier_a"": 84.06, ""xfactor_tier_b"": 80.81}","{""ofactor"": {""CCS"": 0.04, ""ICS"": 0.1, ""LTS"": 0.06, ""MFS"": 0.18, ""MQS"": 0.12, ""MRS"": 0.08, ""RSS"": 0.1, ""SRS"": 0.14, ""TQS"": 0.18}, ""xfactor"": {""ELQ"": 0.2, ""IOQ"": 0.03, ""LSQ"": 0.06, ""MSS"": 0.06, ""RRQ"": 0.14, ""SIQ"": 0.14, ""SIS"": 0.18, ""TCS"": 0.16, ""TSQ"": 0.03}}","{""BINARY_EVENT_RISK"": true, ""EXCESSIVE_EXTENSION"": true, ""EXCESSIVE_UNCONFIRMED_GAP"": true, ""INSUFFICIENT_LIQUIDITY"": true, ""INSUFFICIENT_MARKET_DEPTH"": true, ""NEAR_OPPOSING_BARRIER"": true, ""NO_STRUCTURAL_STOP"": true, ""NO_VALID_SETUP"": true, ""OFACTOR_BELOW_MINIMUM"": true, ""OPTION_CONTRACT_NOT_TRADABLE"": true, ""OPTION_SPREAD_TOO_WIDE"": true, ""POSITION_SIZE_NOT_FEASIBLE"": true, ""REWARD_RISK_BELOW_MINIMUM"": true, ""SETUP_EXPIRED"": true, ""SETUP_FAILED"": true, ""STALE_MARKET_DATA"": true, ""STOP_TOO_WIDE"": true}",NEXT_VALID_OPEN,BASE_CERTIFIED,UNCONSTRAINED_OPPORTUNITY,ALL_INNER_FOLDS,ALL_PRIMARY_REGIMES,PLANNED,event outcomes; fold/regime summaries; trial ledger
S3_THRESH_25,STAGE3_THRESHOLD_RESPONSE,SPACE_FILLING_THRESHOLD,"{""diagnostic_ladders"": [""I030"", ""I050"", ""I070"", ""I100"", ""S100_D1_D5"", ""S200_D1_D5"", ""S500_D1_D5"", ""H30_1_2_5"", ""A050"", ""A100"", ""A200"", ""A500"", ""A1000"", ""A_GT1000""], ""entry_mode"": ""NEXT_VALID_OPEN"", ""exit_policy"": ""AUTHORITATIVE_OIIS_EXIT_UNCHANGED"", ""hard_gates"": {""BINARY_EVENT_RISK"": true, ""EXCESSIVE_EXTENSION"": true, ""EXCESSIVE_UNCONFIRMED_GAP"": true, ""INSUFFICIENT_LIQUIDITY"": true, ""INSUFFICIENT_MARKET_DEPTH"": true, ""NEAR_OPPOSING_BARRIER"": true, ""NO_STRUCTURAL_STOP"": true, ""NO_VALID_SETUP"": true, ""OFACTOR_BELOW_MINIMUM"": true, ""OPTION_CONTRACT_NOT_TRADABLE"": true, ""OPTION_SPREAD_TOO_WIDE"": true, ""POSITION_SIZE_NOT_FEASIBLE"": true, ""REWARD_RISK_BELOW_MINIMUM"": true, ""SETUP_EXPIRED"": true, ""SETUP_FAILED"": true, ""STALE_MARKET_DATA"": true, ""STOP_TOO_WIDE"": true}, ""ofactor_min"": 72.63, ""ofactor_weights"": {""CCS"": 0.04, ""ICS"": 0.1, ""LTS"": 0.06, ""MFS"": 0.18, ""MQS"": 0.12, ""MRS"": 0.08, ""RSS"": 0.1, ""SRS"": 0.14, ""TQS"": 0.18}, ""xfactor_tier_a"": 76.38, ""xfactor_tier_b"": 73.73, ""xfactor_weights"": {""ELQ"": 0.2, ""IOQ"": 0.03, ""LSQ"": 0.06, ""MSS"": 0.06, ""RRQ"": 0.14, ""SIQ"": 0.14, ""SIS"": 0.18, ""TCS"": 0.16, ""TSQ"": 0.03}}","{""ofactor_min"": 72.63, ""xfactor_tier_a"": 76.38, ""xfactor_tier_b"": 73.73}","{""ofactor"": {""CCS"": 0.04, ""ICS"": 0.1, ""LTS"": 0.06, ""MFS"": 0.18, ""MQS"": 0.12, ""MRS"": 0.08, ""RSS"": 0.1, ""SRS"": 0.14, ""TQS"": 0.18}, ""xfactor"": {""ELQ"": 0.2, ""IOQ"": 0.03, ""LSQ"": 0.06, ""MSS"": 0.06, ""RRQ"": 0.14, ""SIQ"": 0.14, ""SIS"": 0.18, ""TCS"": 0.16, ""TSQ"": 0.03}}","{""BINARY_EVENT_RISK"": true, ""EXCESSIVE_EXTENSION"": true, ""EXCESSIVE_UNCONFIRMED_GAP"": true, ""INSUFFICIENT_LIQUIDITY"": true, ""INSUFFICIENT_MARKET_DEPTH"": true, ""NEAR_OPPOSING_BARRIER"": true, ""NO_STRUCTURAL_STOP"": true, ""NO_VALID_SETUP"": true, ""OFACTOR_BELOW_MINIMUM"": true, ""OPTION_CONTRACT_NOT_TRADABLE"": true, ""OPTION_SPREAD_TOO_WIDE"": true, ""POSITION_SIZE_NOT_FEASIBLE"": true, ""REWARD_RISK_BELOW_MINIMUM"": true, ""SETUP_EXPIRED"": true, ""SETUP_FAILED"": true, ""STALE_MARKET_DATA"": true, ""STOP_TOO_WIDE"": true}",NEXT_VALID_OPEN,BASE_CERTIFIED,UNCONSTRAINED_OPPORTUNITY,ALL_INNER_FOLDS,ALL_PRIMARY_REGIMES,PLANNED,event outcomes; fold/regime summaries; trial ledger
S5_STRESS_SIGNAL_CLOSE,STAGE5_ROBUSTNESS,EXECUTION_COST_CAPITAL_STRESS,"{""diagnostic_ladders"": [""I030"", ""I050"", ""I070"", ""I100"", ""S100_D1_D5"", ""S200_D1_D5"", ""S500_D1_D5"", ""H30_1_2_5"", ""A050"", ""A100"", ""A200"", ""A500"", ""A1000"", ""A_GT1000""], ""entry_mode"": ""NEXT_VALID_OPEN"", ""exit_policy"": ""AUTHORITATIVE_OIIS_EXIT_UNCHANGED"", ""hard_gates"": {""BINARY_EVENT_RISK"": true, ""EXCESSIVE_EXTENSION"": true, ""EXCESSIVE_UNCONFIRMED_GAP"": true, ""INSUFFICIENT_LIQUIDITY"": true, ""INSUFFICIENT_MARKET_DEPTH"": true, ""NEAR_OPPOSING_BARRIER"": true, ""NO_STRUCTURAL_STOP"": true, ""NO_VALID_SETUP"": true, ""OFACTOR_BELOW_MINIMUM"": true, ""OPTION_CONTRACT_NOT_TRADABLE"": true, ""OPTION_SPREAD_TOO_WIDE"": true, ""POSITION_SIZE_NOT_FEASIBLE"": true, ""REWARD_RISK_BELOW_MINIMUM"": true, ""SETUP_EXPIRED"": true, ""SETUP_FAILED"": true, ""STALE_MARKET_DATA"": true, ""STOP_TOO_WIDE"": true}, ""ofactor_min"": 74, ""ofactor_weights"": {""CCS"": 0.04, ""ICS"": 0.1, ""LTS"": 0.06, ""MFS"": 0.18, ""MQS"": 0.12, ""MRS"": 0.08, ""RSS"": 0.1, ""SRS"": 0.14, ""TQS"": 0.18}, ""xfactor_tier_a"": 84, ""xfactor_tier_b"": 76, ""xfactor_weights"": {""ELQ"": 0.2, ""IOQ"": 0.03, ""LSQ"": 0.06, ""MSS"": 0.06, ""RRQ"": 0.14, ""SIQ"": 0.14, ""SIS"": 0.18, ""TCS"": 0.16, ""TSQ"": 0.03}}","{""ofactor_min"": 74, ""xfactor_tier_a"": 84, ""xfactor_tier_b"": 76}","{""ofactor"": {""CCS"": 0.04, ""ICS"": 0.1, ""LTS"": 0.06, ""MFS"": 0.18, ""MQS"": 0.12, ""MRS"": 0.08, ""RSS"": 0.1, ""SRS"": 0.14, ""TQS"": 0.18}, ""xfactor"": {""ELQ"": 0.2, ""IOQ"": 0.03, ""LSQ"": 0.06, ""MSS"": 0.06, ""RRQ"": 0.14, ""SIQ"": 0.14, ""SIS"": 0.18, ""TCS"": 0.16, ""TSQ"": 0.03}}","{""BINARY_EVENT_RISK"": true, ""EXCESSIVE_EXTENSION"": true, ""EXCESSIVE_UNCONFIRMED_GAP"": true, ""INSUFFICIENT_LIQUIDITY"": true, ""INSUFFICIENT_MARKET_DEPTH"": true, ""NEAR_OPPOSING_BARRIER"": true, ""NO_STRUCTURAL_STOP"": true, ""NO_VALID_SETUP"": true, ""OFACTOR_BELOW_MINIMUM"": true, ""OPTION_CONTRACT_NOT_TRADABLE"": true, ""OPTION_SPREAD_TOO_WIDE"": true, ""POSITION_SIZE_NOT_FEASIBLE"": true, ""REWARD_RISK_BELOW_MINIMUM"": true, ""SETUP_EXPIRED"": true, ""SETUP_FAILED"": true, ""STALE_MARKET_DATA"": true, ""STOP_TOO_WIDE"": true}",SIGNAL_CLOSE_DIAGNOSTIC,BASE_CERTIFIED,UNCONSTRAINED_OPPORTUNITY,ALL_INNER_FOLDS,ALL_PRIMARY_REGIMES,PLANNED,event outcomes; fold/regime summaries; trial ledger
S5_STRESS_NEXT_OPEN,STAGE5_ROBUSTNESS,EXECUTION_COST_CAPITAL_STRESS,"{""diagnostic_ladders"": [""I030"", ""I050"", ""I070"", ""I100"", ""S100_D1_D5"", ""S200_D1_D5"", ""S500_D1_D5"", ""H30_1_2_5"", ""A050"", ""A100"", ""A200"", ""A500"", ""A1000"", ""A_GT1000""], ""entry_mode"": ""NEXT_VALID_OPEN"", ""exit_policy"": ""AUTHORITATIVE_OIIS_EXIT_UNCHANGED"", ""hard_gates"": {""BINARY_EVENT_RISK"": true, ""EXCESSIVE_EXTENSION"": true, ""EXCESSIVE_UNCONFIRMED_GAP"": true, ""INSUFFICIENT_LIQUIDITY"": true, ""INSUFFICIENT_MARKET_DEPTH"": true, ""NEAR_OPPOSING_BARRIER"": true, ""NO_STRUCTURAL_STOP"": true, ""NO_VALID_SETUP"": true, ""OFACTOR_BELOW_MINIMUM"": true, ""OPTION_CONTRACT_NOT_TRADABLE"": true, ""OPTION_SPREAD_TOO_WIDE"": true, ""POSITION_SIZE_NOT_FEASIBLE"": true, ""REWARD_RISK_BELOW_MINIMUM"": true, ""SETUP_EXPIRED"": true, ""SETUP_FAILED"": true, ""STALE_MARKET_DATA"": true, ""STOP_TOO_WIDE"": true}, ""ofactor_min"": 74, ""ofactor_weights"": {""CCS"": 0.04, ""ICS"": 0.1, ""LTS"": 0.06, ""MFS"": 0.18, ""MQS"": 0.12, ""MRS"": 0.08, ""RSS"": 0.1, ""SRS"": 0.14, ""TQS"": 0.18}, ""xfactor_tier_a"": 84, ""xfactor_tier_b"": 76, ""xfactor_weights"": {""ELQ"": 0.2, ""IOQ"": 0.03, ""LSQ"": 0.06, ""MSS"": 0.06, ""RRQ"": 0.14, ""SIQ"": 0.14, ""SIS"": 0.18, ""TCS"": 0.16, ""TSQ"": 0.03}}","{""ofactor_min"": 74, ""xfactor_tier_a"": 84, ""xfactor_tier_b"": 76}","{""ofactor"": {""CCS"": 0.04, ""ICS"": 0.1, ""LTS"": 0.06, ""MFS"": 0.18, ""MQS"": 0.12, ""MRS"": 0.08, ""RSS"": 0.1, ""SRS"": 0.14, ""TQS"": 0.18}, ""xfactor"": {""ELQ"": 0.2, ""IOQ"": 0.03, ""LSQ"": 0.06, ""MSS"": 0.06, ""RRQ"": 0.14, ""SIQ"": 0.14, ""SIS"": 0.18, ""TCS"": 0.16, ""TSQ"": 0.03}}","{""BINARY_EVENT_RISK"": true, ""EXCESSIVE_EXTENSION"": true, ""EXCESSIVE_UNCONFIRMED_GAP"": true, ""INSUFFICIENT_LIQUIDITY"": true, ""INSUFFICIENT_MARKET_DEPTH"": true, ""NEAR_OPPOSING_BARRIER"": true, ""NO_STRUCTURAL_STOP"": true, ""NO_VALID_SETUP"": true, ""OFACTOR_BELOW_MINIMUM"": true, ""OPTION_CONTRACT_NOT_TRADABLE"": true, ""OPTION_SPREAD_TOO_WIDE"": true, ""POSITION_SIZE_NOT_FEASIBLE"": true, ""REWARD_RISK_BELOW_MINIMUM"": true, ""SETUP_EXPIRED"": true, ""SETUP_FAILED"": true, ""STALE_MARKET_DATA"": true, ""STOP_TOO_WIDE"": true}",NEXT_VALID_OPEN,BASE_CERTIFIED,UNCONSTRAINED_OPPORTUNITY,ALL_INNER_FOLDS,ALL_PRIMARY_REGIMES,PLANNED,event outcomes; fold/regime summaries; trial ledger
S5_STRESS_ONE_BAR_DELAY,STAGE5_ROBUSTNESS,EXECUTION_COST_CAPITAL_STRESS,"{""diagnostic_ladders"": [""I030"", ""I050"", ""I070"", ""I100"", ""S100_D1_D5"", ""S200_D1_D5"", ""S500_D1_D5"", ""H30_1_2_5"", ""A050"", ""A100"", ""A200"", ""A500"", ""A1000"", ""A_GT1000""], ""entry_mode"": ""NEXT_VALID_OPEN"", ""exit_policy"": ""AUTHORITATIVE_OIIS_EXIT_UNCHANGED"", ""hard_gates"": {""BINARY_EVENT_RISK"": true, ""EXCESSIVE_EXTENSION"": true, ""EXCESSIVE_UNCONFIRMED_GAP"": true, ""INSUFFICIENT_LIQUIDITY"": true, ""INSUFFICIENT_MARKET_DEPTH"": true, ""NEAR_OPPOSING_BARRIER"": true, ""NO_STRUCTURAL_STOP"": true, ""NO_VALID_SETUP"": true, ""OFACTOR_BELOW_MINIMUM"": true, ""OPTION_CONTRACT_NOT_TRADABLE"": true, ""OPTION_SPREAD_TOO_WIDE"": true, ""POSITION_SIZE_NOT_FEASIBLE"": true, ""REWARD_RISK_BELOW_MINIMUM"": true, ""SETUP_EXPIRED"": true, ""SETUP_FAILED"": true, ""STALE_MARKET_DATA"": true, ""STOP_TOO_WIDE"": true}, ""ofactor_min"": 74, ""ofactor_weights"": {""CCS"": 0.04, ""ICS"": 0.1, ""LTS"": 0.06, ""MFS"": 0.18, ""MQS"": 0.12, ""MRS"": 0.08, ""RSS"": 0.1, ""SRS"": 0.14, ""TQS"": 0.18}, ""xfactor_tier_a"": 84, ""xfactor_tier_b"": 76, ""xfactor_weights"": {""ELQ"": 0.2, ""IOQ"": 0.03, ""LSQ"": 0.06, ""MSS"": 0.06, ""RRQ"": 0.14, ""SIQ"": 0.14, ""SIS"": 0.18, ""TCS"": 0.16, ""TSQ"": 0.03}}","{""ofactor_min"": 74, ""xfactor_tier_a"": 84, ""xfactor_tier_b"": 76}","{""ofactor"": {""CCS"": 0.04, ""ICS"": 0.1, ""LTS"": 0.06, ""MFS"": 0.18, ""MQS"": 0.12, ""MRS"": 0.08, ""RSS"": 0.1, ""SRS"": 0.14, ""TQS"": 0.18}, ""xfactor"": {""ELQ"": 0.2, ""IOQ"": 0.03, ""LSQ"": 0.06, ""MSS"": 0.06, ""RRQ"": 0.14, ""SIQ"": 0.14, ""SIS"": 0.18, ""TCS"": 0.16, ""TSQ"": 0.03}}","{""BINARY_EVENT_RISK"": true, ""EXCESSIVE_EXTENSION"": true, ""EXCESSIVE_UNCONFIRMED_GAP"": true, ""INSUFFICIENT_LIQUIDITY"": true, ""INSUFFICIENT_MARKET_DEPTH"": true, ""NEAR_OPPOSING_BARRIER"": true, ""NO_STRUCTURAL_STOP"": true, ""NO_VALID_SETUP"": true, ""OFACTOR_BELOW_MINIMUM"": true, ""OPTION_CONTRACT_NOT_TRADABLE"": true, ""OPTION_SPREAD_TOO_WIDE"": true, ""POSITION_SIZE_NOT_FEASIBLE"": true, ""REWARD_RISK_BELOW_MINIMUM"": true, ""SETUP_EXPIRED"": true, ""SETUP_FAILED"": true, ""STALE_MARKET_DATA"": true, ""STOP_TOO_WIDE"": true}",ONE_BAR_DELAY,BASE_CERTIFIED,UNCONSTRAINED_OPPORTUNITY,ALL_INNER_FOLDS,ALL_PRIMARY_REGIMES,PLANNED,event outcomes; fold/regime summaries; trial ledger
S5_STRESS_COST_125,STAGE5_ROBUSTNESS,EXECUTION_COST_CAPITAL_STRESS,"{""diagnostic_ladders"": [""I030"", ""I050"", ""I070"", ""I100"", ""S100_D1_D5"", ""S200_D1_D5"", ""S500_D1_D5"", ""H30_1_2_5"", ""A050"", ""A100"", ""A200"", ""A500"", ""A1000"", ""A_GT1000""], ""entry_mode"": ""NEXT_VALID_OPEN"", ""exit_policy"": ""AUTHORITATIVE_OIIS_EXIT_UNCHANGED"", ""hard_gates"": {""BINARY_EVENT_RISK"": true, ""EXCESSIVE_EXTENSION"": true, ""EXCESSIVE_UNCONFIRMED_GAP"": true, ""INSUFFICIENT_LIQUIDITY"": true, ""INSUFFICIENT_MARKET_DEPTH"": true, ""NEAR_OPPOSING_BARRIER"": true, ""NO_STRUCTURAL_STOP"": true, ""NO_VALID_SETUP"": true, ""OFACTOR_BELOW_MINIMUM"": true, ""OPTION_CONTRACT_NOT_TRADABLE"": true, ""OPTION_SPREAD_TOO_WIDE"": true, ""POSITION_SIZE_NOT_FEASIBLE"": true, ""REWARD_RISK_BELOW_MINIMUM"": true, ""SETUP_EXPIRED"": true, ""SETUP_FAILED"": true, ""STALE_MARKET_DATA"": true, ""STOP_TOO_WIDE"": true}, ""ofactor_min"": 74, ""ofactor_weights"": {""CCS"": 0.04, ""ICS"": 0.1, ""LTS"": 0.06, ""MFS"": 0.18, ""MQS"": 0.12, ""MRS"": 0.08, ""RSS"": 0.1, ""SRS"": 0.14, ""TQS"": 0.18}, ""xfactor_tier_a"": 84, ""xfactor_tier_b"": 76, ""xfactor_weights"": {""ELQ"": 0.2, ""IOQ"": 0.03, ""LSQ"": 0.06, ""MSS"": 0.06, ""RRQ"": 0.14, ""SIQ"": 0.14, ""SIS"": 0.18, ""TCS"": 0.16, ""TSQ"": 0.03}}","{""ofactor_min"": 74, ""xfactor_tier_a"": 84, ""xfactor_tier_b"": 76}","{""ofactor"": {""CCS"": 0.04, ""ICS"": 0.1, ""LTS"": 0.06, ""MFS"": 0.18, ""MQS"": 0.12, ""MRS"": 0.08, ""RSS"": 0.1, ""SRS"": 0.14, ""TQS"": 0.18}, ""xfactor"": {""ELQ"": 0.2, ""IOQ"": 0.03, ""LSQ"": 0.06, ""MSS"": 0.06, ""RRQ"": 0.14, ""SIQ"": 0.14, ""SIS"": 0.18, ""TCS"": 0.16, ""TSQ"": 0.03}}","{""BINARY_EVENT_RISK"": true, ""EXCESSIVE_EXTENSION"": true, ""EXCESSIVE_UNCONFIRMED_GAP"": true, ""INSUFFICIENT_LIQUIDITY"": true, ""INSUFFICIENT_MARKET_DEPTH"": true, ""NEAR_OPPOSING_BARRIER"": true, ""NO_STRUCTURAL_STOP"": true, ""NO_VALID_SETUP"": true, ""OFACTOR_BELOW_MINIMUM"": true, ""OPTION_CONTRACT_NOT_TRADABLE"": true, ""OPTION_SPREAD_TOO_WIDE"": true, ""POSITION_SIZE_NOT_FEASIBLE"": true, ""REWARD_RISK_BELOW_MINIMUM"": true, ""SETUP_EXPIRED"": true, ""SETUP_FAILED"": true, ""STALE_MARKET_DATA"": true, ""STOP_TOO_WIDE"": true}",NEXT_VALID_OPEN,COSTS_X1_25,UNCONSTRAINED_OPPORTUNITY,ALL_INNER_FOLDS,ALL_PRIMARY_REGIMES,PLANNED,event outcomes; fold/regime summaries; trial ledger
S5_STRESS_COST_150,STAGE5_ROBUSTNESS,EXECUTION_COST_CAPITAL_STRESS,"{""diagnostic_ladders"": [""I030"", ""I050"", ""I070"", ""I100"", ""S100_D1_D5"", ""S200_D1_D5"", ""S500_D1_D5"", ""H30_1_2_5"", ""A050"", ""A100"", ""A200"", ""A500"", ""A1000"", ""A_GT1000""], ""entry_mode"": ""NEXT_VALID_OPEN"", ""exit_policy"": ""AUTHORITATIVE_OIIS_EXIT_UNCHANGED"", ""hard_gates"": {""BINARY_EVENT_RISK"": true, ""EXCESSIVE_EXTENSION"": true, ""EXCESSIVE_UNCONFIRMED_GAP"": true, ""INSUFFICIENT_LIQUIDITY"": true, ""INSUFFICIENT_MARKET_DEPTH"": true, ""NEAR_OPPOSING_BARRIER"": true, ""NO_STRUCTURAL_STOP"": true, ""NO_VALID_SETUP"": true, ""OFACTOR_BELOW_MINIMUM"": true, ""OPTION_CONTRACT_NOT_TRADABLE"": true, ""OPTION_SPREAD_TOO_WIDE"": true, ""POSITION_SIZE_NOT_FEASIBLE"": true, ""REWARD_RISK_BELOW_MINIMUM"": true, ""SETUP_EXPIRED"": true, ""SETUP_FAILED"": true, ""STALE_MARKET_DATA"": true, ""STOP_TOO_WIDE"": true}, ""ofactor_min"": 74, ""ofactor_weights"": {""CCS"": 0.04, ""ICS"": 0.1, ""LTS"": 0.06, ""MFS"": 0.18, ""MQS"": 0.12, ""MRS"": 0.08, ""RSS"": 0.1, ""SRS"": 0.14, ""TQS"": 0.18}, ""xfactor_tier_a"": 84, ""xfactor_tier_b"": 76, ""xfactor_weights"": {""ELQ"": 0.2, ""IOQ"": 0.03, ""LSQ"": 0.06, ""MSS"": 0.06, ""RRQ"": 0.14, ""SIQ"": 0.14, ""SIS"": 0.18, ""TCS"": 0.16, ""TSQ"": 0.03}}","{""ofactor_min"": 74, ""xfactor_tier_a"": 84, ""xfactor_tier_b"": 76}","{""ofactor"": {""CCS"": 0.04, ""ICS"": 0.1, ""LTS"": 0.06, ""MFS"": 0.18, ""MQS"": 0.12, ""MRS"": 0.08, ""RSS"": 0.1, ""SRS"": 0.14, ""TQS"": 0.18}, ""xfactor"": {""ELQ"": 0.2, ""IOQ"": 0.03, ""LSQ"": 0.06, ""MSS"": 0.06, ""RRQ"": 0.14, ""SIQ"": 0.14, ""SIS"": 0.18, ""TCS"": 0.16, ""TSQ"": 0.03}}","{""BINARY_EVENT_RISK"": true, ""EXCESSIVE_EXTENSION"": true, ""EXCESSIVE_UNCONFIRMED_GAP"": true, ""INSUFFICIENT_LIQUIDITY"": true, ""INSUFFICIENT_MARKET_DEPTH"": true, ""NEAR_OPPOSING_BARRIER"": true, ""NO_STRUCTURAL_STOP"": true, ""NO_VALID_SETUP"": true, ""OFACTOR_BELOW_MINIMUM"": true, ""OPTION_CONTRACT_NOT_TRADABLE"": true, ""OPTION_SPREAD_TOO_WIDE"": true, ""POSITION_SIZE_NOT_FEASIBLE"": true, ""REWARD_RISK_BELOW_MINIMUM"": true, ""SETUP_EXPIRED"": true, ""SETUP_FAILED"": true, ""STALE_MARKET_DATA"": true, ""STOP_TOO_WIDE"": true}",NEXT_VALID_OPEN,COSTS_X1_50,UNCONSTRAINED_OPPORTUNITY,ALL_INNER_FOLDS,ALL_PRIMARY_REGIMES,PLANNED,event outcomes; fold/regime summaries; trial ledger
S5_STRESS_SLIP_150,STAGE5_ROBUSTNESS,EXECUTION_COST_CAPITAL_STRESS,"{""diagnostic_ladders"": [""I030"", ""I050"", ""I070"", ""I100"", ""S100_D1_D5"", ""S200_D1_D5"", ""S500_D1_D5"", ""H30_1_2_5"", ""A050"", ""A100"", ""A200"", ""A500"", ""A1000"", ""A_GT1000""], ""entry_mode"": ""NEXT_VALID_OPEN"", ""exit_policy"": ""AUTHORITATIVE_OIIS_EXIT_UNCHANGED"", ""hard_gates"": {""BINARY_EVENT_RISK"": true, ""EXCESSIVE_EXTENSION"": true, ""EXCESSIVE_UNCONFIRMED_GAP"": true, ""INSUFFICIENT_LIQUIDITY"": true, ""INSUFFICIENT_MARKET_DEPTH"": true, ""NEAR_OPPOSING_BARRIER"": true, ""NO_STRUCTURAL_STOP"": true, ""NO_VALID_SETUP"": true, ""OFACTOR_BELOW_MINIMUM"": true, ""OPTION_CONTRACT_NOT_TRADABLE"": true, ""OPTION_SPREAD_TOO_WIDE"": true, ""POSITION_SIZE_NOT_FEASIBLE"": true, ""REWARD_RISK_BELOW_MINIMUM"": true, ""SETUP_EXPIRED"": true, ""SETUP_FAILED"": true, ""STALE_MARKET_DATA"": true, ""STOP_TOO_WIDE"": true}, ""ofactor_min"": 74, ""ofactor_weights"": {""CCS"": 0.04, ""ICS"": 0.1, ""LTS"": 0.06, ""MFS"": 0.18, ""MQS"": 0.12, ""MRS"": 0.08, ""RSS"": 0.1, ""SRS"": 0.14, ""TQS"": 0.18}, ""xfactor_tier_a"": 84, ""xfactor_tier_b"": 76, ""xfactor_weights"": {""ELQ"": 0.2, ""IOQ"": 0.03, ""LSQ"": 0.06, ""MSS"": 0.06, ""RRQ"": 0.14, ""SIQ"": 0.14, ""SIS"": 0.18, ""TCS"": 0.16, ""TSQ"": 0.03}}","{""ofactor_min"": 74, ""xfactor_tier_a"": 84, ""xfactor_tier_b"": 76}","{""ofactor"": {""CCS"": 0.04, ""ICS"": 0.1, ""LTS"": 0.06, ""MFS"": 0.18, ""MQS"": 0.12, ""MRS"": 0.08, ""RSS"": 0.1, ""SRS"": 0.14, ""TQS"": 0.18}, ""xfactor"": {""ELQ"": 0.2, ""IOQ"": 0.03, ""LSQ"": 0.06, ""MSS"": 0.06, ""RRQ"": 0.14, ""SIQ"": 0.14, ""SIS"": 0.18, ""TCS"": 0.16, ""TSQ"": 0.03}}","{""BINARY_EVENT_RISK"": true, ""EXCESSIVE_EXTENSION"": true, ""EXCESSIVE_UNCONFIRMED_GAP"": true, ""INSUFFICIENT_LIQUIDITY"": true, ""INSUFFICIENT_MARKET_DEPTH"": true, ""NEAR_OPPOSING_BARRIER"": true, ""NO_STRUCTURAL_STOP"": true, ""NO_VALID_SETUP"": true, ""OFACTOR_BELOW_MINIMUM"": true, ""OPTION_CONTRACT_NOT_TRADABLE"": true, ""OPTION_SPREAD_TOO_WIDE"": true, ""POSITION_SIZE_NOT_FEASIBLE"": true, ""REWARD_RISK_BELOW_MINIMUM"": true, ""SETUP_EXPIRED"": true, ""SETUP_FAILED"": true, ""STALE_MARKET_DATA"": true, ""STOP_TOO_WIDE"": true}",NEXT_VALID_OPEN,SLIPPAGE_X1_50,UNCONSTRAINED_OPPORTUNITY,ALL_INNER_FOLDS,ALL_PRIMARY_REGIMES,PLANNED,event outcomes; fold/regime summaries; trial ledger
S5_STRESS_CAP10L,STAGE5_ROBUSTNESS,EXECUTION_COST_CAPITAL_STRESS,"{""diagnostic_ladders"": [""I030"", ""I050"", ""I070"", ""I100"", ""S100_D1_D5"", ""S200_D1_D5"", ""S500_D1_D5"", ""H30_1_2_5"", ""A050"", ""A100"", ""A200"", ""A500"", ""A1000"", ""A_GT1000""], ""entry_mode"": ""NEXT_VALID_OPEN"", ""exit_policy"": ""AUTHORITATIVE_OIIS_EXIT_UNCHANGED"", ""hard_gates"": {""BINARY_EVENT_RISK"": true, ""EXCESSIVE_EXTENSION"": true, ""EXCESSIVE_UNCONFIRMED_GAP"": true, ""INSUFFICIENT_LIQUIDITY"": true, ""INSUFFICIENT_MARKET_DEPTH"": true, ""NEAR_OPPOSING_BARRIER"": true, ""NO_STRUCTURAL_STOP"": true, ""NO_VALID_SETUP"": true, ""OFACTOR_BELOW_MINIMUM"": true, ""OPTION_CONTRACT_NOT_TRADABLE"": true, ""OPTION_SPREAD_TOO_WIDE"": true, ""POSITION_SIZE_NOT_FEASIBLE"": true, ""REWARD_RISK_BELOW_MINIMUM"": true, ""SETUP_EXPIRED"": true, ""SETUP_FAILED"": true, ""STALE_MARKET_DATA"": true, ""STOP_TOO_WIDE"": true}, ""ofactor_min"": 74, ""ofactor_weights"": {""CCS"": 0.04, ""ICS"": 0.1, ""LTS"": 0.06, ""MFS"": 0.18, ""MQS"": 0.12, ""MRS"": 0.08, ""RSS"": 0.1, ""SRS"": 0.14, ""TQS"": 0.18}, ""xfactor_tier_a"": 84, ""xfactor_tier_b"": 76, ""xfactor_weights"": {""ELQ"": 0.2, ""IOQ"": 0.03, ""LSQ"": 0.06, ""MSS"": 0.06, ""RRQ"": 0.14, ""SIQ"": 0.14, ""SIS"": 0.18, ""TCS"": 0.16, ""TSQ"": 0.03}}","{""ofactor_min"": 74, ""xfactor_tier_a"": 84, ""xfactor_tier_b"": 76}","{""ofactor"": {""CCS"": 0.04, ""ICS"": 0.1, ""LTS"": 0.06, ""MFS"": 0.18, ""MQS"": 0.12, ""MRS"": 0.08, ""RSS"": 0.1, ""SRS"": 0.14, ""TQS"": 0.18}, ""xfactor"": {""ELQ"": 0.2, ""IOQ"": 0.03, ""LSQ"": 0.06, ""MSS"": 0.06, ""RRQ"": 0.14, ""SIQ"": 0.14, ""SIS"": 0.18, ""TCS"": 0.16, ""TSQ"": 0.03}}","{""BINARY_EVENT_RISK"": true, ""EXCESSIVE_EXTENSION"": true, ""EXCESSIVE_UNCONFIRMED_GAP"": true, ""INSUFFICIENT_LIQUIDITY"": true, ""INSUFFICIENT_MARKET_DEPTH"": true, ""NEAR_OPPOSING_BARRIER"": true, ""NO_STRUCTURAL_STOP"": true, ""NO_VALID_SETUP"": true, ""OFACTOR_BELOW_MINIMUM"": true, ""OPTION_CONTRACT_NOT_TRADABLE"": true, ""OPTION_SPREAD_TOO_WIDE"": true, ""POSITION_SIZE_NOT_FEASIBLE"": true, ""REWARD_RISK_BELOW_MINIMUM"": true, ""SETUP_EXPIRED"": true, ""SETUP_FAILED"": true, ""STALE_MARKET_DATA"": true, ""STOP_TOO_WIDE"": true}",NEXT_VALID_OPEN,BASE_CERTIFIED,CAP10L_MAX5_TICKET2L,ALL_INNER_FOLDS,ALL_PRIMARY_REGIMES,PLANNED,event outcomes; fold/regime summaries; trial ledger
S5_STRESS_CAP16L,STAGE5_ROBUSTNESS,EXECUTION_COST_CAPITAL_STRESS,"{""diagnostic_ladders"": [""I030"", ""I050"", ""I070"", ""I100"", ""S100_D1_D5"", ""S200_D1_D5"", ""S500_D1_D5"", ""H30_1_2_5"", ""A050"", ""A100"", ""A200"", ""A500"", ""A1000"", ""A_GT1000""], ""entry_mode"": ""NEXT_VALID_OPEN"", ""exit_policy"": ""AUTHORITATIVE_OIIS_EXIT_UNCHANGED"", ""hard_gates"": {""BINARY_EVENT_RISK"": true, ""EXCESSIVE_EXTENSION"": true, ""EXCESSIVE_UNCONFIRMED_GAP"": true, ""INSUFFICIENT_LIQUIDITY"": true, ""INSUFFICIENT_MARKET_DEPTH"": true, ""NEAR_OPPOSING_BARRIER"": true, ""NO_STRUCTURAL_STOP"": true, ""NO_VALID_SETUP"": true, ""OFACTOR_BELOW_MINIMUM"": true, ""OPTION_CONTRACT_NOT_TRADABLE"": true, ""OPTION_SPREAD_TOO_WIDE"": true, ""POSITION_SIZE_NOT_FEASIBLE"": true, ""REWARD_RISK_BELOW_MINIMUM"": true, ""SETUP_EXPIRED"": true, ""SETUP_FAILED"": true, ""STALE_MARKET_DATA"": true, ""STOP_TOO_WIDE"": true}, ""ofactor_min"": 74, ""ofactor_weights"": {""CCS"": 0.04, ""ICS"": 0.1, ""LTS"": 0.06, ""MFS"": 0.18, ""MQS"": 0.12, ""MRS"": 0.08, ""RSS"": 0.1, ""SRS"": 0.14, ""TQS"": 0.18}, ""xfactor_tier_a"": 84, ""xfactor_tier_b"": 76, ""xfactor_weights"": {""ELQ"": 0.2, ""IOQ"": 0.03, ""LSQ"": 0.06, ""MSS"": 0.06, ""RRQ"": 0.14, ""SIQ"": 0.14, ""SIS"": 0.18, ""TCS"": 0.16, ""TSQ"": 0.03}}","{""ofactor_min"": 74, ""xfactor_tier_a"": 84, ""xfactor_tier_b"": 76}","{""ofactor"": {""CCS"": 0.04, ""ICS"": 0.1, ""LTS"": 0.06, ""MFS"": 0.18, ""MQS"": 0.12, ""MRS"": 0.08, ""RSS"": 0.1, ""SRS"": 0.14, ""TQS"": 0.18}, ""xfactor"": {""ELQ"": 0.2, ""IOQ"": 0.03, ""LSQ"": 0.06, ""MSS"": 0.06, ""RRQ"": 0.14, ""SIQ"": 0.14, ""SIS"": 0.18, ""TCS"": 0.16, ""TSQ"": 0.03}}","{""BINARY_EVENT_RISK"": true, ""EXCESSIVE_EXTENSION"": true, ""EXCESSIVE_UNCONFIRMED_GAP"": true, ""INSUFFICIENT_LIQUIDITY"": true, ""INSUFFICIENT_MARKET_DEPTH"": true, ""NEAR_OPPOSING_BARRIER"": true, ""NO_STRUCTURAL_STOP"": true, ""NO_VALID_SETUP"": true, ""OFACTOR_BELOW_MINIMUM"": true, ""OPTION_CONTRACT_NOT_TRADABLE"": true, ""OPTION_SPREAD_TOO_WIDE"": true, ""POSITION_SIZE_NOT_FEASIBLE"": true, ""REWARD_RISK_BELOW_MINIMUM"": true, ""SETUP_EXPIRED"": true, ""SETUP_FAILED"": true, ""STALE_MARKET_DATA"": true, ""STOP_TOO_WIDE"": true}",NEXT_VALID_OPEN,BASE_CERTIFIED,CAP16L_MAX8_TICKET2L,ALL_INNER_FOLDS,ALL_PRIMARY_REGIMES,PLANNED,event outcomes; fold/regime summaries; trial ledger
S4_RSM_01,STAGE4_SHORTLIST_RESPONSE_SURFACE,GENERATED_AFTER_SHORTLIST_FREEZE,"{""design_point"": 1, ""ofactor_min"": 74, ""shortlist_slots"": [""FACTOR_1"", ""FACTOR_2"", ""FACTOR_3"", ""FACTOR_4""], ""xfactor_tier_a"": 84, ""xfactor_tier_b"": 76}","{""ofactor_min"": 74, ""xfactor_tier_a"": 84, ""xfactor_tier_b"": 76}","{""ofactor"": {""CCS"": 0.04, ""ICS"": 0.1, ""LTS"": 0.06, ""MFS"": 0.18, ""MQS"": 0.12, ""MRS"": 0.08, ""RSS"": 0.1, ""SRS"": 0.14, ""TQS"": 0.18}, ""xfactor"": {""ELQ"": 0.2, ""IOQ"": 0.03, ""LSQ"": 0.06, ""MSS"": 0.06, ""RRQ"": 0.14, ""SIQ"": 0.14, ""SIS"": 0.18, ""TCS"": 0.16, ""TSQ"": 0.03}}","{""BINARY_EVENT_RISK"": true, ""EXCESSIVE_EXTENSION"": true, ""EXCESSIVE_UNCONFIRMED_GAP"": true, ""INSUFFICIENT_LIQUIDITY"": true, ""INSUFFICIENT_MARKET_DEPTH"": true, ""NEAR_OPPOSING_BARRIER"": true, ""NO_STRUCTURAL_STOP"": true, ""NO_VALID_SETUP"": true, ""OFACTOR_BELOW_MINIMUM"": true, ""OPTION_CONTRACT_NOT_TRADABLE"": true, ""OPTION_SPREAD_TOO_WIDE"": true, ""POSITION_SIZE_NOT_FEASIBLE"": true, ""REWARD_RISK_BELOW_MINIMUM"": true, ""SETUP_EXPIRED"": true, ""SETUP_FAILED"": true, ""STALE_MARKET_DATA"": true, ""STOP_TOO_WIDE"": true}",NEXT_VALID_OPEN,BASE_CERTIFIED,UNCONSTRAINED_OPPORTUNITY,ALL_INNER_FOLDS,ALL_PRIMARY_REGIMES,DEFERRED_UNTIL_STAGE2,event outcomes; fold/regime summaries; trial ledger
S4_RSM_02,STAGE4_SHORTLIST_RESPONSE_SURFACE,GENERATED_AFTER_SHORTLIST_FREEZE,"{""design_point"": 2, ""ofactor_min"": 74, ""shortlist_slots"": [""FACTOR_1"", ""FACTOR_2"", ""FACTOR_3"", ""FACTOR_4""], ""xfactor_tier_a"": 84, ""xfactor_tier_b"": 76}","{""ofactor_min"": 74, ""xfactor_tier_a"": 84, ""xfactor_tier_b"": 76}","{""ofactor"": {""CCS"": 0.04, ""ICS"": 0.1, ""LTS"": 0.06, ""MFS"": 0.18, ""MQS"": 0.12, ""MRS"": 0.08, ""RSS"": 0.1, ""SRS"": 0.14, ""TQS"": 0.18}, ""xfactor"": {""ELQ"": 0.2, ""IOQ"": 0.03, ""LSQ"": 0.06, ""MSS"": 0.06, ""RRQ"": 0.14, ""SIQ"": 0.14, ""SIS"": 0.18, ""TCS"": 0.16, ""TSQ"": 0.03}}","{""BINARY_EVENT_RISK"": true, ""EXCESSIVE_EXTENSION"": true, ""EXCESSIVE_UNCONFIRMED_GAP"": true, ""INSUFFICIENT_LIQUIDITY"": true, ""INSUFFICIENT_MARKET_DEPTH"": true, ""NEAR_OPPOSING_BARRIER"": true, ""NO_STRUCTURAL_STOP"": true, ""NO_VALID_SETUP"": true, ""OFACTOR_BELOW_MINIMUM"": true, ""OPTION_CONTRACT_NOT_TRADABLE"": true, ""OPTION_SPREAD_TOO_WIDE"": true, ""POSITION_SIZE_NOT_FEASIBLE"": true, ""REWARD_RISK_BELOW_MINIMUM"": true, ""SETUP_EXPIRED"": true, ""SETUP_FAILED"": true, ""STALE_MARKET_DATA"": true, ""STOP_TOO_WIDE"": true}",NEXT_VALID_OPEN,BASE_CERTIFIED,UNCONSTRAINED_OPPORTUNITY,ALL_INNER_FOLDS,ALL_PRIMARY_REGIMES,DEFERRED_UNTIL_STAGE2,event outcomes; fold/regime summaries; trial ledger
S4_RSM_03,STAGE4_SHORTLIST_RESPONSE_SURFACE,GENERATED_AFTER_SHORTLIST_FREEZE,"{""design_point"": 3, ""ofactor_min"": 74, ""shortlist_slots"": [""FACTOR_1"", ""FACTOR_2"", ""FACTOR_3"", ""FACTOR_4""], ""xfactor_tier_a"": 84, ""xfactor_tier_b"": 76}","{""ofactor_min"": 74, ""xfactor_tier_a"": 84, ""xfactor_tier_b"": 76}","{""ofactor"": {""CCS"": 0.04, ""ICS"": 0.1, ""LTS"": 0.06, ""MFS"": 0.18, ""MQS"": 0.12, ""MRS"": 0.08, ""RSS"": 0.1, ""SRS"": 0.14, ""TQS"": 0.18}, ""xfactor"": {""ELQ"": 0.2, ""IOQ"": 0.03, ""LSQ"": 0.06, ""MSS"": 0.06, ""RRQ"": 0.14, ""SIQ"": 0.14, ""SIS"": 0.18, ""TCS"": 0.16, ""TSQ"": 0.03}}","{""BINARY_EVENT_RISK"": true, ""EXCESSIVE_EXTENSION"": true, ""EXCESSIVE_UNCONFIRMED_GAP"": true, ""INSUFFICIENT_LIQUIDITY"": true, ""INSUFFICIENT_MARKET_DEPTH"": true, ""NEAR_OPPOSING_BARRIER"": true, ""NO_STRUCTURAL_STOP"": true, ""NO_VALID_SETUP"": true, ""OFACTOR_BELOW_MINIMUM"": true, ""OPTION_CONTRACT_NOT_TRADABLE"": true, ""OPTION_SPREAD_TOO_WIDE"": true, ""POSITION_SIZE_NOT_FEASIBLE"": true, ""REWARD_RISK_BELOW_MINIMUM"": true, ""SETUP_EXPIRED"": true, ""SETUP_FAILED"": true, ""STALE_MARKET_DATA"": true, ""STOP_TOO_WIDE"": true}",NEXT_VALID_OPEN,BASE_CERTIFIED,UNCONSTRAINED_OPPORTUNITY,ALL_INNER_FOLDS,ALL_PRIMARY_REGIMES,DEFERRED_UNTIL_STAGE2,event outcomes; fold/regime summaries; trial ledger
S4_RSM_04,STAGE4_SHORTLIST_RESPONSE_SURFACE,GENERATED_AFTER_SHORTLIST_FREEZE,"{""design_point"": 4, ""ofactor_min"": 74, ""shortlist_slots"": [""FACTOR_1"", ""FACTOR_2"", ""FACTOR_3"", ""FACTOR_4""], ""xfactor_tier_a"": 84, ""xfactor_tier_b"": 76}","{""ofactor_min"": 74, ""xfactor_tier_a"": 84, ""xfactor_tier_b"": 76}","{""ofactor"": {""CCS"": 0.04, ""ICS"": 0.1, ""LTS"": 0.06, ""MFS"": 0.18, ""MQS"": 0.12, ""MRS"": 0.08, ""RSS"": 0.1, ""SRS"": 0.14, ""TQS"": 0.18}, ""xfactor"": {""ELQ"": 0.2, ""IOQ"": 0.03, ""LSQ"": 0.06, ""MSS"": 0.06, ""RRQ"": 0.14, ""SIQ"": 0.14, ""SIS"": 0.18, ""TCS"": 0.16, ""TSQ"": 0.03}}","{""BINARY_EVENT_RISK"": true, ""EXCESSIVE_EXTENSION"": true, ""EXCESSIVE_UNCONFIRMED_GAP"": true, ""INSUFFICIENT_LIQUIDITY"": true, ""INSUFFICIENT_MARKET_DEPTH"": true, ""NEAR_OPPOSING_BARRIER"": true, ""NO_STRUCTURAL_STOP"": true, ""NO_VALID_SETUP"": true, ""OFACTOR_BELOW_MINIMUM"": true, ""OPTION_CONTRACT_NOT_TRADABLE"": true, ""OPTION_SPREAD_TOO_WIDE"": true, ""POSITION_SIZE_NOT_FEASIBLE"": true, ""REWARD_RISK_BELOW_MINIMUM"": true, ""SETUP_EXPIRED"": true, ""SETUP_FAILED"": true, ""STALE_MARKET_DATA"": true, ""STOP_TOO_WIDE"": true}",NEXT_VALID_OPEN,BASE_CERTIFIED,UNCONSTRAINED_OPPORTUNITY,ALL_INNER_FOLDS,ALL_PRIMARY_REGIMES,DEFERRED_UNTIL_STAGE2,event outcomes; fold/regime summaries; trial ledger
S4_RSM_05,STAGE4_SHORTLIST_RESPONSE_SURFACE,GENERATED_AFTER_SHORTLIST_FREEZE,"{""design_point"": 5, ""ofactor_min"": 74, ""shortlist_slots"": [""FACTOR_1"", ""FACTOR_2"", ""FACTOR_3"", ""FACTOR_4""], ""xfactor_tier_a"": 84, ""xfactor_tier_b"": 76}","{""ofactor_min"": 74, ""xfactor_tier_a"": 84, ""xfactor_tier_b"": 76}","{""ofactor"": {""CCS"": 0.04, ""ICS"": 0.1, ""LTS"": 0.06, ""MFS"": 0.18, ""MQS"": 0.12, ""MRS"": 0.08, ""RSS"": 0.1, ""SRS"": 0.14, ""TQS"": 0.18}, ""xfactor"": {""ELQ"": 0.2, ""IOQ"": 0.03, ""LSQ"": 0.06, ""MSS"": 0.06, ""RRQ"": 0.14, ""SIQ"": 0.14, ""SIS"": 0.18, ""TCS"": 0.16, ""TSQ"": 0.03}}","{""BINARY_EVENT_RISK"": true, ""EXCESSIVE_EXTENSION"": true, ""EXCESSIVE_UNCONFIRMED_GAP"": true, ""INSUFFICIENT_LIQUIDITY"": true, ""INSUFFICIENT_MARKET_DEPTH"": true, ""NEAR_OPPOSING_BARRIER"": true, ""NO_STRUCTURAL_STOP"": true, ""NO_VALID_SETUP"": true, ""OFACTOR_BELOW_MINIMUM"": true, ""OPTION_CONTRACT_NOT_TRADABLE"": true, ""OPTION_SPREAD_TOO_WIDE"": true, ""POSITION_SIZE_NOT_FEASIBLE"": true, ""REWARD_RISK_BELOW_MINIMUM"": true, ""SETUP_EXPIRED"": true, ""SETUP_FAILED"": true, ""STALE_MARKET_DATA"": true, ""STOP_TOO_WIDE"": true}",NEXT_VALID_OPEN,BASE_CERTIFIED,UNCONSTRAINED_OPPORTUNITY,ALL_INNER_FOLDS,ALL_PRIMARY_REGIMES,DEFERRED_UNTIL_STAGE2,event outcomes; fold/regime summaries; trial ledger
S4_RSM_06,STAGE4_SHORTLIST_RESPONSE_SURFACE,GENERATED_AFTER_SHORTLIST_FREEZE,"{""design_point"": 6, ""ofactor_min"": 74, ""shortlist_slots"": [""FACTOR_1"", ""FACTOR_2"", ""FACTOR_3"", ""FACTOR_4""], ""xfactor_tier_a"": 84, ""xfactor_tier_b"": 76}","{""ofactor_min"": 74, ""xfactor_tier_a"": 84, ""xfactor_tier_b"": 76}","{""ofactor"": {""CCS"": 0.04, ""ICS"": 0.1, ""LTS"": 0.06, ""MFS"": 0.18, ""MQS"": 0.12, ""MRS"": 0.08, ""RSS"": 0.1, ""SRS"": 0.14, ""TQS"": 0.18}, ""xfactor"": {""ELQ"": 0.2, ""IOQ"": 0.03, ""LSQ"": 0.06, ""MSS"": 0.06, ""RRQ"": 0.14, ""SIQ"": 0.14, ""SIS"": 0.18, ""TCS"": 0.16, ""TSQ"": 0.03}}","{""BINARY_EVENT_RISK"": true, ""EXCESSIVE_EXTENSION"": true, ""EXCESSIVE_UNCONFIRMED_GAP"": true, ""INSUFFICIENT_LIQUIDITY"": true, ""INSUFFICIENT_MARKET_DEPTH"": true, ""NEAR_OPPOSING_BARRIER"": true, ""NO_STRUCTURAL_STOP"": true, ""NO_VALID_SETUP"": true, ""OFACTOR_BELOW_MINIMUM"": true, ""OPTION_CONTRACT_NOT_TRADABLE"": true, ""OPTION_SPREAD_TOO_WIDE"": true, ""POSITION_SIZE_NOT_FEASIBLE"": true, ""REWARD_RISK_BELOW_MINIMUM"": true, ""SETUP_EXPIRED"": true, ""SETUP_FAILED"": true, ""STALE_MARKET_DATA"": true, ""STOP_TOO_WIDE"": true}",NEXT_VALID_OPEN,BASE_CERTIFIED,UNCONSTRAINED_OPPORTUNITY,ALL_INNER_FOLDS,ALL_PRIMARY_REGIMES,DEFERRED_UNTIL_STAGE2,event outcomes; fold/regime summaries; trial ledger
S4_RSM_07,STAGE4_SHORTLIST_RESPONSE_SURFACE,GENERATED_AFTER_SHORTLIST_FREEZE,"{""design_point"": 7, ""ofactor_min"": 74, ""shortlist_slots"": [""FACTOR_1"", ""FACTOR_2"", ""FACTOR_3"", ""FACTOR_4""], ""xfactor_tier_a"": 84, ""xfactor_tier_b"": 76}","{""ofactor_min"": 74, ""xfactor_tier_a"": 84, ""xfactor_tier_b"": 76}","{""ofactor"": {""CCS"": 0.04, ""ICS"": 0.1, ""LTS"": 0.06, ""MFS"": 0.18, ""MQS"": 0.12, ""MRS"": 0.08, ""RSS"": 0.1, ""SRS"": 0.14, ""TQS"": 0.18}, ""xfactor"": {""ELQ"": 0.2, ""IOQ"": 0.03, ""LSQ"": 0.06, ""MSS"": 0.06, ""RRQ"": 0.14, ""SIQ"": 0.14, ""SIS"": 0.18, ""TCS"": 0.16, ""TSQ"": 0.03}}","{""BINARY_EVENT_RISK"": true, ""EXCESSIVE_EXTENSION"": true, ""EXCESSIVE_UNCONFIRMED_GAP"": true, ""INSUFFICIENT_LIQUIDITY"": true, ""INSUFFICIENT_MARKET_DEPTH"": true, ""NEAR_OPPOSING_BARRIER"": true, ""NO_STRUCTURAL_STOP"": true, ""NO_VALID_SETUP"": true, ""OFACTOR_BELOW_MINIMUM"": true, ""OPTION_CONTRACT_NOT_TRADABLE"": true, ""OPTION_SPREAD_TOO_WIDE"": true, ""POSITION_SIZE_NOT_FEASIBLE"": true, ""REWARD_RISK_BELOW_MINIMUM"": true, ""SETUP_EXPIRED"": true, ""SETUP_FAILED"": true, ""STALE_MARKET_DATA"": true, ""STOP_TOO_WIDE"": true}",NEXT_VALID_OPEN,BASE_CERTIFIED,UNCONSTRAINED_OPPORTUNITY,ALL_INNER_FOLDS,ALL_PRIMARY_REGIMES,DEFERRED_UNTIL_STAGE2,event outcomes; fold/regime summaries; trial ledger
S4_RSM_08,STAGE4_SHORTLIST_RESPONSE_SURFACE,GENERATED_AFTER_SHORTLIST_FREEZE,"{""design_point"": 8, ""ofactor_min"": 74, ""shortlist_slots"": [""FACTOR_1"", ""FACTOR_2"", ""FACTOR_3"", ""FACTOR_4""], ""xfactor_tier_a"": 84, ""xfactor_tier_b"": 76}","{""ofactor_min"": 74, ""xfactor_tier_a"": 84, ""xfactor_tier_b"": 76}","{""ofactor"": {""CCS"": 0.04, ""ICS"": 0.1, ""LTS"": 0.06, ""MFS"": 0.18, ""MQS"": 0.12, ""MRS"": 0.08, ""RSS"": 0.1, ""SRS"": 0.14, ""TQS"": 0.18}, ""xfactor"": {""ELQ"": 0.2, ""IOQ"": 0.03, ""LSQ"": 0.06, ""MSS"": 0.06, ""RRQ"": 0.14, ""SIQ"": 0.14, ""SIS"": 0.18, ""TCS"": 0.16, ""TSQ"": 0.03}}","{""BINARY_EVENT_RISK"": true, ""EXCESSIVE_EXTENSION"": true, ""EXCESSIVE_UNCONFIRMED_GAP"": true, ""INSUFFICIENT_LIQUIDITY"": true, ""INSUFFICIENT_MARKET_DEPTH"": true, ""NEAR_OPPOSING_BARRIER"": true, ""NO_STRUCTURAL_STOP"": true, ""NO_VALID_SETUP"": true, ""OFACTOR_BELOW_MINIMUM"": true, ""OPTION_CONTRACT_NOT_TRADABLE"": true, ""OPTION_SPREAD_TOO_WIDE"": true, ""POSITION_SIZE_NOT_FEASIBLE"": true, ""REWARD_RISK_BELOW_MINIMUM"": true, ""SETUP_EXPIRED"": true, ""SETUP_FAILED"": true, ""STALE_MARKET_DATA"": true, ""STOP_TOO_WIDE"": true}",NEXT_VALID_OPEN,BASE_CERTIFIED,UNCONSTRAINED_OPPORTUNITY,ALL_INNER_FOLDS,ALL_PRIMARY_REGIMES,DEFERRED_UNTIL_STAGE2,event outcomes; fold/regime summaries; trial ledger
S4_RSM_09,STAGE4_SHORTLIST_RESPONSE_SURFACE,GENERATED_AFTER_SHORTLIST_FREEZE,"{""design_point"": 9, ""ofactor_min"": 74, ""shortlist_slots"": [""FACTOR_1"", ""FACTOR_2"", ""FACTOR_3"", ""FACTOR_4""], ""xfactor_tier_a"": 84, ""xfactor_tier_b"": 76}","{""ofactor_min"": 74, ""xfactor_tier_a"": 84, ""xfactor_tier_b"": 76}","{""ofactor"": {""CCS"": 0.04, ""ICS"": 0.1, ""LTS"": 0.06, ""MFS"": 0.18, ""MQS"": 0.12, ""MRS"": 0.08, ""RSS"": 0.1, ""SRS"": 0.14, ""TQS"": 0.18}, ""xfactor"": {""ELQ"": 0.2, ""IOQ"": 0.03, ""LSQ"": 0.06, ""MSS"": 0.06, ""RRQ"": 0.14, ""SIQ"": 0.14, ""SIS"": 0.18, ""TCS"": 0.16, ""TSQ"": 0.03}}","{""BINARY_EVENT_RISK"": true, ""EXCESSIVE_EXTENSION"": true, ""EXCESSIVE_UNCONFIRMED_GAP"": true, ""INSUFFICIENT_LIQUIDITY"": true, ""INSUFFICIENT_MARKET_DEPTH"": true, ""NEAR_OPPOSING_BARRIER"": true, ""NO_STRUCTURAL_STOP"": true, ""NO_VALID_SETUP"": true, ""OFACTOR_BELOW_MINIMUM"": true, ""OPTION_CONTRACT_NOT_TRADABLE"": true, ""OPTION_SPREAD_TOO_WIDE"": true, ""POSITION_SIZE_NOT_FEASIBLE"": true, ""REWARD_RISK_BELOW_MINIMUM"": true, ""SETUP_EXPIRED"": true, ""SETUP_FAILED"": true, ""STALE_MARKET_DATA"": true, ""STOP_TOO_WIDE"": true}",NEXT_VALID_OPEN,BASE_CERTIFIED,UNCONSTRAINED_OPPORTUNITY,ALL_INNER_FOLDS,ALL_PRIMARY_REGIMES,DEFERRED_UNTIL_STAGE2,event outcomes; fold/regime summaries; trial ledger
S4_RSM_10,STAGE4_SHORTLIST_RESPONSE_SURFACE,GENERATED_AFTER_SHORTLIST_FREEZE,"{""design_point"": 10, ""ofactor_min"": 74, ""shortlist_slots"": [""FACTOR_1"", ""FACTOR_2"", ""FACTOR_3"", ""FACTOR_4""], ""xfactor_tier_a"": 84, ""xfactor_tier_b"": 76}","{""ofactor_min"": 74, ""xfactor_tier_a"": 84, ""xfactor_tier_b"": 76}","{""ofactor"": {""CCS"": 0.04, ""ICS"": 0.1, ""LTS"": 0.06, ""MFS"": 0.18, ""MQS"": 0.12, ""MRS"": 0.08, ""RSS"": 0.1, ""SRS"": 0.14, ""TQS"": 0.18}, ""xfactor"": {""ELQ"": 0.2, ""IOQ"": 0.03, ""LSQ"": 0.06, ""MSS"": 0.06, ""RRQ"": 0.14, ""SIQ"": 0.14, ""SIS"": 0.18, ""TCS"": 0.16, ""TSQ"": 0.03}}","{""BINARY_EVENT_RISK"": true, ""EXCESSIVE_EXTENSION"": true, ""EXCESSIVE_UNCONFIRMED_GAP"": true, ""INSUFFICIENT_LIQUIDITY"": true, ""INSUFFICIENT_MARKET_DEPTH"": true, ""NEAR_OPPOSING_BARRIER"": true, ""NO_STRUCTURAL_STOP"": true, ""NO_VALID_SETUP"": true, ""OFACTOR_BELOW_MINIMUM"": true, ""OPTION_CONTRACT_NOT_TRADABLE"": true, ""OPTION_SPREAD_TOO_WIDE"": true, ""POSITION_SIZE_NOT_FEASIBLE"": true, ""REWARD_RISK_BELOW_MINIMUM"": true, ""SETUP_EXPIRED"": true, ""SETUP_FAILED"": true, ""STALE_MARKET_DATA"": true, ""STOP_TOO_WIDE"": true}",NEXT_VALID_OPEN,BASE_CERTIFIED,UNCONSTRAINED_OPPORTUNITY,ALL_INNER_FOLDS,ALL_PRIMARY_REGIMES,DEFERRED_UNTIL_STAGE2,event outcomes; fold/regime summaries; trial ledger
S4_RSM_11,STAGE4_SHORTLIST_RESPONSE_SURFACE,GENERATED_AFTER_SHORTLIST_FREEZE,"{""design_point"": 11, ""ofactor_min"": 74, ""shortlist_slots"": [""FACTOR_1"", ""FACTOR_2"", ""FACTOR_3"", ""FACTOR_4""], ""xfactor_tier_a"": 84, ""xfactor_tier_b"": 76}","{""ofactor_min"": 74, ""xfactor_tier_a"": 84, ""xfactor_tier_b"": 76}","{""ofactor"": {""CCS"": 0.04, ""ICS"": 0.1, ""LTS"": 0.06, ""MFS"": 0.18, ""MQS"": 0.12, ""MRS"": 0.08, ""RSS"": 0.1, ""SRS"": 0.14, ""TQS"": 0.18}, ""xfactor"": {""ELQ"": 0.2, ""IOQ"": 0.03, ""LSQ"": 0.06, ""MSS"": 0.06, ""RRQ"": 0.14, ""SIQ"": 0.14, ""SIS"": 0.18, ""TCS"": 0.16, ""TSQ"": 0.03}}","{""BINARY_EVENT_RISK"": true, ""EXCESSIVE_EXTENSION"": true, ""EXCESSIVE_UNCONFIRMED_GAP"": true, ""INSUFFICIENT_LIQUIDITY"": true, ""INSUFFICIENT_MARKET_DEPTH"": true, ""NEAR_OPPOSING_BARRIER"": true, ""NO_STRUCTURAL_STOP"": true, ""NO_VALID_SETUP"": true, ""OFACTOR_BELOW_MINIMUM"": true, ""OPTION_CONTRACT_NOT_TRADABLE"": true, ""OPTION_SPREAD_TOO_WIDE"": true, ""POSITION_SIZE_NOT_FEASIBLE"": true, ""REWARD_RISK_BELOW_MINIMUM"": true, ""SETUP_EXPIRED"": true, ""SETUP_FAILED"": true, ""STALE_MARKET_DATA"": true, ""STOP_TOO_WIDE"": true}",NEXT_VALID_OPEN,BASE_CERTIFIED,UNCONSTRAINED_OPPORTUNITY,ALL_INNER_FOLDS,ALL_PRIMARY_REGIMES,DEFERRED_UNTIL_STAGE2,event outcomes; fold/regime summaries; trial ledger
S4_RSM_12,STAGE4_SHORTLIST_RESPONSE_SURFACE,GENERATED_AFTER_SHORTLIST_FREEZE,"{""design_point"": 12, ""ofactor_min"": 74, ""shortlist_slots"": [""FACTOR_1"", ""FACTOR_2"", ""FACTOR_3"", ""FACTOR_4""], ""xfactor_tier_a"": 84, ""xfactor_tier_b"": 76}","{""ofactor_min"": 74, ""xfactor_tier_a"": 84, ""xfactor_tier_b"": 76}","{""ofactor"": {""CCS"": 0.04, ""ICS"": 0.1, ""LTS"": 0.06, ""MFS"": 0.18, ""MQS"": 0.12, ""MRS"": 0.08, ""RSS"": 0.1, ""SRS"": 0.14, ""TQS"": 0.18}, ""xfactor"": {""ELQ"": 0.2, ""IOQ"": 0.03, ""LSQ"": 0.06, ""MSS"": 0.06, ""RRQ"": 0.14, ""SIQ"": 0.14, ""SIS"": 0.18, ""TCS"": 0.16, ""TSQ"": 0.03}}","{""BINARY_EVENT_RISK"": true, ""EXCESSIVE_EXTENSION"": true, ""EXCESSIVE_UNCONFIRMED_GAP"": true, ""INSUFFICIENT_LIQUIDITY"": true, ""INSUFFICIENT_MARKET_DEPTH"": true, ""NEAR_OPPOSING_BARRIER"": true, ""NO_STRUCTURAL_STOP"": true, ""NO_VALID_SETUP"": true, ""OFACTOR_BELOW_MINIMUM"": true, ""OPTION_CONTRACT_NOT_TRADABLE"": true, ""OPTION_SPREAD_TOO_WIDE"": true, ""POSITION_SIZE_NOT_FEASIBLE"": true, ""REWARD_RISK_BELOW_MINIMUM"": true, ""SETUP_EXPIRED"": true, ""SETUP_FAILED"": true, ""STALE_MARKET_DATA"": true, ""STOP_TOO_WIDE"": true}",NEXT_VALID_OPEN,BASE_CERTIFIED,UNCONSTRAINED_OPPORTUNITY,ALL_INNER_FOLDS,ALL_PRIMARY_REGIMES,DEFERRED_UNTIL_STAGE2,event outcomes; fold/regime summaries; trial ledger
S4_RSM_13,STAGE4_SHORTLIST_RESPONSE_SURFACE,GENERATED_AFTER_SHORTLIST_FREEZE,"{""design_point"": 13, ""ofactor_min"": 74, ""shortlist_slots"": [""FACTOR_1"", ""FACTOR_2"", ""FACTOR_3"", ""FACTOR_4""], ""xfactor_tier_a"": 84, ""xfactor_tier_b"": 76}","{""ofactor_min"": 74, ""xfactor_tier_a"": 84, ""xfactor_tier_b"": 76}","{""ofactor"": {""CCS"": 0.04, ""ICS"": 0.1, ""LTS"": 0.06, ""MFS"": 0.18, ""MQS"": 0.12, ""MRS"": 0.08, ""RSS"": 0.1, ""SRS"": 0.14, ""TQS"": 0.18}, ""xfactor"": {""ELQ"": 0.2, ""IOQ"": 0.03, ""LSQ"": 0.06, ""MSS"": 0.06, ""RRQ"": 0.14, ""SIQ"": 0.14, ""SIS"": 0.18, ""TCS"": 0.16, ""TSQ"": 0.03}}","{""BINARY_EVENT_RISK"": true, ""EXCESSIVE_EXTENSION"": true, ""EXCESSIVE_UNCONFIRMED_GAP"": true, ""INSUFFICIENT_LIQUIDITY"": true, ""INSUFFICIENT_MARKET_DEPTH"": true, ""NEAR_OPPOSING_BARRIER"": true, ""NO_STRUCTURAL_STOP"": true, ""NO_VALID_SETUP"": true, ""OFACTOR_BELOW_MINIMUM"": true, ""OPTION_CONTRACT_NOT_TRADABLE"": true, ""OPTION_SPREAD_TOO_WIDE"": true, ""POSITION_SIZE_NOT_FEASIBLE"": true, ""REWARD_RISK_BELOW_MINIMUM"": true, ""SETUP_EXPIRED"": true, ""SETUP_FAILED"": true, ""STALE_MARKET_DATA"": true, ""STOP_TOO_WIDE"": true}",NEXT_VALID_OPEN,BASE_CERTIFIED,UNCONSTRAINED_OPPORTUNITY,ALL_INNER_FOLDS,ALL_PRIMARY_REGIMES,DEFERRED_UNTIL_STAGE2,event outcomes; fold/regime summaries; trial ledger
S4_RSM_14,STAGE4_SHORTLIST_RESPONSE_SURFACE,GENERATED_AFTER_SHORTLIST_FREEZE,"{""design_point"": 14, ""ofactor_min"": 74, ""shortlist_slots"": [""FACTOR_1"", ""FACTOR_2"", ""FACTOR_3"", ""FACTOR_4""], ""xfactor_tier_a"": 84, ""xfactor_tier_b"": 76}","{""ofactor_min"": 74, ""xfactor_tier_a"": 84, ""xfactor_tier_b"": 76}","{""ofactor"": {""CCS"": 0.04, ""ICS"": 0.1, ""LTS"": 0.06, ""MFS"": 0.18, ""MQS"": 0.12, ""MRS"": 0.08, ""RSS"": 0.1, ""SRS"": 0.14, ""TQS"": 0.18}, ""xfactor"": {""ELQ"": 0.2, ""IOQ"": 0.03, ""LSQ"": 0.06, ""MSS"": 0.06, ""RRQ"": 0.14, ""SIQ"": 0.14, ""SIS"": 0.18, ""TCS"": 0.16, ""TSQ"": 0.03}}","{""BINARY_EVENT_RISK"": true, ""EXCESSIVE_EXTENSION"": true, ""EXCESSIVE_UNCONFIRMED_GAP"": true, ""INSUFFICIENT_LIQUIDITY"": true, ""INSUFFICIENT_MARKET_DEPTH"": true, ""NEAR_OPPOSING_BARRIER"": true, ""NO_STRUCTURAL_STOP"": true, ""NO_VALID_SETUP"": true, ""OFACTOR_BELOW_MINIMUM"": true, ""OPTION_CONTRACT_NOT_TRADABLE"": true, ""OPTION_SPREAD_TOO_WIDE"": true, ""POSITION_SIZE_NOT_FEASIBLE"": true, ""REWARD_RISK_BELOW_MINIMUM"": true, ""SETUP_EXPIRED"": true, ""SETUP_FAILED"": true, ""STALE_MARKET_DATA"": true, ""STOP_TOO_WIDE"": true}",NEXT_VALID_OPEN,BASE_CERTIFIED,UNCONSTRAINED_OPPORTUNITY,ALL_INNER_FOLDS,ALL_PRIMARY_REGIMES,DEFERRED_UNTIL_STAGE2,event outcomes; fold/regime summaries; trial ledger
S4_RSM_15,STAGE4_SHORTLIST_RESPONSE_SURFACE,GENERATED_AFTER_SHORTLIST_FREEZE,"{""design_point"": 15, ""ofactor_min"": 74, ""shortlist_slots"": [""FACTOR_1"", ""FACTOR_2"", ""FACTOR_3"", ""FACTOR_4""], ""xfactor_tier_a"": 84, ""xfactor_tier_b"": 76}","{""ofactor_min"": 74, ""xfactor_tier_a"": 84, ""xfactor_tier_b"": 76}","{""ofactor"": {""CCS"": 0.04, ""ICS"": 0.1, ""LTS"": 0.06, ""MFS"": 0.18, ""MQS"": 0.12, ""MRS"": 0.08, ""RSS"": 0.1, ""SRS"": 0.14, ""TQS"": 0.18}, ""xfactor"": {""ELQ"": 0.2, ""IOQ"": 0.03, ""LSQ"": 0.06, ""MSS"": 0.06, ""RRQ"": 0.14, ""SIQ"": 0.14, ""SIS"": 0.18, ""TCS"": 0.16, ""TSQ"": 0.03}}","{""BINARY_EVENT_RISK"": true, ""EXCESSIVE_EXTENSION"": true, ""EXCESSIVE_UNCONFIRMED_GAP"": true, ""INSUFFICIENT_LIQUIDITY"": true, ""INSUFFICIENT_MARKET_DEPTH"": true, ""NEAR_OPPOSING_BARRIER"": true, ""NO_STRUCTURAL_STOP"": true, ""NO_VALID_SETUP"": true, ""OFACTOR_BELOW_MINIMUM"": true, ""OPTION_CONTRACT_NOT_TRADABLE"": true, ""OPTION_SPREAD_TOO_WIDE"": true, ""POSITION_SIZE_NOT_FEASIBLE"": true, ""REWARD_RISK_BELOW_MINIMUM"": true, ""SETUP_EXPIRED"": true, ""SETUP_FAILED"": true, ""STALE_MARKET_DATA"": true, ""STOP_TOO_WIDE"": true}",NEXT_VALID_OPEN,BASE_CERTIFIED,UNCONSTRAINED_OPPORTUNITY,ALL_INNER_FOLDS,ALL_PRIMARY_REGIMES,DEFERRED_UNTIL_STAGE2,event outcomes; fold/regime summaries; trial ledger
S6_CONFIRM_CONSERVATIVE,STAGE6_UNTOUCHED_CONFIRMATION,PROSPECTIVE_SHADOW_CONFIRMATION,"{""candidate_slot"": ""CONSERVATIVE"", ""ofactor_min"": null, ""xfactor_tier_a"": null, ""xfactor_tier_b"": null}","{""ofactor_min"": null, ""xfactor_tier_a"": null, ""xfactor_tier_b"": null}","{""ofactor"": {""CCS"": 0.04, ""ICS"": 0.1, ""LTS"": 0.06, ""MFS"": 0.18, ""MQS"": 0.12, ""MRS"": 0.08, ""RSS"": 0.1, ""SRS"": 0.14, ""TQS"": 0.18}, ""xfactor"": {""ELQ"": 0.2, ""IOQ"": 0.03, ""LSQ"": 0.06, ""MSS"": 0.06, ""RRQ"": 0.14, ""SIQ"": 0.14, ""SIS"": 0.18, ""TCS"": 0.16, ""TSQ"": 0.03}}","{""BINARY_EVENT_RISK"": true, ""EXCESSIVE_EXTENSION"": true, ""EXCESSIVE_UNCONFIRMED_GAP"": true, ""INSUFFICIENT_LIQUIDITY"": true, ""INSUFFICIENT_MARKET_DEPTH"": true, ""NEAR_OPPOSING_BARRIER"": true, ""NO_STRUCTURAL_STOP"": true, ""NO_VALID_SETUP"": true, ""OFACTOR_BELOW_MINIMUM"": true, ""OPTION_CONTRACT_NOT_TRADABLE"": true, ""OPTION_SPREAD_TOO_WIDE"": true, ""POSITION_SIZE_NOT_FEASIBLE"": true, ""REWARD_RISK_BELOW_MINIMUM"": true, ""SETUP_EXPIRED"": true, ""SETUP_FAILED"": true, ""STALE_MARKET_DATA"": true, ""STOP_TOO_WIDE"": true}",NEXT_VALID_OPEN,BASE_CERTIFIED,CAP10L_MAX5_TICKET2L,PROSPECTIVE,ALL_PRIMARY_REGIMES,DEFERRED_UNTIL_SELECTION,minimum 60 sessions of frozen prospective shadow evidence
S6_CONFIRM_BALANCED,STAGE6_UNTOUCHED_CONFIRMATION,PROSPECTIVE_SHADOW_CONFIRMATION,"{""candidate_slot"": ""BALANCED"", ""ofactor_min"": null, ""xfactor_tier_a"": null, ""xfactor_tier_b"": null}","{""ofactor_min"": null, ""xfactor_tier_a"": null, ""xfactor_tier_b"": null}","{""ofactor"": {""CCS"": 0.04, ""ICS"": 0.1, ""LTS"": 0.06, ""MFS"": 0.18, ""MQS"": 0.12, ""MRS"": 0.08, ""RSS"": 0.1, ""SRS"": 0.14, ""TQS"": 0.18}, ""xfactor"": {""ELQ"": 0.2, ""IOQ"": 0.03, ""LSQ"": 0.06, ""MSS"": 0.06, ""RRQ"": 0.14, ""SIQ"": 0.14, ""SIS"": 0.18, ""TCS"": 0.16, ""TSQ"": 0.03}}","{""BINARY_EVENT_RISK"": true, ""EXCESSIVE_EXTENSION"": true, ""EXCESSIVE_UNCONFIRMED_GAP"": true, ""INSUFFICIENT_LIQUIDITY"": true, ""INSUFFICIENT_MARKET_DEPTH"": true, ""NEAR_OPPOSING_BARRIER"": true, ""NO_STRUCTURAL_STOP"": true, ""NO_VALID_SETUP"": true, ""OFACTOR_BELOW_MINIMUM"": true, ""OPTION_CONTRACT_NOT_TRADABLE"": true, ""OPTION_SPREAD_TOO_WIDE"": true, ""POSITION_SIZE_NOT_FEASIBLE"": true, ""REWARD_RISK_BELOW_MINIMUM"": true, ""SETUP_EXPIRED"": true, ""SETUP_FAILED"": true, ""STALE_MARKET_DATA"": true, ""STOP_TOO_WIDE"": true}",NEXT_VALID_OPEN,BASE_CERTIFIED,CAP10L_MAX5_TICKET2L,PROSPECTIVE,ALL_PRIMARY_REGIMES,DEFERRED_UNTIL_SELECTION,minimum 60 sessions of frozen prospective shadow evidence
S6_CONFIRM_OPPORTUNITY,STAGE6_UNTOUCHED_CONFIRMATION,PROSPECTIVE_SHADOW_CONFIRMATION,"{""candidate_slot"": ""OPPORTUNITY"", ""ofactor_min"": null, ""xfactor_tier_a"": null, ""xfactor_tier_b"": null}","{""ofactor_min"": null, ""xfactor_tier_a"": null, ""xfactor_tier_b"": null}","{""ofactor"": {""CCS"": 0.04, ""ICS"": 0.1, ""LTS"": 0.06, ""MFS"": 0.18, ""MQS"": 0.12, ""MRS"": 0.08, ""RSS"": 0.1, ""SRS"": 0.14, ""TQS"": 0.18}, ""xfactor"": {""ELQ"": 0.2, ""IOQ"": 0.03, ""LSQ"": 0.06, ""MSS"": 0.06, ""RRQ"": 0.14, ""SIQ"": 0.14, ""SIS"": 0.18, ""TCS"": 0.16, ""TSQ"": 0.03}}","{""BINARY_EVENT_RISK"": true, ""EXCESSIVE_EXTENSION"": true, ""EXCESSIVE_UNCONFIRMED_GAP"": true, ""INSUFFICIENT_LIQUIDITY"": true, ""INSUFFICIENT_MARKET_DEPTH"": true, ""NEAR_OPPOSING_BARRIER"": true, ""NO_STRUCTURAL_STOP"": true, ""NO_VALID_SETUP"": true, ""OFACTOR_BELOW_MINIMUM"": true, ""OPTION_CONTRACT_NOT_TRADABLE"": true, ""OPTION_SPREAD_TOO_WIDE"": true, ""POSITION_SIZE_NOT_FEASIBLE"": true, ""REWARD_RISK_BELOW_MINIMUM"": true, ""SETUP_EXPIRED"": true, ""SETUP_FAILED"": true, ""STALE_MARKET_DATA"": true, ""STOP_TOO_WIDE"": true}",NEXT_VALID_OPEN,BASE_CERTIFIED,CAP10L_MAX5_TICKET2L,PROSPECTIVE,ALL_PRIMARY_REGIMES,DEFERRED_UNTIL_SELECTION,minimum 60 sessions of frozen prospective shadow evidence
